{"type":"Topology","arcs":[[[28752,1323],[27,63],[10,46],[3,11],[20,25],[21,26],[1,4],[-53,60],[-30,79]],[[28751,1637],[178,0],[40,22],[10,40],[83,1],[19,131],[-32,22],[15,66]],[[29064,1919],[10,11],[2,1],[5,2],[14,2],[3,2],[14,1],[5,0],[7,0],[6,1],[6,-1],[5,-1],[8,0],[5,0],[5,3],[4,0],[2,-2],[4,-1],[6,0],[6,-1],[1,1],[4,-2],[1,-2],[4,0],[-2,3],[4,1],[3,4],[-4,39],[6,11],[10,-1],[19,-1],[10,2],[7,2],[17,9],[4,3],[2,9],[3,2],[-1,3],[-3,1],[-8,2],[-8,3],[-4,0],[-1,3],[24,15],[1,10],[2,7],[2,6],[6,7],[9,5],[6,1],[3,-1],[2,-5],[2,-7],[0,-3],[3,-2],[3,0],[3,3],[0,3],[2,3],[3,2],[9,3],[7,3],[4,1],[8,-3],[8,-11],[5,-6],[23,10],[6,1],[15,-3],[5,-2],[2,3],[-3,6],[-8,6],[-10,27],[2,5],[3,9],[2,6],[0,7],[-2,6],[-2,4],[-4,4],[-11,3],[-5,7],[-5,3],[-6,3],[-21,5],[-4,9],[-4,4],[5,2],[5,4],[-9,1],[-20,6],[-7,4],[-10,-1],[-7,-4],[-4,-1],[1,15],[-12,12],[-2,6],[-9,24],[-15,1],[-7,2],[-7,2],[-7,3],[-6,3],[-6,5],[-48,27]],[[29165,2293],[-105,16],[-1,0]],[[29059,2309],[12,42],[92,119],[-275,150],[-35,1],[16,19],[-21,-1],[-43,-2],[-45,26],[13,2],[13,8],[3,4],[13,4],[6,2],[17,6],[7,2],[5,3],[2,4],[6,1],[4,1],[4,1],[4,1],[8,4],[1,5],[-2,4],[2,3],[2,0],[20,20],[-3,4],[-6,-2],[-20,3],[-4,2],[-24,10],[1,14],[4,6],[2,4],[1,5],[-1,3],[24,20],[47,39],[4,2],[40,8],[14,1],[10,1],[5,-2],[5,4]],[[28987,2860],[80,-19],[15,-73],[84,-69],[103,-105],[100,-47],[4,-42],[42,-42],[88,-33],[93,-59]],[[29596,2371],[1,-37],[91,-59],[22,-86],[-24,-34],[103,-41],[-5,-60],[177,-52],[67,-39],[50,-60],[36,9],[39,-50],[-68,-27],[-38,-48],[42,-62],[-14,-17],[-11,-106],[-143,-5],[-20,-29],[14,-87],[30,-37],[32,-102],[-74,-63],[-11,-58]],[[29892,1221],[-19,77],[-75,65],[-105,10],[-102,-21],[-65,9],[-90,-59],[-25,63],[-94,-27],[-123,24],[-87,-8],[-33,66],[-96,-36],[-63,-10],[-58,-34],[-105,-17]],[[10038,16650],[-61,96],[-5,6],[-38,46],[-37,44],[-37,43],[-4,7],[-3,6],[-2,5],[-1,8],[3,26],[1,8],[-1,7],[-3,11],[-5,8],[-3,4],[-7,7],[-77,58],[-8,9],[-36,99],[-9,6],[-34,27]],[[9671,17181],[4,2],[5,3],[49,22],[21,7],[35,-2],[40,-3],[37,-2],[48,5],[46,0],[25,-1],[86,0],[29,0],[33,0],[24,0],[21,-1],[55,0],[30,-1],[22,0],[60,0]],[[10341,17210],[19,-35],[31,8],[31,9],[37,10],[20,6],[4,-2],[12,-23],[3,-2],[4,0],[22,4],[8,-19],[2,0],[11,0],[12,-1],[32,-12],[5,-7],[2,-4],[2,-5],[12,-12],[1,-3],[-2,-2]],[[10609,17120],[-1,-2],[0,-11],[2,-8],[3,-4],[15,-12],[13,-12],[5,-7],[-98,0],[-7,-1],[4,-16],[57,-33],[32,-30],[34,-80],[8,-18],[0,-17],[-1,-17],[-2,-31],[-2,-28],[-2,-39]],[[10669,16754],[-18,3],[-37,3],[-4,1],[-18,5],[-3,2],[-28,4],[-8,2],[-30,8],[1,-11],[-19,-16],[-45,-1],[-35,-1],[-24,-36],[-18,-6],[-8,-3],[-12,-3],[-14,-6],[-10,-3]],[[10339,16696],[-12,-2]],[[10327,16694],[-5,2],[-17,15],[-9,7],[-82,1],[-8,-14],[-3,-11],[-58,-16],[-107,-28]],[[8324,14466],[-75,39],[49,50],[-2,42],[39,34],[-140,36]],[[8195,14667],[6,10],[1,4],[1,2],[0,4],[-4,0],[3,8],[-1,2],[5,3],[-3,1],[4,6],[-3,4],[6,5],[2,4],[4,2],[4,3],[15,18],[4,4],[3,2],[12,2],[7,2],[3,3],[3,4],[6,2],[2,4],[-9,22],[-11,18],[12,7],[3,2],[27,8],[12,0],[5,1],[4,2],[3,0],[10,0],[6,2],[2,2],[11,5],[12,5],[6,1],[12,0]],[[8380,14841],[67,-35],[104,0],[140,38],[74,-14],[86,12],[3,-57],[74,-60],[77,-2],[23,-30],[-307,-83],[8,-39],[75,-56],[39,17],[78,-18],[108,33],[101,-26]],[[9130,14521],[71,-59],[-67,-26],[-81,31],[-86,-25],[16,-33],[166,-15],[-5,-40],[-50,-40],[-90,8],[-40,35],[-75,-1],[-59,-28],[0,-37]],[[8830,14291],[-37,-59],[-89,12],[-102,53],[-110,24],[-61,57],[-13,37],[28,68],[-122,-17]],[[5636,13349],[-25,59]],[[5611,13408],[60,-11],[218,58],[23,48]],[[5912,13503],[31,45],[64,-7],[76,77],[153,60],[41,-54],[45,-27],[190,28],[106,53],[57,6]],[[6675,13684],[5,-7],[9,-16],[22,-42],[6,-9],[5,-8],[13,-6],[11,-14],[12,-16],[6,-7],[3,-6],[4,-6],[8,-7],[4,-6],[6,-15],[4,-6],[5,-8],[5,-5],[6,-12],[2,-12],[5,-4],[-5,-6],[-5,-5],[-3,-11],[-4,-2],[2,-6],[-4,-2],[1,-2],[-1,-2],[-4,0],[-3,-2],[-3,2],[-3,0],[-7,-2],[-3,-2],[-3,0],[-2,1],[7,-6],[1,-3],[-1,-2],[2,-13],[1,-8],[2,-4],[-1,-8],[-2,-12]],[[6778,13377],[-31,-25],[-58,12],[-64,-52],[99,-4],[46,-35],[28,-49],[-2,-102],[-122,-24]],[[6674,13098],[-67,-12],[-116,-42],[-208,-52],[-223,-24],[-36,43],[2,42],[77,70],[9,75],[-26,40],[-111,-14],[-59,31],[-23,37],[-53,23],[-121,-7],[-83,41]],[[26033,10114],[-24,34]],[[26009,10148],[-1,1],[-12,8],[-3,1],[-3,3],[-4,1],[-1,2],[-1,1],[-2,3],[-4,5],[-3,2],[40,6],[4,8],[13,6],[24,3],[5,7],[3,1],[8,6],[19,9],[15,5],[99,83],[71,29],[33,42],[3,0],[-3,8],[-36,22],[-37,18],[-6,6],[-36,-3],[-9,1],[-57,6],[-19,2],[-12,-12],[-36,15],[-5,-1],[-47,29]],[[26009,10471],[-71,18],[76,56],[-107,71],[11,39]],[[25918,10655],[24,30],[61,-2],[96,22],[88,46],[69,66]],[[26256,10817],[171,-31],[44,-34],[69,-18],[129,44]],[[26669,10778],[61,31],[99,-4],[109,46],[46,2],[92,-85],[72,-82],[3,-67],[37,-52],[55,-21]],[[27243,10546],[-37,-75],[6,-61]],[[27212,10410],[-91,-15],[-42,22],[-241,-50],[-67,-21],[-11,-42],[-89,1],[-72,-15],[-55,-30],[-43,-47],[-142,-25],[-110,-29],[-147,-23],[-69,-22]],[[28024,9911],[-16,32],[-78,28],[81,66],[82,38],[5,53],[-57,54],[-54,-22],[-47,27],[64,64],[-23,31]],[[27981,10282],[-36,18],[35,58],[40,26]],[[28020,10384],[81,13],[101,-27],[125,54],[84,-40],[90,30],[98,13],[64,-23],[109,28],[91,-49],[15,-37],[75,33],[40,65]],[[28993,10444],[15,3]],[[29008,10447],[-2,-10],[-4,-4],[2,-8],[0,-3],[2,-10],[1,-5],[-5,-2],[-13,-6],[-5,-2],[-7,-5],[3,-2],[9,-16],[7,-8],[18,-17],[7,-2],[11,-9],[1,-4],[12,-30],[-2,-9],[27,-47],[2,-2],[16,6],[11,8],[12,7],[7,4],[32,16],[5,2],[65,20],[2,-3],[-2,-2],[2,-3],[3,-2],[1,-1],[2,-8],[-2,-5],[3,-5],[3,-1],[1,-6],[9,-2],[13,2],[5,1],[14,2],[0,-2],[8,-4],[6,1],[4,1],[8,-4],[5,0],[8,-4],[2,-3],[1,0],[10,-3],[7,-1],[2,-3],[2,0],[7,-3],[2,-2],[0,-2],[-2,-1],[9,-2],[3,-2]],[[29356,10242],[0,-5],[-5,-2],[-15,-12],[-4,-2],[-3,0],[0,-2],[-10,-9],[-6,-3],[-3,-5],[-4,1],[-6,-5],[-5,-2],[-6,-3],[0,-1],[-6,-1],[-4,2],[-4,0],[-5,0],[-4,-1],[-8,1],[-5,-1],[-3,2],[-7,-1],[-5,-1],[-6,0],[-2,-2],[-13,-90],[-11,-1],[-5,-1],[-16,-4],[-30,-4],[-8,-3],[-20,-15],[-9,-1],[-7,-3],[-5,-3],[-6,-6],[-3,-4],[3,-2],[-21,-18],[7,-9],[2,-30],[-35,-20],[-11,-6]],[[29042,9970],[-139,36],[-117,-34],[-21,32],[-98,-87],[-47,54],[-62,40],[-20,54],[-71,21],[-297,-65],[-8,-41],[-138,-69]],[[23694,17896],[4,127],[31,40],[-66,60],[34,67],[-89,21],[-31,46],[-79,-20],[-24,48]],[[23474,18285],[73,107]],[[23547,18392],[50,72],[322,234],[-283,265]],[[23636,18963],[89,15]],[[23725,18978],[72,-14],[69,17],[0,1]],[[23866,18982],[26,-8],[434,-118]],[[24326,18856],[77,-42]],[[24403,18814],[-61,-126],[-15,-30]],[[24327,18658],[-84,-1],[36,-101],[-47,-17],[7,-48],[-30,-77],[60,-33],[19,-35],[-31,-38],[20,-38],[-7,-134],[74,-87],[-49,-28],[42,-59],[60,-1],[38,-30],[-38,-74]],[[24397,17857],[-86,-52],[-173,-30],[-61,-124],[-118,50],[-42,-38],[-33,67],[-124,74],[-20,71],[-46,21]],[[29379,14253],[-88,84],[-245,126],[-51,-4],[-127,68],[-132,-63]],[[28736,14464],[-5,4],[-8,4],[-20,15],[-20,15],[-50,38],[-13,10],[-27,20],[-22,-2],[-41,-1],[-27,13],[-34,16],[-32,24],[89,56],[25,9],[8,3],[27,10],[14,5]],[[28600,14703],[224,70],[66,86],[215,103],[138,75]],[[29243,15037],[26,24],[189,116],[80,56],[116,-18],[116,0]],[[29770,15215],[106,1]],[[29876,15216],[135,-141],[179,-138],[163,-89],[186,-48]],[[30539,14800],[-327,-126],[-25,-44],[-59,41],[-69,-54],[-19,-232],[-22,-107],[-149,-111]],[[29869,14167],[-13,15],[-12,0],[-92,-8],[-20,-4],[-21,-5],[-7,0],[-6,0],[-16,-2],[-9,-5]],[[29673,14158],[-169,17],[-94,71],[-31,7]],[[25206,11052],[-98,-128],[-220,27],[-14,-37]],[[24874,10914],[-101,21],[-195,93],[12,103],[-77,34],[-106,28],[-27,20]],[[24380,11213],[86,72],[-60,87],[79,22],[-65,56]],[[24420,11450],[48,31]],[[24468,11481],[61,-85],[97,14],[56,-11],[52,-38],[46,41],[33,76],[35,14],[136,-32],[71,11],[99,-24],[-17,-59],[16,-70],[-94,-76],[74,-138],[73,-52]],[[12027,8806],[-7,2],[-9,4],[-10,4],[-9,6],[-9,7],[14,15],[0,3],[-12,46],[-10,1],[-10,4],[-17,1],[-29,46],[1,11],[-81,44]],[[11839,9000],[-2,9]],[[11837,9009],[7,23]],[[11844,9032],[27,18],[-6,110]],[[11865,9160],[38,1],[53,41],[42,-6],[176,29]],[[12174,9225],[0,-3],[0,-4],[12,-13],[7,-7],[10,-6],[3,-3],[0,-2],[10,-7],[8,-8],[13,-7],[8,-5],[2,-3],[4,-5],[3,-2],[13,-7],[-3,-4],[8,-3],[7,-1],[3,-4],[9,-3],[1,-2],[4,0],[8,-5],[5,-4],[6,-2],[5,-1],[5,-1],[2,-1],[5,-2],[4,-6],[3,-1],[15,-1],[10,0],[16,1],[12,1],[13,3],[3,0],[9,1],[3,-1],[5,-4],[3,-2],[10,1],[16,1],[17,3],[28,4],[1,-5],[6,-7],[2,-2],[4,-4],[1,-4],[3,-2],[3,-2],[6,-6],[1,-5],[3,-1],[-3,-2],[3,-2],[5,-8],[2,-3],[20,1]],[[12556,9058],[40,6]],[[12596,9064],[12,-4],[11,-4],[7,0],[11,-2],[5,1],[19,-13],[8,0],[14,-11],[-1,-6],[8,-13],[3,-5],[23,-31],[9,6],[26,15],[6,4],[20,11],[6,1]],[[12783,9013],[103,-37],[51,-62],[0,-38],[70,-18]],[[13007,8858],[21,-25],[-41,-42],[24,-35],[100,-60],[-28,-58],[-35,-20],[-25,-58]],[[13023,8560],[-55,10]],[[12968,8570],[-106,25],[-172,28],[-125,61],[-64,44],[-96,42],[-116,-15],[-111,29],[-94,5],[-57,17]],[[16004,16079],[-3,21],[-113,5],[47,118],[-66,83],[34,18]],[[15903,16324],[30,4],[29,4],[12,2],[15,4],[132,39],[11,5],[71,31],[38,6],[56,-7],[8,0],[24,-8],[7,3],[-3,26],[6,4],[6,2],[15,4],[129,37],[0,18],[4,15],[-4,15],[-6,9],[10,6],[13,5],[-1,4],[-5,4],[-1,4],[-4,66],[19,6],[42,3],[14,6],[3,-1],[4,0],[6,0],[3,3],[1,1],[4,4],[1,2],[4,4],[10,6],[6,4],[4,2],[4,3],[5,3],[2,2],[3,1],[3,2],[23,4],[3,-6],[3,-1],[9,2],[3,1],[6,1],[5,-1],[2,2],[7,0],[2,3],[2,2],[3,-1],[1,2],[4,0],[2,3],[-8,40],[42,24],[13,6],[12,6],[17,7],[9,4],[5,2],[4,3],[5,2]],[[16807,16782],[41,-51],[59,-36]],[[16907,16695],[24,-12],[5,-3],[13,-22],[9,-24],[5,-14],[18,-32],[3,-5],[16,-18],[16,-24],[3,-7],[15,-25],[8,-9],[2,-5],[9,-12],[4,-10],[8,-16],[5,-25],[24,4],[56,2],[2,-4],[3,-3],[1,-7],[27,-12],[8,0],[2,3],[18,20],[1,3],[10,4],[6,7],[1,4],[17,11],[16,5],[6,-4],[28,-22],[36,-41],[-1,-4],[3,-16],[2,-1],[11,0],[2,-3],[33,-26]],[[17382,16352],[46,-32],[18,-55]],[[17446,16265],[-152,-24],[-102,-43],[-170,-20],[-186,56],[-117,10],[-236,-156],[-77,-18],[-61,-31]],[[16345,16039],[-21,17],[-3,67],[-96,19],[-64,-32],[-105,-4],[-52,-27]],[[23777,10288],[161,78],[48,32],[-51,122],[-42,24],[18,97],[47,8],[35,64],[114,71],[46,54],[148,81],[98,-60],[-9,64],[59,65],[-107,17],[-40,-14],[-78,92],[156,130]],[[24874,10914],[-11,-42],[68,-22],[-42,-27],[33,-90],[62,-27],[89,-68],[-44,-34],[69,-24]],[[25098,10580],[-42,-45],[71,-83],[-20,-27],[-66,-7],[-112,-73]],[[24929,10345],[-49,-30],[-38,-57],[28,-49],[-153,-67],[-34,-5],[-43,46],[-160,-7],[-151,-69],[-20,25]],[[24309,10132],[-48,60],[-29,-13],[-82,33],[-32,41],[-52,-9],[-52,-50],[-1,-56],[-56,-60]],[[23957,10078],[-8,1],[-20,12],[-6,-1],[-8,2],[-6,-1]],[[23909,10091],[-65,6],[-47,29]],[[23797,10126],[-13,11],[28,19],[36,12],[4,1],[45,25],[-8,7],[-2,2],[-15,7],[-29,14],[-15,-2],[-18,-2],[-25,-3],[-19,-1],[-5,0],[-5,6],[12,12],[9,54]],[[31047,11143],[-7,0],[-6,-2],[-7,-3],[-8,1],[-1,1],[-5,1],[-5,0],[-3,1],[7,4],[5,3],[9,21],[-5,-1],[-8,0],[-23,8]],[[30990,11177],[-5,7],[-6,2],[-21,15],[6,3],[7,5],[-5,5],[-5,5],[3,3],[33,32],[-6,5],[-6,10],[-8,10],[-4,1]],[[30973,11280],[-1,2]],[[30972,11282],[-26,11],[29,-4],[3,5],[4,-1],[32,-5],[10,0],[7,-1],[1,9],[2,9],[1,0],[2,8],[5,8],[-2,1],[-11,9]],[[31029,11331],[7,3],[46,11],[0,-7],[4,-3],[35,-14],[8,4],[8,1],[14,-2],[6,2],[1,2],[-2,6],[-1,3],[1,2],[-1,3],[0,2],[-1,4],[1,4],[3,4],[16,-2],[0,6],[0,6],[2,2],[3,2],[12,9],[10,-6],[4,-2],[10,10],[7,3],[-10,3],[-3,0],[-5,3],[1,1],[-4,4],[-9,5],[-4,0],[-17,16],[-5,-1],[-4,6],[5,2],[-6,5],[7,4],[-12,5],[-18,12],[3,2],[3,3],[-5,8],[-4,0],[-3,1],[-5,0],[-5,-2],[-11,-5],[-5,0],[-5,1],[2,7],[-3,12],[5,1],[15,3],[4,3],[10,9],[-1,15],[-5,3],[-2,2]],[[31126,11512],[4,3],[1,3],[3,4],[6,4],[9,9],[6,1],[2,0],[0,-2],[9,-2],[5,3],[0,-2],[2,-2],[9,-5],[-3,-2],[-1,-5],[8,-2],[8,-2],[4,-1],[5,-6],[4,-6],[-1,-2],[4,0],[18,-6],[5,-1],[3,-5],[2,-1],[5,-1],[9,0],[5,3],[7,-1],[5,1],[5,-3],[2,-3],[2,-3],[7,-6],[4,-1],[6,-6],[0,-3],[6,-4],[4,-7],[7,-5],[2,-5],[2,-1],[15,-9],[-1,-3],[2,-1],[8,0],[10,-4],[56,-19]],[[31406,11406],[3,-2],[-3,-3],[6,-9],[-4,-7],[4,-5],[2,-1],[-5,-6],[6,-14],[2,-9],[5,-4],[14,-8],[10,-8],[9,-7],[8,-8],[9,-7],[13,-13],[9,-7],[10,-4]],[[31504,11284],[16,-10]],[[31520,11274],[3,-6],[-27,-5],[-1,4],[-10,5],[-6,2],[-8,2],[-4,3],[-7,3],[-21,6],[-5,3],[-3,2],[-12,8],[-4,0],[-7,1],[-6,2],[-6,0],[-7,2],[-4,4],[-9,3],[-6,1],[-5,0],[-5,2],[-4,3],[-5,2],[-3,0],[0,1],[-6,2],[-5,3],[-9,-1],[-5,-1],[-4,-1],[-4,-4],[0,-5],[-1,-2],[0,-5],[-1,-3],[-4,-3],[-1,-4],[-3,-2],[10,-11],[0,-4],[2,-7],[0,-1],[2,-4],[-10,-6],[-22,-9],[6,-14],[9,-7],[8,-6],[9,-12],[-2,0],[-6,-2],[-19,-8],[-10,-9],[-7,-6],[3,-1],[42,-7],[-1,-2],[-13,-8]],[[31306,11172],[-25,-12]],[[31281,11160],[-15,-1],[-8,5],[-63,16],[-4,0],[-10,1],[-5,-2],[-2,-2],[-14,-3],[-5,-4],[-12,-6],[-6,-4],[-5,1],[-5,-3],[-22,-1],[-5,-2],[-4,-2],[-4,-7],[-3,0],[-3,0],[-4,-2],[-14,1],[-8,2],[-8,0],[-5,-4]],[[17219,9281],[-5,4],[-7,8],[14,2],[10,2],[5,1],[9,4],[3,2],[2,0],[6,0],[3,4],[7,3],[4,0],[-3,24],[1,5],[2,5],[-1,7],[-5,1],[-4,2],[-8,6],[-2,5],[13,14],[7,8],[0,10],[5,17],[11,-2],[6,-2],[9,14],[1,9],[-1,21],[8,2],[7,-1],[10,4],[5,1],[11,1],[25,3],[14,69],[19,2],[18,4],[-17,10],[-20,10],[-6,3],[-8,8],[-10,6],[-3,3],[-20,7],[-14,9],[-7,5],[-26,16]],[[17287,9617],[-6,12]],[[17281,9629],[-3,9],[-5,23],[-10,45],[-4,2],[2,5],[3,6],[1,4],[0,5],[0,4],[2,2],[-1,3],[0,3],[-2,3]],[[17264,9743],[8,20],[-38,132],[146,69],[24,26]],[[17404,9990],[15,6],[1,4],[-2,4],[-2,5],[-2,5],[0,3],[2,9],[2,20],[3,3],[14,15],[6,5],[10,4],[3,5],[-3,6],[-1,1],[4,7],[3,5]],[[17457,10097],[76,-43],[34,-53],[37,-34],[73,-26],[-2,-2],[-23,-15],[-5,-4],[1,-1],[-6,-3],[-3,-2],[-4,-3],[-3,0],[-3,-1],[3,-1],[-3,-2],[-1,-2],[-3,1],[-3,-2],[-3,-2],[-4,1],[1,-3],[-2,-1],[-2,-3],[-2,-1],[0,-2],[-5,1],[-3,-3],[-2,0],[-3,-4],[-5,-4],[0,-5],[-3,0],[-1,-2],[-1,-4],[-2,-1],[-3,-2],[-2,-5],[1,-3],[-4,0],[0,-4],[-3,-2],[1,-2],[-3,-5],[4,-2],[1,-2],[0,-2],[1,-1],[3,-2],[1,-7],[-1,-4],[2,-2],[-3,-1],[-1,-1],[0,-4],[4,-1],[0,-1],[3,-3],[-1,-2],[0,-3],[2,-2],[-3,-4],[-1,-3],[-6,-14],[-1,-5],[1,-2],[-3,-2],[-1,-2],[3,-3],[-4,-1],[0,-4],[2,-2],[0,-2],[-4,-3],[1,-1],[-1,-11],[3,-1],[0,-3],[1,-2],[-3,-2],[-3,1],[-4,-3],[1,-2],[-1,-4],[2,-2],[4,-13]],[[17570,9718],[-6,-5]],[[17564,9713],[-4,-41],[5,-20],[-15,-75],[-26,-37],[-1,-10],[-2,-4],[4,-7],[-3,-3],[2,-3],[0,-4],[8,-4],[5,1],[4,0],[0,-3],[0,-5],[-2,-2],[7,1],[9,0],[10,0],[10,0],[22,4],[30,6],[39,7],[16,4],[13,3],[14,5],[15,6],[114,31],[9,4],[4,1]],[[17851,9568],[4,0]],[[17855,9568],[-4,-5],[-10,-13],[-3,-10],[-7,-8],[-13,-17],[-4,-5],[-1,-34]],[[17813,9476],[-5,-1],[-6,-2],[-11,-7],[-5,-5],[-27,-18],[-5,-2],[-23,-5],[-41,-7],[-9,-3],[-46,-14],[-16,-2],[2,-2],[2,-4],[-1,-7],[2,-13],[-2,-9],[-13,-6],[-14,-7],[-7,-4],[-12,-6],[-9,-4],[1,-4],[3,-31],[-2,-4],[-5,-7],[-4,-3],[-25,-16],[-8,-5],[-2,-3]],[[17525,9275],[-1,32],[-91,0],[-161,-34],[-53,8]],[[28341,7812],[37,7],[78,58],[78,22],[13,27],[-22,101],[-36,66],[29,32],[-65,68]],[[28453,8193],[2,2],[14,10],[38,-14],[6,-1],[2,-20],[8,-1],[29,-2],[17,0],[1,3],[42,10],[12,2],[5,-7],[16,6],[10,6],[1,9],[2,10],[6,4],[49,-26],[13,-12],[-64,-56],[-7,-7],[-3,-2],[7,-1],[38,-30],[6,0],[-1,-6],[1,1],[2,4],[4,3],[6,1],[3,0],[4,3],[2,3],[3,4],[5,4],[7,7],[7,-3],[49,14],[9,-8],[10,-7],[8,-6],[21,-15],[14,0],[2,0],[7,3],[7,5],[16,-3],[21,-6],[12,-2],[10,-2],[15,-3],[9,-1],[25,-1],[6,0],[11,-3],[8,1]],[[29006,8063],[58,-19],[69,-49],[25,-55],[42,-32],[37,80],[171,-79],[16,-31],[-23,-66],[123,-81],[31,-65],[37,-35]],[[29592,7631],[29,-14],[-8,-65],[-97,-33],[-79,17],[-37,-61],[-147,-62],[-66,42],[-70,-69],[15,-45],[-31,-43],[-56,13],[-34,-23],[-3,-98]],[[29008,7190],[-99,26],[40,45],[-54,41],[-59,-26],[-71,69],[-75,-7],[-33,70],[-77,60],[-88,-50],[-91,-36],[-96,66],[16,19],[116,42],[51,34],[63,77],[-90,-17],[-139,99],[-40,55],[59,55]],[[19194,17714],[-81,119],[-4,4],[-29,40],[-31,43],[-45,62],[-15,21]],[[18989,18003],[108,27],[164,62],[1,86],[-29,43],[203,147],[267,136],[73,32]],[[19776,18536],[220,-134]],[[19996,18402],[144,-205],[34,-97],[-96,-32]],[[20078,18068],[-98,-16],[-168,-91],[-53,-38],[-130,-40],[-132,-58],[-49,-49],[-58,-28],[-196,-34]],[[5407,14600],[-198,39],[-69,1],[-66,-40],[-46,58],[-88,58],[-16,101],[-49,48],[-10,73],[-83,83]],[[4782,15021],[-11,27],[189,30],[25,-9],[182,14],[71,16],[47,83]],[[5285,15182],[130,-20],[72,22],[52,-2],[30,33]],[[5569,15215],[50,-41],[208,18],[137,-88],[71,-73],[-3,-37],[54,-30]],[[6086,14964],[-112,-43],[-77,-41],[-69,-19],[-8,-37],[-99,-38],[-12,-44],[-95,-29],[-53,-41],[-109,-4],[-49,-21],[4,-47]],[[16360,11661],[40,49],[-42,18],[-83,103],[21,63],[-102,34],[-115,23],[19,52],[-81,7],[24,63],[-61,21],[-84,67],[33,28]],[[15929,12189],[32,40]],[[15961,12229],[40,30],[-5,2],[-12,10],[-1,5],[2,6],[3,7],[8,3],[4,7],[4,6],[2,4],[1,5],[4,3],[23,-7],[12,-2],[27,1]],[[16073,12309],[21,-26],[8,-3],[15,4],[3,1],[15,11],[4,1],[28,4],[-6,5],[-10,-3],[-27,12],[15,2],[12,1],[5,-7],[7,-3],[23,-4],[8,-7],[14,-3],[3,-3],[0,-5],[1,-7],[2,-4],[2,-3],[9,-6],[8,-4],[7,-1],[14,0],[8,-1],[3,0],[6,-5],[6,-3],[9,-4],[16,-4],[6,-1]],[[16308,12243],[18,-30],[8,-12],[9,-7],[4,-2],[25,-32],[2,-6],[3,-6],[4,-10],[4,-8],[4,-10],[3,-3],[15,-23],[55,15],[24,-1],[11,-1],[21,2],[11,0],[46,0],[21,1],[39,7],[95,-33],[30,-16],[34,-21],[26,-9],[79,-22],[74,-55],[9,-9],[60,-28],[8,-2]],[[17050,11922],[-88,-104],[1,-14]],[[16963,11804],[-7,2],[-13,2],[-21,2],[-8,3],[-17,0],[-15,1],[-8,0],[-2,-1],[-25,1],[-13,0],[-6,1],[-9,3],[-9,-2],[-1,-2],[2,-2],[0,-2],[-2,-2],[-5,-2],[1,-3],[1,-1],[3,0],[4,2],[5,1],[2,-1],[-1,-6],[-5,-2],[-6,-2],[-1,-1],[3,-2],[1,-2],[-2,-4],[4,-6],[4,-4],[-3,-2],[-6,-3],[0,-2],[5,-2],[6,-1],[6,-4],[7,-5],[5,-2],[16,6],[20,6],[19,-7],[8,-4],[3,-4],[16,2],[1,-3],[1,-4],[1,-4],[2,-4],[1,-5],[3,-13],[0,-6],[27,-58],[-13,-6],[-9,-3],[-5,-11],[-5,-4],[-5,-4],[-13,-13],[-4,-1],[-14,-7],[-9,-1],[-14,-8]],[[16864,11598],[-70,16],[-123,-23],[-94,-41]],[[16577,11550],[-166,98],[-51,13]],[[21250,11552],[-182,98]],[[21068,11650],[-69,28],[-83,62],[-9,10],[-8,11],[-12,15],[-7,12],[-23,42],[-19,39]],[[20838,11869],[99,61],[2,6],[0,4],[5,6],[6,4],[21,13],[2,3],[-6,1],[-3,3],[-1,2],[0,4],[2,4],[5,4],[-1,2],[-10,3],[48,38],[8,6],[21,19],[2,4],[5,4],[7,3],[6,9],[-51,9],[3,35],[-2,3],[-1,6],[3,29],[-12,5],[-9,7],[0,11],[2,7],[5,7],[2,3],[4,12],[-2,14],[5,7]],[[21003,12227],[207,33],[40,-66],[76,-73],[-42,-12],[30,-55],[39,-4],[40,94],[159,50],[114,-2],[106,-64],[5,-23],[157,-24],[50,16],[27,47]],[[22011,12144],[41,13],[125,-28],[17,-34],[94,-72],[-34,-49],[16,-25],[-147,17],[-170,-12],[5,-52],[-55,-24],[4,-29],[84,-31],[47,-42],[89,-30],[-93,-63],[-23,-40]],[[22011,11643],[-61,21],[-67,-26],[-37,29],[-74,-34],[-52,44],[-70,-18],[-194,-90],[-25,-19],[-71,25],[-110,-23]],[[24714,12975],[-37,14],[-38,52],[-64,18],[-14,58],[-52,57],[56,34],[65,13],[79,-6],[73,28],[-3,72],[-57,126],[-121,22],[-30,26]],[[24571,13489],[61,18],[3,3],[28,19],[21,10],[19,11],[7,5],[8,8],[8,8],[15,19],[4,7],[4,3],[5,1],[19,4],[15,2],[8,0],[61,57],[8,33],[19,3],[6,5],[6,5]],[[24896,13710],[-3,-61],[36,-62],[216,50],[38,-3]],[[25183,13634],[13,-49],[58,-29],[30,-53],[-44,-49],[0,-73],[88,-66],[25,-55],[-61,-39],[140,-40],[65,55],[28,-18],[-71,-36],[-13,-43],[-64,-56],[-59,-15],[22,-47],[-29,-54],[56,-2]],[[25367,12965],[-100,-108],[-129,-70]],[[25138,12787],[-105,48],[-11,5],[-21,2]],[[25001,12842],[23,82],[-59,29],[-35,-26],[-102,35],[-52,-9],[-62,22]],[[28904,12224],[-36,35],[-75,-42],[-43,38]],[[28750,12255],[81,126],[67,-34],[-5,-34],[52,-65]],[[28945,12248],[-36,-37],[-3,6],[-2,7]],[[28392,11166],[-94,89],[-104,53],[-102,31],[-10,22]],[[28082,11361],[7,12],[199,107],[36,11]],[[28324,11491],[155,-72],[196,29],[149,72],[119,23],[42,55],[6,37]],[[28991,11635],[187,-23]],[[29178,11612],[35,4],[1,1],[118,5],[33,2],[26,2],[41,3],[32,2]],[[29464,11631],[16,-14],[18,2],[44,1],[26,0],[25,-2],[10,-2],[7,-3],[6,-3],[19,-16],[5,-3],[3,-3]],[[29643,11588],[13,-8]],[[29656,11580],[-19,-12],[12,-6],[13,-6],[9,-6],[9,-10],[14,-10],[9,-11]],[[29703,11519],[4,-25],[-54,-145],[13,-36]],[[29666,11313],[-6,-5],[-5,-4],[-2,-4],[-5,-2],[-6,-7],[-12,-9],[-15,-12],[-12,-5],[-7,-1],[-11,-6],[-31,-11],[-7,7],[-3,0],[-3,0],[-5,1],[-2,3],[0,3],[-3,1],[-17,4],[-6,2],[-6,0],[-2,0],[-11,4],[-36,18],[-7,6],[-3,6],[-8,-2],[-5,-2],[-10,-7],[-4,-5],[-8,-6],[-4,-5],[-7,-8],[-13,-10],[-8,-5],[-17,-8],[-5,-2],[-4,-4]],[[29350,11238],[-65,25],[-80,58],[-265,-14],[-221,-94],[-61,-17],[-266,-30]],[[29703,11519],[8,2],[30,5],[19,4],[12,3],[7,2],[20,1],[18,-13],[4,-2]],[[29821,11521],[85,-46],[49,-54]],[[29955,11421],[3,-1],[11,-1],[-1,-5],[-4,-10],[6,-10],[1,-4],[-3,-4],[6,-7],[7,-9],[-4,-3],[-4,-2],[5,-2],[8,-2],[12,-2],[10,-2],[6,-2],[7,-3],[6,-3],[11,-8],[3,-16],[-3,-3],[-8,-12],[8,-20],[17,-11],[10,-7],[5,-10],[2,-9],[3,-6],[5,-8],[-26,-19],[-4,-1],[-8,1],[-3,1],[-6,4],[-7,-7],[-8,4],[-6,1],[-6,0],[-13,3],[-4,1],[-2,2],[-4,3],[-4,-7],[-27,-4],[-13,-11],[-50,-58]],[[29889,11152],[-65,43],[-15,5],[-24,5]],[[29785,11205],[4,19]],[[29789,11224],[4,6],[8,8],[-19,26],[9,3],[28,10],[-1,5],[-5,10],[-7,16],[-14,-6],[-25,-11],[-3,4],[-2,2],[-5,-1],[-30,-5],[-4,4],[-4,7],[-17,2],[-4,1],[-21,-10],[-3,5],[-4,3],[-4,10]],[[19392,12970],[-333,140],[6,30],[98,50],[-29,21]],[[19134,13211],[220,20]],[[19354,13231],[15,-21],[147,31],[-55,62]],[[19461,13303],[64,41],[78,-57],[55,66],[58,-34],[45,26],[-78,66]],[[19683,13411],[75,-40],[32,4],[5,-1],[5,0],[44,26],[16,6],[3,1],[13,9],[11,5],[14,6],[8,4],[17,11],[7,9],[18,20],[-65,60],[7,31],[-36,54],[16,4],[-21,39],[34,15],[21,-9],[-7,23],[-4,2],[-5,4],[0,3],[8,5],[5,1],[6,-1],[13,2],[6,1]],[[19929,13705],[3,-2],[82,-42],[40,-39],[21,-12],[6,-4],[5,-5],[2,-3],[3,-7],[3,-6],[2,-1],[13,2]],[[20109,13586],[-60,-25],[22,-5],[4,-1],[9,-4],[19,-7],[7,0],[8,-10],[6,-5],[5,-8],[14,-26],[3,-4],[8,-6],[10,-6],[38,-28],[7,-5],[50,-27],[7,-5],[6,-3],[4,-1],[27,-23],[-10,-4],[4,-5],[3,-2],[13,5],[78,-56],[3,-9],[1,-12],[2,-1],[8,-13],[23,-45],[3,-10],[-4,0],[-6,-1],[-6,-3],[38,-20]],[[20453,13211],[-121,-51],[-55,-10],[-14,-35]],[[20263,13115],[-128,-39],[-31,-33],[-48,16],[-56,-16],[7,-31],[-72,-17],[-27,58],[-398,-42],[-93,-46],[-25,5]],[[19205,13515],[-39,40]],[[19166,13555],[-6,5],[12,3],[-2,2],[-4,7],[-14,13],[-39,27],[11,5],[-19,7],[4,2],[1,3],[-2,4],[-5,9],[0,4],[5,1],[-1,3],[0,3],[-1,4],[1,3],[3,2],[-31,13],[1,11],[2,5],[2,6],[6,0],[14,2],[-1,-4],[-3,-3],[19,4],[1,-5],[3,-3],[-2,-2],[5,-2],[12,-2],[11,-1],[10,-4],[3,1],[14,5],[6,0],[26,11],[-2,-4],[3,-12]],[[19209,13678],[2,0]],[[19211,13678],[51,-9],[10,0],[5,2],[9,0],[4,4],[12,3],[4,1],[42,-22],[0,-6],[6,-9],[5,-1],[2,-1],[4,-1],[4,-1],[4,2],[2,-4],[7,0],[6,3],[3,-1],[3,-2]],[[19394,13636],[3,-59],[-60,-65],[-46,-76],[143,-74],[27,-59]],[[19354,13231],[-110,151],[25,19],[-64,114]],[[18785,18671],[116,-6],[-63,75],[66,37],[-401,332],[-80,129],[116,58]],[[18539,19296],[91,-20],[254,-13],[98,-44],[250,-37],[305,73],[35,28],[-45,57],[160,195],[147,30],[83,-2]],[[19917,19563],[-31,-41],[55,-265]],[[19941,19257],[-92,-68],[28,-23],[-103,-42],[-94,-65],[41,-42],[21,-105],[-51,-19],[82,-59],[7,-61],[-124,-14],[4,-152]],[[19660,18607],[-325,-55],[-252,90],[-296,5],[-2,24]],[[8499,12508],[3,-2],[11,-3],[2,-2],[2,-2],[-3,-3],[0,-1],[3,-2],[2,-3],[10,1],[11,-6],[-3,-4],[-6,-7],[-4,-4],[-1,-5],[-2,-2],[9,-10],[3,-4],[82,-6]],[[8618,12443],[-39,-53],[-6,-44],[-51,-27],[-206,-17],[-75,-61]],[[8241,12241],[6,-29],[-2,-4],[-20,-18],[-7,-7],[-18,-10],[-4,-7],[-2,-7],[-1,-36]],[[8193,12123],[-176,65],[-67,9],[-71,46],[-53,8]],[[7826,12251],[-1,8],[10,7],[4,3],[1,3],[4,5],[3,5],[5,9],[2,5],[1,4],[4,6],[11,22],[4,4],[3,5]],[[7877,12337],[114,14],[-21,72],[147,-24],[61,26]],[[8178,12425],[4,-4],[-7,-3],[5,-9],[3,-4],[2,-4],[82,40],[35,14],[46,17],[8,1],[6,5],[0,3],[47,20],[17,7],[5,0],[5,-2],[6,-1],[16,-2],[11,-3],[30,8]],[[24254,9543],[-19,-6],[-4,5],[-1,4],[0,2],[-2,4],[-22,21],[4,8],[11,11],[13,4],[8,0],[3,6],[2,4],[0,2],[3,4],[3,7],[4,4],[5,5],[1,2],[0,9],[3,8],[3,3],[0,2],[1,2],[6,4],[10,5],[3,3],[-28,18],[-10,-1],[-2,0],[-1,2],[-34,44],[-2,4],[-2,3]],[[24210,9736],[106,71]],[[24316,9807],[16,-6],[5,-2],[1,7],[4,5],[8,7],[4,4],[3,4],[4,1],[6,3],[10,12],[4,3],[5,8],[4,3],[1,5],[7,7],[8,6],[0,2],[-4,1],[-1,2],[7,4],[-1,3],[1,3],[4,2],[6,2],[2,3],[-1,4],[1,1],[-3,3],[0,1],[-3,2],[1,2],[1,5],[5,3],[4,4],[3,2],[0,3],[-3,4],[-9,5],[-9,11],[0,5],[-3,7],[-2,2],[0,4],[16,18],[3,-1],[3,4],[0,2],[3,1],[4,5],[-1,4],[-13,7],[-6,2],[-1,4],[-1,3],[-2,7],[2,4],[3,1],[-4,4],[-16,5],[-112,38],[-22,12],[-24,12]],[[24234,10096],[75,36]],[[24929,10345],[367,-17]],[[25296,10328],[38,-2],[106,-5],[71,-1]],[[25511,10320],[17,-20]],[[25528,10300],[9,-8],[-25,-7],[48,-61],[-35,-9],[15,-3],[25,-64],[11,4],[13,2],[5,0],[-3,-4],[7,-34],[3,-5],[11,0],[62,-7],[2,-7],[5,1],[14,2],[3,-2],[4,-6],[25,-8],[6,-8],[3,-4],[2,-5],[-2,-3],[37,1],[8,5],[-1,2],[1,3],[1,6],[3,-9],[12,3],[13,4],[48,21],[0,2],[52,11],[23,6],[-3,14],[19,-6],[17,5],[21,8],[22,8]],[[26033,10114],[-41,-32],[-115,-28],[50,-73],[-5,-60],[60,-27],[72,-1],[107,28],[22,-22],[-92,-53],[51,-31],[20,-60],[62,-25],[3,-27]],[[26227,9703],[-116,-39]],[[26111,9664],[-18,-8]],[[26093,9656],[-8,5],[-23,-12],[-13,-7],[-9,-4],[-8,-3],[-4,0],[-48,-1],[-6,0],[-25,1],[-11,0],[-7,-1],[-7,-2],[-5,-2],[-15,-7],[-31,-5],[-6,1],[-6,0],[-5,-4],[-9,-10],[-4,-1],[-2,-2],[-6,-3],[-10,-5],[-2,-2],[-3,0],[-4,-1],[-5,0],[-3,-1],[-3,0],[-4,-3],[-8,-3],[-15,-11],[-3,-5],[0,-13]],[[25775,9555],[-186,-53]],[[25589,9502],[-70,42],[-65,71],[-99,15],[-49,21],[-56,-45],[-345,-7],[-170,-61],[-121,39],[-77,8],[-73,-38],[-98,6],[-68,16],[-44,-26]],[[11139,9647],[18,4],[2,1],[4,4],[8,5],[5,-3],[6,-2],[3,1],[-4,4],[-1,2],[3,3],[5,3],[5,-2],[7,-4]],[[11200,9663],[159,-22],[65,-36],[108,-21],[216,-92],[33,11],[73,-43],[88,10],[42,-18],[124,34]],[[12108,9486],[18,-8],[5,0],[7,4],[9,-2],[17,-8],[4,1],[7,4],[4,-1],[1,-4],[5,-1],[5,9],[2,2],[4,-1],[44,-11]],[[12240,9470],[11,1],[11,1],[0,-9],[3,-8],[-2,-4],[-3,-9],[4,-1],[22,-9],[3,-1],[7,1],[38,-2],[-5,-70],[31,-75],[29,-11],[-5,-1],[-10,-3],[-38,-2],[-119,-34],[-6,-2],[-37,-7]],[[11865,9160],[-134,56],[-105,13],[-45,21],[-143,-12],[-161,18],[-6,163],[-54,24],[-26,40],[4,44],[34,23],[-14,38],[-76,59]],[[9178,12673],[3,4],[23,20],[12,10],[27,19],[27,15],[34,23],[27,20],[66,24],[10,6],[9,6],[5,4],[6,5],[4,5],[7,10]],[[9438,12844],[58,58]],[[9496,12902],[68,44],[11,6],[6,3],[20,6],[14,3],[14,2],[14,1],[89,11],[52,42],[9,24],[3,6],[6,10],[18,20]],[[9820,13080],[68,35],[110,25]],[[9998,13140],[97,-80],[55,-32],[55,-96],[81,13],[24,66],[59,29],[35,-20]],[[10404,13020],[10,-18],[4,-6],[-13,-2],[-8,-5],[-7,-7],[-4,0],[-7,0],[-3,-10],[3,-4],[11,-37],[6,-1],[15,-4],[12,0],[6,-1],[3,-8],[-6,-3],[-14,-9],[-25,-1],[-7,-1],[-11,-12],[0,-5],[5,-5],[18,-19],[-15,-27],[6,-13],[10,-15],[0,-5],[4,-6],[7,-4],[12,-20],[8,-5],[4,-14],[2,-5],[2,-3],[0,-8],[0,-8],[0,-10],[7,-11],[4,-4],[22,-21],[-7,-8]],[[10458,12675],[-132,-56],[-85,33],[-192,18],[-55,-14]],[[9994,12656],[-71,19],[-106,-19],[-132,-40],[-126,-13],[-193,18],[-112,53],[-76,-1]],[[17473,13761],[29,19]],[[17502,13780],[133,-62],[93,-20]],[[17728,13698],[-71,-29]],[[17657,13669],[-29,-62],[-86,-26],[-57,5]],[[17485,13586],[-28,16],[-24,6],[-19,16],[-4,-5],[-20,23],[0,4],[1,4],[-4,5],[-5,13],[-2,3],[-1,5],[4,3]],[[17383,13679],[-3,5]],[[17380,13684],[8,11],[2,3],[3,1],[6,-1],[3,2],[6,5],[5,2],[5,3],[2,1],[3,3],[4,1],[5,7],[2,1],[8,12],[3,2],[1,2],[0,2],[3,2],[4,4],[20,14]],[[12476,15336],[3,11],[2,16],[0,4],[4,7],[6,9],[12,10],[18,47],[-4,14],[-12,19],[-18,16],[-114,34],[-116,2]],[[12257,15525],[-17,15],[-16,-4],[-42,4],[-6,1],[27,37],[-2,2],[-3,1],[-18,18],[7,7],[15,12],[34,24],[9,11],[15,0],[6,-2],[14,-1],[4,-5],[55,6],[16,4],[20,2],[12,0],[14,12],[5,6],[5,7],[0,3],[11,2],[23,2],[6,0],[15,4],[9,3],[4,3],[10,3],[11,2],[12,0],[10,2],[58,16],[18,8],[98,40]],[[12696,15770],[41,19],[9,4],[31,17],[33,7],[21,7],[4,1],[13,3],[13,4],[23,7],[16,3],[39,2],[15,2],[6,2],[7,1],[6,0],[9,0],[10,1],[13,2]],[[13005,15852],[20,-72],[-34,-50],[41,-68],[-88,-29],[74,-30]],[[13018,15603],[-107,-52],[-79,-81],[78,2],[46,-34],[-73,-40],[-24,-40],[-25,-137]],[[12834,15221],[-14,-41],[3,-120],[57,-30],[4,-66]],[[12884,14964],[-27,10],[-14,8],[-34,14],[-151,64],[-11,9],[-11,7],[-12,8],[-86,55],[-13,20],[-59,87],[1,4],[8,13],[2,7],[-2,5],[-10,13],[-3,22],[10,17],[4,9]],[[20863,10670],[-63,-27],[-7,55],[-27,25],[-158,-3],[-122,-60],[-148,-25]],[[20338,10635],[-18,78],[88,32],[-29,37],[-2,57],[27,26],[-24,43],[52,59],[5,44],[-110,-3]],[[20327,11008],[101,69],[51,63]],[[20479,11140],[69,3],[88,-24],[62,-1],[106,-23],[51,55],[73,48],[-22,79],[16,44]],[[20922,11321],[90,-35],[84,29],[20,-45],[48,-11],[55,-65],[-141,-63],[78,-89]],[[21156,11042],[-1,-156],[52,-94],[111,-56]],[[21318,10736],[-9,-8]],[[21309,10728],[-96,-53],[-176,-45],[-8,37],[-66,-15],[-40,37],[-60,-19]],[[35217,10217],[102,7]],[[35319,10224],[46,19],[128,13],[127,-20],[233,86],[36,70],[86,41],[-13,74]],[[35962,10507],[3,4],[3,3],[9,3],[11,-1],[20,-3],[3,0],[5,-2],[4,1],[5,-2],[12,-1],[2,2],[2,-1],[6,2],[2,1],[0,1],[4,0],[6,1],[5,2],[6,1],[1,2],[4,2],[4,1],[9,7],[3,1],[9,0],[5,5],[11,2],[4,1],[10,3],[7,1],[6,2],[3,2],[16,8],[4,0],[5,1],[4,4],[4,1],[3,3],[11,13],[6,3],[0,2],[3,2],[34,17],[8,130],[236,-44]],[[36480,10687],[-56,-40],[-90,-41],[38,-40],[-4,-124],[66,0],[110,-54],[63,82],[52,26],[33,78],[42,18],[107,-9],[9,50],[32,30],[49,15]],[[36931,10678],[1,-3]],[[36932,10675],[-69,-31],[-9,-52],[-23,-17],[-87,15],[-54,-24],[-26,-72],[-62,-31],[-32,-49],[-12,-83],[60,-40],[41,-44]],[[36659,10247],[-6,-3]],[[36653,10244],[-30,41],[-47,15],[-27,38],[-41,-3],[-48,-37],[49,-62]],[[36509,10236],[-212,-46],[-179,-23],[-31,-28],[-109,-34],[-83,-98],[37,-33],[103,-25],[17,-37],[-2,-87],[19,-82],[51,-94],[-1,-123],[22,-76],[-6,-39],[-63,-33],[36,-69],[-9,-29],[116,-31],[87,-50],[73,1],[-6,-40],[42,-49],[-7,-37]],[[36404,9074],[-14,-5],[-5,-2],[-9,-4],[-5,-2],[-4,-2],[-4,0],[-5,0],[-3,-2],[1,-5],[4,-16],[-5,-6],[0,2],[-4,0],[-2,-2],[-8,2],[3,10],[0,6],[-2,2],[-4,3],[2,7],[-8,2],[-29,10],[-2,-4],[-41,-28],[0,-3],[2,-3],[6,-10],[0,-4],[-29,3],[-15,-1],[-24,-5],[-7,-1],[-12,-12],[-5,-7],[-60,-45],[-40,-5],[-37,3],[-5,-2],[-3,0],[-9,-3],[-4,-6],[-10,-2],[-1,-2],[-4,-3],[-8,-4],[-6,-3],[-2,-1],[-8,0],[-3,-3],[-4,-1],[-3,-3],[-32,-3],[-17,-7],[-16,-2],[-9,-4],[-10,-10],[-6,-6],[-32,-3],[-4,-1],[-12,-6],[-4,0],[-6,-1],[-3,-2],[4,-5],[4,-8],[7,-8],[4,-9],[-2,-10],[-22,-23],[-7,-2],[-5,-1],[-9,-4],[-33,-1],[-3,2],[-2,5],[-2,3],[0,2],[2,3],[0,2],[-7,2],[-3,-2],[-21,9]],[[35723,8827],[-58,8],[-102,-22],[-45,-37],[-85,-6],[-100,79],[-41,16],[61,74],[-76,38],[75,124],[-18,23],[60,103],[-57,47],[24,50],[99,32],[58,40],[-173,26],[-81,42],[52,17],[23,36],[117,-3],[37,48],[-22,39],[-3,64],[42,51],[31,4],[30,66],[-23,10],[-59,107],[-29,78],[-205,173],[-38,63]],[[5664,18177],[190,47],[271,82]],[[6125,18306],[11,-46],[11,-42],[50,12],[111,27],[36,-30],[10,-9],[2,-7],[-4,-5],[-5,-4],[-7,-4],[-9,-6],[-5,-14],[-3,-5],[-1,-6],[-4,0],[0,-19],[-4,-7],[-5,-5],[-5,-3],[0,-5],[2,-6],[4,-4],[11,-20],[2,-5],[1,-9],[-1,-4],[-5,-10],[3,-21],[2,-12],[4,-7],[-17,-9],[-19,-10],[-17,-8],[-10,-5],[-3,-4],[-4,-3],[-11,-3],[-2,-1],[1,-4],[2,-8],[23,-19],[2,-5],[8,-18]],[[6280,17933],[-105,-17],[-10,-30],[-86,-37],[-157,-12],[-9,-29],[-71,-17],[-110,4],[-7,27],[-75,59],[-11,54]],[[5639,17935],[-6,11],[-2,4],[2,4],[15,12],[2,1],[2,4],[3,3],[3,1],[1,2],[3,3],[3,12],[-1,1],[-4,4],[3,18],[3,7],[18,5],[8,1],[24,9],[-3,2],[3,2],[21,46],[2,6],[0,3],[-6,8],[-69,73]],[[20479,11140],[4,45],[46,35],[-22,72],[61,110],[81,71],[-18,26],[35,75],[-128,-17],[-39,14]],[[20499,11571],[32,11]],[[20531,11582],[6,4]],[[20537,11586],[42,6],[13,6],[27,5],[21,5],[13,4],[6,-1],[18,-1],[8,3],[5,1],[38,2],[24,3],[40,6],[12,-1],[49,10],[6,3],[32,9],[9,-18],[4,-10],[22,2],[10,5],[43,32],[64,-6],[7,-9],[18,8]],[[21250,11552],[-35,-42],[14,-53],[-223,-64],[-117,37],[-29,-30],[24,-58],[38,-21]],[[22327,14809],[-4,-1],[-6,-1],[-7,1],[-10,8],[-7,3],[-10,6],[-5,4],[-8,-4],[-10,2],[-13,-3]],[[22247,14824],[6,11]],[[22253,14835],[-52,16],[-7,2],[-5,0],[-2,3],[-10,-2],[-1,2],[-7,0],[-6,-2],[-7,-3]],[[22156,14851],[0,10],[-3,11],[2,38]],[[22155,14910],[-1,5]],[[22154,14915],[38,6],[19,3],[11,3],[13,4],[12,3],[11,4],[13,6],[14,6],[4,1],[9,3],[21,6],[-6,11],[-6,10],[-6,5],[5,4],[14,4],[7,1],[3,3],[-7,11],[-8,10],[-10,15],[-4,6],[-7,0],[-2,7],[-2,5],[-2,7],[-3,35],[0,6],[-4,7],[0,3],[-13,8],[-11,5],[-7,1],[-28,2],[-12,6],[-13,9],[-16,12],[-18,14],[-3,3],[-3,3],[0,2],[30,31],[-6,8],[-4,7],[-41,34],[-6,5],[-8,5],[-4,3]],[[22118,15268],[52,-8],[8,8],[5,5],[20,14],[19,12],[17,11],[38,26],[15,11],[77,40],[54,15],[24,6],[23,6],[9,2]],[[22479,15416],[75,-106],[23,2]],[[22577,15312],[69,-29],[5,-41],[49,-21],[-32,-57],[17,-29]],[[22685,15135],[5,-3],[-7,-2],[-10,0],[-54,5],[-10,-33],[-4,-8],[3,-11],[3,-5],[7,-5],[4,-4],[1,-4],[2,-5],[5,-27],[0,-8],[5,-8],[16,7],[17,2],[7,-16],[25,-68],[4,-12],[2,-5],[-14,1],[-8,-3],[-10,-7],[-8,-4],[-5,-2],[-1,-3],[5,-3],[2,-3],[0,-2],[-1,-2],[-5,1],[-5,3],[-9,2],[-4,0],[-3,-2],[-2,-2],[-2,-2],[-6,-3],[-3,-4],[4,-2],[4,1],[9,3],[9,2],[8,-1],[1,0],[2,-3],[-1,-1],[-6,-3],[-4,-2],[-3,0],[-5,1],[-6,0],[-6,-1],[-6,-2],[-6,-3],[-9,-7],[2,-2],[18,-14],[-3,-2],[-4,0],[-4,4],[-11,5],[-8,0],[-8,-2],[-4,-3],[-1,-3],[3,-5],[0,-5],[3,-5]],[[22595,14840],[-30,-21],[-128,11],[-110,-21]],[[19761,14584],[4,4],[10,10],[9,11],[7,8],[5,8],[4,1],[-2,6],[6,48],[2,6],[31,-4],[9,0],[13,8],[0,12],[-15,12],[-10,-1],[4,20]],[[19838,14733],[14,-3],[3,0],[10,-1],[9,1],[8,2],[18,-3],[9,-4],[7,-2],[9,-3],[18,-8],[14,-2],[2,0],[5,-5],[21,-11],[22,8],[12,5],[14,1],[17,-1],[25,-2],[14,-1],[12,0]],[[20101,14704],[11,-1],[8,0]],[[20120,14703],[17,0],[46,-5],[3,1],[26,-24],[8,-3],[4,-4],[6,0],[3,0],[6,2],[4,-4],[3,-1],[1,2],[8,-4],[1,-1],[-3,-1],[0,-2],[2,-1],[-5,-1],[1,-2],[0,-3],[0,-1],[-4,0],[-1,-3],[-6,-2],[3,-2],[3,0],[1,-4],[-3,-1],[-1,-2],[4,-1],[-5,-3],[1,-2],[-3,-1],[0,-2],[2,-2],[0,-5],[2,-3],[4,-3],[9,-2],[-1,4],[5,2],[6,-1],[5,-6],[5,-1],[5,2],[5,3],[4,0],[8,-5],[3,-2],[6,0],[9,1],[38,18],[2,2],[27,9],[7,2],[29,9],[60,20],[31,10],[3,-3],[23,-11],[55,-30],[6,-3],[28,-15]],[[20626,14618],[74,-35],[75,-14],[-18,-94]],[[20757,14475],[11,-87],[-141,-12]],[[20627,14376],[-9,-3],[-51,-11],[-41,-9],[5,-13],[-14,-4],[-12,-5],[-30,-39],[5,-3],[-1,-1],[3,-4],[3,-1],[5,0],[6,-8],[2,-2],[2,-6],[1,-3],[-1,-1],[5,-1],[7,-21],[-2,-2],[2,-3],[-9,-1],[-4,-2],[0,-2],[-4,-2],[-4,0],[-11,-3],[-3,-1],[-5,-1],[-5,2],[-8,5],[-7,2],[-2,1],[-3,-1],[-5,-2],[-2,-2],[-4,-1],[-4,-3],[-5,-2],[-6,-4],[-4,-1],[-7,-2],[-5,-2],[-86,-18],[-4,-2],[-9,-5],[-4,-2],[-26,-3],[15,-18],[-48,3],[-27,-9],[-10,10],[-10,12],[-12,-25],[-99,-3],[-7,5],[-19,-7],[-61,-6],[-1,-4],[-84,-17]],[[19913,14125],[15,77],[-123,51],[3,44],[-91,53],[7,90],[41,24],[-4,120]],[[30052,16333],[-142,157]],[[29910,16490],[153,37],[-44,38],[-26,82],[-70,121],[-43,-9],[-151,17],[-131,30],[-126,-4],[-111,107]],[[29361,16909],[17,12],[7,4],[41,20],[2,4],[13,13],[5,5],[14,38],[6,4],[14,34],[2,3],[-4,21]],[[29478,17067],[13,22],[88,16],[-12,56],[134,0],[93,-24],[41,37]],[[29835,17174],[60,-47],[88,71],[207,58]],[[30190,17256],[1,-6],[763,-195],[160,-51],[-30,-41],[83,-89]],[[31167,16874],[2,-2]],[[31169,16872],[13,-19],[-205,-35],[-116,2],[-125,-24],[-87,-40],[-38,-37],[-91,-38],[-102,-30],[-40,6],[-50,-41],[47,-67],[-323,-216]],[[28020,10384],[-32,35],[-66,133],[19,37],[108,46]],[[28049,10635],[87,29],[247,64],[-45,61],[16,32],[106,49],[71,55]],[[28531,10925],[13,22],[92,10],[87,-50],[20,-85],[94,-83],[41,-68]],[[28878,10671],[-64,-78],[19,-41],[65,-19],[95,-89]],[[21026,17216],[-39,12],[-74,67],[-171,93]],[[20742,17388],[46,51],[-47,45],[-11,74],[-66,8],[217,322],[37,78]],[[20918,17966],[12,-2]],[[20930,17964],[74,-166],[30,-46],[117,35],[219,11],[157,38],[150,25],[62,24],[94,-59],[24,-39],[-27,-22],[28,-62],[51,-37],[22,-93],[78,-46],[5,-47]],[[22014,17480],[-6,-3]],[[22008,17477],[0,25],[2,6],[-233,-40],[-46,-9],[10,-19],[-25,-7],[-10,-3],[-42,-4],[-8,0],[-15,0],[-4,-2],[-10,-4],[-44,4],[-24,5]],[[21559,17429],[-9,3]],[[21550,17432],[-28,21],[-73,-6],[-71,0],[-8,1],[-16,2],[-4,8],[-40,-3],[-34,-17],[-39,-1],[-16,-17],[-24,-1],[-1,0],[1,-16],[-17,-4],[-12,-7],[-1,-2],[3,-3],[3,-1],[2,-7],[-4,-1],[-2,0],[-4,0],[-7,-2],[-3,-1],[-3,0],[-2,-2],[-4,0],[-14,-5],[0,-2],[-2,-2],[-2,-2],[-2,-3],[-5,-4],[-2,0],[-4,-4],[-5,-3],[0,-6],[1,-3],[-3,-3],[1,-3],[0,-1],[0,-3],[0,-5],[-2,-4],[-6,-4],[0,-2],[-2,-2],[-2,1],[-2,-2],[-2,0],[-1,-3],[-3,-5],[-1,-5],[1,-1],[-2,-6],[-3,0],[-4,-5],[-7,-3],[-5,-6],[-2,-1],[-6,-6],[-5,-7],[-2,-2],[-10,-19],[-3,-4],[-3,-3],[-5,-3],[-1,-2],[-2,-2],[-2,-6],[-1,-6]],[[13968,15370],[-23,17],[-14,107],[-37,110],[-11,110],[-15,26]],[[13868,15740],[35,2],[63,4],[82,5],[36,2],[218,13]],[[14302,15766],[24,-81],[61,-56],[-15,-50],[20,-37],[75,21],[72,-6],[142,32],[38,-57],[-50,-116],[186,26],[49,-6],[25,-66],[66,-17]],[[14995,15353],[10,-109],[-30,-41],[-143,-61],[-42,-34],[-76,-25],[-137,-15]],[[14577,15068],[-177,27],[-43,55],[42,61],[-5,51],[-172,-26],[-28,-64],[-48,-58],[-50,-18],[-105,27],[-74,54],[24,48],[54,35],[26,65],[-53,45]],[[7901,16016],[-2,0],[-41,20],[-3,2]],[[7855,16038],[-2,1],[-4,3],[-50,25],[-18,3],[-46,-21],[-11,-2],[-15,-1],[-18,-2],[-8,-4],[-5,-2],[-33,-7],[-13,-6],[-24,-5]],[[7608,16020],[-75,72],[-85,21],[-18,52],[-7,92],[-97,41],[81,45],[-20,45],[101,34],[-40,57],[94,97],[1,48],[-106,51],[32,22],[-153,125]],[[7316,16822],[99,-10],[67,65],[-12,41],[-78,85]],[[7392,17003],[48,16],[43,15]],[[7483,17034],[39,-51],[140,21],[67,-9],[48,-28],[100,5],[165,-11],[138,3],[9,-18]],[[8189,16946],[51,-51],[13,9],[4,1],[10,4],[5,2],[20,9],[7,4],[-4,5],[27,2],[9,1],[9,-2],[0,-2],[73,-23],[8,-2],[36,-43],[3,-7],[3,-14],[58,-59],[21,-21],[5,-4],[7,-9],[68,-85],[9,-11],[57,-19],[9,-5]],[[8697,16626],[-100,-86],[19,-42],[-67,-62],[-65,-101],[-100,-30],[19,-35],[-71,-48],[-19,-38],[-81,-17]],[[8232,16167],[-20,-4],[-26,-5],[-8,-2],[-14,-5],[-13,-1],[-15,-1],[0,-21],[-14,-15],[-41,-8],[8,-13],[-35,-5],[-115,-39],[-38,-32]],[[34640,9990],[166,75],[275,98],[136,54]],[[35723,8827],[-1,-2],[-27,-4],[-7,-1],[-17,-4],[-9,-4],[-12,-8],[-7,-3],[-6,-3],[-4,-5],[-1,-4],[-6,-5],[-4,-2],[-6,-3],[-17,-12],[-34,-15],[-10,-3],[-4,-2],[-6,-7],[-4,-5],[-8,-7],[-21,-15],[-8,-6],[-9,-5],[-9,-4],[-36,-14],[-3,-54],[-3,-5],[-5,-11],[-7,-8],[-52,-15],[-46,-45],[-29,-16],[-21,4]],[[35284,8534],[-18,3],[-52,8],[-85,8],[-191,2],[-132,-22]],[[34806,8533],[46,103],[-5,27],[45,51],[-19,23],[-140,49],[-95,56],[-73,64],[-69,-32],[-126,36],[29,108],[93,142],[-87,54],[-1,47],[-57,95],[-64,77],[17,25],[271,33],[104,-19],[97,33],[-10,33],[59,61],[-58,23],[-47,84],[9,114],[14,29],[-99,141]],[[18539,19296],[-5,46],[20,105],[-47,44],[-53,-12],[-14,43],[571,191],[148,12],[95,22],[98,63],[103,-10],[514,51],[100,-91],[-152,-197]],[[18493,5549],[13,11],[7,5],[22,51],[-3,5],[0,8],[3,1],[-5,18],[-10,0],[-12,2],[-3,-1],[-13,32],[-2,6],[0,7],[-2,5],[11,25],[2,4],[0,2],[1,7],[1,5],[0,6],[3,13],[3,24],[2,6],[16,50],[-4,6],[-20,26],[2,2],[-23,74],[8,32],[-30,90],[-7,26]],[[18453,6097],[-3,4],[-7,16],[1,2],[4,2],[5,2],[3,3],[1,5],[1,2],[0,4],[7,6],[2,2],[1,2],[0,2],[2,4],[1,1],[1,6],[-1,1],[8,4],[1,2],[4,1],[0,2],[3,2],[2,2],[3,3],[3,1],[3,2],[5,2],[0,3],[4,1],[6,0],[4,2],[2,2],[2,-1],[1,2],[4,1],[4,2],[6,4],[2,0],[4,4],[2,-1],[3,4],[-1,2],[3,1],[2,3],[1,2],[0,3],[3,4],[0,2],[-1,1],[3,5],[0,3],[1,1],[25,19],[4,3],[7,1]],[[18594,6255],[64,-6],[148,76],[31,-24],[101,25],[77,-3],[35,47],[130,15],[58,-12],[113,47]],[[19351,6420],[90,-14],[37,-29],[5,-94],[156,-139],[66,-8],[158,28],[113,-218]],[[19976,5946],[21,-48],[-108,-29],[27,-42],[-39,-81],[12,-54],[49,-5],[84,-37],[17,-83],[-34,-31],[28,-47],[50,-22],[25,-90],[63,-73],[51,-35],[42,-93],[42,-60],[57,39],[79,26],[164,27],[14,-55],[-49,-115],[44,-45],[26,-75],[-51,-28]],[[20590,4890],[-184,-27],[-84,-37],[-14,-52],[-75,-43],[-148,-21],[-84,12],[-91,-74],[-75,-84],[-61,-20],[-75,-52],[-160,21],[-88,-24],[-52,19],[-357,-109],[-43,38],[-77,15],[54,36],[70,78],[-108,186],[-112,100],[-43,57],[-22,66],[-42,60],[22,98],[-55,175],[-3,55],[-29,53],[29,63],[-33,44],[-54,14],[-74,-34],[-29,46]],[[27678,12207],[-51,-16],[-75,72],[-94,12],[-108,42],[-133,-122],[-73,-17],[-146,16],[-42,105]],[[26956,12299],[-25,79],[76,77],[27,72],[231,35],[-1,66],[40,79],[-29,28],[42,60],[137,41],[-71,110],[160,-6],[124,-84],[51,33],[59,5],[139,-71],[42,-42],[38,0],[65,38]],[[28061,12819],[28,-2],[44,1],[54,7],[-3,4],[-6,4],[0,3],[3,6],[3,6],[18,12],[-4,16],[2,4]],[[28200,12880],[50,-22],[125,-89],[21,-47],[81,5],[36,-39],[77,-38],[-22,-46],[18,-28],[-103,-69]],[[28483,12507],[-135,-60],[-81,50],[-177,-6],[-166,-109],[-175,-72],[-81,-45],[10,-58]],[[26092,13607],[-2,2],[1,4],[-3,0],[-2,-1],[-1,3],[-2,1],[-3,0],[-3,7],[3,2],[0,2],[-5,0],[-2,1],[1,2],[-3,2],[11,3],[8,3],[6,1],[6,0],[5,1],[2,1],[4,4],[5,5],[8,13],[5,6],[1,12],[1,6],[0,5],[3,6],[1,6],[2,7],[-2,38],[-3,8],[-3,29],[2,11],[1,10],[2,4],[1,7],[1,4],[5,-1],[3,0],[4,-1],[6,-2],[3,-1],[2,-2],[6,-6],[2,-2],[3,-1],[4,0],[1,5],[2,1],[6,-10],[5,-2],[2,-2],[4,0],[10,-3],[2,-2],[-3,-3],[1,-1],[1,-4],[5,0],[2,-2],[0,-1],[4,-1],[4,-4],[4,-1],[5,-1],[4,-1],[8,-3],[3,-2],[2,0],[3,-1],[5,-3],[0,-3],[5,-3],[2,-1],[4,0],[1,-3],[3,-1],[2,0],[7,-2],[3,-1],[4,0],[4,2],[3,-1],[2,6],[7,3],[6,3],[4,4],[7,-1],[35,26],[16,18],[0,51],[8,26],[11,4],[7,2],[18,10],[5,4],[2,1],[4,3],[6,2],[12,13],[6,22],[4,13],[0,3]],[[26454,13965],[144,-13],[20,42],[-66,32],[150,93],[120,-15],[45,26]],[[26867,14130],[4,-7],[3,-5],[3,-3],[-3,-2],[1,-4],[-5,-3],[2,-7],[-4,-4],[0,-4],[-4,-2],[6,-5],[3,-1],[2,-12],[-2,0],[-4,-5],[0,-3],[-6,-4],[-3,-2],[-1,-4],[-3,-3],[0,-4],[1,-1],[-4,-3],[0,-5],[-3,-3],[-3,-1],[-1,-3],[-4,-4],[-4,-1],[-1,-2],[1,-3],[-1,-1],[2,-2],[3,1],[1,-2],[0,-6],[1,-3],[-3,-2],[-3,-2],[11,-3],[17,-2],[9,-2],[6,-2],[7,-5],[2,-3],[16,-11],[5,-4],[54,-5],[32,0],[26,1],[11,1],[45,2]],[[27079,13970],[144,-26],[-41,-60],[-93,-40],[-14,-68],[-37,-14],[-24,-65]],[[27014,13697],[-63,-15],[-67,109],[-55,-26],[-125,17],[-34,-14],[13,-77],[-13,-41],[-60,-29],[4,-40],[-152,-10],[-16,61],[-53,-20],[-151,-27],[-150,22]],[[29379,14253],[-162,-100],[-62,-27],[-48,-84],[-116,-131]],[[28991,13911],[1,-5],[0,-5],[6,-3],[5,-4],[12,-9],[6,-2],[8,-5],[20,-9],[14,-10],[8,-5],[12,-13],[1,-3],[2,-9],[3,-6],[11,-14]],[[29100,13809],[-20,-17]],[[29080,13792],[-44,22],[-9,5],[-17,4],[-6,3],[-21,6],[-17,4],[-9,4],[-1,3],[-5,4],[-7,1],[-13,-4],[-16,-3],[-12,-2],[-18,-1],[-34,-7],[-5,-1],[-9,-3],[-6,-2],[-5,-2],[5,-5],[-11,-3],[-8,-5],[-1,-2],[-8,-5],[-6,-2],[-8,-2],[-1,0],[-9,-2],[-2,0],[-5,-1],[-5,-1],[-9,1],[-7,0],[-5,-2],[-10,-1],[-7,-1],[-8,0],[-9,1],[-22,-3],[-7,-2],[-2,-3],[-25,-15]],[[28656,13770],[-3,4]],[[28653,13774],[-7,0],[-1,2],[-3,-1],[-2,1],[2,2],[-4,1],[1,3],[-5,-1],[0,4],[-4,-1],[-1,1],[0,2],[-3,1],[-4,3],[-5,2],[-3,2],[-5,4],[-11,7],[-2,2],[-3,0],[1,3],[-8,5],[-7,3],[-13,6],[-3,1],[-2,3],[-3,1],[-22,2],[-2,-2],[-8,-3],[-5,-1],[-6,0],[-6,1],[-4,1],[-1,-1],[-7,1],[-2,-1],[-9,-1],[-3,1],[-6,2],[-4,0],[-5,1],[-12,-1],[-4,-2],[-4,-1],[-5,0],[-2,-1],[-3,0],[-2,0],[-4,0],[-7,-2],[-11,-2],[-8,0],[-5,1],[-3,-1],[-16,1],[-7,0],[-6,1],[-3,2],[-5,-1],[-4,1],[0,3],[-3,0],[-2,2],[-3,5],[-3,2],[-17,3],[-4,2],[-5,4],[-6,4],[-5,1],[-8,1],[-5,2],[-4,2],[0,2],[-3,0],[-5,2],[-11,1],[-18,0]],[[28255,13861],[16,11],[12,15],[-19,9],[4,1],[1,3],[3,12],[2,4],[4,14],[0,3],[0,3],[6,6],[12,9],[6,3],[2,2],[2,2],[3,3],[10,5],[4,2],[1,3],[-4,3],[-14,11],[-6,4],[-10,8],[-8,6],[-22,27],[-4,11],[-12,53],[-1,3],[6,6],[5,0],[15,9],[3,2],[5,3],[5,2],[2,0],[3,-1],[5,2],[7,4],[6,2],[4,2],[6,4],[4,1],[2,3],[5,2],[2,2],[6,-1],[2,1],[3,5],[-2,1],[6,3],[9,8],[3,4],[-1,2],[2,3],[0,3],[1,1],[15,5],[-2,2],[6,2],[6,0],[5,5],[2,2],[1,3],[3,2],[3,3],[-5,5],[-9,8],[1,3],[-2,2],[-7,10],[-4,4],[-6,1],[-6,2],[-8,2],[-2,0],[-2,4],[-4,4],[-3,4],[1,1],[-1,3],[-5,12],[1,2],[-1,3],[3,6],[7,3],[1,4],[-1,2],[3,1],[0,3],[3,1],[1,3],[3,5],[2,1],[-1,3],[-3,2],[0,1],[-5,0],[-2,3],[-2,2],[-6,-3],[1,4],[-6,0],[-7,0],[0,1],[-4,2],[2,1],[-2,2],[0,2],[27,30],[16,4],[27,5],[13,2],[37,13],[18,2],[16,3],[9,3],[28,9],[4,0],[16,1],[25,4],[2,-1],[6,2],[5,2],[34,15],[18,8],[47,13],[30,17],[37,19]],[[26894,5337],[-24,-52],[-98,57],[-65,14],[-19,31],[-88,4],[-40,18],[-182,-19],[-9,88]],[[26369,5478],[-7,7],[-14,20],[-3,9],[-7,20],[-2,15],[7,27],[-8,1],[-10,4],[-7,20],[-6,14],[-4,9],[-7,19],[-5,15],[0,2],[0,10],[-1,11],[-2,11],[-1,2],[-5,5],[-1,2],[-1,7],[0,7],[-2,9],[-2,15],[-1,11],[0,3],[-4,3],[-3,1],[-7,2],[-4,4],[1,4],[-5,16],[-1,4],[-4,2],[-4,0],[-11,1],[-6,0],[-11,6],[-5,3],[4,2],[-17,21],[-9,11],[-3,41],[4,36],[0,13],[-3,25],[-14,4],[-22,5],[-13,4],[-15,5],[-14,5]],[[26114,5971],[59,35],[-2,24],[95,-5],[207,10],[32,-23],[84,-17],[72,24],[195,30],[-2,55],[97,25],[129,-9],[112,9],[28,-16],[244,-79],[66,-64],[139,-58],[40,20],[44,-49]],[[27753,5883],[-14,-35],[-55,-3],[-142,-66],[-82,-4],[-109,-24],[-99,-53],[-17,-46],[-84,-31],[-62,-1],[-68,-96],[-110,-68],[20,-47],[-40,-13],[3,-59]],[[605,16165],[157,-216],[75,-75]],[[837,15874],[12,-31],[83,-30],[-29,-69],[-90,2],[-32,-25],[138,-24],[-117,-47],[-196,-37],[-289,-76],[-71,-49]],[[246,15488],[-39,123],[8,65],[-33,57],[-182,233],[221,63],[384,136]],[[5912,13503],[-80,27],[-49,45],[-111,-20],[-67,25],[2,56],[-36,62],[-37,9],[8,60],[75,37],[146,126]],[[5763,13930],[106,-8],[27,-18],[194,-7],[110,8],[108,21],[27,22]],[[6335,13948],[134,-6]],[[6469,13942],[9,-60],[64,-6],[19,-34],[89,-78]],[[6650,13764],[3,-29],[3,-10],[19,-41]],[[15913,8332],[74,76],[36,6],[35,56],[58,8],[3,55],[-34,101],[95,61],[72,-23],[28,16],[92,-14],[16,-22]],[[16388,8652],[6,-17],[4,-1],[8,-45],[39,-22],[10,-6],[-9,-15],[-1,-9]],[[16445,8537],[-1,0],[-2,-5],[-5,-6],[-2,-5],[-6,-6],[-8,0],[-2,-2],[3,-8],[5,-10],[1,-3],[4,-5],[5,-17],[3,-3],[6,-10],[6,-13],[6,-10],[3,-8],[8,-10],[5,-5],[2,-6],[-1,-6],[-1,-5],[0,-4],[2,-5],[15,-63],[18,1],[19,2],[5,1],[14,1],[14,2],[-3,-9],[18,4],[14,-1],[29,-8],[13,1],[10,1],[5,1],[6,-8],[18,-17],[5,-6],[16,-4],[1,-2],[28,11],[2,3],[8,1],[18,1],[8,-2],[5,-4],[4,0],[9,-6],[3,-5],[-1,-7],[-3,-5],[-3,-1],[-5,-1],[-3,-5],[-18,-16],[0,-4],[5,-7],[70,-16],[12,3],[23,7]],[[16855,8228],[35,-44],[101,-19]],[[16991,8165],[17,-27],[3,-3],[-41,-23],[1,-7],[3,-3],[20,-17],[-38,-23],[7,-7],[6,2],[55,-38],[-5,-2],[27,-54],[1,-16],[14,-12],[-5,-2],[2,-9],[-1,-1],[35,25],[-13,6],[-2,1],[13,15],[49,32]],[[17139,8002],[26,-31],[56,-9],[11,-3],[12,-6],[6,-2],[12,-4]],[[17262,7947],[-11,-8],[-11,-8],[-12,-16],[-10,-3],[-4,-5],[-2,-5],[-4,-7],[-4,-11],[-3,-14],[-11,-4],[-2,1],[-14,-4],[-119,-15],[-22,1]],[[17033,7849],[-52,4],[-136,3],[-58,-17]],[[16787,7839],[-111,65],[14,19],[-67,43],[23,29],[-64,37],[-1,68],[-26,40],[-110,-15],[-160,90],[-60,4],[-4,36],[-123,-21],[-111,63],[-22,31],[-52,4]],[[18663,13416],[-75,48]],[[18588,13464],[107,54],[-4,17],[7,0],[7,12]],[[18705,13547],[102,50],[21,31],[25,28]],[[18853,13656],[108,-44],[17,19],[49,-18],[10,-5],[-7,-6],[47,-35],[14,-5],[8,0],[9,0],[17,0],[6,-3],[11,-2],[9,-2],[7,0],[8,0]],[[19205,13515],[-44,-10],[-26,-79],[-126,-16],[-75,-33],[-7,46],[-232,-15],[-32,8]],[[18567,13160],[-8,12],[-3,5],[-13,11],[-14,12],[10,4],[4,-3],[7,-6],[8,4],[9,-2],[6,-1],[8,0],[5,1],[9,1],[5,2],[6,2],[13,11],[2,7],[0,6],[-2,7],[-4,5],[-4,3],[-42,28],[-21,15]],[[18548,13284],[83,13]],[[18631,13297],[87,-48],[47,-6],[94,43],[64,-8],[70,-45],[63,20],[78,-42]],[[19392,12970],[-102,-45]],[[19290,12925],[-150,22],[-42,68],[-76,-12],[-143,63],[-7,61],[-141,32],[-80,-8],[-84,9]],[[20506,6116],[-70,142],[-30,16],[210,74],[52,105],[-16,22],[89,42],[115,32],[35,-10],[103,26],[77,-12],[189,54],[75,-45],[61,-16],[100,-68],[110,44],[139,11],[136,41],[-3,83],[-79,17],[-60,96],[35,133],[-86,14],[65,57],[-23,29]],[[21730,7003],[133,40],[60,84],[104,-4],[86,-28],[44,-44],[120,-35],[116,7],[15,-70],[46,-65],[76,-25],[52,-52]],[[22582,6811],[-25,-12],[-13,-8],[-21,-8],[-10,-3],[-9,-4],[-19,-8],[-14,-6],[-18,-8],[-15,-7],[-21,-7],[-9,-1],[-12,-6],[-6,-7],[-14,-4],[-4,-3],[-22,-11],[-10,-2],[-17,-2],[-57,-13],[-15,-5],[-9,1],[-29,5],[-13,4],[-9,3],[-20,5],[-15,4],[-7,-14],[-38,-49],[17,-7],[6,-2],[43,-21],[15,-4],[8,-3],[11,-4],[7,-2],[18,-7],[34,-54],[4,-5],[103,-8],[59,-4],[61,-4],[12,-1],[24,-1],[6,-3],[12,-5]],[[22551,6510],[-166,-68],[-176,-51],[6,-19],[-66,-129],[-82,7],[53,-58],[-16,-46],[-321,-101]],[[21783,6045],[29,25],[-32,71],[-95,-20],[-81,21],[-94,-9],[-98,11],[-38,24],[-116,-49],[-202,-33],[-42,-37],[-199,-100],[-42,81],[-91,73],[-156,-16],[-20,29]],[[12854,10531],[31,4],[18,2],[17,1],[2,6],[-13,27],[-1,5],[21,19],[7,5],[-4,18],[9,2],[6,6],[7,3],[12,10],[-24,12],[-20,11],[-4,3],[-8,9],[-6,6],[-6,9],[-7,11],[61,134],[-8,14]],[[12944,10848],[4,0],[32,-1],[48,-5],[17,2],[19,1],[64,1],[13,2],[19,2],[49,-1],[9,-1]],[[13218,10848],[94,-52],[-23,-29],[87,-46],[115,43],[50,45],[74,14],[63,32],[-114,51],[75,65]],[[13639,10971],[39,55],[13,20],[-25,79],[-9,6],[-7,7],[3,4],[-1,7],[-3,7],[-1,7],[-2,3],[-7,5],[-10,12]],[[13629,11183],[48,16],[71,-8],[22,-31],[113,-49],[55,64],[105,-3],[-8,-49],[-71,-8],[57,-48],[104,26],[-28,-122],[81,-16],[-68,-57],[160,-31],[26,-74],[67,-23]],[[14363,10770],[2,-7],[-3,-24],[5,-13],[-14,-2],[-14,-2],[-16,-50],[-10,-6],[6,-22],[26,-13],[-14,-36],[31,-4],[17,-11],[2,-1],[-15,-30],[-25,-49]],[[14341,10500],[-172,24],[-41,-20],[37,-50],[-49,-27],[-85,42],[-28,-20],[-143,96],[-82,-57],[-92,-36],[-66,1],[-125,-18],[-154,17],[-46,29],[-61,-16],[-57,15],[-48,60],[-79,39],[-32,-53],[-109,-16],[-55,21]],[[14175,11923],[-98,11],[-135,-1],[-42,-11],[-21,54],[-171,-37],[-19,14],[33,61],[-114,84],[-122,32],[-2,38]],[[13484,12168],[2,4],[1,3],[1,3],[6,4],[2,4],[5,5],[-1,1],[4,11],[3,4],[0,7],[1,6],[5,4],[0,3],[1,0],[1,3],[0,8],[6,6],[4,5],[0,2],[0,5],[3,3],[28,60],[-12,38]],[[13544,12357],[103,-39],[88,12],[39,-25],[179,30],[71,-17]],[[14024,12318],[1,-3],[-1,-2],[1,-2],[-2,-1],[2,-1],[-4,-4],[2,-1],[0,-2],[-2,-2],[3,-3],[-2,-3],[4,-1],[2,-4],[4,-1],[0,-4],[-2,-1],[1,-2],[-1,-1],[1,-3],[4,-8],[0,-3],[1,-1],[-1,-3],[2,-3],[0,-2],[2,-4],[-2,-1],[1,-1],[3,-4],[0,-3],[3,-1],[4,-2],[0,-2],[0,-7],[-5,-6],[1,-2],[3,-1],[0,-2],[6,-1],[7,-3],[20,3],[6,0],[0,4],[16,4],[48,16],[7,3],[8,5],[5,2],[24,-3]],[[14194,12251],[11,-2]],[[14205,12249],[4,-2],[3,-3],[0,-3],[-2,-2],[3,-4],[0,-1],[14,-14],[0,-3],[12,-7],[1,-3],[9,-7],[7,-7],[20,-12],[41,-31],[7,-6],[5,-9],[-2,-9],[-3,-7],[1,-3],[-2,-7],[-2,-10],[-1,-3],[-8,-13],[-7,-19],[-6,-15],[-15,-22],[-4,-5],[-8,-6],[-92,-88],[-5,-5]],[[10852,14312],[56,106]],[[10908,14418],[93,-16],[83,16],[-15,123],[55,38],[63,12],[104,-25],[65,2]],[[11356,14568],[7,1],[14,3],[46,16]],[[11423,14588],[41,-39],[87,-18],[71,17],[85,-70],[-56,-55],[72,-32],[113,51],[67,-58],[178,-12]],[[12081,14372],[-24,-42],[-130,-65],[-59,-4],[51,-91],[128,28],[97,-33]],[[12144,14165],[-23,-33],[-64,-26]],[[12057,14106],[-41,3],[-149,-58],[-27,95],[-80,-16],[-45,8],[-60,-21],[-49,27],[-133,-57]],[[11473,14087],[-6,17],[-5,3],[-19,-2]],[[11443,14105],[-50,47],[-75,20],[-118,-52],[-161,-2],[-38,31]],[[11001,14149],[-4,6],[-1,3],[2,3],[4,4],[-1,5],[-8,22],[-11,3],[-14,2],[-16,2],[-55,13],[-19,4],[-17,5],[-29,5]],[[10832,14226],[20,86]],[[23111,11181],[-107,74],[20,52],[-43,20],[26,56],[-28,44],[-82,68],[90,30],[-60,44],[72,48],[-11,18]],[[22988,11635],[54,20],[62,67],[-32,42],[11,41]],[[23083,11805],[63,19],[1,26],[105,34],[-46,41],[50,49],[-1,57],[151,-25],[177,50],[54,-17],[66,7]],[[23703,12046],[69,-57],[-55,-50],[4,-62],[49,-3],[41,-67],[129,-102],[-59,-21],[27,-34],[-77,-58],[19,-38],[148,-93]],[[23998,11461],[-1,-73],[-47,-18],[-70,-69],[-146,-15],[-146,29],[6,-63],[-121,-5],[-176,-36],[-82,-6],[-104,-24]],[[8578,11804],[-52,-18],[-19,-3],[-11,0],[-30,1],[-3,-1],[-33,0]],[[8430,11783],[3,7],[-3,4],[-2,19],[3,8],[19,17],[6,10],[3,35],[-9,6],[-4,15],[4,6],[8,8],[2,2],[-2,3],[1,4],[-1,5],[0,6],[6,6],[-2,6],[-1,5],[-12,3],[3,10],[2,5],[23,22],[3,4],[10,8],[6,3],[33,-7],[8,6],[16,10],[4,3],[3,0],[4,3],[9,5],[3,2],[5,3],[-17,7],[-18,7],[-12,3],[3,18],[-9,9],[-22,11],[-5,1],[-15,3],[-6,1],[-11,-1],[-5,2],[-2,4],[5,3],[4,8],[7,4],[-4,2],[-2,-2],[-4,0],[-19,8],[-4,1],[-17,10],[-38,21],[-24,11],[-3,5],[-12,1],[-15,7],[8,5],[23,16],[-17,6],[-8,2],[-10,3],[-22,8],[-69,22]],[[8618,12443],[4,4],[2,4],[-1,4],[-5,7],[-1,4],[0,4],[2,3],[23,17],[14,5],[8,1],[5,0],[13,1],[15,0],[9,-1],[25,-2],[11,-1],[13,-4],[10,-2],[11,-1],[16,-1],[9,1],[13,1],[12,2],[9,2],[15,3]],[[8850,12494],[3,1],[2,2],[0,1],[-4,4],[-1,3],[2,2],[2,1],[7,1],[6,1],[9,3],[13,6],[4,0],[12,-8],[5,-1],[7,1],[5,2],[15,13],[0,2],[-20,14],[-5,7],[3,5],[7,11],[-5,2],[-13,3],[-5,2],[-4,3],[-1,6],[1,3],[2,5],[2,2],[4,2],[3,1],[5,1],[8,-5],[5,-9],[15,-8],[10,-2],[7,-1],[23,11],[-7,3],[-10,2],[-9,1],[-12,6],[1,3],[3,4],[3,3],[7,3],[9,4],[9,3],[13,2],[11,-2],[11,-1]],[[9008,12612],[10,0]],[[9018,12612],[5,-13],[4,-2],[4,1],[17,3],[11,0],[23,5],[4,4],[6,1],[14,-2],[9,-1],[6,0]],[[9121,12608],[146,-100],[11,-34],[86,-45],[110,-15],[-32,-60],[-59,-47],[-130,-56],[-21,-25],[138,-55],[49,-29],[44,-79]],[[9463,12063],[41,-57],[43,4],[129,-76]],[[9676,11934],[5,-8],[-3,-4],[2,-20],[18,-7],[5,-3],[2,-4],[2,-3],[16,-11],[5,-4],[2,-3],[6,-9],[9,-8],[12,-8],[3,-1],[-12,-10],[16,-18],[1,-5],[-2,-4],[-4,-4],[4,-5],[9,-1],[3,-1]],[[9775,11793],[34,-41],[63,-20],[48,-49],[-8,-40],[-66,-28],[-164,-40],[-70,-28],[-90,44],[-81,-27],[-42,35],[-53,-13]],[[9346,11586],[-13,7],[-7,3],[-53,25],[-50,17],[-19,5],[-8,-2],[-3,5],[1,4],[-2,6],[14,17],[4,6],[2,6],[-34,13],[-24,4],[-3,3],[-4,4],[-11,7],[-60,21],[-12,1],[-3,1],[-3,1],[-13,13],[-1,2],[-10,9],[-8,1],[-7,1],[-6,2],[-17,8],[-9,1],[-6,3],[-15,5],[-31,5],[-5,-1],[-3,11],[-3,3],[0,2]],[[8924,11805],[-1,2],[1,1]],[[8924,11808],[2,2],[-1,5],[2,6],[4,5],[1,3],[3,5],[2,5],[5,7],[-48,19],[1,2],[-53,13],[-9,3],[-37,25],[-14,4],[-6,3],[-4,-5],[-2,-3],[0,-2],[-1,-2],[-4,-4],[-1,-4],[-4,0],[-12,5],[-6,-3],[-11,-7],[-18,-7],[-4,-1],[-8,-2],[-7,-4],[-1,-2],[-3,-1],[-3,0],[-6,-3],[-6,-1],[-5,-1],[-5,-3],[-4,-3],[-4,0],[-13,-9],[-3,-3],[-8,-7],[-7,-8],[-3,2],[-11,-5],[-2,-1],[-8,-5],[-5,-4],[-5,-3],[-3,-1],[-1,-1],[-3,-1],[0,-2],[-4,-1],[-3,-9]],[[13014,9369],[2,16],[3,3],[-15,36],[-18,18],[-2,2],[-3,5],[-76,12]],[[12905,9461],[-16,26],[-6,33],[-2,44],[10,-1],[18,8],[11,1],[6,4],[4,0],[9,-4],[4,0],[4,1],[3,5],[4,2],[7,0],[3,2],[-3,7]],[[12961,9589],[3,6]],[[12964,9595],[-1,1],[-6,4],[-1,3],[15,7],[5,-1],[8,-6],[4,2],[2,8],[-5,5],[1,2],[10,-13],[4,-2],[3,0],[5,2],[42,-6],[3,1],[19,4],[7,-2],[3,-2],[3,-3],[5,-3],[4,-5],[2,0],[9,-1],[10,-3],[4,-1],[1,-2],[-1,-3],[-8,-3],[8,-5],[4,1],[14,10],[3,2],[8,1],[14,-1],[3,0],[13,8],[6,-1],[4,-2],[4,-1],[14,0],[10,-4],[4,-2],[8,-3],[15,-2],[-5,4],[-1,6],[1,2],[5,0],[11,-4],[4,-3],[2,-4],[5,-1],[11,5],[3,3],[5,3],[5,0],[4,-1]],[[13293,9589],[-4,-10],[6,-26],[0,-6],[44,-96]],[[13339,9451],[53,-50],[8,-86],[32,-44],[-9,-39]],[[13423,9232],[-82,3],[-25,-73],[-36,-21]],[[13280,9141],[-39,27],[-26,51],[-67,-27],[-62,-6],[32,85],[-65,34],[39,55],[-78,9]],[[19928,9246],[-84,12],[-52,86],[69,54],[-99,62]],[[19762,9460],[1,1],[7,2],[3,2],[9,0],[1,2],[5,2],[3,0],[3,2],[0,2],[2,1],[11,5],[4,3],[2,1],[4,0],[1,1],[3,4],[3,4],[1,5],[3,1],[4,4],[5,4],[4,2],[3,4],[3,1],[2,1],[1,3],[4,1],[4,2],[3,2],[-1,6],[1,2],[5,5],[3,1],[8,2],[8,0],[2,-4]],[[19887,9534],[97,0],[94,-45],[82,34],[58,-52],[95,-23]],[[20313,9448],[57,-37]],[[20370,9411],[21,-33],[-90,-33],[-66,-2],[-61,-33],[17,-41],[53,6],[20,-74],[-63,-31],[-47,41],[-46,-2],[-137,51],[-43,-14]],[[20048,17227],[70,114],[-82,-24],[-5,36],[-70,44],[-61,18],[-19,35]],[[19881,17450],[57,34],[95,155],[0,133],[22,12]],[[20055,17784],[64,1],[138,76],[99,42],[49,1],[52,39],[14,-98],[131,5],[-15,98],[190,12],[15,24],[126,-18]],[[20742,17388],[-79,-72],[-149,-31],[-187,-52],[-117,7]],[[20210,17240],[-61,15],[-101,-28]],[[18172,12188],[142,1],[-8,133],[194,26],[50,18],[180,12]],[[18730,12378],[98,8]],[[18828,12386],[-3,-107],[74,-5],[39,-37],[7,-48],[49,-6]],[[18994,12183],[-27,-47],[-83,-32],[26,-75],[-87,-14],[-74,-58],[96,-42],[99,-74],[-41,-64],[-71,-15],[-39,32],[-15,46],[-71,-14]],[[18707,11826],[-10,3],[-18,-2],[-66,7],[-6,3],[-19,3],[8,6],[7,5],[10,6],[29,15],[37,18],[-8,16],[-27,3],[-7,-5],[-9,1],[-6,-1],[-14,-8],[-13,-2],[-14,-2],[-11,-1],[-15,1],[-14,0],[-15,-1],[-7,0],[-20,4],[4,11],[11,23],[4,9],[2,14],[1,18],[22,37],[7,6],[5,8],[3,4],[-13,14],[-40,17],[-59,22],[-5,1],[-56,-4],[-95,-29],[-15,-4],[-50,19],[-3,-2],[-23,14],[-16,13],[-3,2],[-10,13],[-16,19],[-16,21],[3,0],[30,2],[5,3],[12,4],[-10,20],[-2,4],[-4,14]],[[29880,3728],[-34,46],[25,58],[-83,22],[-86,44],[-64,54],[-27,64],[-72,41]],[[29539,4057],[20,2],[194,174],[7,34],[107,72],[-48,29],[11,60],[77,53],[173,34],[36,47],[-104,87],[68,42]],[[30080,4691],[9,-2],[1,-1],[5,0],[5,-1],[2,-2],[4,-1],[8,-2],[1,-2],[3,0],[4,1],[8,-3],[4,0],[11,0],[7,0],[5,0],[8,0],[13,3],[15,1],[8,2],[30,-19],[-6,-2],[-2,0],[-8,-3],[-12,-7],[0,-1],[5,-8],[-20,-10],[60,-34],[12,2],[-1,3],[-3,2],[-2,11],[5,4],[0,-4],[14,11],[8,-5],[9,-9],[11,5],[11,-1],[12,0],[14,0],[22,33],[12,9],[5,8],[1,6],[-2,4],[-3,8],[1,4],[2,4],[8,10],[5,1],[24,22],[9,3],[6,13],[10,11],[-2,7],[11,10],[4,7],[2,11],[0,3],[-3,5],[1,18],[-2,9],[-3,5],[-5,8],[16,3],[-1,7],[7,3],[4,4],[-17,35],[2,3],[13,5],[4,2],[4,3],[5,3],[4,-1],[11,-3],[11,8],[2,2],[8,5],[-9,6],[2,5],[17,-8],[5,-3],[15,12],[14,14],[7,6],[28,16],[19,7],[-4,6],[10,8],[24,24],[10,6],[21,11],[37,27],[-2,54],[30,14],[25,8],[12,3],[19,6],[18,6]],[[30812,5145],[9,-15],[7,-6],[8,-7],[14,-4],[103,-15],[7,6],[10,8]],[[30970,5112],[18,-52],[41,-8],[52,-91],[35,-34],[148,25],[16,-41],[50,-34],[70,-5],[83,-101],[-10,-61],[72,-5],[78,-23],[-11,-35],[110,-42],[-43,-158]],[[31679,4447],[-125,-34],[-18,-32],[11,-57],[-40,-26],[3,-50],[-53,5],[-10,-49],[-245,-130],[-49,-43]],[[31153,4031],[-140,-32],[-33,-18],[-125,-28],[-305,-128],[-122,-38],[-15,-33],[-74,-45],[-105,16],[-58,-22],[-45,32],[-98,-38],[-153,31]],[[15343,9680],[6,6],[26,5],[20,-10],[3,18],[-13,0],[-14,2],[-197,35],[-17,1],[-2,4],[-2,6],[9,0],[6,-1],[6,3],[5,5],[16,13],[-2,2],[0,1],[7,4],[-5,5],[-6,3],[-23,3],[-2,7],[3,4],[3,5],[-6,3],[-6,13],[-3,5],[-3,4],[-43,33],[-9,3],[-3,3],[-30,23]],[[15067,9888],[-45,89],[-42,55]],[[14980,10032],[3,3],[9,16],[7,10],[4,4],[7,4],[10,2],[82,23],[9,1],[14,2],[30,0],[23,1],[10,0],[12,0],[25,3],[18,-1],[11,-1],[7,1],[20,-4],[5,0],[34,36],[0,3],[0,13],[-2,4],[6,6],[0,7],[-1,18],[-2,6],[-16,76],[-3,9],[10,18],[11,7],[2,1],[2,6],[5,6],[26,14],[9,4],[12,6],[6,2]],[[15385,10338],[0,1],[-1,1]],[[15384,10340],[8,1],[10,2],[8,1],[39,0],[13,-2],[17,-3],[11,-3],[11,-1],[44,-7],[25,7],[2,11],[17,-2],[58,-12],[8,1],[19,1],[10,0],[26,8],[12,0],[5,0],[13,3],[5,0],[11,1],[15,11],[9,6],[6,6],[6,8],[6,12],[5,7],[7,4],[14,4],[17,6],[17,6],[4,7],[23,29],[5,11],[4,14]],[[15894,10477],[40,10],[5,-5],[3,2],[10,2],[5,2],[19,5],[20,2],[79,-17]],[[16075,10478],[114,-41],[113,-63],[51,-61],[98,-38],[-59,-91],[-26,-19],[-110,36],[-45,-19],[-131,5],[-41,-43],[-61,-23],[-78,-88],[-20,-42]],[[15880,9991],[-125,-25],[-64,-14],[2,-5],[4,-5],[1,-4],[-13,-51],[-1,-3],[1,-19],[1,-3],[-15,-44],[4,-6],[3,-20],[3,-5],[3,-5],[-2,-5],[1,-8],[-8,-4],[-3,0]],[[15672,9765],[-64,-58],[-91,-43],[-50,33],[-76,-39],[-48,22]],[[19743,15375],[-6,33],[4,7],[1,4],[6,9],[-3,18],[24,19],[24,12],[14,1],[25,7],[12,3],[41,8]],[[19885,15496],[10,-11],[10,-6],[8,-5],[23,8],[16,-4],[85,-21],[20,1],[9,-1],[21,-3],[10,-1],[22,-1],[-1,-4],[42,9],[4,2],[7,-7],[4,1],[51,-5],[16,-3],[10,-9]],[[20252,15436],[-30,-52],[136,1],[66,-52],[121,4],[10,34],[156,-2],[128,-30],[64,-56],[31,-84]],[[20934,15199],[-56,-68],[-234,9],[-13,-110],[-59,-20],[22,-37]],[[20594,14973],[-150,-31]],[[20444,14942],[-2,-1],[-5,-5],[-8,-6],[-5,0],[-8,-1],[-3,0],[-6,1],[-3,5],[-4,6],[-8,2],[-8,1],[-6,8],[8,0],[15,2],[2,3],[-14,5],[-4,2],[7,3],[-10,11],[12,4],[-7,5],[-5,1],[-7,0],[-3,1],[-4,4],[1,4],[1,3],[-3,5],[-3,2],[-7,0],[-9,-20],[-6,-4],[-9,-3],[-2,0],[-1,1],[2,8],[-6,2],[-5,3],[0,5],[5,3],[-9,6],[-8,0],[-6,1],[-9,3],[-1,-3],[-1,-4],[4,-3],[-2,-4],[-7,-1],[-6,-6],[3,-3],[6,1],[7,0],[6,-1],[11,-2],[2,-2],[-3,-1],[-1,0],[-7,-2],[-10,-13],[-8,-3],[-2,0],[-6,3],[-10,3],[-1,1],[-1,5],[1,3],[-1,2],[-2,3],[-7,2],[-3,1],[-7,1],[-7,-4],[-6,0],[-4,1],[-2,3]],[[20229,14989],[-7,3]],[[20222,14992],[1,2],[-1,3],[-2,4],[-11,1],[-1,4],[2,4],[12,3],[4,6],[3,1],[6,0],[5,-1],[3,-1],[7,7],[-6,8],[-6,4],[-6,2],[-8,0],[-20,-2],[-8,-2],[-5,-1],[-4,2],[-8,3],[-11,4],[-8,2],[-26,7],[-41,8],[-25,-5]],[[20068,15055],[0,1],[3,3],[0,2],[-1,6],[7,11],[-4,3],[-6,6],[-4,2],[-1,1],[-5,-1],[-9,10],[-10,4],[-5,1],[-11,4],[-4,3],[-5,2],[0,3],[-4,5],[-8,2],[-4,2],[-2,3],[-10,5],[-1,2],[-4,2],[-1,5],[-2,4],[-5,0],[-7,0],[-4,2],[4,2],[0,3],[-1,2],[-5,3],[-6,5],[3,3],[2,6],[-2,3],[-6,4],[-4,2],[4,7],[1,2],[0,11],[-3,3],[-9,15],[-4,2],[-7,3],[-24,4],[-9,3],[-17,0],[-5,1],[-3,1],[-4,7],[-7,8],[-3,5],[-7,3],[-5,1],[-4,3],[-4,1],[-5,-1],[-6,0],[-10,3],[-7,3],[-5,1],[-6,1],[-54,-8],[-8,2],[-4,1],[-5,5]],[[19726,15268],[-13,8]],[[19713,15276],[-8,4],[-3,1],[-2,0],[-5,-1],[-3,0],[-3,-2],[-3,0],[-3,2],[-8,0],[-4,1],[-5,-1],[-6,2],[-11,0],[-5,-2],[-3,0],[-4,4],[24,15],[3,2],[-9,5],[-11,2],[-12,3],[-10,-2],[-7,3],[5,0],[13,5],[6,0],[6,2],[-4,4],[-3,2],[-1,5],[4,1],[10,0],[10,-2],[4,1],[-1,4],[-2,3],[3,12],[8,3],[11,11],[5,0],[14,-1],[12,0],[9,1],[19,12]],[[19613,10312],[9,111],[-93,-27],[-37,11],[-64,-44],[-98,25],[-69,-83]],[[19261,10305],[-39,59],[26,57],[-1,4],[2,5],[2,6],[2,5],[-4,2],[0,5],[2,10],[8,12],[-5,5],[33,36],[38,17],[25,32],[-4,3],[-2,3],[-8,11],[-43,27],[2,3],[-5,8],[-8,1]],[[19282,10616],[21,7],[8,3],[8,6],[13,7],[-4,2],[-10,-2],[-64,18],[-12,2],[-14,-4],[-10,-3],[-8,-1],[-6,1],[-39,4],[-41,83],[13,8],[163,33],[98,12],[42,39],[38,-38],[10,-12],[8,-10],[17,-21],[2,0],[22,4],[14,5],[13,5],[24,8],[19,9],[44,23],[12,5],[10,5],[-5,1],[-8,2],[32,46],[4,3],[4,9],[73,34],[18,0],[37,12],[26,9],[2,3],[5,6],[2,7],[2,3],[4,4],[6,-1],[10,9],[4,3],[4,10],[4,6],[3,7]],[[19900,10987],[55,45],[177,-42],[57,40],[138,-22]],[[20338,10635],[-7,-45],[31,-139]],[[20362,10451],[-48,-14],[-13,-3],[-11,-3],[-21,-5],[-5,-2],[-17,-4],[-27,-7],[-32,-8],[-97,-26],[-35,-9],[-14,-4]],[[20042,10366],[-18,-4],[-7,-2],[-1,-1]],[[20016,10359],[-35,-9],[-29,-7],[-29,1],[-5,3],[-48,-19],[-9,-4],[-10,-3],[4,-4],[-103,-26]],[[19752,10291],[-38,-10]],[[19714,10281],[-7,9],[-1,1],[-10,11],[-83,10]],[[27401,11399],[41,32],[13,56],[-22,40],[-1,66]],[[27432,11593],[90,-5],[42,47],[35,94],[43,47]],[[27642,11776],[4,5]],[[27646,11781],[6,-5],[5,-1],[64,-20]],[[27721,11755],[89,-35],[133,-35],[128,58]],[[28071,11743],[59,-10],[-12,-37],[153,-69],[2,-22],[72,-24],[-28,-50],[7,-40]],[[28082,11361],[-79,-6],[-119,-26],[-105,-38],[-165,-10],[-106,79],[-107,39]],[[28860,11878],[-305,70]],[[28555,11948],[-334,73]],[[28221,12021],[25,29],[-29,39],[93,93],[-32,27],[-6,130],[80,16],[64,-23],[42,43],[74,0]],[[28532,12375],[73,4],[5,-71],[75,-39],[65,-14]],[[28904,12224],[-24,-42],[-13,-9],[-48,-59],[-5,-60],[3,-2],[9,-45],[-7,-6],[-21,-26],[19,-10],[32,-8],[6,4],[26,-25]],[[28881,11936],[-21,-58]],[[25081,17993],[84,46],[-59,23],[-55,74],[-66,-15],[-103,160],[145,273]],[[25027,18554],[39,74],[28,52],[4,6],[7,14],[14,26],[4,8],[176,228]],[[25299,18962],[454,-324],[28,-55],[123,-86],[27,-315],[60,-242]],[[25991,17940],[-211,42],[-214,-9],[-253,26],[-131,3],[-101,-9]],[[27920,9576],[-76,11],[-81,-46],[-80,67],[-16,73],[17,41],[127,55],[164,56],[49,78]],[[29042,9970],[-2,-3],[-9,-7],[-8,-5],[-58,-29],[28,-86]],[[28993,9840],[18,-33],[-139,-68],[-48,-51],[36,-50],[-107,-44],[-31,-69],[-71,-14],[-99,23],[-122,-41]],[[28430,9493],[-61,11],[-83,92],[-47,-3],[-39,49],[-107,-41],[-67,13],[-106,-38]],[[17665,12848],[3,1],[5,2],[1,2],[-1,4],[0,4],[1,4],[3,0],[5,-1],[5,-4],[10,2],[1,6],[10,23],[4,3],[0,2],[1,4],[8,4],[-1,3],[-4,4],[-2,6],[-12,-3],[1,-6],[0,-1],[-3,-1],[-5,0],[-3,2],[-8,7],[-9,3],[-17,1],[-3,1],[4,8],[0,3],[-7,0],[-6,1],[1,6],[6,5],[-4,14],[-3,1],[-9,-4],[-5,-1],[-3,5],[4,6],[0,3],[-6,5],[-3,2],[-11,1],[-22,2],[-7,1],[-15,4],[-11,4],[-6,4],[-2,-2],[-78,3]],[[17472,12991],[27,15],[11,4],[56,36],[7,0],[1,-2],[0,-4],[13,2],[7,3],[-5,6],[-4,7],[-5,6],[-1,1],[0,4],[3,3],[0,3],[-2,1],[-7,3],[-3,3],[0,3],[4,2],[11,1],[3,2],[10,8],[-1,2],[-8,5],[-6,3],[-1,2],[0,1],[8,2],[5,2],[0,1],[-5,4],[-1,4],[-1,6],[0,2],[6,2],[-4,4],[0,2],[4,6],[0,4],[-5,3],[2,3]],[[17591,13156],[61,-5]],[[17652,13151],[-44,-82],[28,-54],[69,-13]],[[17705,13002],[58,-24],[43,-119],[39,-33]],[[17845,12826],[-1,-2]],[[17844,12824],[-136,9],[-15,8],[-3,1],[-11,-1],[-4,2],[-8,3],[-2,2]],[[21768,18295],[-8,11],[24,156],[38,140],[-50,182]],[[21772,18784],[98,83],[47,7],[6,2],[8,1],[17,8],[6,2],[39,-4],[146,22],[9,2],[2,0],[2,3],[7,-1],[37,-6],[13,-2],[55,3],[4,6],[2,1],[4,1]],[[22274,18912],[4,3]],[[22278,18915],[12,-6],[21,-13],[9,-3],[27,-5],[9,1],[72,11],[20,2],[31,4],[-9,14],[2,7],[-1,3],[5,11],[6,1],[16,11],[-2,-5],[-5,-2],[0,-2],[2,0],[0,-3],[2,-2],[-2,-4],[5,-1],[-2,-2],[-1,-1],[3,-18],[1,-5],[2,1],[1,2],[3,-2],[-1,-2],[5,0],[2,-3],[5,0],[-4,-1],[2,-3],[3,0],[0,-1],[-3,-2],[3,-2],[3,2],[3,-2],[4,-1],[4,7],[2,0],[0,-2],[6,0],[2,-1],[3,1],[4,-1],[3,3],[6,-1],[1,-3],[6,1],[2,-1],[5,3],[2,-3],[6,0],[2,2],[5,-1],[4,-1],[6,4],[3,0],[1,-2],[3,1],[1,-4],[3,-1],[5,0],[2,-1],[-1,-3],[11,1],[1,-1],[3,-2],[4,0],[6,1],[9,-1],[6,-4],[4,2],[3,-1],[3,-3],[8,1],[4,-2],[-1,-3],[6,4],[2,-2],[4,0],[0,-1],[5,-1],[3,1],[0,-2],[4,-1],[-1,4],[3,0],[1,-1],[2,1],[4,-1],[3,3],[4,-2],[6,-1],[2,-5],[10,-2],[3,0],[0,-2],[2,-1],[8,0],[-2,-1],[2,-1],[3,-3],[4,1],[4,-4],[2,1],[5,0],[3,0],[0,-5],[4,1],[2,-3],[2,1],[6,-3],[4,1],[4,-1],[-1,-5],[7,2],[4,-1],[7,0],[-1,-3],[3,0],[2,2],[3,-1],[-1,-1],[3,0],[1,-3],[2,1],[7,1],[3,2],[2,-1],[2,-3],[3,-2],[2,3],[3,-3],[1,-3],[2,1],[6,-3],[2,1],[5,-1],[2,3],[4,2],[3,0],[1,-2]],[[22865,18840],[-44,-149],[-73,-48],[9,-111],[-85,-60]],[[22672,18472],[-326,-319]],[[22346,18153],[-578,142]],[[17050,11922],[28,18],[7,4],[69,46],[3,4],[3,2],[7,6],[7,6],[20,15],[9,8]],[[17203,12031],[13,-3]],[[17216,12028],[9,-1],[51,-13],[10,0],[10,1],[38,9],[-3,-1],[3,-4],[13,1],[78,-12],[7,0],[33,-26],[7,-3],[19,-11],[7,3],[14,4],[15,3],[5,3],[8,3],[28,17],[6,1],[93,27]],[[17667,12029],[23,-10],[-13,-9],[6,-5],[6,-5],[16,-13],[42,-15],[3,-5],[1,-6],[4,-2],[3,-2],[2,-4],[20,-5],[6,-1],[21,-15],[3,-3],[13,-4],[9,1],[33,-12],[9,-4],[7,-2],[9,2],[10,3],[2,2],[12,3],[5,-13],[-2,-4],[-3,-10],[-1,-6],[1,-7],[0,-6],[-1,-2],[2,-5],[4,-10],[1,-5],[3,-3]],[[17923,11847],[-1,-3],[-1,-1]],[[17921,11843],[-19,-14],[-41,-98],[-6,-13],[-5,-21],[-5,-5],[-3,-2],[-4,-3],[-23,-14],[-13,-9],[-12,-7],[-47,1],[-4,14],[-12,25],[-4,-18],[-1,-4],[3,-4],[1,-5],[-17,-29]],[[17709,11637],[-44,21],[-5,3],[-3,4],[-17,18],[-11,11],[-7,7],[-25,0],[-42,-4],[-51,-4],[-40,-12],[-8,0],[-9,3],[-7,1],[-9,2],[-1,-5],[-2,-3],[-8,-6],[-3,-2],[-5,-2],[-1,-1],[-9,-11],[-9,-7],[-8,-12],[-7,-9]],[[17378,11629],[-5,1],[-31,8],[-13,5],[-8,3],[-18,1],[-14,1],[-5,0],[-10,-1],[2,-2],[-16,-5],[-13,-4],[-19,0],[-7,-1],[-10,-4],[-23,-8],[-19,-6],[-12,-1],[-24,5],[-13,9],[-12,11],[-6,4],[-26,4],[-25,4],[-18,5],[-7,-1],[-6,25],[-6,1],[0,7],[-5,6],[-11,13],[-8,9],[-6,5],[-7,-3],[-14,84]],[[18828,12386],[142,57],[253,135],[75,-34],[52,10],[92,-9],[87,53]],[[19529,12598],[74,-33],[-98,-106],[33,-28],[172,-78],[-31,-13]],[[19679,12340],[-3,0],[-7,1],[-10,2],[-10,0],[-5,1],[-5,-2],[-6,1],[-13,3],[-5,3],[-4,0],[-25,8],[-4,-2],[-6,-3],[-10,-4],[-3,-3],[-3,-1],[-3,-4],[-1,-2],[-12,-1],[-18,-8],[-76,-32],[-27,-6],[-63,-23]],[[19360,12268],[-84,-42],[-47,20],[-101,3],[-43,-31],[-91,-35]],[[31772,16296],[-62,91],[-63,25],[65,73],[-89,91],[-50,18],[-153,102],[-18,40],[-59,54],[-174,82]],[[31167,16874],[61,16],[123,-19],[130,10],[59,-28],[127,-5],[185,34],[136,10],[55,30],[104,-50],[112,-8],[95,-52],[-28,-58],[-43,-36],[6,-49],[62,11],[31,-59],[-47,-47],[28,-34],[74,18],[66,37],[110,27],[37,33],[76,-41],[18,41],[87,50],[142,-107],[-23,-34],[195,-91],[-90,-32],[-67,-106],[-113,-5],[-81,-35],[-65,-59]],[[32729,16236],[-89,-11],[-181,1],[-166,19],[-102,45],[-176,20],[-51,17],[-192,-31]],[[27432,11593],[-86,-11],[46,84],[-120,36],[-178,32],[-106,72],[-132,-77]],[[26856,11729],[-77,38],[-8,54],[-46,42]],[[26725,11863],[82,24],[38,-23],[96,121],[-41,50],[28,25],[-38,35],[-24,70],[11,40]],[[26877,12205],[32,12],[47,82]],[[27678,12207],[42,-42],[-51,-27],[-42,-71]],[[27627,12067],[-79,-2],[16,-41],[-12,-76],[-40,-16],[26,-46],[-41,-39],[26,-57],[80,-21],[39,7]],[[27015,9992],[209,60],[155,-22],[92,40],[107,-25],[140,40],[-28,37],[135,74]],[[27825,10196],[156,86]],[[27920,9576],[13,-47],[-20,-47],[-47,-24],[7,-64],[23,-30],[-266,-82],[-60,-49],[-77,-10],[-114,89],[2,38],[-88,46]],[[27293,9396],[8,62],[93,67],[-26,28],[63,61],[-80,47],[-107,82],[26,49],[-13,43],[-70,38],[-67,85],[-49,-16],[-90,-2],[-43,40],[77,12]],[[19446,8808],[35,14],[15,5],[14,4],[-8,29],[-5,4],[-16,12],[-46,61],[-7,6],[-14,15],[35,7],[34,6],[51,15]],[[19534,8986],[-3,9],[-1,1]],[[19530,8996],[58,26],[11,6],[5,5],[6,6],[-4,0],[-16,9],[-5,4],[-4,4],[-4,3],[-4,4],[-4,7],[-4,2],[-5,7],[-13,27],[-6,2],[-2,2],[-8,6],[-7,5],[-20,11]],[[19504,9132],[-1,6]],[[19503,9138],[-2,7],[-15,23],[-5,6],[2,4],[-8,6],[22,13],[8,4],[74,-13],[9,7],[12,3],[0,5],[-22,42],[-1,2],[14,7],[18,24],[-1,4],[52,32],[3,1],[-11,12],[-9,16],[-2,8],[0,9],[-1,3],[-9,9],[-12,14],[-3,7],[-7,16]],[[19609,9409],[17,-1],[13,5],[13,6],[18,6],[2,2],[29,18],[33,9],[3,1],[11,6],[2,3],[4,-1],[7,-2],[1,-1]],[[19928,9246],[-26,-67],[61,-44],[8,-47],[149,-17],[62,-59],[33,-75],[-23,-84],[25,-58],[-55,-56]],[[20162,8739],[-26,-14],[-222,-4],[-56,15],[-59,-12],[-55,12],[-125,-28],[-114,75],[-59,25]],[[31523,1485],[123,0],[94,-48],[45,18],[155,-18],[42,-52],[-16,-121]],[[31966,1264],[-13,-4],[2,-13],[-2,-6],[-2,7],[-12,-6],[-15,-14],[7,-1],[22,-2],[-8,-6],[-58,-52],[-3,-15],[-4,-1],[-4,-5],[-3,-1]],[[31873,1145],[-93,-17],[-17,-21],[-78,24],[-48,-39]],[[31637,1092],[-61,-16],[-60,25],[-71,-55],[-31,9],[-53,-54],[45,-64],[-74,-41],[-67,-4],[-138,42],[-50,-25],[-144,53],[-64,38],[-55,7],[19,48]],[[30833,1055],[-15,12],[-33,21],[-13,10],[-9,13],[-8,8],[0,38],[0,6],[-1,10],[-13,11],[5,2],[7,2],[6,5],[18,11],[8,-1],[10,0],[8,2],[10,3],[9,1],[10,1],[11,-2],[14,6],[38,12],[-3,7],[-36,28],[22,36]],[[30878,1297],[3,0],[7,-1],[14,1],[2,1],[10,3],[9,1],[1,1],[5,0],[3,-1],[6,0],[6,0],[3,-3],[5,-2],[3,1],[0,3],[7,2],[5,4],[1,4],[2,2],[4,5],[11,5],[26,8],[11,2],[7,1],[6,4],[-2,11],[-5,9],[-3,5],[-7,4],[-6,5],[-10,53],[44,12],[16,7],[7,2],[7,4],[7,17],[5,7],[2,4]],[[31090,1478],[1,-1],[1,2]],[[31092,1479],[46,-28],[6,-2],[14,-5],[11,-2],[21,-19],[33,-30],[3,2],[7,4],[7,2],[9,0],[6,0]],[[31255,1401],[2,1],[33,-24],[7,-3],[7,-27],[1,-6],[40,17],[17,9],[35,26],[6,7],[28,25],[6,4],[16,20],[8,3],[51,20],[11,12]],[[17989,15978],[-123,65]],[[17866,16043],[-54,25],[-117,11],[-29,41],[42,59]],[[17708,16179],[158,0],[26,9],[111,-21],[122,-1]],[[18125,16166],[58,-44]],[[18183,16122],[36,-33]],[[18219,16089],[-22,-20],[-208,-91]],[[7886,13844],[-88,78],[-73,81],[-36,18]],[[7689,14021],[17,29],[17,20],[4,8]],[[7727,14078],[300,90],[33,67],[70,33],[108,78],[72,32],[39,50],[-25,38]],[[8830,14291],[67,-63],[-39,-82],[-75,-9]],[[8783,14137],[-15,0],[-22,2],[-66,0],[-13,-3],[-10,-4],[-44,-20],[-24,-11],[-34,-14],[-17,-6],[-16,-6],[-19,-7],[-11,-3],[-21,-6],[-18,-5],[-25,-6],[-20,-3],[-27,-5],[-15,-2]],[[8366,14038],[-84,-12],[-35,-4]],[[8247,14022],[-42,-6],[-43,-6],[-41,-8],[-15,-5],[-8,-3],[-12,-6],[-10,-5],[-52,-7],[-8,-4],[-13,-9],[-6,-6],[-2,-4],[1,-11],[3,-5],[3,-2],[6,-2],[10,-24]],[[8018,13909],[-8,-12]],[[8010,13897],[-8,-10],[-12,-12],[-7,-5],[-5,-4],[-11,-7],[-10,-6],[-10,-5],[-61,-4]],[[30827,9629],[0,1],[-1,8],[-1,3],[0,4],[3,4],[1,4],[4,1],[6,3],[6,0],[3,71],[0,5],[3,10],[22,20],[3,2],[5,5],[10,4],[2,4],[4,4],[4,7],[13,20],[2,4],[3,4],[5,4],[9,3],[3,2],[2,8],[-4,5],[-3,3],[-7,10],[-8,10],[-6,9],[-9,22],[-3,4]],[[30898,9897],[52,-52],[84,2],[132,-20],[75,-33],[50,-1],[125,99],[80,-7],[53,48],[90,52]],[[31639,9985],[13,4],[-12,8],[61,18],[18,0],[7,4],[4,6],[7,5],[0,5],[0,2],[7,7],[17,14],[3,6],[7,9],[11,12],[2,4],[13,26],[-1,4],[3,13],[2,4],[-1,1],[2,2],[0,4],[6,5],[3,6],[7,9],[8,15],[2,6],[8,8],[5,4],[2,2],[6,4],[32,11],[8,4],[8,3],[3,-3],[2,-5],[3,-6],[3,-1],[6,0],[4,-1],[10,-5],[3,-3],[3,1],[12,4],[4,-7],[8,-13],[4,1],[2,0],[15,3],[13,1],[10,2],[4,3],[13,6],[5,1],[13,1],[13,3],[34,11],[10,0],[10,1],[41,5],[15,6],[4,2],[13,4],[23,6],[18,5]],[[32218,10242],[28,-46],[-71,-264],[-82,12],[-47,38],[-71,0],[91,-97],[451,-506]],[[32517,9379],[-76,-6],[-101,16],[-57,-15],[-128,37],[-40,43],[-123,21],[-65,-55],[-98,-32],[-145,-22],[-27,-31],[6,-103],[-23,-110],[-27,-56]],[[31613,9066],[-43,-43],[-265,34],[-116,-72],[-98,66],[21,30],[65,1],[19,52],[-49,53],[-97,-22],[-18,68],[-65,22],[-5,31],[90,-3],[31,34],[-136,119],[-49,53],[-34,69],[4,44],[-41,27]],[[26556,9817],[-52,-12],[-15,-18]],[[26489,9787],[-107,0]],[[26382,9787],[-6,-10],[-1,-4],[-7,-7],[-15,-11],[-23,-21],[-19,-14],[-37,-9],[-10,-2],[-7,-2],[-17,-2],[-13,-2]],[[27212,10410],[26,-16],[87,3],[272,-45],[1,-32],[60,-50],[41,0],[51,-67],[75,-7]],[[27015,9992],[-5,24],[-76,77],[-56,12],[-107,-31],[-97,-110],[-77,-69],[-41,-78]],[[18147,12598],[-9,-1],[-29,-7],[-74,39],[-56,13]],[[17979,12642],[-9,5]],[[17970,12647],[-70,50],[-14,10],[-73,-2],[-5,6],[0,3],[-1,7],[18,7],[7,3],[-10,51],[-5,8],[-2,4],[1,2],[-2,5],[-2,7],[4,1],[10,3],[12,3],[6,9]],[[17845,12826],[54,-44],[96,-19],[64,19],[165,-41]],[[18224,12741],[36,-82],[-86,-24],[-27,-37]],[[24813,17447],[22,36],[72,59],[2,110],[-56,73],[-81,5],[5,57]],[[24777,17787],[71,71],[30,59],[86,37],[-23,21],[140,18]],[[25991,17940],[71,-4],[116,-212]],[[26178,17724],[-290,-80],[-8,-7],[-5,-2],[-11,-4],[-1,-2],[-4,0],[-2,-1],[-9,1],[-4,2],[-6,-2],[-3,-2],[-1,-3],[-6,0],[-4,-1],[-19,8],[-2,1],[-1,3],[-5,2],[-2,0],[-2,2],[-5,0],[-2,2],[-3,-3],[-5,-1],[-23,4],[-5,-1],[-11,-3],[-10,-6],[-8,-4],[-7,-3],[-6,-1],[-3,-2],[-2,-1],[-6,-3],[1,-2],[2,-3],[-3,-4],[-7,-5],[-21,-6],[-4,-1],[-6,-4],[-4,-1],[-4,0],[-5,2],[-3,-1],[-7,-2],[-14,-5],[-7,-1],[-8,-4],[-2,-1],[-6,-3],[-6,0],[0,-2],[-4,-2],[-7,-3],[-2,1],[-2,-1],[1,-3],[-5,-2],[-2,-2],[1,-2],[-3,0],[1,-3],[-2,-1],[-3,0],[-5,-2],[-5,-1],[-1,-2],[-7,-1],[-2,-1],[0,-2],[-2,-2],[-7,-2],[-5,-3],[-9,0],[-4,-3],[-11,-5],[-6,-2],[-3,-1],[-2,-1],[-4,-1],[1,-2],[-2,-2],[-9,-6],[0,-2],[-2,-1],[-4,-3],[-2,2],[-7,-5],[-3,-3],[-2,1],[-2,-2],[-4,1],[-6,-3],[-3,3],[-7,-1],[-3,0],[-4,1],[-3,2],[-3,1],[-5,-2],[-3,1],[-4,1],[-2,-2],[-2,0],[-1,2],[-13,-2],[-4,3],[-6,1],[-6,2],[-4,-1],[-4,2],[-3,-1],[-1,1],[-2,1],[-5,-2],[-5,2],[-1,-2],[-2,-1],[-10,0],[1,-2],[-4,0],[-6,-3],[-2,1],[-5,-1],[-3,0],[-6,-2],[-7,-3],[-5,-3],[-2,-1],[13,-6],[10,-4],[6,-8],[-1,-5],[-25,-44],[-6,-8],[-4,-4],[-4,-1],[-22,-11],[-53,-62],[-70,-82],[-5,-4],[-50,-32],[-10,-7]],[[25085,17219],[-77,-7]],[[25008,17212],[-62,18],[-102,-1],[-21,30],[57,188],[-67,0]],[[29319,6663],[-65,57],[27,87],[-64,56],[-26,127],[-83,55],[-81,83],[-19,62]],[[29592,7631],[58,40],[101,7],[132,-73],[125,25],[13,-48],[170,-78],[152,-8]],[[30343,7496],[46,-11],[-16,-52],[58,-16],[84,-52],[22,-38],[110,-40],[-16,-51],[78,-9]],[[30709,7227],[-3,-12],[-9,-11],[-5,-8],[-7,0],[-5,1],[-3,2],[-6,2],[-5,1],[-3,1],[-8,2]],[[30655,7205],[-66,-28],[-11,-30],[-89,-41],[-56,-59],[-57,-12],[-9,74],[-53,32],[-96,-28],[-50,5],[-74,-22],[-8,-34],[-57,-22],[-41,-97]],[[29988,6943],[-1,-4],[-1,-3],[1,-9],[1,-1],[-5,-2],[-5,1],[-5,-4],[-7,-2],[-6,-5],[-3,-1],[-3,-2],[-6,-2],[-5,-3],[-1,-2],[-4,-2],[-5,-2],[-7,3]],[[29926,6903],[-4,2]],[[29922,6905],[-4,-1],[-12,-1],[-10,-3],[-13,-2],[-8,0],[-14,-3],[-7,-3],[-10,-6],[-9,-2],[-5,2],[-11,2],[-7,0],[-1,2],[-2,-1],[-7,-1],[-4,1],[-12,-1],[-8,-1],[-4,0],[-4,-2],[-4,0],[-4,-1],[-6,-1],[-3,-3],[-5,-1],[-6,-4],[-7,0],[-4,0],[-4,-1],[-1,-2],[-8,-1],[-4,1],[-8,-4],[-4,-1],[-6,-1],[-12,-1],[-9,-1],[-4,1],[-8,-1],[-2,0],[-7,0],[0,-4],[-4,-2],[-8,1],[-3,1],[-4,-1],[-2,2],[-5,1],[-4,0],[-6,-1],[0,-1],[-6,0],[-3,-3],[-7,0],[-4,-1],[-3,-2],[-7,-1],[-7,-4],[-3,-3],[-7,-4],[-10,-6],[-4,-1],[-11,-3],[-8,-3],[-8,-2],[-4,-1],[-7,-2],[-3,-3],[-3,0],[-2,-2],[-5,-1],[-8,-1],[-6,-4],[-5,-7],[-6,-3],[-3,-3],[2,-2],[-4,-6],[-10,-14],[-2,-3],[-12,-15],[0,-3],[0,-2],[-1,-3],[0,-2],[-5,-2],[0,-2],[-3,-1],[1,-1],[-3,-4],[-2,-2],[1,-4],[0,-3],[-1,-2],[-3,-3],[-3,-5],[1,-4],[1,-3],[-1,-2],[3,-2],[2,-2],[2,-3]],[[29441,6705],[-2,-7]],[[29439,6698],[-3,-1],[-3,0],[-7,-2],[-4,1],[-2,-1],[-4,1],[-3,-1],[-4,1],[-5,-2],[-5,0],[-6,-5],[-4,-3],[-5,-4],[-3,0],[-3,-1],[-1,-2],[-3,0],[-5,-4],[-6,-3],[-2,1],[-2,0],[-4,-1],[-5,-3],[-8,-1],[0,-1],[-6,0],[-4,-2],[-8,-1],[-5,-1]],[[20930,17964],[20,83],[58,58],[87,52],[225,60],[157,35],[291,43]],[[22346,18153],[-30,-121],[-33,-53],[-9,-62],[39,-35],[-4,-88],[42,-36]],[[22351,17758],[-13,-53],[-138,-166]],[[22200,17539],[-124,-80],[-62,21]],[[3655,16236],[-76,44],[-64,-5],[-8,50],[-102,52],[-58,0]],[[3347,16377],[-6,4],[-3,5],[-9,7],[1,3],[-5,12]],[[3325,16408],[6,8]],[[3331,16416],[10,8],[2,4],[-1,16],[1,7],[26,29],[5,3],[16,3],[12,4],[12,2],[6,-2],[4,-3],[2,-4],[1,-7],[5,-7],[1,-2],[5,-1],[8,0],[6,2],[7,1],[8,2],[21,4],[11,2],[15,5],[6,4],[10,12],[6,3],[4,1],[14,3],[3,10],[9,5],[4,3],[5,5],[21,12],[5,0],[6,1],[9,6],[10,4],[4,3],[3,2],[6,2],[16,3],[12,1],[9,1],[7,1],[9,2],[6,0],[15,6],[7,3],[18,5],[9,0],[20,-2],[9,0],[12,-2],[6,-1],[6,0],[2,1],[2,11],[-10,14],[-5,0],[-4,2],[-1,2],[2,3],[-5,4],[2,9],[3,5],[1,4],[-1,7],[0,2],[2,4],[3,4],[6,5],[6,1],[5,0],[4,1],[7,2],[1,2],[0,15],[-4,1],[-1,1],[-12,9],[-5,2],[-11,3],[-6,2],[-5,3],[-2,18],[-1,3],[-3,6],[-6,6],[-7,4],[-3,3],[1,5],[-2,3],[-6,1],[-10,0],[-4,-1],[-5,1],[-4,4],[0,4],[-2,4],[-11,7],[-5,7],[8,9],[-9,9],[-100,87]],[[3605,16874],[267,125],[29,-44],[63,-26]],[[3964,16929],[30,-112],[116,10],[51,-10],[68,30],[74,-13],[31,-82],[86,-8],[52,-61],[91,-63],[26,-51],[-6,-97]],[[4583,16472],[-39,-56],[-137,-83],[1,-18]],[[4408,16315],[-127,-65],[-210,-78],[-63,-41],[-46,62],[-97,171],[-18,-41],[-94,-28],[-73,9],[-25,-68]],[[20790,12461],[146,-2],[87,28],[37,62],[51,3],[30,50],[-92,34],[-44,81],[-55,33],[10,41],[59,25],[38,114],[-51,85]],[[21006,13015],[3,3],[47,-10],[25,-3],[3,-3],[6,-9],[2,-2],[9,4],[33,-15],[15,-6],[6,-5],[2,1],[4,-2],[-1,-1],[4,-2],[22,-6]],[[21186,12959],[45,-7]],[[21231,12952],[8,-2],[6,0],[12,-3],[13,6],[7,3],[5,1],[5,-3],[1,1],[5,5],[6,-1],[-1,-7],[27,-1],[1,4],[0,16],[0,4],[2,4],[3,2],[13,-4],[7,-11],[3,-2],[4,-2],[24,2],[4,1],[22,-2],[0,-2],[14,-3],[14,3],[1,6],[24,-7],[3,-5],[-5,-4],[3,-15],[19,3],[2,0],[5,1],[11,5]],[[21499,12945],[77,-24]],[[21576,12921],[-15,-43],[54,-19],[26,-53],[159,-75],[1,-31],[105,-78],[112,-45],[3,-75]],[[22021,12502],[13,-67],[-38,-61],[35,-73],[58,-44],[-58,-40],[-20,-73]],[[21003,12227],[-28,43],[34,20],[8,5],[9,6],[0,2],[-5,6],[1,3],[5,7],[8,3],[-3,11],[-3,1],[-24,27],[-76,-28],[-27,-5],[-21,-10],[-13,-4],[-9,9],[5,13],[-3,2],[-3,16],[-1,3],[-13,12],[-2,3],[-5,9],[-1,15],[7,11],[1,4],[-1,6],[2,5],[-55,39]],[[19900,10987],[0,1],[0,3],[-4,7],[-4,4],[-53,44],[2,4],[-77,6],[-6,-1],[-14,-1],[-9,-2],[-3,1],[-6,-2],[-2,55]],[[19724,11106],[54,3],[171,73],[-52,52],[-12,52],[104,83],[-22,43],[1,91],[-103,13],[-31,27]],[[19834,11543],[8,5],[46,1],[5,2],[24,-3],[9,6],[8,6],[1,8],[16,-15],[12,-11],[28,-13],[11,-2],[7,-1],[10,0],[44,7],[28,5],[111,23],[5,2],[20,2],[17,11],[3,12],[13,6],[0,2],[1,6],[2,1],[11,5],[4,1],[8,-2],[7,-38],[5,0],[17,14],[22,-6],[5,-2],[4,-4],[4,-5],[12,-10],[11,-8],[71,-28],[18,18],[7,9],[13,20],[3,0],[14,4]],[[19658,16194],[-206,-11]],[[19452,16183],[-143,262]],[[19309,16445],[42,-14],[94,4],[24,-36],[85,-66],[39,-1],[95,44]],[[19688,16376],[27,5],[56,-15],[3,4],[0,5],[5,0],[2,-3],[4,0],[6,-5],[9,-5],[4,-4],[2,-3],[4,-1],[1,-2],[-2,-3],[5,-5],[5,-1],[4,1],[6,-1],[16,-3],[4,-3],[4,-5],[7,-9]],[[19860,16323],[-49,-17],[-20,-42],[-114,-38],[-19,-32]],[[18269,18588],[164,-17],[101,15]],[[18534,18586],[73,-137],[41,-44],[-144,-72],[207,-207],[45,-31]],[[18756,18095],[-44,-26],[-25,-11],[5,-10],[-14,-4],[-34,-14],[-12,-3],[-45,-22],[-20,-6]],[[18567,17999],[-210,73],[-105,37],[-37,12],[-18,7],[-48,28]],[[18149,18156],[-10,10]],[[18139,18166],[-6,22],[3,2],[-45,36],[4,10],[-35,95],[-80,54],[-111,4],[-9,-1],[43,26],[47,22],[18,9],[16,7],[32,15],[33,16],[3,2],[18,8],[19,9],[13,7],[9,4],[11,5],[26,13],[19,8],[102,49]],[[31679,4447],[74,-24],[76,8],[21,-34],[-58,-33],[28,-84],[-7,-57],[17,-32],[83,-32],[65,0],[75,-69],[-66,-21],[-43,-73],[108,-27],[109,-47],[132,-27],[74,-30],[50,-47],[-2,-72],[-111,-1],[-88,-23],[-76,32],[-27,-43],[42,-36],[-19,-83],[-87,-24]],[[32049,3568],[-40,37],[-125,-32],[-105,1],[-46,-40],[18,-57],[-69,-48],[-12,-51],[-64,-52],[24,-50],[-38,-44]],[[31592,3232],[-45,66],[-106,-5],[-88,22],[-32,47],[-103,-19],[-291,2],[-12,55],[-87,-20],[-46,-57],[-46,21],[32,42],[70,2],[84,22],[-45,73],[72,-7],[7,108],[-42,59],[46,46],[-30,42],[11,60],[138,140],[74,100]],[[19337,8302],[16,94],[-33,66],[-82,58],[-31,101],[-31,26]],[[19176,8647],[-3,88],[3,5],[34,46]],[[19210,8786],[-1,4]],[[19209,8790],[25,22],[7,-2],[105,2],[34,-24],[25,13],[5,2],[4,5],[23,7],[6,-6],[3,-1]],[[20162,8739],[-2,-22],[92,-24],[25,24],[159,47],[89,6]],[[20525,8770],[-15,-41],[-82,-63]],[[20428,8666],[-15,-90],[61,-51],[-55,-50],[-8,-32],[112,-19],[2,-129],[-53,-55],[-207,17],[-114,-28],[-191,-27],[-93,-24],[-99,1],[-2,33],[-127,32],[27,34],[-34,39],[-203,-1],[-92,-14]],[[22703,15913],[33,79],[28,19],[-11,55]],[[22753,16066],[97,-9],[58,41],[0,43],[84,53],[65,20],[17,46],[16,127]],[[23090,16387],[131,4],[139,52],[33,-6],[49,44],[64,-3],[122,20]],[[23628,16498],[433,-123],[-54,-12],[38,-63],[-74,0],[12,-101],[58,20],[49,-20],[-80,-39],[49,-46],[-28,-23],[-137,-45],[86,-68],[-9,-39]],[[23971,15939],[-143,-21],[-27,-39],[-79,-41],[-134,-29],[-144,-20],[-33,11],[-88,-49],[-87,-12]],[[23236,15739],[-126,0],[-41,-23],[-160,-51],[-5,61],[-37,60],[-68,-13],[-58,16],[20,116],[-58,8]],[[22753,16066],[-81,33],[-6,37],[-67,20],[-51,47],[-45,14],[-57,53]],[[22446,16270],[111,85],[30,69],[102,34],[-6,30],[-57,25],[15,26],[-25,51],[-104,56],[-111,-23],[-58,18]],[[22343,16641],[14,9],[8,3],[14,2],[6,1],[39,10],[1,4],[30,15],[-9,12],[15,8],[17,6],[-11,18],[-5,3],[14,16],[39,7],[-7,10],[0,3],[-83,57],[-10,2],[-11,3],[0,1],[33,28],[-3,4]],[[22434,16863],[46,-7],[109,41],[-49,69],[-57,50],[42,22],[90,7],[67,21],[231,32]],[[22913,17098],[120,23],[137,66],[49,-77]],[[23219,17110],[174,-125]],[[23393,16985],[-117,-54],[53,-92],[-67,-42],[-7,-109],[-58,-16],[-43,-35],[-86,-14],[-49,-43],[-25,-88],[103,-42],[-27,-36],[20,-27]],[[23636,18963],[-60,39],[-22,36],[-121,-11],[-172,91]],[[23261,19118],[13,38],[143,35],[79,-13],[90,-45],[99,-32],[4,-51],[76,-18],[-40,-54]],[[23184,19140],[-88,5]],[[23096,19145],[-46,11]],[[23050,19156],[35,14],[99,-30]],[[23987,19388],[-3,-54],[-120,7],[-97,38],[44,75],[119,-6],[4,-36],[53,-24]],[[3964,16929],[74,18],[99,-13],[43,-38],[69,2],[99,97],[49,-28],[121,128],[81,20],[-26,57]],[[4573,17172],[97,20],[29,43]],[[4699,17235],[6,0],[8,-1],[13,2],[5,2],[3,6],[4,2],[14,1],[12,0],[7,8],[-3,7],[4,0],[8,3],[7,-4],[0,-7],[-1,-2],[5,-2],[7,-1],[2,-2],[11,1],[17,3],[4,2],[4,-2],[3,-3],[18,6],[9,10],[-5,3],[0,1],[5,3],[7,-2],[12,-6],[4,0],[5,6],[6,-1],[4,0],[0,-10],[0,-3],[13,2],[15,5],[5,-8],[17,-17],[6,0],[19,-1],[9,2],[16,0],[13,-3],[3,-1],[3,-3],[7,-2],[10,-2],[13,-3]],[[5053,17224],[-8,-16],[92,-99],[31,-63],[-33,-39],[-76,-39],[-62,-9],[44,-70],[50,-40],[24,-66],[-27,-119]],[[5088,16664],[-95,7],[-78,-23],[38,-48],[-9,-55],[-82,-11],[-84,8],[-75,-19],[-24,-25],[-96,-26]],[[4732,15727],[-84,94],[-77,50],[-29,58],[-3,99],[52,35],[-34,112],[-100,104],[-49,36]],[[5088,16664],[38,-15],[58,-70],[98,-59],[90,-37]],[[5372,16483],[-4,-4],[-6,-3],[-21,-9],[-9,-1],[-24,-8],[-24,-8],[-32,-49],[8,-12],[-16,-23],[-11,-3],[-7,-1],[3,-18],[-5,0],[-13,-14],[-15,-3],[14,-24],[-23,-7],[-10,-4],[3,-11],[9,-13],[-6,-18],[-18,-23],[5,-19],[12,-1],[17,-11],[4,-7],[33,-51],[-3,-1],[4,-3],[-1,-2],[-2,0],[0,-5],[-8,-18],[-7,-14],[18,-10],[6,-9],[2,-7],[4,-6],[2,-12]],[[5251,16051],[8,-38],[-54,-7],[-66,-52],[82,-77],[-26,-11],[-172,-233]],[[5023,15633],[-166,-38],[-65,-7],[-7,93],[-53,46]],[[3987,17485],[174,66],[269,112]],[[4430,17663],[65,-69],[13,-11],[6,-7],[3,-3],[4,-7],[5,-4],[17,-13],[24,-50],[5,-9],[-11,-2],[-1,-3],[12,-55],[-1,-3],[13,-23],[-19,-10],[-1,-4],[2,-13],[4,-4],[13,-10],[0,-4],[-12,-13],[6,-4],[3,-4],[2,-5],[-2,-1],[-4,-20],[17,-7],[0,-10],[13,-1],[-1,-7],[-2,-3],[36,-8],[-2,-4],[2,-6],[1,-2],[12,-11],[4,-1],[5,-1],[13,2],[5,-1],[5,-1],[2,-2],[10,-9],[3,-5]],[[4573,17172],[-32,55],[-62,30],[-248,-40],[-203,43],[149,18],[28,40],[-29,24],[-73,5],[-25,44],[-91,94]],[[15506,11717],[55,76],[-25,32],[47,126],[-46,27],[-4,82],[155,26],[-4,37],[-70,2],[58,53],[85,-24],[148,43],[24,-8]],[[16360,11661],[-97,-72],[-56,-80],[-149,-89],[-18,-56],[-126,-44],[-158,56],[-86,-20],[-92,84],[-28,105],[28,42],[12,69],[-28,47],[-56,14]],[[22332,12426],[54,18],[0,83],[91,79],[89,-43],[102,-22],[45,68],[186,123]],[[22899,12732],[1,-4],[1,-7],[-1,-7],[3,-8],[3,-10],[11,-18],[13,-14],[6,-7],[3,-2],[14,0],[9,1],[6,1],[5,2],[26,13],[10,5],[5,4],[10,6],[11,5],[12,7],[2,5],[52,-21],[3,-3],[37,11],[4,-2],[33,-15],[9,-3],[10,-5],[14,8],[6,1],[49,10],[13,5],[23,-14],[9,-1],[4,-1],[25,10],[15,11],[55,-35],[13,8],[19,-13],[3,2],[9,7],[4,0],[5,-3],[0,3],[2,3],[5,5],[2,1],[4,3],[7,4],[1,-2],[2,0],[4,1],[6,5],[7,-1],[3,2],[3,4],[4,1],[2,2],[0,5],[5,9],[2,2],[0,2],[-4,3],[10,16],[3,4],[3,1],[4,-1],[7,0],[5,2],[21,27],[4,-1],[11,-35],[-3,-8],[1,-2],[5,-3],[4,-1],[2,0],[9,1],[5,-3],[1,-2],[6,1],[54,13]],[[23670,12722],[3,-3]],[[23673,12719],[-10,-10],[-22,-23],[12,-3],[3,-1],[5,-3],[0,-3],[-9,-8],[-6,-5],[-10,-8],[-7,-6],[-8,-9],[-4,-4],[-2,-5],[18,-9],[4,-3],[12,-7],[15,-11],[23,-25],[-7,-5],[-12,-21],[-14,-16],[-1,-2],[-4,-7],[3,-3],[43,4],[8,0],[11,0],[28,-6],[8,-2],[9,-6],[8,-2],[10,-3],[7,-2],[5,-4],[6,-6],[6,-5],[16,-10],[7,-9],[20,-16]],[[23844,12455],[68,-44],[61,19],[75,-23]],[[24048,12407],[-29,-30],[24,-52],[-44,-57],[30,-41],[-84,-85],[-144,-25],[-3,-55],[-47,-27],[-48,11]],[[23083,11805],[-45,6],[-39,54],[-65,7],[-106,41],[19,30],[-55,18],[-52,-27],[-10,60],[-88,9],[-84,96],[-5,60],[-77,47],[136,72],[45,44],[-28,25],[41,31],[-206,8],[-99,11],[-33,29]],[[15015,8428],[-67,36],[-80,147]],[[14868,8611],[4,1],[2,2],[50,-1],[11,-1],[9,-1],[28,-2],[27,-2],[-15,9],[-3,2],[3,11],[6,12],[56,-24],[1,-2],[26,12],[11,6],[12,13],[-27,19],[-21,15],[16,8],[29,7],[-2,5],[-2,7],[26,17],[20,2],[-16,28],[-1,5],[1,12],[-4,7],[-7,10],[-5,3],[0,1],[-5,6],[-9,7],[-3,2],[0,4],[-8,10],[12,5],[30,14],[-16,10],[-33,25],[-9,-2],[-9,15],[-7,14],[-4,12],[-5,27],[2,3],[-47,33],[4,60]],[[14996,9037],[-15,17],[18,4],[63,42],[33,65],[-27,46]],[[15068,9211],[19,-1]],[[15087,9210],[65,35],[26,-6],[19,33],[-7,2],[-17,58]],[[15173,9332],[188,-20],[311,-21],[9,-1],[8,-3],[15,-6],[12,-4],[10,-3]],[[15726,9274],[197,-51]],[[15923,9223],[-20,-73],[-20,-11],[-6,-2],[20,-18],[-13,-42],[-23,-13],[1,0],[-11,-14],[13,-39],[-5,-4],[1,-11],[23,-10],[24,-3],[9,5],[11,7],[4,2],[4,-10],[6,-8],[19,-18],[2,5],[56,9],[38,-25],[30,-7],[8,-2],[59,-7],[16,-3],[57,-21],[10,-7],[27,-8],[6,-3],[1,-10],[-6,-5],[-43,-20],[7,-5],[17,-6],[9,2],[53,-3]],[[16307,8845],[18,1]],[[16325,8846],[54,-18],[16,-9],[6,-2],[38,-12],[5,-3],[-56,-150]],[[15913,8332],[-275,14],[-57,42],[-75,-40],[-140,127],[-69,49],[-71,-26],[-45,10],[-88,-18],[-78,-62]],[[7039,12157],[18,3],[8,2],[11,2],[12,4],[6,3],[11,1],[19,4],[9,3],[4,1],[13,-1],[7,0],[6,0],[4,2],[9,4],[5,1],[6,-1],[17,3],[16,1],[3,-1],[2,3],[22,0],[5,0],[38,9],[6,4],[16,3]],[[7312,12207],[8,0]],[[7320,12207],[36,5],[4,-5],[5,-4],[4,-2],[3,0],[4,-2],[6,-2],[12,-5],[2,2],[8,6],[80,35],[22,-8],[25,-14],[23,-8],[8,-3],[0,-3],[14,-7],[11,-10],[3,-2],[19,11],[34,-20],[4,5],[-4,2],[-9,7],[-8,10],[-6,5],[-7,4],[5,4],[13,5],[16,5],[12,2],[4,2],[5,1],[10,-1],[2,-3],[7,-2],[29,3],[-1,1],[7,7],[5,3],[3,2],[7,3],[10,4],[6,-3],[2,-4],[2,-1],[29,0],[6,2],[2,5],[1,1],[9,4],[4,1],[10,2],[7,2],[1,2]],[[7826,12251],[53,-100],[-47,-81]],[[7832,12070],[1,0],[-15,-7],[-24,-27],[-6,2],[-5,-4],[-28,-7],[-13,-15],[1,-3],[-27,-13],[-29,-13],[-15,-6],[-3,-1],[-12,-5],[-39,-46],[9,-2],[14,-2],[12,0],[2,-2],[14,-3],[9,-3],[5,3],[15,-7],[10,-9],[7,-5],[16,-15],[2,3],[5,5],[6,0],[5,1],[2,2],[-1,2],[22,-19],[12,-1],[1,-2],[3,-6],[4,-7],[-2,-1],[-3,-8],[1,-5],[-8,-5],[5,-3],[8,-3],[13,-25],[3,-8],[4,-4],[8,-8],[9,-13],[4,-5],[2,-4],[10,-4],[16,-3],[8,-3],[7,1],[7,2],[4,1],[5,4],[7,1],[7,2],[5,3],[4,-10],[4,1],[2,-2],[3,-25],[15,-1],[6,0],[23,9]],[[7969,11742],[-22,-56],[-2,-96],[-122,6],[-49,16]],[[7774,11612],[-42,39],[-3,1],[-8,1],[-4,0],[-1,3],[-6,3],[-10,3],[-6,1],[-9,-6],[-6,-1],[-5,-3],[0,-3],[-4,-4],[-38,-1],[-5,3],[-8,4],[-3,3],[1,2],[4,8],[-4,2],[-16,3],[-17,4],[-6,0],[-6,1],[-24,16],[5,5],[4,3],[-21,12],[-7,-4],[-5,-5],[-6,-3],[-19,-6],[-12,-6],[-12,-8],[-12,-4],[-20,-5],[4,-5],[-20,-4],[-3,2],[-26,-1],[-9,-1],[-46,-22],[-10,-11],[-9,-8],[-6,-1],[-30,-12],[-9,1],[-2,4],[-9,4],[-16,-6],[-2,-1],[-29,-1],[-7,0],[-8,0],[-17,-4],[-2,-6],[-32,0],[-5,8],[-22,-16],[-3,1],[-42,-15],[-10,-6],[-10,-7],[-6,-3],[-6,-5],[0,-2]],[[7051,11553],[-63,60],[23,38],[-12,64],[233,90],[-33,12],[-84,108],[87,16],[-29,47],[24,52],[-88,53],[-70,64]],[[21081,13812],[-4,29],[-41,25],[-16,-1],[-74,18],[2,33],[-12,-1],[-90,9],[-14,3],[-89,9],[-69,-17]],[[20674,13919],[-104,39]],[[20570,13958],[0,3],[6,5],[4,1],[-3,5],[3,7],[1,2],[3,2],[5,1],[-1,4],[4,4],[2,3],[2,3],[2,4],[2,3],[2,2],[-1,3],[2,2],[-2,2],[1,4],[-2,2],[3,8],[6,6],[3,0],[4,4],[7,-1],[5,4],[2,2],[1,2],[2,0],[4,6],[2,0],[4,1],[-2,2],[1,2],[6,6],[1,2],[5,-1],[-1,2],[4,0],[4,2],[2,-1],[3,2],[0,4],[5,3],[6,2],[2,3],[7,1],[2,0],[4,0],[5,2],[8,3],[5,2],[1,1],[-5,0],[-8,0],[0,4],[0,4],[-1,6],[0,4],[-2,8],[-3,5],[5,1],[-4,5],[-9,2],[-1,3],[1,2],[-6,1],[-1,9],[-1,5],[-1,2],[-2,7],[-1,2],[-3,1],[-1,1],[3,2],[-31,9],[-3,3],[-2,0],[0,3],[-5,4],[7,22],[-6,3],[-6,1],[-8,6],[-8,10],[14,8],[-6,9],[0,14],[5,2],[1,5],[1,26],[-3,4],[7,29],[3,3],[5,4],[2,3],[-1,2],[-2,4],[-4,3],[-1,2],[-2,3],[0,2],[-3,1],[-1,17],[2,6],[1,5]],[[20757,14475],[131,17],[77,-9],[-2,-72],[20,-19],[56,-120],[49,22],[123,19],[85,35],[3,39]],[[21299,14387],[92,-61],[41,-28],[7,-4],[49,-19],[73,-48],[-24,-5],[3,-32],[-8,-2],[7,-53],[-32,-58],[-4,-13],[1,-51],[-5,-5],[-4,-3],[-3,-2],[-18,-7],[-3,-24]],[[21471,13972],[-108,-46],[-10,-9],[-8,-7],[-32,-32],[-1,-3],[-3,-3],[-6,-8],[-5,-21]],[[21298,13843],[-11,-5]],[[21287,13838],[-13,-8],[-26,-9],[-10,-1],[-25,0],[-12,-3],[-13,-1],[-32,-2],[-14,-2],[-29,5],[-6,0],[-13,-4],[-13,-1]],[[18383,13395],[4,3],[2,2],[2,2],[3,4],[1,12],[50,4],[75,-16],[27,55]],[[18547,13461],[41,3]],[[18663,13416],[-25,-13],[71,-71],[-78,-35]],[[18548,13284],[-65,-32],[-25,23],[-8,6],[-18,13],[-45,34],[-8,42],[1,6],[-1,12],[1,4],[3,3]],[[19402,17408],[-2,-2],[-2,1],[-4,1],[-2,3],[-8,-2],[-1,-2],[-4,1],[-1,-3],[-7,-4],[-15,-2],[-10,2],[-4,-1],[-13,0],[-10,-3],[-6,1],[-5,0],[-5,2],[-7,1],[-3,1],[-4,1],[-8,3],[-9,3],[-6,1],[-2,4],[-6,1],[-3,0],[-4,-2],[-11,-1],[-9,-1],[-4,-1],[-1,3],[-8,-2],[-1,-2],[-3,0],[-7,-2],[-2,-1],[-3,1],[-4,0],[-4,1],[-6,-1],[-6,1],[-15,-2]],[[19167,17406],[-10,8]],[[19157,17414],[-4,12],[1,7],[-1,2],[-4,4],[-4,10],[-3,10],[7,21],[-2,4],[7,2],[7,4],[4,1],[5,2],[80,35],[-21,42],[0,4],[1,1],[-8,24],[-7,101],[-17,8]],[[19198,17708],[-4,6]],[[20078,18068],[39,-143],[-119,-67],[45,-30],[12,-44]],[[19881,17450],[-141,-51],[-157,-14],[-116,41],[-65,-18]],[[20236,16684],[-1,6],[2,14],[-6,13],[-5,9],[-4,15],[-1,8],[-44,26],[-18,7],[-55,21],[0,3],[-7,1],[6,6],[-4,35],[-7,5],[-24,-1],[-12,-1],[-17,-1],[6,12],[-7,1],[-20,4],[-15,4],[-5,2],[-11,3],[-16,1],[-10,0],[-40,2],[-4,12],[-3,7],[-1,7],[-2,6],[-5,6],[-4,3],[-14,7]],[[19888,16927],[83,39],[54,79],[-37,36],[8,38],[111,10],[-19,68],[97,14],[25,29]],[[21026,17216],[-4,-5],[-4,-7],[-4,-4],[-13,-4],[-28,-9],[-8,-3],[-5,-3],[-10,-3],[-16,-7],[-9,-4]],[[20925,17167],[-115,-135],[85,-109],[-40,-53],[96,-91]],[[20951,16779],[-28,-15],[-55,-81],[-133,-62],[-136,-45]],[[20599,16576],[-42,-2],[-178,-65],[-88,51],[-55,124]],[[28221,12021],[-22,4]],[[28199,12025],[-18,3],[-27,3],[-19,3],[-27,3],[-35,3],[-26,2],[-99,6]],[[27948,12048],[-321,19]],[[28483,12507],[31,-45],[18,-87]],[[17846,13332],[34,9],[67,75],[40,13]],[[17987,13429],[3,0],[10,-28],[7,-18],[9,-25],[52,-3],[6,1],[13,5],[52,22],[3,-3],[21,-30],[7,-4],[0,-13]],[[18170,13333],[0,-50],[1,-7],[-2,1],[-7,-3],[-5,-3],[2,-1],[-13,-4],[-11,-7],[-12,-26]],[[18123,13233],[-91,5],[-98,69],[-88,25]],[[18148,13385],[2,-11]],[[18150,13374],[-7,7],[-2,3],[7,1]],[[33811,11812],[-12,-9],[-6,-4],[-9,-4],[-9,-5]],[[33775,11790],[-35,27],[-91,19],[-43,47],[-106,52],[-66,-5],[-11,49],[-51,30],[-40,-5],[-23,-42],[-79,-49],[-53,-3],[-170,-35],[-58,-1]],[[32949,11874],[-7,4],[-7,-2],[-5,-1],[-6,-3],[-11,-3],[-9,0],[-2,-3],[-7,1],[-3,-2],[-5,2],[5,2],[-5,3],[-7,1],[1,4],[-5,0],[-2,-1],[-3,2],[-1,0],[-6,-1],[-1,3],[-1,2],[4,1],[-4,5],[-3,1],[-2,-2],[-3,2],[-4,4],[0,1],[-12,1],[1,-2],[-7,1],[-6,-1],[-6,4],[0,2],[-3,3],[1,2],[-3,1],[0,3],[-5,6],[5,1],[0,3],[-2,1],[-4,0],[2,5],[-3,3],[-7,0],[-3,-3],[-13,2],[-2,3],[-6,1],[-11,2],[-5,0],[-48,-4],[-1,2],[-3,2],[-4,3],[-3,5],[-2,10],[-1,3],[-2,3],[-4,4],[-21,15],[-39,21],[-13,10],[-4,6],[-15,13],[-2,1],[-5,1],[-18,8],[4,12],[-8,5]],[[32572,12052],[81,88],[122,31]],[[32775,12171],[123,-1],[12,1],[90,16],[4,2],[28,2]],[[33032,12191],[17,2],[16,2],[2,0]],[[33067,12195],[34,-1],[12,0],[7,0],[9,1],[19,4],[15,2],[8,1],[29,-1],[26,-4],[17,-3]],[[33243,12194],[12,-2]],[[33255,12192],[2,-2],[15,-10],[6,-3],[17,-4],[21,-5],[16,-4],[7,-2],[72,-34],[10,-2]],[[33421,12126],[7,-2],[12,-1],[10,-2],[12,-3],[6,-2],[61,-49],[9,-10],[3,-5],[13,-28],[3,-7],[2,-3],[19,-26],[5,-7],[6,-5],[7,-5],[10,-6],[18,-10],[48,-39],[7,-5],[8,-8],[31,-29],[11,-12],[5,-5]],[[33734,11857],[4,-3],[3,-1]],[[33741,11853],[31,-18],[7,-4],[14,-11],[6,-3],[12,-5]],[[28531,10925],[-65,26],[25,71],[-44,34],[-4,69],[-51,41]],[[29350,11238],[-6,-7],[2,-4],[5,-4],[41,-10],[9,-9],[4,-6],[7,-30],[0,-3],[28,-42],[9,-7],[1,-28]],[[29450,11088],[27,-21]],[[29477,11067],[-42,-25],[-33,-23],[-11,-11],[-9,-13],[-8,-14],[9,-4],[1,-3],[10,-4],[-6,-20],[-1,-3],[-2,-3],[-3,-3],[-2,-17],[-1,-4],[-29,-18],[-7,-5],[-6,-3],[-9,-5],[-8,-2],[-8,-13],[-1,-1],[-7,-2],[-7,-10],[-6,-10],[-5,-3],[3,-23],[4,-3],[8,-6],[5,-2],[20,0],[2,3],[24,2],[7,1],[7,-9],[7,0],[4,-1],[7,-2],[11,2],[4,-1],[6,-6],[5,-10],[2,-8],[2,0],[-1,-4],[3,-4],[2,-5],[-6,-1],[-6,-5],[3,-15],[2,-2],[2,0],[4,0],[6,-5]],[[29423,10744],[-11,-14],[-6,0],[-16,0],[-2,0],[-1,-2],[-4,-3],[-7,-1],[-2,-5],[-9,-6],[-34,2],[-10,0],[-66,-12],[-3,1],[0,2],[-7,-1],[-8,-3],[0,-2],[-7,-3],[-43,-99],[-60,5],[-9,2],[-1,-1],[-20,9],[-32,28],[-98,12],[-14,6],[-7,8],[-7,3],[-2,2],[-1,-1],[-1,-1],[-2,1],[-3,-1],[-1,2],[-4,0],[0,-1],[-4,1],[-17,6],[-11,-2],[-15,-5]],[[28052,8892],[-92,-60],[-183,-75]],[[27777,8757],[-99,-18],[-3,-1],[0,1]],[[27675,8739],[-103,-54]],[[27572,8685],[-105,86],[-69,38],[-2,83],[-18,28],[82,53],[-184,62],[-50,-4],[-39,30],[-61,-31],[-56,22],[-111,5],[-77,55],[-83,88],[137,72],[23,25]],[[26959,9297],[188,84],[79,-12],[67,27]],[[28430,9493],[224,-30],[82,18],[52,-53],[18,-95]],[[28806,9333],[-154,-49],[2,-135],[38,-10],[105,18],[69,-66],[-6,-63],[-118,-47],[-200,-117],[-26,-43]],[[28516,8821],[-20,30],[-83,44],[-48,-36],[-94,-33],[-57,21],[-42,53],[-71,11],[-49,-19]],[[17014,8836],[-49,50],[-57,25]],[[16908,8911],[58,62],[23,58],[-71,58],[23,29],[104,24],[68,124],[59,5]],[[17172,9271],[4,1],[5,2],[18,3],[20,4]],[[17525,9275],[0,-4]],[[17525,9271],[1,-4],[0,-5],[-1,-5],[1,-7],[-1,-3],[-4,-16],[-3,-2],[-3,-7],[-3,-16],[-2,-5],[-2,-2],[6,-17],[-1,-6],[-2,-9],[1,-6],[2,-9],[2,-16],[1,-3],[-5,-1],[-3,-14],[-3,-36],[-6,-19],[-6,-20],[0,-3],[14,-13],[1,-3],[-11,-40],[1,-5],[6,-7],[1,-3],[-1,-4],[-4,-6],[-2,-3],[0,-4],[1,-2],[9,-7],[9,-14]],[[17518,8929],[-5,-5]],[[17513,8924],[4,-8]],[[17517,8916],[-148,-24],[-29,-34],[-101,2],[-140,-34],[-85,10]],[[20626,14618],[10,19],[10,19],[10,7],[8,5],[38,26],[14,16],[-7,-1],[-11,0],[-10,-1],[-4,2],[-5,0],[-5,2],[-6,0],[-21,5],[-7,3],[-4,2],[-22,9],[2,2],[0,5],[-1,2],[0,5],[-1,5],[-1,4],[1,3],[8,3],[2,4],[-1,5],[-2,3],[-3,3],[-12,0],[-10,-7],[-14,1],[-3,4],[-5,3],[-1,4],[-4,4],[-1,3],[-3,0],[-4,4],[-13,6],[-5,2],[-2,2],[-4,1],[-4,0],[-4,4],[-2,3],[-5,3],[-4,4],[-5,5],[-4,2],[-9,11],[-4,4],[-3,3],[-4,2],[-6,4],[-6,2],[-1,3],[0,1],[5,0],[8,4],[4,4],[7,3],[2,3],[-31,10],[1,3],[5,3],[0,5],[10,2],[-1,3],[-6,1],[-8,1],[-8,2],[2,2],[6,0],[3,3],[6,4],[0,4],[-5,5],[-7,13],[-10,9],[-7,3],[-4,1],[-4,1]],[[20594,14973],[12,-27],[129,3],[45,12],[205,-28],[44,-52],[93,19]],[[21122,14900],[12,4],[9,5],[6,2],[-1,-5],[1,-2],[3,-2],[5,2],[6,5],[6,-1],[3,1],[1,2],[1,5],[1,2],[4,2],[9,0],[8,0],[4,1],[6,2],[14,-4],[7,-4],[10,-3],[4,-2],[2,-2],[1,-3],[-2,-5],[3,-2],[4,0],[9,-1],[9,-1],[12,-3],[5,-3],[3,-3]],[[21287,14887],[1,-5],[-1,-16],[2,-3],[6,-2],[9,-2],[-6,-34],[0,-3],[5,-10],[-3,-3],[7,-4],[-1,-6],[2,-5],[-1,-3],[12,-5],[8,1],[8,4],[4,1],[15,5],[2,0],[4,-3],[5,-3],[2,-1],[-1,-4],[-2,-2],[-4,-3],[0,-4],[5,-3],[0,-2],[-3,-3],[-8,-2],[-3,-3],[-4,-4],[-2,-3],[-2,0],[-3,-2],[-2,-30],[0,-8],[-1,-5],[2,-2],[1,-7],[2,-4],[-1,-11],[-9,-2],[-42,-11],[5,-12],[17,-1],[8,0],[5,-1],[-2,-3],[1,-3],[16,-9],[3,-3],[1,-3],[4,-1],[6,0],[3,-3],[6,-4],[0,-1],[-4,-3],[4,-8],[4,-2],[11,-11],[1,-6],[3,-2],[4,-1],[6,-3],[4,-3],[1,-4],[5,-5],[4,-1],[10,0],[10,-2],[9,-2],[15,2]],[[21450,14580],[14,2]],[[21464,14582],[1,-5],[0,-3],[1,-9],[-3,0],[-4,-1],[-3,1],[-13,-2],[-11,-1],[-4,-1],[-6,-4],[-5,-2],[4,-4],[6,-4],[-10,-4],[-8,-2],[0,-4],[2,-2],[9,-3],[0,-5],[2,-3],[3,-7],[2,-4],[2,-8],[6,-1],[11,-11],[4,-3],[2,-6],[10,-5],[20,-11]],[[21482,14468],[-15,-9],[-9,-4],[-9,-3],[-14,-4],[-22,-8],[-18,-6],[-7,-5],[-3,1],[-10,0],[-42,-28],[-9,-3],[-12,-6],[-13,-6]],[[17803,12225],[-4,63],[0,17]],[[17799,12305],[4,8]],[[17803,12313],[1,4],[4,5],[13,13],[7,1],[9,2],[2,2],[1,4],[3,3],[1,7],[-4,2],[-3,3],[-7,8],[-15,10],[6,4],[-3,2],[2,5],[3,1],[4,-1],[5,1],[6,2],[8,2],[11,10],[4,0],[5,3],[3,2],[3,-2],[1,1],[-1,2],[2,1],[7,0],[3,0],[3,4],[4,2],[1,2],[3,1],[5,3],[0,1],[3,2],[0,2],[3,2],[4,0],[26,2],[6,4],[36,-14],[19,2],[-5,8],[0,3],[-10,8],[14,7],[-2,6],[-6,9],[2,9],[8,4],[4,4],[2,-1],[19,6],[5,1],[67,36],[11,-1],[13,1],[2,5],[1,4],[0,7],[3,26],[1,3],[21,30]],[[18224,12741],[5,15],[185,-42],[2,-50],[297,86]],[[18713,12750],[42,11]],[[18755,12761],[72,-85],[-189,-61],[92,-237]],[[18172,12188],[-50,-6],[-20,-4],[-130,183],[-4,6],[-31,-3],[-4,5],[-2,2],[-3,-3],[-3,-1],[-2,-4],[-11,-12],[-5,-3],[-10,-9],[-9,-6],[-4,-4],[-6,-9],[-38,-1],[-15,-3],[10,-36],[4,-3],[-1,-6],[-7,-5],[45,7],[5,3],[47,28],[-2,-3],[0,-2],[-4,-1],[-9,-17],[-1,-5],[-6,-4],[-2,-6],[-3,-7],[-4,-16],[-1,-11],[3,-2],[22,-21],[15,-11],[4,-5],[-5,-4],[-8,3],[-6,-1],[-11,1],[-7,2],[-34,15],[-2,-8],[-55,24],[-6,1],[-3,-1]],[[23393,16985],[141,10]],[[23534,16995],[27,-55],[111,-63],[182,-257],[-17,-102],[-61,-20],[-148,0]],[[19776,18536],[-116,71]],[[19941,19257],[393,98],[554,-69],[100,-37],[56,9],[61,37],[46,-18],[133,14]],[[21284,19291],[176,-68],[61,-24]],[[21521,19199],[48,-19],[38,-14],[8,-4],[29,-10],[57,-20]],[[21701,19132],[11,-42],[10,-40],[9,-35],[3,-18],[18,-117],[2,-15],[3,-15]],[[21757,18850],[-462,-67],[-170,-12],[-45,-14],[-216,41],[-102,-8],[-262,-87],[-250,-74],[-254,-227]],[[18534,18586],[251,85]],[[18989,18003],[-1,-1],[-10,2],[-9,-5],[-7,-3],[-8,-6],[-3,-1],[-5,-3],[-18,-10],[-5,-2],[-3,-3],[-2,0],[-5,-3],[-2,1],[-16,8],[-6,-1],[-2,-2],[-4,0],[-3,-1],[-9,1],[-1,-3],[-5,-3],[-9,-5],[-6,-3],[-8,-3],[-10,29],[-5,15],[-12,23],[-29,29],[-15,33],[-15,9]],[[6335,13948],[32,136],[3,70],[-49,161],[-9,65],[35,181]],[[6347,14561],[13,2],[22,3],[26,0],[-7,-4],[-2,-2],[8,-9],[9,-11],[7,-5],[24,-14],[2,2],[4,0],[3,2],[10,2],[2,1],[10,2],[5,-2],[3,0],[4,-3],[4,-6],[14,-11],[29,-24],[0,-1],[46,-2],[30,4],[20,-7],[14,-7],[30,1],[37,2],[-2,3],[2,13],[-2,6],[76,7],[10,0],[19,-2],[15,-5],[4,-1],[13,0],[6,-2],[3,1],[9,2],[6,1],[9,4]],[[6882,14501],[4,-2],[2,0],[1,-8],[2,-6],[2,-7]],[[6893,14478],[-4,-49],[43,-55],[39,-16],[2,-74],[-18,-62],[66,-9],[-33,-57],[39,-33],[-36,-50],[1,-52]],[[6992,14021],[-52,-12],[-234,-23],[-49,14],[-188,-58]],[[27136,7425],[42,21],[-40,61],[13,55],[-64,3],[-73,33],[-87,82],[-117,-31],[-53,29],[21,54],[110,123],[-121,7],[-41,71]],[[26726,7933],[17,5],[3,4],[54,17],[13,7],[26,6],[26,4],[3,2],[14,0],[8,-2],[0,-1],[8,-2],[6,0],[3,-1],[4,1],[4,0]],[[26915,7973],[76,32],[133,32],[28,27],[85,36],[-8,25],[45,39],[188,-59],[118,27],[19,50],[145,58],[-61,52],[24,36],[0,74]],[[27707,8402],[52,25],[26,15],[39,-24],[2,2],[11,-3],[12,-3],[27,-61],[3,0],[4,1],[3,0],[12,-6],[6,1],[0,2],[6,2],[7,5],[-1,2],[1,2],[1,4],[4,3],[6,0],[8,4],[3,1],[6,-1],[1,2],[6,-1],[5,4],[1,2],[3,2],[3,2],[3,3],[4,2],[-2,1],[3,1]],[[27972,8391],[10,-4],[2,0]],[[27984,8387],[6,-4],[4,-1],[4,-1],[5,3],[4,4],[5,8],[4,3],[2,2],[3,1],[3,3],[1,6],[4,1],[6,4],[2,0],[4,2],[3,-1],[4,1],[7,-2],[13,1],[1,-2],[7,0],[15,-1],[7,0],[7,1],[6,0],[3,1],[-5,6],[-3,4],[-2,0],[-2,3],[-1,6],[2,4],[2,7],[7,11],[5,4],[6,3],[4,1],[4,1],[7,4],[6,5],[1,6],[-4,4],[7,4],[21,5],[22,1],[11,3],[6,2],[11,30],[-14,-2],[-85,123],[-16,34],[-8,22],[-12,86],[-5,14],[-27,85]],[[28516,8821],[85,-58],[-40,-42],[28,-32],[-109,-99],[-82,-44],[49,-79],[102,-33]],[[28549,8434],[-13,-3],[-3,-3],[2,-5],[2,-4],[4,-11],[-1,-17],[5,-9],[-57,-9],[-12,-7],[-24,-14],[12,-2],[-9,-3],[-35,-11],[-27,-9],[4,-6],[-61,-29],[-5,-2],[-29,-11],[-24,-5],[-41,-6],[-10,0],[-13,-3],[-12,-3],[-7,-3],[-29,-5],[-12,-2],[-68,-19],[-12,-7],[-5,-3],[-2,-2],[-21,-13],[-9,-5],[-5,-2],[-6,-4],[-7,-5],[-11,-36],[-2,-7],[-2,-2],[-3,-5],[2,-8],[4,-4],[23,-14],[17,-10],[3,-4],[10,-23],[2,-2],[5,3],[8,3],[9,26],[8,2],[5,0],[12,5],[7,5],[9,6],[8,0],[4,3],[5,3],[2,3],[3,6],[-5,6],[1,4],[4,2],[6,5],[6,6],[3,6],[1,3],[2,2],[1,3],[3,3],[28,14],[1,2],[0,3],[7,3],[11,1],[11,2],[6,3],[7,0],[6,-1],[11,-3],[4,-3],[19,-1],[5,-2],[3,-2],[6,-1],[6,-2],[3,-2],[3,-1],[6,0],[9,-2],[7,-1],[3,0],[7,-3],[1,-3],[5,-2],[7,0],[15,-1],[8,-1],[3,-2],[6,-11],[14,0],[3,1],[53,26]],[[28341,7812],[-77,-6],[-89,-29],[-103,-85],[-47,-9],[-94,-90],[-232,-118],[-139,-34],[-34,-24],[-92,75],[-134,-47],[-164,-20]],[[31798,7649],[-36,45],[139,85],[44,114],[50,65],[68,23],[3,70],[-208,13],[-26,-23],[-113,84],[-67,96],[-17,93],[41,6],[56,51],[-41,73],[47,78],[64,58],[-12,29]],[[31790,8609],[63,36],[116,-13],[74,30],[148,12]],[[32191,8674],[12,-25],[10,-12],[21,-31],[8,-19],[1,-3],[6,2],[4,4],[2,2],[7,-1],[12,-1],[3,-2],[1,-4],[2,-3],[2,-16],[2,-7],[3,-5],[10,-14],[8,-6],[12,-8],[15,-7],[69,-32],[6,-2],[8,-5],[6,-1],[3,-4],[3,-2],[9,-2],[3,-2],[6,-2],[3,-4],[1,-1],[6,-2],[2,-3],[7,-1],[2,-4],[2,0],[2,-1],[8,-6],[8,-3],[2,-2],[4,0],[6,-1],[3,-3],[1,-1],[5,-2],[3,-1],[13,-1],[7,1],[5,0],[1,1],[7,-2],[6,-3],[26,4],[3,0],[6,1],[18,4],[2,3],[5,1],[3,1],[4,2],[1,-1],[4,2],[6,0],[1,2],[2,0],[1,3],[8,-3],[7,0],[3,-1],[5,2],[13,3],[8,4],[4,2],[6,0],[4,1],[12,0],[11,4],[3,-1],[4,1],[9,3],[16,-1],[5,1],[3,0],[7,2],[8,3],[8,-1],[21,3],[6,-1],[5,1],[3,4],[7,0],[4,2],[13,7],[5,1],[7,1],[3,3],[8,3],[11,4],[0,2],[7,2],[2,-1],[7,1],[18,-1],[6,1],[7,2],[7,4],[2,0],[5,1],[2,1]],[[32931,8508],[-6,-89],[34,-33],[6,-73],[61,-53],[69,-25],[-4,60]],[[33091,8295],[25,6],[11,4],[22,-7],[19,-7],[43,-12],[3,-2],[6,-6],[16,-24],[4,-6],[5,-5],[3,-5],[4,-6],[2,-5],[8,-43],[13,-4],[-36,-58],[-9,-23],[-2,-6]],[[33228,8086],[-39,-39],[-53,-20],[41,-45],[-77,-31],[-51,-40],[10,-48],[67,-17],[112,6],[162,-24],[-76,-35],[-30,-75]],[[33294,7718],[-2,-7],[-81,1],[-7,-1],[-5,-1],[-38,-12],[-12,-3],[-7,-3],[-27,-11],[-18,-8],[-28,-11],[-7,-2],[-23,0],[-12,0],[-6,-1],[-4,-1],[-19,-12],[-5,-3],[-5,-2],[-35,13],[-10,5],[-13,8],[-31,18],[-67,-6],[-22,-7],[-84,-3],[-9,0],[-27,-17],[-11,-6],[7,-8],[-17,-44],[-4,-18],[-1,-7],[-5,1],[-4,2],[-9,4],[2,7],[-1,9],[2,9],[0,4],[1,9],[-4,15],[1,7],[-23,1],[-10,1],[-10,5],[-1,2],[5,2],[5,4],[4,4],[-3,4],[-2,3],[-3,3],[-6,3],[-2,-1],[-1,-1],[-9,6],[-5,5],[-38,0],[-12,-1],[-62,-3],[-17,-3],[-8,-2],[-8,-4],[-13,-2],[-19,-1],[-4,-7],[-28,3],[-8,6],[-27,13],[-5,4],[-11,3],[-41,17],[-13,4],[-61,1],[-24,-1],[-4,-3],[-4,-3],[-10,-3],[-9,-3],[-39,-2],[-9,0],[-5,-2],[-6,0],[-3,-1],[-3,-4],[-12,-25],[-4,-2],[-10,-10],[-5,-4],[0,-2],[-3,-1],[-11,-3],[-17,-3],[-4,0],[-6,0],[-6,2],[-2,1],[-11,-2],[-3,-2],[-7,-2],[-17,0],[-6,0],[-5,0],[-9,0],[-4,-1],[-7,2],[-4,0],[-5,-1],[-14,-1],[-11,3],[-15,4],[-4,0],[-6,1],[-11,4],[-2,1],[-76,7]],[[30500,10136],[-4,2],[-14,7],[-6,2],[-8,2],[-15,-3],[-13,0],[-98,-12],[-103,-31],[-13,6],[-15,8],[-14,9],[-6,4],[-4,5],[-30,-14],[-6,-4],[-2,1],[-11,-5],[-4,-1],[-2,-2],[-6,-4],[-5,-3],[-3,-2],[-4,-2],[-9,0],[-7,-3],[-4,-1],[-6,-1],[-3,-1],[-4,-2],[-8,-1],[-8,-3],[-12,-1],[-10,-3]],[[30043,10083],[-3,-2],[-4,0],[-2,0],[-3,-2],[-4,-1],[-7,-1],[-4,1],[-9,-1],[-4,2],[-17,0],[-7,0],[-6,-1],[-5,0],[-9,-2],[-9,-1],[-6,-3],[-6,0],[-3,-2],[-5,0],[-1,-1],[-5,-1],[-16,-2],[-6,-1],[-5,0],[-4,-2],[-5,-1],[-10,0],[-2,1]],[[29876,10063],[-1,3],[-2,3],[-3,3]],[[29870,10072],[-5,-3],[-5,0],[1,3],[-7,-1],[-6,0],[-19,4],[-3,0],[-4,4],[-9,2],[-13,-1],[-7,4],[1,10],[15,16],[11,1],[2,-3],[5,1],[8,10],[-1,6],[-4,0],[-10,1],[-13,-2],[-5,-2],[-22,-4],[-17,-4],[-20,1],[-7,2],[-10,3],[10,10],[6,2],[3,3],[1,2],[9,4],[6,2],[5,2],[3,3],[-2,3],[0,4],[-4,4],[-2,2],[-3,4],[-5,4],[-7,3],[-4,2],[-7,4],[-67,-5],[6,-9],[-1,-2],[-10,-4],[-26,-9]],[[29637,10149],[-5,6]],[[29632,10155],[-24,21],[-20,32],[-6,-2],[-6,-5],[0,-3],[-4,0],[-6,5],[2,6],[4,3],[3,5],[-1,4],[-3,8],[4,3],[16,13],[0,1],[3,1],[5,5],[3,0]],[[29602,10252],[6,4],[17,4],[10,3],[3,0],[2,2],[5,0],[7,-4],[38,11],[7,-1],[14,-7],[5,-1],[8,3],[32,13],[11,5],[6,5],[5,3],[7,3],[26,1],[7,0],[15,2],[11,-1],[10,0],[8,1],[12,5]],[[29874,10303],[11,0]],[[29885,10303],[4,-1],[9,-1],[8,-1],[10,1],[3,4],[16,4],[12,1],[4,2],[10,5],[3,7],[45,21],[4,0],[2,-2],[1,-6],[-2,-5],[0,-1],[4,-1],[12,2],[6,2],[7,2],[6,0],[10,2],[5,3],[12,3],[10,5],[6,0],[12,3],[10,3],[2,3],[2,1],[6,3],[10,4],[-3,8],[-5,13],[-6,9],[-4,4],[-7,11],[-4,3],[-9,9],[-5,9],[-1,13],[-3,4],[-35,45],[-1,3],[2,11],[4,6],[19,14],[7,3],[6,2],[8,1],[8,0],[13,1],[14,-1],[-3,18],[-3,6],[-9,-1],[-21,-3],[-8,-3],[-3,-1],[-25,-4],[-15,-1],[-2,-2],[-12,0],[18,52],[2,2],[1,5],[4,11],[5,8],[1,6],[-2,7],[-2,6]],[[30058,10640],[56,-3]],[[30114,10637],[45,11],[46,-3],[27,8],[12,6],[6,1],[9,5],[3,9],[44,32],[12,3],[7,3],[1,2],[2,3],[8,7],[9,4],[7,2],[6,2],[-5,7],[-5,1],[-3,5],[20,45],[11,1],[3,-1],[14,1],[7,4],[21,-4],[34,-1],[8,0],[15,1],[7,1],[4,2],[5,3],[5,-5],[14,-5],[7,-1],[9,-1],[12,0],[6,0],[13,1],[11,1],[8,2],[11,6],[3,4],[1,3],[0,6],[-2,6],[-2,6],[-2,18]],[[30588,10838],[7,-1],[27,-15],[6,-4],[6,-4]],[[30634,10814],[9,-8]],[[30643,10806],[3,-20]],[[30646,10786],[1,-4],[2,-2]],[[30649,10780],[5,-8],[17,-12],[50,-18],[33,-66],[-2,-7],[-9,-24],[2,-6],[-56,-23],[3,-9],[20,-52],[25,-19]],[[30737,10536],[-136,-46],[-41,-127],[47,-69],[57,-36],[41,2]],[[30705,10260],[-3,-7],[-32,-11],[-8,-1],[-9,-7],[-6,-3],[-4,0],[-9,-2],[-3,-1],[-5,-1],[-4,-1],[-8,-3],[-15,-5],[-6,-5],[-15,-7],[-7,-7],[-10,-5],[-15,-9],[-4,-2],[-13,-5],[-9,-7],[-6,-3],[-7,-12],[8,1],[0,-6],[-1,-1],[-2,-6],[-5,-3],[-4,-1],[-3,-4]],[[15821,10675],[-14,5],[-5,1],[-21,10],[-75,23]],[[15706,10714],[-69,9],[-17,42],[-56,69],[-1,36],[-51,55],[-90,41],[-155,94]],[[15267,11060],[-18,32],[9,9],[-1,5],[-2,11],[-2,7],[-5,4],[-19,11],[-3,3],[-6,5],[27,9],[18,7],[21,9],[-3,7],[-3,4],[-1,1],[-5,2],[0,3],[5,6],[1,7],[10,5],[21,21],[5,4],[0,2],[-5,5],[-15,10],[-12,5],[-7,7],[-7,4],[-6,2],[-8,1],[-10,2],[-3,0],[-13,-6],[-10,13],[-7,3],[-8,1],[-3,3],[-5,0],[-18,8],[-3,3],[-21,21],[1,3],[-75,18],[-7,-4],[-1,14],[-7,-1],[-5,-3],[-11,-2],[-7,1],[-48,0],[-5,-3],[-2,-1],[-5,-2],[-13,-5],[-10,-3],[-33,15],[-11,2],[-4,1],[-10,0],[-6,0],[-18,12],[-25,6]],[[14853,11364],[6,7],[43,29],[6,1],[63,15],[11,11],[5,4],[10,6],[14,10],[7,4],[6,4],[9,4],[11,4],[10,4],[4,2],[29,17],[9,5],[-2,3],[3,5],[3,6],[26,21],[5,1],[33,3],[3,1],[11,5],[14,4],[6,0],[11,8],[6,4],[8,5],[4,9],[26,3]],[[15253,11569],[62,29],[17,37],[134,47],[40,35]],[[16577,11550],[54,-54],[-38,-85],[-36,-35],[31,-29],[-8,-74],[300,-9]],[[16880,11264],[54,-2],[9,-3],[21,-4],[22,-4],[14,-5],[17,-11],[9,0],[7,0],[7,-3],[6,-4],[15,-11],[23,-16],[6,0],[7,-4],[11,-6],[16,-5]],[[17124,11186],[-19,-5],[-18,-10],[6,-10],[-8,-3],[-7,-2],[-4,-1],[-31,-5],[3,-6],[5,-8],[3,-7],[3,-5],[9,-17],[4,-13],[5,-10],[8,-13],[2,-5],[3,-5],[5,-10],[1,1],[10,-13],[-4,-3],[-3,-3],[2,-7],[-4,-2],[0,-2],[-9,-2],[-6,-3],[-3,-1],[-2,-3],[-3,0],[-19,-9],[-1,-5],[-1,-2],[6,-6]],[[17057,10991],[1,-3],[-5,-2],[-16,1],[-3,-2],[-13,-3],[-8,-3],[-5,6],[1,2],[5,4],[-4,0],[-3,-3],[-4,2],[-2,4],[-5,4],[-2,8],[3,4],[1,21],[-2,5],[6,2],[-1,3],[-5,2],[-4,-2],[-7,-1],[-1,-3],[-3,-2],[-3,0],[-2,2],[-2,0],[-3,-5],[-3,-2],[-6,-4],[-4,1],[-5,0],[-12,3],[-8,2],[-5,0],[-6,-1],[-5,1],[-19,2],[-11,-3],[-3,1],[3,4],[-4,2],[-4,-2],[-3,-4],[3,-2],[1,-3],[4,-7],[-4,-3],[-3,-1],[0,-3],[-2,-1],[-1,-2],[-2,-19],[4,0],[4,-4],[1,-3],[2,-1],[8,-6],[3,-4],[4,-1],[8,-2],[5,0],[3,-2],[5,1],[8,-6],[2,-3],[0,-11],[2,-2],[1,-1],[3,-2],[2,-4],[0,-7],[-4,-7],[-5,-4],[-7,-1],[-6,-6],[-19,-9],[-22,-16],[-6,-7],[-4,-5],[-16,-22]],[[16848,10856],[-95,-7],[-78,43]],[[16675,10892],[-16,39],[-5,4],[-3,2],[-5,0],[-9,3],[-5,2],[-9,0],[-10,5],[-7,6],[-4,1],[0,3],[-1,2],[6,2],[5,6],[-3,1],[-8,2],[-10,4],[-15,6],[-12,5],[-44,9],[-13,-11],[-54,-50],[-104,-2],[-10,-5],[-5,5],[-8,4],[-5,5],[12,11],[7,3],[0,6],[-6,2],[-25,13],[-12,5],[-8,-6],[-10,-7],[-7,-13],[-4,-12],[-3,-4],[-5,-5],[-8,-4],[-5,-3],[-6,-6],[-3,-8],[-5,-5],[-7,-3],[-8,-5],[-24,-19],[-6,-6],[-10,-12],[-4,-4],[-27,-12],[-8,-2],[-93,-27],[-12,-1],[-41,-26],[-5,-1],[-8,4],[-10,-5],[-2,1],[-3,-8],[-2,-5],[-69,-58],[-11,-2],[-5,-3],[-7,-5],[-9,-7],[-41,-26]],[[22351,17758],[44,83],[91,11],[207,57],[46,-20],[57,6],[138,-23],[29,79]],[[22963,17951],[225,62],[34,-28],[73,28],[37,-84],[330,-5],[-5,-46]],[[23657,17878],[-58,-53],[-46,-65],[-54,-44],[-62,-19],[-38,-42],[5,-39],[-25,-89],[-162,-86],[99,-48],[-45,-43],[-3,-35],[82,-79],[24,-55],[-155,-71]],[[22913,17098],[32,35],[-32,50],[-114,15],[-104,-30],[-89,8],[-35,96],[10,47],[-48,22],[-9,35],[-147,87],[-94,21],[-83,55]],[[22577,15312],[72,80],[48,13],[-7,66],[65,79],[-121,49],[75,14],[34,-39],[65,3],[58,-20],[86,-3],[237,55],[86,41],[-39,89]],[[23971,15939],[32,-14]],[[24003,15925],[-16,-22],[92,-42],[-7,-40],[-49,-45],[-46,-2],[-105,-83],[32,-35],[127,31]],[[24031,15687],[7,0],[10,3],[0,-3],[10,-6],[3,-1],[14,0],[1,0],[9,-8],[12,-6],[9,-6],[1,-7],[-1,-13],[-2,-4],[-1,-5],[4,-3],[5,-1],[32,-47],[4,0],[19,-2],[12,-1],[49,-18],[17,-4],[26,-12],[4,-10],[1,-8],[-1,-13],[0,-7],[-23,-17]],[[24252,15488],[-127,-68],[-65,-20],[-86,-1]],[[23974,15399],[-27,-8]],[[23947,15391],[-6,8],[-3,1],[-15,1],[-8,0],[-5,1],[-7,-3],[-6,-2],[-6,0],[-6,1],[-4,0],[-9,-2],[-16,5],[-3,1],[-8,0],[-38,-4],[-20,-5],[-14,-7],[-3,-2],[-4,0],[-4,0],[-6,0],[-7,0],[-6,1],[-17,0],[-7,-2],[-19,-5],[-2,-5],[-8,-8],[-5,-7],[-8,-6],[-8,-2],[-11,0],[-5,-1],[-4,-1],[-4,-3],[-9,-8],[-19,-26],[-1,-6],[11,-7],[5,-7],[0,-5],[-5,-5],[-7,-3],[-21,1],[-5,0],[-9,-5],[-8,-1],[-5,-2],[-4,-6],[0,-3],[-5,-6],[-18,-4],[-5,2],[-12,6],[-4,3],[-3,1],[-3,0],[-9,-6],[-6,-2],[-7,-1],[-5,0],[-8,1],[-9,-3],[-5,-3],[-4,-1],[-27,-13],[-5,-4],[-29,-6],[-5,2],[-5,2],[-3,3],[-10,5],[-14,9],[-9,4],[-13,8],[-25,5],[-7,0],[-7,-3],[-8,-2],[-14,-1],[-8,-2],[-6,-3],[-9,-4],[-20,-3],[-5,0],[-4,-1],[-3,-4],[-5,-2],[-7,-3],[-10,0],[-6,-1],[-2,-3],[-3,-5],[-8,-8],[-4,-3],[-2,-7],[-3,-3],[0,-3],[-5,-5],[-3,-2],[-4,-1],[-29,3],[-7,0],[-5,0],[-8,0],[-6,0],[-12,-1],[-7,-4],[-7,-5],[-1,-5],[-4,-5],[-3,0],[-7,3],[-3,0],[-7,-2],[-7,-4],[-2,-2],[-6,-2],[0,-1],[3,-3],[-1,-3],[-7,0],[-5,0],[-7,-3],[-6,-5],[-3,-5]],[[23020,15151],[-7,-1]],[[23013,15150],[-3,1],[-9,2],[-9,1],[-5,-1],[-22,-1],[-7,-1],[-4,2],[-4,4],[-4,0],[-22,-4],[-2,1],[-16,0],[-12,-4],[-24,-2],[-6,2],[-23,-2],[-1,3],[-6,3],[1,3],[-6,1],[-4,-3],[-6,0],[-14,-2],[-10,-5],[-32,-11],[-5,-5],[-7,0],[-4,1],[-17,6],[-40,-4],[-5,0]],[[19543,17190],[3,9],[-7,15],[6,0],[1,1],[-6,10],[17,6],[-16,71],[-28,-3],[-36,-4],[-26,-6],[-25,-7],[20,71],[1,3],[-45,52]],[[20048,17227],[-53,19],[-209,7],[-52,-7],[-81,-40],[-110,-16]],[[18125,16166],[120,-8],[108,37],[-66,58],[-53,90],[-90,27]],[[18144,16370],[27,14],[-44,121]],[[18127,16505],[29,3],[32,6],[6,2],[7,3],[3,-1],[7,4],[4,-4],[1,-3],[20,-22],[-3,-2],[16,-13],[10,-8],[5,-3],[7,-6],[5,0],[4,-1],[6,1],[3,3],[4,3],[3,3],[4,-1],[5,-2],[2,2],[0,3],[3,0],[3,4],[2,0],[2,-1],[3,1],[0,2],[6,0],[1,2],[2,0],[1,2],[5,0],[5,-3],[2,-3],[2,3],[3,0],[7,2],[5,0],[4,3],[2,3],[-3,3],[5,0],[2,1],[10,2],[-2,3],[2,3],[3,1],[2,-1],[2,0],[1,3],[2,1],[12,-1],[4,1],[3,0],[2,-2],[4,-1],[0,2],[11,4],[3,-1],[7,-1],[2,3],[4,1],[-1,1],[2,3],[-1,2],[4,1],[2,4],[3,0],[5,0],[-1,2],[6,1],[6,-9],[3,3],[4,2],[-1,-2],[6,-2],[4,1],[1,1],[2,0],[0,-2],[5,-3],[4,2],[1,-2],[6,0],[0,-2],[-6,-4],[2,-1],[4,1],[4,1],[-1,-2],[4,-1],[3,-2],[3,2],[3,-2],[4,1],[-2,4],[4,1],[4,0],[2,4],[-4,6],[-1,2],[0,3],[35,9],[25,7]],[[18584,16538],[17,-13]],[[18601,16525],[-10,-30],[79,-41],[-24,-100],[-69,-124],[15,-22]],[[18592,16208],[-76,-11],[-104,-56],[-58,-11],[-171,-8]],[[4324,14867],[-26,29],[-94,39],[-61,48],[-36,-10],[-59,46],[-56,-31],[-119,32],[36,57]],[[3909,15077],[164,114],[14,42],[-52,37],[-16,40],[-82,41],[124,102],[18,52]],[[4079,15505],[116,-26],[51,-33],[107,59],[75,68],[64,-10],[55,18],[128,122],[57,24]],[[5023,15633],[87,-40],[-5,-52],[74,-38],[-43,-46],[46,-60],[57,-32],[20,-49],[-11,-62],[33,-20],[4,-52]],[[4782,15021],[-39,-41],[-91,-2],[-89,-41],[-57,-4],[-73,-46],[-109,-20]],[[31772,16296],[-127,27],[-203,-3],[-115,-17],[40,-86],[-73,-34],[-78,-131]],[[31216,16052],[-10,7],[-16,21],[-16,-19],[-3,3],[-5,3],[-9,10],[-9,9],[-4,-3],[-12,-6],[-11,0],[-13,-7],[-53,23],[-37,-35],[-74,11]],[[30944,16069],[-56,67]],[[30888,16136],[-1,8],[1,4],[14,6],[3,1],[2,3],[1,2],[0,3],[-2,8],[-4,-1],[-4,0],[-4,0],[-5,0],[-4,-1],[-9,1],[-5,1],[-19,-2],[-6,0],[-4,-1],[-8,1],[-11,-1],[-2,-1],[-8,1],[-5,-1],[-10,1],[-11,-2],[-5,-1],[-11,0],[-4,1],[-10,2],[-7,3],[-3,-1],[-8,2],[-7,1],[-10,0],[-8,-2],[-9,-2],[-4,-2],[-21,-3],[-5,0],[-4,1],[-13,-4],[-5,0],[-4,0],[-6,-1],[-6,-2],[-5,0],[-7,-1],[-5,0],[-26,-1],[-14,-2],[-21,-5],[-8,-1],[-7,-1],[-9,-2],[-2,0],[-8,-1],[-10,-3],[-8,-2],[-2,0],[-15,-3],[-11,-1],[-11,-2],[-8,-3],[-9,-1],[-14,-1],[-24,-4],[-29,-1],[-16,-1],[-6,-1],[-17,-4],[-9,-1],[-6,-2],[-2,-2],[-8,-1],[-3,0],[-15,-4],[-6,-2]],[[30296,16105],[-15,0],[-117,131],[-44,15],[-68,82]],[[25420,11024],[-76,-12],[-138,40]],[[24468,11481],[-3,57],[28,56],[121,83],[-59,73],[25,30],[-19,84],[31,26],[-5,45],[26,52],[123,30],[24,35]],[[24760,12052],[63,-40],[153,17],[94,44],[39,3],[87,43],[-40,24],[-4,41]],[[25152,12184],[89,-11]],[[25241,12173],[22,-47],[6,-5],[9,-3],[15,-26],[6,3],[67,18],[21,-2],[44,-25],[9,2],[30,0],[10,-5],[10,-9],[13,-6],[79,8],[7,7],[33,36]],[[25622,12119],[50,5],[108,-14],[136,-46],[61,-48],[96,-35],[-27,-26],[44,-32],[-27,-28]],[[26063,11895],[-34,-39],[24,-28],[34,-20],[12,-7],[1,1],[24,-13],[39,-19],[-6,-6],[6,-3],[32,-29],[3,-5],[1,-4],[2,-2],[5,-14]],[[26206,11707],[-184,-53],[-37,-35],[55,-55],[66,-40],[-115,-55],[-61,-45],[-71,-24],[-107,7],[-156,27],[-48,-10],[29,-83],[-71,-34],[-78,-17],[-33,-68],[34,-97],[-9,-101]],[[17839,13694],[-46,55],[-9,80],[-68,-2],[-147,21]],[[17569,13848],[-44,69],[71,16]],[[17596,13933],[129,27]],[[17725,13960],[4,-1],[12,-2],[32,3],[34,7],[6,1],[9,0],[32,-2],[4,-2],[-10,-26],[53,-57],[9,3],[1,-1],[8,3],[6,2],[32,9],[7,-21],[7,-85],[5,-12],[9,-21],[7,-17]],[[17992,13741],[-81,-69]],[[17911,13672],[-72,22]],[[24868,16187],[-58,230],[-100,42],[-11,23],[200,35],[123,-3],[133,-19],[54,-31],[145,98]],[[25354,16562],[90,60],[139,-6]],[[25583,16616],[-18,-23],[-3,-3],[-8,-6],[-40,-26],[-8,-6],[-19,-33],[-13,-21],[10,-12],[4,-4],[8,-4],[9,-11],[6,-7],[3,-4],[-22,-26],[10,1],[32,-35],[5,1],[3,-2],[5,3],[2,-2],[2,2],[1,1],[5,0],[3,2],[9,0],[6,2],[7,0],[6,-2],[10,6],[5,-2],[3,-1],[8,0],[5,-1],[7,2],[5,0],[3,10],[1,4],[3,-1],[4,3],[4,2],[4,-1],[0,3],[2,2],[7,4],[4,3],[4,1],[6,-2],[0,3],[3,-2],[-2,-2],[2,-1],[2,2],[1,4],[-2,3],[2,1],[3,-2],[4,1],[3,0],[2,2],[8,-2],[6,2],[13,1],[4,-1],[6,-1],[6,0],[6,2],[5,-5],[3,1],[3,4],[3,1],[4,-2],[2,1],[-2,2],[1,1],[10,1],[2,1],[4,-1],[5,0],[4,1],[5,-1],[12,3]],[[25801,16450],[1,-2],[7,-15],[13,-30],[1,-7],[8,-10],[5,-6],[2,-5],[-1,-3],[3,-10],[1,-11],[-1,-8],[-2,-11],[-1,-16],[0,-9],[-5,-17],[-4,-17],[0,-5],[-3,-5],[-2,-6],[-1,-6],[1,-6],[-2,-8],[8,-5],[14,-7],[12,-3],[10,-3],[24,-26]],[[25889,16193],[0,-5],[-1,-13],[-1,-7],[-3,-19],[-5,-4],[-4,-5],[-2,-3],[-2,-6],[-2,-2],[-11,-4],[-23,-25],[-7,-4],[-4,-1],[-7,-3],[-2,-1],[-6,-3],[-7,-4],[-7,-3],[-4,-1],[-13,-8],[-9,-9],[-6,-1],[-1,1],[-8,-6],[-7,-3],[-6,-1],[-2,0],[-6,-1],[-25,-12],[-12,-9],[-9,-8],[-9,-4],[-4,-4],[-44,-14],[-5,-3],[-4,-2],[-4,-2],[-4,-6],[-3,-3],[-2,-6],[-2,-8],[-3,0],[-4,-1],[-7,-3],[-1,-3]],[[25591,15964],[-31,6],[1,0],[-86,37],[-31,12],[-15,6],[-14,5],[-19,8],[-25,22],[-65,10],[-72,-18],[-32,-8],[-55,-9],[-11,-2],[-26,-4],[-6,1],[-8,0],[-9,-1],[-5,-1],[-4,0],[-8,-1],[-5,-1],[-17,-2],[-14,0],[-9,-1],[-16,-1],[-12,-1],[-12,-1],[-26,-1],[-12,-1],[-20,-1],[-12,0],[-10,-1]],[[24905,16016],[-40,125],[3,46]],[[30343,7496],[-4,76],[64,46],[145,-24],[77,119],[75,44],[22,46],[-25,66],[52,43],[20,83],[85,96],[75,54],[170,47],[37,225],[-136,-36],[-129,-10],[-53,7],[-145,64],[-74,-23],[-98,2]],[[30501,8421],[-28,94],[200,88],[165,85],[-18,28],[73,31]],[[30893,8747],[33,-3],[135,-62],[138,2],[144,27]],[[31343,8711],[-44,-45],[-10,-66],[117,8],[78,-15],[66,5],[104,40],[47,-32],[89,3]],[[31798,7649],[7,-12],[5,-9],[10,-21],[24,-70],[-6,-8],[-13,-16],[-55,-75],[-20,-26],[-6,-8],[-19,-22],[-13,-15],[-11,-13],[-10,-13],[-7,-8]],[[31684,7333],[-53,-13],[-13,-3],[-49,-15],[-25,-12],[-20,-9],[-6,-1],[-24,0],[-163,8],[-103,-9],[-6,-1],[-30,-12],[-13,-5],[-11,-4],[-19,-7],[-7,-2],[-15,1],[-5,1],[-12,1],[-24,8],[-5,3],[-7,3],[-5,3],[-7,5],[-2,2],[-9,3],[-8,3],[-11,3],[-3,0],[-6,0],[-10,6],[-9,1],[-20,0],[-17,-2],[-25,-4],[-6,-3],[-35,16],[-7,-5],[-4,-4],[-2,-25],[5,-6],[3,-7],[-2,-2],[-5,-1],[-3,0],[-6,2],[-1,-4],[-13,4],[-23,-1],[-5,6],[-2,2],[-14,-3],[-2,3],[-1,6],[-3,9],[-2,5],[0,7],[-1,9],[-43,-10],[-17,-8],[-44,-48]],[[9998,13140],[44,14],[65,57],[79,21],[107,-9],[55,16],[74,56],[58,67],[-67,32],[-31,-23],[-115,66],[96,91],[-67,54],[33,32],[-42,46],[-155,133],[-60,35]],[[10072,13828],[9,3],[14,0],[40,7],[13,5],[-3,4],[11,5],[5,0],[2,0],[2,1],[7,2],[0,2],[3,2],[6,2],[10,2],[5,4],[1,-1],[5,-2],[14,0],[8,0],[2,1],[10,-14],[75,-35],[14,5],[44,15],[8,4],[18,11]],[[10395,13851],[10,4],[61,22],[16,5],[27,15],[5,6],[2,4],[4,3],[8,6],[26,8],[7,0],[6,2],[-10,12],[-3,4],[1,3],[-9,9],[-11,12],[17,5],[-14,12],[3,1],[6,2],[17,6],[13,2],[3,0],[8,2],[8,1],[8,1],[1,1],[9,-1],[4,0],[7,2],[1,-4],[8,-1],[4,0],[9,-1],[6,0],[3,-2],[3,0],[4,1],[1,0],[14,1],[2,3],[4,0],[2,-1],[3,2],[2,-2],[16,3],[14,4],[10,4],[4,2],[24,7],[3,4],[9,4],[4,2],[8,2],[4,3],[4,3],[7,2],[11,-4],[4,-1],[16,-1],[11,2],[7,1],[9,1],[9,3],[2,5],[2,2],[3,3],[2,3],[8,3],[-2,3],[-8,6],[12,2],[20,-5]],[[10904,14059],[-10,-29],[150,-51],[-30,-65],[84,-25],[83,1],[84,30]],[[11265,13920],[12,-6],[6,-2],[8,-2],[2,2],[-2,4],[3,2],[2,0],[11,-2],[5,2],[6,3],[7,0],[4,0],[7,0],[3,-3],[4,-3],[3,0],[6,0],[27,2],[7,-1],[7,-1],[6,-8],[-3,-4],[0,-1],[3,-5],[13,-4],[9,-26],[-13,-4],[25,-42],[40,15],[15,-24],[-2,-15],[0,-3],[-4,-1],[3,-6],[3,-1],[1,-3],[-10,-9],[3,-4],[12,-7],[6,-4],[15,-8],[0,-3],[-5,-2],[-1,-2]],[[11509,13744],[53,-94]],[[11562,13650],[-89,-45],[-58,-54],[37,-32],[-57,-128],[-26,-2],[36,-110],[-93,-37]],[[11312,13242],[-125,79],[-123,6],[-50,-31],[-83,18],[-42,-19],[-17,-77]],[[10872,13218],[-27,10],[4,9],[-5,8],[-10,2],[0,-5],[-13,-13],[-11,-6],[-1,3],[-4,1],[-5,6],[1,3],[-6,2],[3,3],[-4,4],[-5,1],[-6,7],[-1,1],[-7,2],[-3,-1],[-4,1],[-4,-3],[-2,-3],[-12,2],[-6,1],[-12,11],[-7,7],[-7,5],[-5,1],[-47,-17],[-8,-4],[-1,-4],[-7,-5],[-46,-25],[-7,-4],[-14,-8],[-6,-3],[-2,-4],[-20,-20],[0,-2],[-3,-1],[-4,-3],[21,-3],[2,-3],[5,-9],[3,-4],[-11,1],[-7,3],[-4,-2],[-6,-4],[60,-32],[3,-2],[-23,1]],[[10591,13123],[-21,-24]],[[10570,13099],[-75,-8],[-4,-2],[3,-2],[0,-2],[-2,-4],[-8,-4],[-9,0],[-3,1],[-9,-4],[-3,1],[-2,0],[-9,-3],[-3,2],[-3,-2],[-9,-8],[-3,-2],[-4,0],[-20,-2],[-2,0],[-17,-10],[34,-18],[-18,-12]],[[13267,14570],[26,74],[126,91],[89,26],[34,48],[67,24],[86,-12],[17,41]],[[13712,14862],[60,-38],[177,-31],[47,11],[73,-46],[30,19],[-7,76],[32,14],[68,-20],[113,3],[152,-19],[57,7],[136,40]],[[14650,14878],[91,21]],[[14741,14899],[-17,-27],[69,-29]],[[14793,14843],[0,-6],[8,-3],[9,-5],[15,-16],[-2,-6],[-27,5],[-6,4],[-16,10],[-4,-1],[-5,-3],[-3,-3],[-7,-7],[-2,0],[-11,-13],[-8,1],[-17,-23],[0,-9],[1,-17],[20,-25],[-5,-2],[-17,-21],[-12,-3],[-23,-23],[6,-6],[17,-14],[8,-6],[23,-17],[-9,-8],[-3,-1],[-3,-5],[-5,-30]],[[14715,14590],[-6,-1]],[[14709,14589],[-11,0],[-5,-1],[-4,-2],[-6,-1],[-5,-1],[-26,3]],[[14652,14587],[-93,-22],[-141,18],[-102,-30],[-180,20],[-171,-47]],[[13965,14526],[-185,35],[-26,-15],[-5,-1],[-8,-1],[-4,-1],[-12,-5],[-7,-2],[-9,-2],[-13,-3],[-1,-2],[-11,-3],[-8,0],[-32,-12],[-11,-7],[-54,6],[-16,-7],[-85,25],[-10,-4],[-1,0]],[[13467,14527],[-82,42],[-51,-36],[-67,37]],[[605,16165],[196,79],[-62,18],[178,44],[266,103],[397,116]],[[1580,16525],[192,-204],[227,-5],[60,-45],[65,2],[1,-47],[34,-28],[-71,-23],[-20,-29],[-73,9],[-47,-31],[47,-48],[107,-47],[0,-37]],[[2102,15992],[-89,13],[-52,-19],[-139,-12],[2,-107],[-73,10],[-202,-32],[-6,65],[-139,19],[-154,-52],[-76,6],[-28,-21],[-117,19],[-158,8],[-34,-15]],[[4577,13132],[-105,-42],[-5,-2],[-12,-4],[-20,-6]],[[4435,13078],[-21,-5]],[[4414,13073],[-9,-3],[-7,-4],[-5,-1],[-15,-4],[-5,0],[-6,0],[-8,-1],[-5,-2],[-5,0],[-19,0],[-9,-1],[-14,-1],[-15,-2],[-19,-2],[-12,-3],[-7,-2],[-16,-4],[-7,-8],[-10,-7]],[[4221,13028],[-36,48],[-13,65],[-56,52],[14,19]],[[4130,13212],[29,33],[-8,10],[-4,8],[3,20],[5,3],[4,5],[1,6],[0,7],[1,5],[12,-7],[31,-9],[16,-4],[12,-3],[17,-5],[31,-18],[1,-9],[2,-1],[15,-7],[15,-4],[0,10],[5,25],[3,16],[0,7],[1,3],[9,2],[8,18],[9,13],[4,11],[-1,9],[-1,13],[-3,12],[-3,20],[-2,20],[-161,48],[-11,3],[-9,3],[-12,3],[-57,45]],[[4092,13523],[0,3]],[[4092,13526],[19,-4],[-2,11],[-1,6],[-5,9],[-4,6],[-3,11],[-6,9],[-33,56],[-4,2],[-1,1],[-5,2],[-30,3],[-7,1],[-4,5],[-3,8],[3,6],[-5,9],[-4,5],[-4,5],[-3,4],[-10,26],[-4,1],[1,6],[4,3],[5,6],[-1,3]],[[3985,13726],[84,63],[93,-9],[139,20],[33,38],[-23,29],[-21,110],[-22,53],[53,47],[76,-2],[44,17],[45,96]],[[4486,14188],[131,32],[36,19],[218,27],[139,50],[42,-48],[53,-21],[101,17]],[[5206,14264],[38,-65]],[[5244,14199],[-18,-33],[-103,-51],[-64,-74],[-69,-44],[-98,-23],[-25,-60],[8,-59],[80,-67],[26,-44],[42,11],[61,-65],[42,-3],[53,-53],[65,-25],[39,-42]],[[5283,13567],[-259,-119],[18,-39],[-56,-55],[-74,15],[-43,-37],[-72,-22],[-12,-28],[-161,-41],[-48,-27],[1,-82]],[[5283,13567],[107,-106],[64,-2],[16,-29],[141,-22]],[[5636,13349],[15,-38],[5,-142],[-61,-84],[-95,-31],[-51,4],[-56,-26],[73,-124],[107,-90]],[[5573,12818],[-84,-49],[-83,-16],[-210,81],[-92,-11],[-107,-35],[-53,-58],[-118,8],[-50,26]],[[4776,12764],[3,3],[4,1],[8,10],[5,3],[7,7],[-2,1],[6,6],[2,0],[3,2],[5,2],[3,-1],[5,4],[6,1],[2,0],[14,4],[4,2],[4,0],[-1,2],[4,-1],[11,1],[5,2],[6,0],[1,2],[1,13],[-2,2],[-7,-1],[-3,2],[-2,-1],[-6,0],[-1,-2],[-5,0],[-1,1],[-3,3],[-4,1],[0,2],[-3,2],[-6,2],[-6,2],[-11,7],[-8,4],[-9,3],[-1,-1],[-4,2],[-3,-2],[-9,-2],[-5,-1],[-4,0],[-5,-2],[-4,1],[-3,4],[-2,3],[-8,2],[-2,1],[-3,1],[-11,5],[-9,-2],[-3,1],[-1,-1],[-6,-2],[-6,6],[0,1],[4,3],[2,4],[2,3],[-6,8],[-3,4],[3,5],[0,5],[-1,10],[4,6],[3,4],[10,6],[-2,3],[-10,5],[-5,4],[-44,40],[27,51],[10,7],[24,21],[-11,17],[-20,25],[-4,2],[-18,5],[-26,6],[-42,-2],[-4,7],[-10,8],[-6,0],[-6,9],[-10,-3]],[[36509,10236],[144,8]],[[36659,10247],[11,-47],[142,-158],[-8,-36],[46,-33],[37,26],[118,22],[99,41],[45,-44],[62,-1],[73,55],[51,-23],[69,9],[34,-42]],[[37438,10016],[4,-7],[20,-16],[29,-16],[23,-21],[85,-89],[-2,-5],[0,-1],[7,-9],[-12,-38],[-2,-59],[-4,-45],[-102,-63],[-3,-3],[-12,-4],[-8,-6],[-3,1],[-1,-1],[-8,-2],[-3,-1],[-2,0],[-3,-2],[-1,0],[-2,-3],[-3,-3],[-4,-2],[-2,0],[-3,-1],[-4,-2],[-1,-2],[-3,0],[-2,-3],[-5,-1],[-11,-1],[-4,-1],[-9,4],[-4,0],[-2,2],[-3,1],[-1,1],[-7,4],[-6,5],[-1,4],[1,2],[0,4],[-1,1],[1,6],[-1,1],[3,2],[-100,-5],[-13,-10],[-24,-20],[-20,-13],[-6,-6],[-9,-6],[-11,-12],[-26,-27],[-16,-15],[-26,-38],[-7,-17],[-9,-9],[-9,-8],[-17,-17],[-14,-14],[-30,-27],[-17,-15],[-14,-13],[7,-14],[-2,-27],[-13,-15],[5,-39],[5,0],[13,8],[4,2],[7,0],[5,1]],[[37029,9291],[-117,-110],[-31,-77],[1,-75],[-28,-32],[-73,-26]],[[36781,8971],[-11,6],[-14,8],[-10,6],[-15,-3],[-5,-1],[-2,2],[-4,2],[-18,-5],[-8,0],[-11,0],[-15,-2],[-39,-14],[-11,-2],[-50,40]],[[36568,9008],[-12,3]],[[36556,9011],[-3,2],[-10,24],[-7,1],[-8,-2],[-2,1],[-5,-2],[-6,-1],[-5,-1],[-3,2],[-6,-2],[-6,2],[-6,-4],[-6,-2],[-5,-2],[2,-2],[-8,0],[-55,52],[-1,0],[-5,-1],[-7,-2]],[[22672,18472],[192,1],[307,-52],[376,-29]],[[23474,18285],[-118,-1],[-59,-68],[13,-42],[-49,-76],[-289,-86],[-9,-61]],[[18190,15871],[-48,20],[-78,63],[-75,24]],[[18219,16089],[161,-21],[70,-19],[116,-59],[65,-58],[-13,-24],[-90,16],[-89,-90]],[[18439,15834],[-194,22],[-55,15]],[[12574,16916],[-59,-25],[-207,17],[-75,32]],[[12233,16940],[42,18],[-15,18],[-1,19],[5,3],[9,4],[5,2],[8,8],[3,4],[24,-1],[1,2],[1,2],[33,9],[2,3],[2,1],[3,6],[5,5],[7,4],[7,4],[-7,4],[22,52],[1,11],[2,5],[9,15],[9,12],[11,8],[69,10],[6,2]],[[12496,17170],[141,-42],[56,27],[106,-36],[57,2],[94,44],[59,-17],[139,-10]],[[13148,17138],[-41,-34],[-17,-11],[-3,-2],[-30,-17],[-41,-29],[-6,-2],[0,-2],[-37,-35],[-12,-16],[-51,-47],[34,-90]],[[12944,16853],[-77,37],[-82,-13],[-162,-25],[1,33]],[[12624,16885],[-9,5]],[[12615,16890],[-16,4],[-9,4],[-5,3],[-5,5],[-4,5],[-2,5]],[[18594,6255],[-2,2],[-3,2],[-4,1],[-2,1],[1,1],[-1,2],[-2,1],[1,1],[-5,-1],[-2,2],[-4,3],[3,2],[-2,3],[3,1],[0,2],[1,2],[-4,4],[-2,0],[0,3],[-4,1],[4,1],[0,2],[-4,0],[-3,4],[1,1],[-3,3],[-4,2],[0,3],[-6,-1],[-1,0],[-7,1],[-4,3],[-3,-1],[-7,3],[1,1],[-3,4],[1,4],[1,2],[-40,6],[-5,3],[-10,8],[0,7],[-12,25],[-12,2],[15,67],[4,5],[-33,88],[-63,26],[-3,0],[-6,-1],[-6,-1],[-38,42],[-35,2],[-44,-3],[-8,14],[-16,95],[-6,11],[-6,13],[-2,8]],[[18203,6737],[149,35],[104,52],[64,16],[42,47],[-21,78],[-60,67],[45,43],[-19,60],[55,71],[-32,34],[67,118],[-71,1],[22,61],[108,-23],[68,27]],[[18724,7424],[6,5],[7,-1],[4,-2],[5,0],[8,1],[2,2],[4,5],[2,-1],[9,-5],[5,-2],[8,1],[4,-1],[12,1],[2,0],[19,-5],[-9,-13],[-9,-7],[-4,-34],[0,-2],[17,-3],[4,-2],[8,-4],[9,-3],[12,-3],[-1,-4],[3,-3],[9,-2],[3,-2],[2,1],[7,-2],[6,-2],[3,-3],[2,-5],[30,-5],[9,2],[19,1],[2,-3],[10,-4],[13,-2],[14,-2],[9,-4],[13,-11],[1,-2],[4,-4],[7,2]],[[19014,7297],[27,28],[61,-1],[59,-30],[107,-14],[29,-87],[115,7]],[[19412,7200],[50,-96],[75,-65],[112,10],[88,37],[-16,-71],[11,-111],[-75,-14],[-43,-68],[-61,-22],[11,-55],[-88,-67],[11,-51],[-28,-46],[-42,-23],[-13,-68],[-55,-47],[2,-23]],[[10991,12250],[22,159],[164,87],[9,75],[83,8],[53,53],[-40,35],[79,30],[1,37]],[[11362,12734],[4,9],[3,7],[8,-4],[6,-3],[5,-3],[6,2],[6,4],[11,9],[6,-5],[26,-7],[7,3],[9,6],[1,3],[3,3],[2,0],[7,5]],[[11472,12763],[27,-34],[-16,-40],[20,-142],[37,-19],[-1,-53],[140,-93],[43,7],[75,-20],[58,7],[181,-55]],[[12036,12321],[8,-2],[10,-4],[9,-5],[9,-4],[6,-3],[10,-8],[3,-5],[17,-10],[14,-5],[9,-3],[12,-3],[-2,-7],[-3,-6],[-1,-7],[-1,-16],[6,-1],[11,-1],[12,-5],[4,1],[6,-1],[7,1],[5,0],[17,4],[2,-2],[5,-3],[2,-7],[0,-3],[1,-4],[1,-3],[-4,-2],[-15,-9],[12,-14],[6,-9],[6,-12],[2,-2],[-4,-5],[-1,-8],[-3,-6],[4,-5],[4,-8],[0,-3],[-4,-5],[-4,-3],[24,-24]],[[12238,12094],[10,-9],[6,-5]],[[12254,12080],[-8,0],[-2,-1],[-6,0],[-2,-4],[-4,-3],[-6,-5],[-4,-9],[-4,-3],[-3,-2],[-3,-8],[1,-3],[5,-9],[-4,-7],[-2,-3],[-5,-6],[-9,-4],[-9,-3],[-2,-3],[-2,-6],[-8,-9],[-1,-1],[-8,-7]],[[12168,11984],[-4,7],[-41,4],[-26,-5],[4,-19],[-18,-5],[-7,-1],[8,-45],[5,-7],[6,-6],[3,-7],[2,-3],[23,-8],[10,-5],[-2,-2],[-2,-2],[-9,-4],[-3,-1],[-11,-3],[-5,0],[-5,-1],[-7,-3],[-10,0],[-3,-1],[-3,-1],[-6,4],[-9,-1],[-2,1],[-4,-3],[-2,-1],[-6,1],[-12,2],[-8,1],[-2,1],[-4,-1],[-15,7],[-5,3],[-2,1],[-2,2],[-7,1],[-1,2],[-4,1],[-5,-1],[-7,0],[-2,1],[-5,-1],[-3,0],[-16,-2],[-8,-3],[-1,1],[-3,-2],[-4,1],[-3,4],[-6,2],[-1,1],[-7,1],[-3,1],[-2,-1],[-6,1],[-4,-4],[-5,-1],[-15,-1],[-5,3],[-2,2],[1,1],[-7,1],[-1,1],[-2,3],[-9,2],[-5,-1],[-4,1],[-5,-1],[-3,1],[-3,-2]],[[11831,11895],[-81,62],[-104,30],[-106,-26],[-88,7],[-52,-23],[-122,0],[-1,33],[111,80],[-66,13]],[[11322,12071],[-17,-1],[-13,-1],[-5,0],[-10,2],[-18,2],[-16,0],[-7,2],[-9,1],[-33,1],[-10,0],[-24,2],[-34,8],[-4,4],[-4,3],[-6,2],[-15,1],[-19,4],[-7,2],[-7,3],[-11,6],[-9,4],[-26,20],[-10,5],[-4,3]],[[11004,12144],[-10,8]],[[10994,12152],[3,1],[12,5],[1,5],[7,2],[7,-1],[3,3],[5,2],[1,1],[0,3],[8,6],[8,2],[1,1],[6,2],[5,1],[-1,3],[-15,2],[-5,1],[-10,0],[-9,1],[-6,1],[-4,2],[-12,-1],[-14,2],[-7,0],[-7,11],[8,6],[8,12],[3,5],[1,4],[3,8],[2,6],[2,2],[-7,0]],[[21499,12945],[2,54],[173,38],[-20,71],[59,4],[95,6],[142,9],[-7,50],[-47,83],[14,6],[68,-10],[4,16],[34,64],[-11,9],[-8,5],[18,-1],[28,16],[10,0],[-10,14],[-2,7],[-10,8],[-5,5],[-8,16],[-1,11],[-5,14],[-1,6],[-4,8]],[[22007,13454],[-27,34],[-3,7],[-4,16],[-13,19],[-3,5],[-1,4],[-4,13],[1,6],[-4,12],[-7,16],[-2,3],[-4,4],[46,32],[6,5],[3,3],[10,6],[10,6],[29,23],[8,6],[37,27],[3,6],[5,11],[13,11],[2,5],[8,2]],[[22116,13736],[1,1],[11,9]],[[22128,13746],[19,2],[9,1],[16,5],[7,2],[8,1]],[[22187,13757],[5,0],[11,3],[40,7],[5,6],[27,3],[7,0],[35,-26],[4,-2],[10,-12],[3,-5],[0,-8],[118,-52],[50,-66],[23,-4],[0,2],[5,-1],[2,2],[3,0],[5,1],[1,1],[16,0],[9,0],[11,1],[4,0],[4,2],[5,1],[3,1],[6,1],[0,1],[6,2],[3,1],[6,2],[5,2],[7,0],[1,-2],[-1,-2],[2,-1],[29,-41],[10,-16],[10,26],[1,7],[1,8],[-12,20],[4,1],[6,0],[11,-8]],[[22688,13612],[25,-62],[-15,-62],[-54,-5],[-5,-57],[78,-22],[-62,-32],[14,-29],[-54,-27],[18,-38],[-14,-59],[31,-49],[95,-58],[37,-50],[-168,-45],[-62,-35]],[[22552,12982],[-58,32],[-64,7],[-176,47],[-66,26],[-125,4],[-77,-49],[-161,-11],[40,-33],[-84,-47],[-39,-42],[-60,46],[-106,-41]],[[23657,17878],[37,18]],[[24397,17857],[112,15],[116,-15],[35,-27],[117,-43]],[[24813,17447],[-73,-35],[-17,-36],[-61,3],[-37,-34],[-63,15],[-195,-84],[-51,-64],[-77,-27],[-101,-5],[-329,-125],[-120,-38],[-116,-5],[-39,-17]],[[20252,15436],[13,6],[28,-11],[15,9],[4,3],[4,2],[0,6],[0,2],[0,5],[-2,3],[-1,4],[-3,5],[2,4],[1,1],[-3,1],[11,6],[5,3],[3,2],[1,3],[5,3],[1,2],[7,-1],[5,0],[4,1],[21,2],[16,-3],[29,0],[3,3],[-1,1],[7,1],[3,0],[1,5],[1,5],[10,5],[8,1],[4,2],[3,0],[7,4],[7,2],[7,0],[6,1],[0,2],[6,2],[11,-1],[6,-1],[1,3],[4,0],[2,1],[4,3],[3,-1],[10,-2],[4,0],[7,8],[11,-1],[12,7],[10,2],[6,2],[11,8],[8,5],[1,1],[14,8],[14,-4],[19,8],[-6,53],[31,20],[-5,4],[7,4],[-12,6],[-25,16],[3,2],[-3,26],[18,15],[4,4],[5,6],[-7,2],[-28,11],[-8,4],[-14,9],[-5,4],[-16,20]],[[20587,15780],[111,54],[12,62],[127,-48],[-37,-42],[107,-52],[41,42]],[[20948,15796],[109,2],[74,-17],[112,9],[76,45]],[[21319,15835],[6,-2],[4,7],[9,5],[7,4],[10,2],[6,0],[34,-12]],[[21395,15839],[5,-3]],[[21400,15836],[-15,-7],[-11,-8],[-4,-3],[1,-2],[-2,-7],[-2,-2],[8,-1],[30,-4],[-1,-11],[4,-4],[7,-7],[2,-1],[3,-5],[16,2],[2,-6],[7,-7],[6,-2],[25,-3],[4,-3],[-19,-26],[-3,-4],[-10,-4],[-11,-2],[-2,-11],[2,-6],[2,-10],[21,-8],[-1,-2],[-7,-3],[-5,-2],[-4,-1],[-14,-4],[-3,-5],[-4,-3],[-9,-17],[-5,-14],[-14,-16],[-13,-11],[-9,-5],[-5,-4],[-6,-9],[61,-78],[-9,-37]],[[21413,15473],[-24,-1]],[[21389,15472],[-52,0],[-17,0],[-50,-4],[-26,-3],[-21,-4],[-12,-5],[-19,-37],[-9,-22],[6,-34],[7,-3],[-3,-13],[17,-2],[94,-25],[27,6],[-2,-10],[15,-19],[92,20],[5,-49]],[[21441,15268],[-147,-40],[-90,-14],[-136,10],[-134,-25]],[[15512,15691],[-103,77],[16,62],[-87,83],[-99,-29],[-49,146],[-18,15]],[[15172,16045],[58,15],[32,46],[85,-68],[61,15],[-23,-72],[38,-44],[43,43],[259,87],[39,-32],[41,45],[41,-47],[50,-8],[9,45],[99,9]],[[16345,16039],[-24,-32],[-8,-80],[23,-20],[126,-47],[20,-64],[-34,-145],[24,-32],[87,-15]],[[16559,15604],[21,-22],[-112,-78],[20,-80]],[[16488,15424],[-6,-51]],[[16482,15373],[-25,-22],[-128,9],[-91,64],[-70,100],[-68,4],[55,57],[-48,20],[-83,-12],[-133,28],[2,35],[-66,31],[-67,-9],[-37,26],[-53,-22],[-19,69],[-84,-18],[-55,-42]],[[2649,14844],[-72,-14],[-100,106],[-50,68],[2,32],[-124,113],[-12,49]],[[2293,15198],[-6,4],[-6,5],[-8,2],[-5,5],[3,4],[0,2],[-5,1],[-1,2],[5,6],[7,6],[-8,7],[-2,4],[-8,13],[-6,4],[-6,5],[0,2],[1,2],[1,3],[-5,5],[-6,2],[-2,2],[-1,3],[0,9],[-5,5],[-3,3],[-5,-1],[-4,6],[-5,9],[-9,2],[-8,4],[17,15],[-16,9],[0,4],[8,6],[6,5],[-1,1],[-3,3],[-7,3],[-13,2],[-7,1],[-8,2],[-4,0],[-10,0],[-5,0],[-15,1],[-9,1],[-19,1],[-8,-1],[-16,4],[-7,1],[-9,0],[-20,1],[-11,3],[-8,4],[-3,3],[-4,4],[-6,2],[36,28],[-9,8],[-4,5],[6,3],[7,2],[10,3],[2,5],[3,4],[1,1]],[[2070,15458],[206,108],[64,84],[15,40],[-58,48],[0,75],[-45,36],[-2,45]],[[2250,15894],[79,47],[104,12],[90,50],[110,15],[120,42],[42,-9]],[[2795,16051],[41,-59],[65,-17],[92,7],[-21,30],[58,18],[22,36],[69,22],[151,12],[19,29],[83,16],[125,43],[81,-9]],[[3580,16179],[157,-60],[149,-81],[99,-102],[-68,-41],[0,-55],[52,-48],[80,-20],[51,-47],[-80,-24],[-27,-39],[25,-32],[-14,-73],[75,-52]],[[3909,15077],[-37,28],[-107,-36],[-50,42],[-69,-17],[-226,-109],[-91,-96],[-24,-65],[-80,25],[-60,-49],[-57,-16],[-102,67],[-70,-15],[-52,52],[-123,51],[-112,-95]],[[24172,9450],[18,-3],[12,-1],[10,0],[11,2],[10,1],[5,0],[19,0],[4,5],[7,14],[2,8],[1,4],[5,8],[4,5],[4,6],[5,6],[-5,9],[-4,3],[-26,26]],[[25589,9502],[13,-54],[49,-36],[-125,-51],[-177,-60],[185,-72],[92,9],[169,-142],[90,66],[62,-52],[78,21],[-1,-57],[-72,-28],[5,-28],[-53,-27],[65,-74],[-82,-55]],[[25887,8862],[-50,-37],[-22,-8],[-8,-5],[-19,-5],[-4,0],[-5,3],[-8,10],[-16,11],[1,2],[-55,-10],[-8,-1],[-8,-5],[-4,-4],[-16,-7],[-10,-3],[-8,-3],[-21,-9],[-21,-9],[-9,-3],[-37,-19]],[[25559,8760],[-43,36],[38,45],[-19,58],[0,3],[-18,21],[-2,2],[-10,12],[-11,14],[-29,-18],[-17,-11],[-19,-6],[-9,-2],[-16,-8],[-6,-4],[-34,-16],[-7,-2],[-10,13],[-8,2],[-6,3],[-10,9],[-20,19],[-7,5],[-10,24],[-9,2],[-58,-17],[-21,-5],[-40,-16],[-9,-5],[-47,-7]],[[25102,8911],[-28,-10]],[[25074,8901],[-2,1],[-14,12],[-10,10]],[[25048,8924],[-2,1]],[[25046,8925],[-62,75],[-10,6],[-4,3],[-9,7],[-5,4],[-7,2],[-2,3],[-13,5],[-2,1],[-1,4],[-6,8]],[[24925,9043],[-7,6]],[[24918,9049],[-12,26],[-2,3],[-11,3],[-2,3],[-13,2],[-2,2],[-1,5],[1,6],[-13,19],[-7,5],[-6,2],[-2,3],[-13,6],[-4,3],[-7,3],[-40,15],[2,2],[-4,5],[-9,10],[-7,3],[-7,8],[-13,14],[-3,2],[-4,-3],[-7,-4],[-5,0],[-14,-3],[-9,-3],[-5,-1],[-8,-5],[-8,-3],[-8,-5],[-2,-2],[-5,-5],[0,-3],[-7,-5],[-1,-4],[-2,-1],[0,-3],[1,-3],[-1,-1],[1,-4],[1,-3],[0,-3],[5,-5],[-1,-3],[-1,-4],[-2,-4],[-4,-3],[-77,-6],[-49,-3],[-77,2],[-3,-1],[-6,3],[-6,1],[-29,10]],[[24410,9122],[13,44],[-67,27],[-84,92],[79,51],[-49,42],[-130,72]],[[20453,13211],[15,12],[5,5],[4,0],[13,4],[6,4],[10,2],[10,4],[13,3],[0,4],[8,6],[-3,4],[-2,3],[-1,8],[-2,3],[-7,4],[-2,0],[-10,34],[5,2],[4,2],[8,5],[4,5],[7,7],[17,14],[6,3],[3,2],[5,2],[2,1],[8,7],[6,3],[16,8],[10,4],[25,-27],[4,-4],[56,-9],[12,2],[34,9],[22,-15],[11,-6]],[[20775,13326],[44,-14],[73,40],[147,-16]],[[21039,13336],[5,-8],[-2,-4],[-8,-10],[-1,-1],[-14,-9],[2,-2],[5,-1],[9,2],[3,0],[1,-2],[-1,-4],[-5,-1],[-5,1],[-11,-1],[1,-2],[9,-5],[2,-3],[-3,-4],[-2,0],[-7,3],[-5,1],[-9,-7],[-3,-1],[1,-2],[2,-10],[1,-2],[3,-7],[3,-1],[-3,-7],[1,-2],[2,0],[4,0],[3,0],[-1,-3],[-7,-6],[1,-2],[4,-3],[4,-3],[3,0],[11,2],[1,-2],[-5,-4],[0,-10],[3,-1],[3,1],[5,0],[4,-8],[1,-3],[3,-4],[0,-3]],[[21047,13198],[-7,-1]],[[21040,13197],[-6,-2],[-16,-4],[1,-13],[-6,-5],[-2,-3],[-6,-4],[-10,-11],[-6,-11],[-2,-4],[-15,-5],[-12,-7],[-7,-3],[-13,-4],[-25,-34],[-6,-8],[1,-13],[6,-9],[-2,-5],[1,-4],[-3,-11],[0,-4],[1,-7],[1,-5],[-4,-11],[9,0],[11,5],[9,4],[9,15],[58,-19]],[[20790,12461],[-116,-16],[-2,2],[-26,-8],[-43,24],[-33,20],[3,19],[7,2],[5,0],[-3,5],[0,2],[1,4],[-2,14],[4,5],[4,2],[5,4],[4,5],[-1,4],[-1,7],[1,7],[1,8],[0,4],[0,7],[-2,4],[-5,2],[-3,2],[-5,2],[-6,10],[-3,5],[-8,10],[6,3],[5,17],[-2,2],[-3,3],[0,3],[-2,3],[1,1],[0,3],[1,1],[-8,7],[-5,3]],[[20559,12663],[79,21],[71,67],[-40,22],[-173,-2],[-149,90],[-91,10],[-84,27],[-33,45],[64,17],[105,76],[-45,79]],[[24399,3456],[-74,90],[48,45],[-37,22],[-82,84],[-126,93],[-95,19],[-105,56],[-19,109],[130,30],[-18,33],[41,29],[53,72],[-51,58],[-46,0]],[[24018,4196],[50,37],[10,36],[118,65],[129,28],[32,53],[-7,60],[88,25],[99,45],[5,84],[-21,59],[132,43],[20,22],[-65,41],[-62,1],[-5,58],[-38,55],[57,47],[-2,55],[-88,91],[-27,46],[49,43]],[[24492,5190],[76,-39],[-38,-50],[56,-23],[99,-79],[23,-50],[-49,-28],[0,-64],[119,-53],[117,8],[139,34],[49,48],[32,-33],[76,10],[33,-20],[40,-90],[150,-67],[91,-53],[79,1]],[[25584,4642],[7,-7],[11,0],[5,-17],[-7,-13],[-2,-3],[1,-6],[-3,-8],[0,-2],[5,-6],[2,-3],[1,-7],[0,-7],[3,-7],[4,-18],[-1,-12],[3,-9],[2,-8],[-1,-9],[-1,-6],[-4,-4],[-7,-9],[-6,-4],[-11,-10],[-4,-3],[-3,-3],[-3,-18],[0,-9],[-5,-24],[0,-12],[9,-12],[9,-9],[13,-21],[9,-8],[42,-27],[20,-8],[8,-4],[5,-4],[4,-5],[2,-3],[0,-4],[2,-4],[0,-4],[-3,-4],[5,-5],[11,-9],[2,1],[7,0],[5,1],[5,-1],[5,1],[9,-3],[2,-2],[4,-1],[5,-1],[6,-1],[4,0],[6,0],[7,0],[7,-2],[2,-1],[-1,-2],[2,-3],[-2,-1],[-5,-3],[-3,0]],[[25773,4249],[-4,-1]],[[25769,4248],[-55,-21],[-142,5],[-72,-18],[-95,-55],[-97,-7],[-56,-51],[-18,-61],[-73,-40],[-103,-1],[-48,-49],[59,-41],[144,-16],[-65,-49],[-70,-21],[-117,-66],[-111,-22],[-6,-52],[-129,-75],[-143,-19]],[[24572,3589],[-4,-2],[-5,-4],[-19,-20],[0,-5],[-62,-3],[-10,-54],[-1,-2],[-8,-8],[-5,-5],[-7,-4],[-1,-1],[-7,-4],[-4,-2],[-2,-4],[-3,-3],[-3,-6],[-2,0],[-7,-5],[-5,0],[-4,1],[-3,-1],[-7,-1],[-4,0]],[[25763,14601],[-91,24],[71,33],[9,63],[229,75],[-34,60],[-57,44],[13,18],[-55,44],[-17,42]],[[25831,15004],[-4,20],[-8,10],[-2,20],[-9,14],[-14,54],[7,3],[-13,14],[-23,37],[-3,1],[-1,2],[-9,16],[-4,7],[-7,14],[-1,3],[20,7],[7,4],[2,1],[92,41],[-24,-63],[16,-20],[4,-3],[20,-5],[31,1],[24,6],[29,7],[32,7],[49,21],[7,2],[13,6],[2,4],[13,6],[6,1],[26,8],[59,14],[16,5]],[[26184,15269],[9,-3],[15,-6],[92,-38],[10,-5],[7,-3],[7,-3],[11,-8],[21,-11],[2,-1],[5,1],[3,2],[3,-1],[6,2],[-1,2],[3,2],[-5,4],[6,1],[-1,6],[4,1],[8,2],[5,0],[1,5],[19,10],[0,3],[3,1],[3,1],[-2,2],[3,4],[0,1],[-3,1],[-2,2],[-3,1],[7,6],[-2,3],[4,0],[1,1],[-2,2],[8,1],[-2,2],[1,1],[4,0],[2,1],[-1,3],[2,2],[0,2],[4,-1],[3,2],[4,4],[0,3],[4,-1],[1,3],[3,-2],[3,0],[1,1],[2,-1],[4,2],[0,2],[0,5],[8,0],[0,4],[5,0],[4,-2],[4,-1],[6,0],[3,3],[7,2],[10,4],[6,2],[8,-3],[2,1],[3,0],[2,1],[4,-1],[4,0],[3,4],[3,0],[4,2],[6,2],[2,3],[5,4],[5,4],[8,2],[4,1],[7,2],[4,-1],[2,6],[3,3],[10,3],[1,2],[11,13],[2,3],[0,5],[-3,5],[1,2],[7,12],[-2,6],[0,3]],[[26623,15381],[-2,10]],[[26621,15391],[-4,2],[-5,0],[-2,2],[-1,6],[-2,4],[-3,2],[-3,7],[-2,2],[-2,5],[13,11],[5,3],[10,6],[10,-11],[-12,-10],[7,-8],[12,-16],[28,-9],[12,2],[29,-14],[4,1],[11,2],[4,-1],[3,0],[-1,2],[4,1],[10,-7],[7,4],[70,-12],[15,-29]],[[26838,15336],[79,-95],[75,-65],[124,-44],[-29,-29],[-109,-47],[-98,-13],[109,-108],[-20,-17],[65,-89]],[[27034,14829],[48,-76]],[[27082,14753],[-71,-11],[-18,-15],[-20,-15],[-2,-9],[0,-21],[-3,0],[-15,-3],[-4,0],[-10,0],[-3,-1]],[[26936,14678],[-124,10]],[[26812,14688],[-61,-2],[-165,49],[-112,-8],[-25,11],[-108,-22],[-87,-5],[-83,-23],[-208,-80],[-44,6],[-67,-25],[-89,12]],[[26669,10778],[-49,36],[65,50],[-46,84],[-52,-20],[-71,-2],[1,47]],[[26517,10973],[1,39],[8,-2],[6,4],[4,10],[0,5],[-21,1],[-3,13],[-2,5],[-2,0],[-12,0],[-4,-2],[-3,1],[-2,6],[-1,3],[12,4],[14,4],[19,1],[7,3],[-1,5],[7,-1],[9,20],[5,3],[37,28],[-84,80],[-13,13],[-10,10]],[[26488,11226],[12,6]],[[26500,11232],[3,26],[39,27],[12,10]],[[26554,11295],[57,30],[68,-49],[82,-10],[43,-26],[133,36],[123,-31],[14,-34],[108,-25]],[[27182,11186],[11,-23],[-82,-137],[34,-42],[132,12],[85,18],[103,53],[55,-23],[-35,-61],[75,-54],[-86,-40],[53,-62],[-13,-29]],[[27514,10798],[-64,-32],[-11,-51],[25,-34],[-70,-65],[4,-28],[-119,-48],[-36,6]],[[15177,13575],[53,42],[21,67]],[[15251,13684],[7,6],[21,13],[1,4],[5,23],[6,1],[11,-5],[5,-3],[2,0],[5,-2],[1,1],[7,-1],[3,1],[-1,2],[8,10],[3,2],[5,0],[0,-3],[7,-1],[2,4],[4,2],[10,2],[6,-4],[7,1],[6,1],[6,1],[7,5],[2,2],[2,5],[6,6],[20,16],[2,5],[2,4],[6,7],[2,4],[1,3],[1,4],[-3,1],[-16,-5],[-4,1],[-2,1],[1,4],[-5,6],[-1,2],[7,3],[5,0],[3,1],[-2,4],[1,2],[7,1],[2,2],[10,13],[-4,3],[-6,0],[2,3],[5,0],[6,-1],[3,4],[0,6],[5,0],[3,2],[3,5],[8,9],[-3,2],[-10,3],[6,5],[-1,2],[2,21],[12,7],[3,3],[5,6]],[[15481,13916],[73,-35],[94,-9]],[[15648,13872],[8,-18],[2,-1],[-3,-2],[2,-1],[0,-2],[-2,-2],[2,-1],[-2,-2],[2,-5],[2,-2],[1,-3],[-1,-2],[2,-1],[1,-2],[6,-2],[2,-8],[4,-8],[-1,-1],[0,-4],[2,-3],[-3,-3],[0,-3],[2,-1],[-3,-3],[1,-4],[-3,-5],[2,0],[4,-3],[1,-2],[3,0],[1,-2],[3,-1],[4,-3],[1,-2],[5,-2],[4,-1],[0,-3],[4,-2],[0,-1],[3,-3],[-1,-4],[3,-2],[3,0]],[[15709,13752],[3,-4]],[[15712,13748],[1,0],[8,-5],[7,0],[2,-4],[5,1],[-1,-2],[4,-2],[18,-12],[0,-3],[-2,-2],[3,-2],[2,-1],[2,-5],[-2,-3],[3,-3],[2,-5],[-7,-17],[0,-2],[1,-6],[-6,-5],[-1,-1],[-5,-4],[-4,-9],[16,-11],[1,-1],[20,-13],[6,-7],[3,-3],[2,-1],[10,-5],[27,-11],[4,-2],[5,-1],[9,-4],[5,-1]],[[15850,13596],[-9,-5],[-15,-6],[-14,-5],[-66,-8],[-7,8],[-34,-5],[-1,-2],[-55,-10],[-4,1],[-13,-19],[-3,-5],[1,-7],[-61,-1]],[[15569,13532],[-6,10]],[[15563,13542],[-12,12],[-4,7],[-12,8],[-2,4],[-1,3],[-2,1],[-4,3],[-5,5],[-3,1],[-8,0],[-4,0],[-7,-1],[-2,-6],[-11,-6],[-15,4],[-7,1],[-13,0],[-6,3],[0,3],[-22,-3],[-14,2],[-97,-23],[-7,-4],[-11,-2],[-4,-4],[-1,0],[-10,-5],[-5,2],[-3,2],[-23,3],[-11,3],[-32,9],[2,3],[-30,8]],[[17036,13204],[-11,19]],[[17025,13223],[26,15]],[[17051,13238],[12,8],[32,25],[47,41],[-5,3],[-2,29],[-3,5],[43,38],[91,3],[9,0],[4,0],[27,-1],[1,2],[-1,6],[7,6],[4,4],[2,7],[4,0],[7,-1],[9,3],[7,-3],[6,-3],[8,-3],[3,-1],[5,-1],[5,0],[12,1],[8,0],[16,-1],[7,0],[-1,10],[0,3],[15,47],[2,1],[2,10],[-1,4]],[[17433,13480],[84,0],[38,21],[135,29],[204,-60],[49,38]],[[17943,13508],[35,-54],[10,-24],[-1,-1]],[[17846,13332],[-78,-82],[-101,-51],[-15,-48]],[[17591,13156],[-4,1],[-3,-3],[1,-2],[-3,-1],[-1,-2],[-3,-1],[2,-4],[-2,-1],[-8,1],[-2,-1],[-2,-6],[-1,-2],[1,-5],[-2,-2],[-3,-1],[0,-1],[-9,1],[-1,-1],[-5,-7],[-4,-2],[-7,-2],[-4,-5],[-8,0],[0,2],[-3,2],[-2,2],[-2,-2],[-3,-1],[-7,1],[-4,2],[-3,-1],[-13,-1],[-24,-3],[-8,-1],[-6,-4],[-6,-4],[-6,-2],[-7,-1],[-5,-1],[0,1],[-12,0],[-10,3],[-5,1],[-7,-1],[-6,0],[-4,1],[-3,3],[-1,2],[-8,2],[-6,0],[-2,-1],[-3,0]],[[17357,13109],[-2,7]],[[17355,13116],[-5,9],[2,2],[-3,2],[-2,2],[-1,3],[-6,5],[-4,3],[-6,2],[-8,3],[-6,2],[-10,0],[-4,-1],[-5,0],[-3,0],[-8,0],[-2,-1],[-10,0],[-4,0],[-2,-3],[-7,-1],[-3,0],[-7,0],[-10,2],[-6,-2],[-9,0],[-8,-1],[-3,-2],[-2,-1],[-13,0],[-3,-1],[-4,0],[-7,0],[0,2],[-8,26],[-8,13],[-6,8],[-39,13],[-17,0],[-32,20],[-24,-2],[3,-16],[-19,2]],[[26478,4342],[0,5],[-8,11],[-6,3],[-6,5],[-9,4],[-8,0],[-8,0],[-7,-1],[-60,8],[-12,0],[-8,-1]],[[26346,4376],[38,32],[137,75],[-20,84],[-61,41],[2,32],[102,34],[-49,43],[29,37],[-65,14],[-76,97],[-88,65],[-146,-62],[46,-45],[-87,-21],[-92,71],[8,42],[-86,11]],[[25938,4926],[-76,7],[20,68],[50,30],[-98,80],[52,46],[-18,41],[86,11],[37,34],[63,-12],[50,21],[4,61],[-51,9],[-27,50],[-65,42]],[[25965,5414],[3,1],[6,5],[2,2],[4,4],[3,8],[1,6],[4,6],[0,3],[-3,4],[-11,7],[-9,5],[4,6],[2,1],[3,0],[4,4],[5,2],[7,3]],[[25990,5481],[2,0],[7,3]],[[25999,5484],[9,1],[4,-1],[6,2],[3,-1],[5,-1],[2,2],[4,-1],[8,2],[5,-1],[3,0],[4,-3],[7,-2],[6,-1],[3,-3],[4,-2],[3,-1],[8,-4],[6,-1],[10,1],[8,1],[5,1],[3,-1],[7,2],[18,1],[6,2],[1,2],[11,-2],[3,0],[8,-1],[16,5],[16,2],[64,-28],[78,19],[26,5]],[[26894,5337],[79,21],[-11,47],[149,-3],[180,-16],[-1,-35],[45,-19],[-4,-55],[54,-23],[23,-78],[-30,-16],[34,-72],[144,4],[135,-34],[-4,-43],[54,-44],[80,-146]],[[27821,4825],[32,-100],[33,-56],[-70,-97],[35,-62],[-11,-148],[45,-75],[0,-37],[-39,-60],[-84,-37],[-191,6]],[[27571,4159],[-113,-12],[-161,-42],[-185,23],[-192,75],[-45,32],[1,40],[-90,29],[-137,28],[-112,14],[-59,-4]],[[26774,7264],[99,41],[60,-62],[231,54],[38,32],[-66,96]],[[29319,6663],[-14,-2],[-9,-4],[-4,-2],[-1,-1],[-6,-4],[-3,-3],[-3,-6],[-2,-8],[-4,-2],[-2,-4],[-2,-3],[-21,-12],[-43,-3]],[[29205,6609],[-24,-6],[-14,0],[-8,0],[-22,-3],[-80,19],[-31,47],[-42,65],[-26,19],[-16,-10],[-44,47],[-8,4],[-7,5],[-14,5],[-12,11],[-37,3],[-12,-1],[-83,-35],[-13,-2],[-5,-2],[-7,-3],[-45,-18],[-7,-3],[-11,-5],[6,-7],[1,-3],[-16,-9],[-19,-11],[-16,-8],[-6,-5],[-40,-17],[2,-2],[1,-5],[4,-1]],[[28554,6678],[-9,-2],[-2,-1]],[[28543,6675],[-6,-1],[-5,2],[-3,-1],[-12,0],[-7,1],[-36,5],[-19,3]],[[28455,6684],[44,83],[-15,81],[28,40],[-66,26],[-18,50],[-96,42],[-95,6],[-118,-70],[-131,-35],[-40,-111],[-85,16],[-27,-46],[-62,-51],[-63,-17],[65,-57],[-160,-33],[-77,8],[-74,-14],[-70,14]],[[27395,6616],[-3,1],[-10,3],[-43,-5],[-15,4],[-8,1],[-13,4],[-41,32],[-3,4],[-1,15],[-4,35],[-62,23],[0,8],[-2,4],[-3,4],[-3,3],[-20,24],[-2,2]],[[27162,6778],[-37,43],[-110,79],[60,36],[-141,49],[113,82],[-91,42],[-50,65],[-109,-5],[-122,20],[0,25],[99,50]],[[24048,12407],[87,37],[58,-52],[55,11],[54,-23],[97,32],[123,-55],[-27,-38],[17,-56]],[[24512,12263],[54,-84],[123,-35],[-8,-43],[79,-49]],[[24420,11450],[-44,-27],[-137,88],[-84,-35],[-31,28],[-111,-54],[-15,11]],[[27849,10946],[-53,-82],[-252,-96],[-30,30]],[[27182,11186],[66,31],[65,0],[40,30],[-40,35],[49,26],[-81,36],[120,55]],[[28082,11361],[-18,-51],[-97,-71],[40,-53],[-72,-39],[49,-30],[-27,-62],[28,-29],[-56,-29],[-17,-47],[-63,-4]],[[27849,10946],[142,-87],[27,-65],[72,-105],[-63,-21],[22,-33]],[[16707,7114],[-3,-3],[-3,-2],[-4,-5],[-5,-5],[-1,0],[-1,-4],[-4,-6],[-1,-3],[-5,-42],[-1,-2],[-3,-7],[-6,-6],[-2,-5],[-11,-2],[-4,1],[-6,-1],[-4,-1],[-3,-2],[-3,-2],[-5,-1],[-1,-2],[-2,-2],[-3,-1],[-6,-3],[-5,-2],[-2,-3],[4,-4],[4,-2],[1,1],[5,-1],[14,3],[2,-2],[10,-1],[18,-3],[13,-3],[6,-1],[7,-3],[3,0],[15,-5],[5,-1],[7,-4],[2,-1],[3,-5],[-2,-3],[-3,-7],[-4,-8],[8,-15],[1,-3],[0,-29],[0,-10],[-1,-6],[0,-5],[8,4],[9,0],[0,2],[8,2],[5,0],[6,2],[25,-22],[11,6],[36,16],[11,3],[83,16],[13,-1],[20,-1]],[[16966,6912],[-50,-67],[118,-64],[67,-14],[80,-59],[78,0],[205,-107],[113,-94]],[[17577,6507],[0,-3],[3,-9],[0,-5],[-1,-4],[1,-4],[-3,-4],[-2,-4],[-4,-6],[2,-9],[2,-7],[0,-2],[1,-5],[0,-7],[6,-15],[45,-59],[2,-11],[-85,-35],[1,-47],[-90,-37],[-12,-1],[-36,-1]],[[17407,6232],[-35,20],[-71,-7],[-99,65],[-147,-8],[-26,-12],[-130,5],[-46,-32],[-162,-7],[-86,8],[-42,51],[32,41],[-40,23],[-209,-21],[-187,22],[-24,-74],[-97,10],[-130,32],[-43,39],[30,46],[48,20],[21,93],[176,111],[5,91],[-77,13],[29,61],[51,39],[0,91],[42,11],[0,79],[-43,22],[-40,83],[64,19],[137,17],[141,-27],[167,-41],[91,-1]],[[17433,13480],[-3,1],[14,25],[6,-1],[19,5],[-3,4],[-4,6],[-2,5],[-5,8],[-4,7],[-3,3],[-20,13],[-8,4],[-2,3],[3,3],[9,4],[9,3],[10,0],[5,1],[28,10],[3,2]],[[17657,13669],[52,0],[39,-30],[61,13],[106,-54],[49,23],[-53,51]],[[17992,13741],[12,-6],[19,-18],[-1,-9],[1,-3],[-1,-4],[-3,-5],[-15,-18],[0,-1],[58,-19],[-18,-35],[0,-2],[-46,-61],[-3,-4],[-23,-24],[-29,-24]],[[18584,16538],[-3,4],[1,3],[-19,12],[-7,8],[12,9],[5,0],[6,2],[5,1],[6,4],[3,-1],[0,2],[5,1],[10,8],[14,0],[5,1],[6,2],[5,-1],[3,3],[0,3],[4,1],[5,0],[7,6],[6,2],[0,3],[4,1],[6,1],[23,9],[7,2],[3,5],[5,2],[4,3],[7,5],[24,16],[4,3],[0,6],[1,3],[0,6],[-2,5],[0,7],[12,14],[7,1],[3,1],[2,1],[8,3],[6,-1],[12,4],[17,0],[6,5],[10,7],[3,5],[3,3],[25,7],[6,0],[4,0],[15,-2],[13,-2],[3,6],[-3,5],[-1,2],[7,4],[11,6],[4,3],[5,2]],[[18927,16759],[104,-62],[0,-41],[137,-18]],[[19168,16638],[46,-80],[1,-59]],[[19215,16499],[-101,-20],[-81,7],[-107,-12],[-63,47],[-126,-37],[-74,3],[-62,38]],[[4486,14188],[-34,78],[-68,120],[-68,144],[-103,-7],[-36,35]],[[4177,14558],[117,33],[19,39],[-91,91],[71,19],[-100,47],[73,58],[58,22]],[[5407,14600],[63,-106],[-13,-73],[-187,-132],[-64,-25]],[[3345,12639],[25,-36],[0,-7],[7,-21],[-4,1],[-5,-2],[-28,-1],[-6,-2],[-5,0],[-19,1],[-7,1],[-11,0],[-4,11],[1,11],[-3,14],[-1,10],[-2,8]],[[3283,12627],[33,7],[11,2],[18,3]],[[3775,12667],[4,-38],[13,-9],[14,-9],[5,-9],[1,-3],[-4,1],[-1,-3],[-11,-1],[-5,-1],[-2,2],[-9,-2],[-2,-3],[-6,-1],[-7,-2],[-4,1],[-4,0],[-4,0],[-5,0],[-3,-2],[-10,-4],[-4,0],[-3,1],[-3,0],[-7,-2],[0,-2],[-4,0],[-5,0],[-13,0],[-5,-2],[-6,-1],[-5,0],[-15,-1],[-10,-1],[-35,-3],[-8,-2],[-4,0],[-7,-2],[-9,0],[-11,-3],[-3,-3],[1,-2],[-2,-1],[-4,1],[-8,-2],[-3,-2],[2,-1],[-7,0],[-2,1],[-2,-2],[-7,0],[-5,-1],[-5,0],[-4,3],[-4,-2],[-4,-1],[-3,3],[-16,6],[-5,0],[-11,-1],[-6,3],[-2,-2],[-3,0],[-6,-3],[-3,1],[0,3],[-4,3],[-7,3],[-4,2]],[[3454,12572],[-2,3],[-1,2],[-2,0]],[[3449,12577],[-36,32],[-3,3],[-41,30]],[[3369,12642],[13,2],[9,3],[34,12],[9,3],[20,9],[14,5],[6,1],[40,7],[17,3],[18,4],[15,3],[72,-1],[61,-8],[7,-2],[31,-10],[7,-2],[28,-4],[5,0]],[[30117,12667],[-75,74],[-125,47],[94,96],[-141,91],[-77,74],[-29,58],[-41,131]],[[29723,13238],[92,34],[34,-37],[142,-6],[72,-37],[220,79],[-85,55],[46,29],[7,48],[95,-6],[94,12],[148,52],[102,-56],[45,9],[62,-38],[93,15],[36,-32],[110,35],[65,-47],[-14,-37],[62,-40],[-22,-42],[103,-29],[52,7],[88,-14],[96,-46],[-7,-78]],[[31459,13068],[-69,23],[-120,-17],[-151,7],[-19,-61],[-51,-63],[-100,-68],[-94,-39],[-111,19],[-130,-75],[-179,-57],[-45,22],[-69,-23],[-44,-67],[-160,-2]],[[26838,15336],[10,1],[8,0],[16,3],[14,1],[12,6],[14,3],[52,19],[8,1],[6,0],[11,-1],[18,-1],[7,1],[14,7],[5,1],[16,4],[12,7],[10,3],[12,3],[21,5],[3,0],[-2,11],[-33,47],[-12,15],[-9,3]],[[27051,15475],[0,6]],[[27051,15481],[3,2],[6,1],[7,3],[6,4],[3,-1],[5,1],[-8,13],[7,3],[9,3],[17,7],[8,4],[11,4],[16,7],[12,-4],[6,1],[40,2],[12,-1],[29,-14],[9,-3],[32,8],[19,-4],[26,-14],[8,0],[17,3],[9,0],[2,-2],[4,-1],[51,16],[13,5],[4,1],[22,8],[30,10],[6,3],[3,1],[12,6],[10,4],[21,3],[7,2],[5,1],[12,4],[23,5],[4,2],[2,0],[4,2],[2,1],[4,5],[3,2],[3,1],[-2,11],[14,3],[33,4],[9,2],[10,2],[7,1],[4,0],[9,-1],[3,0],[3,1],[21,9],[35,10],[11,4],[6,4],[0,3],[11,6],[19,8],[8,5],[25,9],[16,7],[25,20],[44,25],[38,21],[23,13],[2,2]],[[27981,15754],[-38,-219],[16,-88],[98,-90],[50,-73],[-40,-135]],[[28067,15149],[-216,-1],[30,-68],[-279,-96],[30,-100],[54,10],[7,-51]],[[27693,14843],[-89,-45],[-163,27],[-89,-40],[-73,6],[-41,36],[-46,-14],[-66,26],[-92,-10]],[[22592,12931],[-40,51]],[[22688,13612],[18,-3],[0,-2],[6,-1],[8,-1]],[[22720,13605],[14,-3]],[[22734,13602],[0,-6],[0,-3],[-1,0],[-2,-7],[-3,-32],[63,-3],[11,1],[7,3],[54,35],[6,-9],[30,3],[8,1],[35,25],[11,2],[35,17],[5,0],[6,-1],[17,3],[10,0],[13,3],[9,0],[2,1],[11,3],[32,6],[-1,4],[4,23],[3,6],[2,1],[6,2],[15,27],[1,2],[6,2],[10,2],[7,0],[8,1],[10,4],[60,20],[5,-1],[5,1],[17,-1],[79,13]],[[23330,13750],[17,-18],[6,-6],[-7,-1],[10,-22],[6,-10],[7,-4],[30,-49],[14,-9],[7,-7],[26,-16],[33,-34],[7,-6],[10,-8],[11,-7],[39,-6]],[[23546,13547],[35,-34],[-169,-40],[-96,-41],[5,-43],[40,-22],[-42,-76],[-108,-17],[-14,-18],[-93,-11],[58,-83]],[[23162,13162],[4,-3],[-12,-7],[-5,-1],[3,-9],[-21,-13],[26,-42],[3,-1],[4,-7],[4,-12],[1,-7],[-14,-2],[0,-11],[-9,1],[-4,0],[-11,3],[-9,1]],[[23122,13052],[-94,21],[-181,-37],[-56,-68],[-27,10],[-140,-21],[-32,-26]],[[16046,12828],[-3,4],[-5,2],[0,1],[-4,2],[0,1],[-4,1],[0,1],[-10,4],[-15,2],[-5,-2],[-4,2],[-24,14],[-7,8]],[[15965,12868],[39,116],[-104,68],[10,53],[-100,104],[23,20],[-70,41],[-79,30],[19,56],[137,9],[35,38],[95,51]],[[15970,13454],[23,-11],[7,-12],[4,-18],[0,-5],[1,-7],[7,0],[7,1],[-3,26],[56,31]],[[16072,13459],[16,-3],[7,-1],[5,-1],[9,1],[30,-10],[5,-4],[103,4]],[[16247,13445],[27,-32],[6,-4],[25,-10],[16,-9],[8,-4],[13,-14],[11,-9],[14,-7],[18,-1],[12,-3],[6,-3],[7,0],[14,-1],[17,-1],[29,-10],[5,1],[5,1],[4,-1],[9,-2],[8,-1],[39,-18],[5,-1],[7,-2],[12,-5],[25,-17],[9,1],[3,0],[8,-3],[17,-2],[7,-1],[10,1],[6,-9],[7,-6],[3,-4],[1,-8],[2,-5],[-1,-3],[-2,-4],[4,-8],[3,-4],[13,-13],[22,-20],[1,-4],[-2,-8],[0,-4],[3,-14]],[[16703,13174],[3,-10],[-6,-11],[-4,-5],[-7,-7],[-8,-5],[-6,-6],[0,-5],[-11,-27],[0,-6],[-3,-9],[9,7],[0,4],[1,6],[8,-5],[-9,-25],[-3,-1],[-41,1],[2,-4],[4,-17],[7,-10],[15,-34],[-12,-12],[13,-10]],[[16655,12983],[-106,-47],[-58,-45]],[[16491,12891],[-62,13],[-9,8],[-6,13],[-11,0],[-88,-11],[-10,-3],[-23,-5],[-15,-5],[-3,-3],[-5,-2],[-5,-3],[-4,-2],[-32,-3],[-3,2],[-10,-1],[3,-11],[2,-3],[-59,-12],[-5,-4],[-2,-4]],[[16144,12855],[17,-13]],[[16161,12842],[-13,-6],[-18,-8],[-8,2],[-8,5],[-3,8],[-2,3],[-6,3],[-8,1],[-39,-13],[-5,-3],[-3,-4],[-2,-2]],[[17921,15037],[-18,21],[-42,120],[-79,50],[33,66]],[[17815,15294],[87,-7],[158,8],[14,-33],[-65,-39],[152,-32],[48,16],[6,45],[111,51],[73,18]],[[18399,15321],[3,-1],[2,-5],[-4,-2],[-3,-4],[-7,-14],[-4,-3],[-19,-9],[-1,0],[-6,-3],[-4,-2],[-2,-5],[-4,-4],[-1,-5],[-1,-2],[-2,-2],[-3,-2],[-10,0],[-13,-7],[-5,-7],[0,-2],[3,-10],[-1,-3],[1,-2],[-2,-3],[-10,-33],[0,-8],[-12,-4],[-6,0],[1,-10],[4,-2],[0,-3],[7,-15],[15,2],[21,3],[8,0],[32,-5],[8,1],[13,1],[4,0],[5,-2],[6,-1],[27,-9],[5,-2],[7,-4],[5,0],[11,6],[13,-2],[6,1]],[[18486,15138],[0,-53]],[[18486,15085],[-3,-1],[-4,-4],[-4,0],[-5,-1],[-2,-4],[-26,-19],[-5,-1],[0,-1],[-11,-3],[-10,-2],[-2,-5],[-29,20],[-6,4],[-11,-3],[-9,-4],[-14,-12],[-9,8],[-45,-20],[-10,-7],[108,-99]],[[18389,14931],[-12,-3],[-3,-4],[-4,-3],[-3,-2],[0,-1],[-3,-3],[-21,-14],[-4,-2],[-32,-11],[-5,-2],[-6,-2],[-11,0],[-3,-3],[-2,-3],[-8,-4],[-2,0],[-4,-4],[-1,-4],[-1,0],[-3,-4],[-17,-3],[-6,-3],[-7,-5],[-1,-3],[2,-4],[0,-4],[-4,-2],[-4,-4],[-3,-6],[-7,-9],[-7,-4],[-7,-8],[-2,-3],[-4,0],[5,-16],[0,-2],[-5,-6],[-1,-5],[-4,-4],[-3,-4],[-2,-2],[-4,-5],[-8,-12],[-6,-5],[-5,-5],[-15,-7],[-12,-8],[-12,-10]],[[18122,14713],[-93,58]],[[18029,14771],[-15,6]],[[18014,14777],[-5,1],[-2,2],[0,2],[6,-2],[10,1],[6,1],[6,3],[1,2],[7,1],[4,1],[1,4],[8,2],[4,2],[10,4],[5,3],[10,19],[-3,5],[9,5],[-13,19],[-15,13],[-13,9],[-6,6],[-7,9],[-2,8],[-1,5],[-3,5],[-8,11],[-4,4],[-13,14],[-3,4],[-9,13],[-9,11],[-8,14],[-13,10],[-12,8],[-8,6],[-12,14],[-11,21]],[[20948,15796],[66,97],[-84,13],[-9,103],[-79,89],[-161,17],[-43,24],[106,56],[-35,54],[37,63],[-34,29]],[[20712,16341],[56,-32],[57,4],[99,-39],[73,31],[27,-19],[78,16],[140,77],[107,-47],[15,-32],[90,-20],[13,-25]],[[21467,16255],[-4,-4],[-11,-9],[-10,-10],[3,-2],[11,-13],[11,-4],[9,-4],[17,0],[1,-4],[12,-4],[2,-5],[0,-5],[2,-4],[9,-1],[13,-4],[13,-3],[6,-6],[3,-5],[0,-3],[-2,-3],[0,-6],[0,-6],[1,-10],[1,-3],[7,-8],[0,-4],[31,-31],[-6,-21],[-6,-10],[-4,-7],[-8,-6],[-2,-1],[-11,-22],[-4,-8],[-10,-3],[8,-11],[-6,-1],[-3,0],[-10,2],[5,-9],[-7,-5],[-6,0],[-4,-5],[-2,-2],[-8,-1],[-3,-3],[-5,-4],[-8,-2],[-6,4],[-7,0],[-8,-1],[-5,1],[-6,-1],[-2,2],[7,3],[3,2],[-49,1],[-15,2],[-20,-3],[-23,-6],[-5,-9],[-5,-13],[0,-1],[-27,-8],[-1,-1],[-18,-3],[6,-15],[2,-9],[1,-2],[2,-8],[-17,-23],[4,-4],[3,-6],[3,-8],[4,-18],[-2,-13],[8,-3]],[[13712,14862],[36,89],[-47,32],[52,25],[17,34],[-24,68],[54,40],[19,43],[-55,7],[0,52]],[[13764,15252],[55,47],[107,18],[42,53]],[[14577,15068],[-23,-80],[22,-49],[74,-61]],[[2278,13922],[-8,-1],[-15,12],[-14,12],[-3,1],[-33,-5],[-24,-6],[6,-8],[4,-3],[5,-7],[-38,-1],[-6,-1],[-2,-1],[-3,-3],[-67,-18],[-5,1],[-4,-1],[-10,-1],[-19,-5],[-8,-2],[-2,4],[-43,2],[-8,-5],[2,-7],[0,-3],[-11,-6],[-5,-9],[-20,10],[-11,4],[7,19],[-6,5],[-5,-2],[-20,-12],[-3,-2],[-49,4],[-15,0],[-2,-1],[-4,-2],[-4,-2],[-5,-2],[-13,-5],[-3,-2],[-35,2],[-8,-2],[-27,1],[-4,1],[-7,-1],[-3,4],[-34,-1],[-7,-3],[-4,0],[-4,-2],[-3,0],[-13,-2],[-14,-6],[-9,-2],[-14,-7],[-3,2],[-7,-2],[-8,-4]],[[1610,13851],[-18,49],[-53,69],[-2,80],[-50,39],[53,63],[-10,54],[32,47],[-5,34],[120,47],[59,38],[-21,29],[69,87],[14,44]],[[1798,14531],[22,30],[97,26],[195,7],[29,-79],[-44,-13],[35,-41],[3,-76],[62,-42],[23,-68],[67,-71],[-111,-55],[61,-40],[56,41],[77,-45],[117,109],[125,-23],[31,-53],[35,-11],[7,-50]],[[2685,14077],[-15,-7],[-2,1],[-2,-6],[2,-4],[-1,-7],[-1,-6],[-4,-6],[-40,-26],[-8,-8],[-6,-7],[-4,-8],[-23,-26],[-11,-11],[-17,-15],[-14,-12],[-36,-4],[-15,-1],[-17,-4],[-4,-1],[-12,-4],[-98,28],[-12,14],[-52,-26],[-15,-9]],[[3112,14390],[40,70]],[[3152,14460],[89,-62],[143,-7],[77,-52],[122,57],[113,28],[150,91],[162,35],[130,50],[39,-42]],[[3985,13726],[-55,-16],[-22,41],[-5,7],[-1,1],[-19,12]],[[3883,13771],[-42,26],[-71,86],[-37,33]],[[3733,13916],[-36,27],[-34,22],[-21,7],[-69,41],[-21,13],[-29,8],[-18,11],[-8,6],[-84,39],[-4,5],[-4,4],[2,1],[-41,4],[-7,7],[-6,3],[-20,17],[-36,27],[-16,13],[-6,4],[-1,0],[-16,12],[-3,2],[-55,-6],[-6,-2],[-28,-13],[-5,-5],[-10,-3],[-4,-5],[-5,-2],[-5,0],[-5,1],[-6,-1],[-5,-2],[-10,0],[-3,0],[-8,2],[-6,2],[-3,1],[1,4],[0,6],[5,3],[1,3],[-10,3],[-6,5],[-1,2],[2,4],[-1,2],[-4,4],[-24,15],[-10,7],[-10,9],[-6,-3],[-4,1],[-1,3]],[[3023,14224],[70,54],[48,68],[-29,44]],[[24512,12263],[15,27],[136,27],[93,38],[-3,108],[30,72]],[[24783,12535],[47,-17]],[[24830,12518],[125,-60],[113,-41],[-57,-49],[54,-121],[87,-63]],[[33098,8938],[9,24],[103,53],[107,-25],[42,6],[111,50],[72,-16],[18,59],[50,21],[57,69],[48,12],[59,48],[23,47],[56,26],[16,48],[-121,82],[90,53],[-49,65],[106,42],[-51,66]],[[33844,9668],[60,25]],[[33904,9693],[89,53],[256,81],[0,34],[52,30],[218,10],[78,78],[43,11]],[[34806,8533],[1,-2],[-2,-1],[1,-1],[-1,-4],[3,0],[2,-4],[-3,-7],[-5,-1],[3,-18],[2,-3],[3,-1],[-2,-1],[1,-5],[-3,0],[0,-3],[1,-2],[0,-2],[5,-2],[0,-4],[3,-3],[-6,-1],[-4,-2],[-13,-5],[-3,-2],[-20,-3],[-5,1],[-17,-1],[-3,-2],[-2,1],[-7,-2],[-3,-2],[-8,-2],[-34,-1],[-5,1],[-4,-1],[-7,2],[-8,-1],[-6,-2],[-16,-4],[-2,1],[-7,-3],[-5,-2],[0,-2],[-2,-1],[-8,-6],[-2,-1],[-5,-5],[0,-2],[-10,-4],[-8,-6],[-8,-5],[-6,-2],[-14,-6],[-11,-6],[-12,-11]],[[34544,8382],[10,26],[10,25],[1,6],[3,6],[8,11],[0,4],[-2,2],[-7,6],[-3,5],[-2,3],[2,9],[20,18],[-1,7],[-17,11],[-6,6],[-6,3],[-4,19],[-5,22],[-9,37],[-56,26],[-5,1],[-35,7],[-6,1],[-9,3],[-15,-1],[-8,0],[-57,3],[-8,3],[-16,7],[-9,3],[-18,8],[-4,8],[-3,5],[-10,11],[-1,2],[-3,2],[-3,5],[-9,32],[0,3],[-2,3],[-2,6],[0,2],[-3,-6],[-6,-2],[-7,1],[-11,-2],[-6,2],[-9,0],[-7,1],[-1,1],[-7,-2],[-58,25],[-50,-3],[-71,-5],[-63,-20],[-9,0],[-10,0],[-12,-1],[-5,-1],[-12,2],[-14,0],[-12,1],[-7,-1],[-8,4],[-11,6],[-3,3],[-8,6],[-27,5],[-6,2],[-9,5],[-8,1],[-20,0],[-9,-3],[-21,-5],[-4,6],[-28,20],[0,2],[-11,12],[-12,1],[-9,2],[-18,2],[-4,1],[-5,4],[-11,24],[-4,9],[-39,6],[-3,-6],[-7,-5],[-7,-2],[-6,-2],[-1,-3],[0,-5],[2,-6],[1,-5],[-35,-21],[-17,1],[-8,2],[-19,5],[-20,3],[-40,-1],[-14,-2],[-27,-6],[-25,-8],[-8,-1],[-23,5],[1,2],[2,0],[0,-1],[3,0],[-5,3],[7,7],[11,13],[4,24],[-4,-4],[-6,-7],[-4,-6],[-5,-5],[-5,-5],[-5,-3]],[[33339,8812],[14,56],[-56,-11],[-84,7],[-10,48],[-65,0],[-40,26]],[[17705,13002],[99,32],[33,48],[105,30],[23,67],[101,-9]],[[18066,13170],[96,4],[20,18],[10,2],[31,-9],[22,7],[7,2],[4,2],[4,-2],[4,-4],[2,-1],[-3,-3],[3,-7],[2,-3]],[[18268,13176],[2,-9],[-5,-1],[28,-48],[6,-4],[7,-24],[3,-8],[12,-31],[5,-4],[12,-6],[5,-2],[2,-2],[15,-10],[-19,-2],[254,-34]],[[18595,12991],[30,-43],[-68,-39],[156,-159]],[[18927,16759],[10,6],[1,2],[-1,6],[-1,3],[-2,2],[-12,14],[-6,5]],[[18916,16797],[3,1],[12,6],[6,2],[7,-6],[7,-6],[16,11],[10,5],[6,2],[17,5],[9,6],[3,8],[5,13],[3,4],[4,3],[5,3],[5,3],[-3,3],[-5,8],[-3,3],[1,4],[1,6],[4,14],[0,3],[12,11],[4,4],[6,9],[16,1],[12,-2]],[[19079,16921],[13,-34],[-4,-1],[50,-15],[7,2],[98,28],[5,-1],[61,-12],[4,4],[3,2]],[[19316,16894],[14,3],[10,1],[8,3],[5,6],[20,-15],[5,-4],[26,-21],[0,-8],[2,-6],[1,-7],[4,-8],[1,-3],[11,1],[2,-1],[1,-2]],[[19426,16833],[1,-6],[-1,-7],[-1,-4],[-5,-7],[0,-6],[1,-7],[-1,-9],[1,-3],[-6,-5],[0,-2],[2,-2],[1,-5],[-1,-6],[-4,-5],[0,-6],[-1,-2],[2,-3],[-7,-10],[-1,-5],[-6,-9],[0,-3],[1,-6],[-2,-2],[-2,-10],[0,-6],[0,-8],[-3,-6],[-6,-13],[1,-3],[-2,-10],[-1,-2]],[[19386,16655],[-95,-10],[-70,16],[-53,-23]],[[6992,13744],[-7,-3],[-7,1],[-22,-1],[-18,2],[-25,5],[-9,0],[-35,0],[-29,-3],[-14,-2],[-53,18],[-7,2],[-5,2],[-9,-2],[-6,0],[-8,1],[-8,2],[-5,0],[-38,6],[-3,1],[-34,-9]],[[6992,14021],[87,-18],[88,5],[93,-11]],[[7260,13997],[5,-13],[4,-14],[16,-26],[4,-8],[7,-15],[3,-3],[7,-7],[2,-3],[-10,-5],[8,-10],[7,-5],[-22,-13],[10,-19],[2,-6],[-7,-4],[4,-7],[-2,-1],[2,-5],[1,-3],[-2,-11]],[[7299,13819],[-216,-29],[-91,-46]],[[22154,8462],[19,77],[-15,52],[108,28],[-25,25],[-144,88],[-13,48],[48,35],[-135,9]],[[21997,8824],[138,59],[220,56],[178,0],[45,19]],[[22578,8958],[118,80],[180,100]],[[22876,9138],[90,-30],[15,-64],[65,-57],[86,-48],[92,-15],[166,5],[27,70]],[[23417,8999],[0,1],[7,-1],[16,-2],[14,-1],[36,0],[7,0],[13,2],[7,0],[6,0],[10,-1],[14,-2],[10,-2],[14,-1],[13,-1],[6,-1],[7,0],[9,0],[7,-1],[31,-14],[-3,-5],[-5,-6],[-4,-5],[-8,-8],[-5,-16],[-2,-4],[1,-2],[-2,-3],[0,-2],[9,-1],[12,-3],[6,-2],[7,-2],[5,-2],[4,0],[6,1],[9,-1],[2,0],[9,-5],[3,0],[3,3],[7,1],[8,-1],[7,-2],[8,0],[18,-1],[9,-3],[5,1],[11,-2],[16,-1]],[[23780,8904],[-12,-25],[0,-4],[-4,-3],[-1,-3],[-1,-4],[-3,-9],[-7,1],[0,-3],[-3,-4],[-5,-14],[-3,-9],[5,-32],[5,-1],[4,-2],[0,-3],[-4,-5],[-6,-7],[28,-23],[-3,-6],[-13,-6],[-12,3],[-7,3],[-13,6],[-3,-2],[-7,-3],[0,-2],[-9,-2],[1,-4],[5,-3],[-10,-8],[-4,2],[-4,0],[0,-3],[-11,-23],[-22,0],[-57,2],[-3,-1],[-5,-3],[-4,-5],[-5,3],[-6,4],[-26,-21],[9,-7],[-2,-2],[-8,-4],[-10,-4]],[[23544,8668],[-110,-34],[-112,-8],[52,-50],[-22,-20],[-145,-19]],[[23207,8537],[-68,29],[-50,-22],[-65,77],[-114,19],[-52,-18],[-107,-62],[-69,18],[-190,14],[-20,-22],[49,-115],[-136,9],[-80,-8],[-151,6]],[[31017,15215],[-214,110],[-33,16],[-14,8],[-96,53]],[[30660,15402],[2,2],[10,2],[3,4],[5,0],[13,1],[3,2],[1,1],[6,1],[3,-2],[1,4],[0,1],[4,1],[0,2],[4,2],[3,0],[3,2],[4,-2],[6,3],[-3,3],[3,1],[-1,2],[-3,-1],[-2,1],[1,1],[6,1],[1,2],[3,1],[5,0],[-2,2],[1,3],[-3,1],[4,2],[-3,2],[-3,-1],[1,3],[4,2],[4,2],[17,11],[3,-1],[7,4],[1,2],[-3,2],[0,3],[4,4],[3,1],[-1,3],[3,-1],[3,2],[1,3],[12,0],[-1,3],[0,1],[4,1],[2,1],[-1,4],[4,2],[0,3],[9,4],[3,0],[14,2],[8,1],[-1,2],[4,1],[0,1],[-3,2],[2,2],[4,1],[-6,3],[-5,0],[-21,6],[32,18],[11,7],[9,4],[4,2],[14,41],[-3,2],[-18,4],[-5,1],[-13,-1]],[[30841,15604],[1,1],[16,13],[52,47],[-51,11],[-11,22],[1,2],[4,1],[87,0],[-1,6],[2,23],[3,1],[13,11],[17,3],[6,6],[3,2],[28,10],[14,5],[10,3],[9,3],[17,8],[18,8],[38,19],[-9,1],[1,13],[12,2],[4,1],[4,10],[62,34],[3,4],[6,7],[11,3],[14,4],[7,14],[4,4],[10,5],[-2,8],[-17,5],[-34,33],[5,8],[4,8],[2,4],[0,3],[-2,7],[1,8],[7,19],[2,8],[0,6],[-4,7],[8,17]],[[32729,16236],[-44,-25],[-21,-54],[69,-55],[90,8],[92,-37],[10,-36],[-28,-53],[-83,-34],[-144,40],[-96,-28],[-36,-39],[20,-34],[63,-40],[8,-53],[-66,-33]],[[32563,15763],[-33,-29],[-29,-83],[-49,-12],[-92,89],[57,10],[16,50],[-74,-5],[-155,67],[-104,-31],[-101,19],[-333,-77],[-136,-139],[-188,101],[-45,-80],[-61,-253],[-219,-175]],[[25040,14351],[-38,102],[111,29],[51,80],[85,35],[95,20],[95,111],[-39,40],[-23,74]],[[25377,14842],[7,9],[-5,0],[-4,2],[3,2],[13,0],[5,2],[3,3],[10,14],[-1,5],[2,6],[5,1],[3,4],[4,2],[0,3],[2,0],[4,0],[5,3],[4,-1],[4,-4],[10,5],[14,2],[2,0],[6,4],[6,2],[4,0],[10,-1],[64,23],[4,1],[1,2],[26,16],[0,3],[4,3],[4,-1],[8,3],[3,1],[20,12],[19,12],[8,5],[1,0],[13,4],[9,3],[6,1],[2,-1],[9,2],[4,1],[10,3],[4,3],[4,6],[8,3],[6,1],[26,4],[3,-2],[6,-4],[4,-3],[10,0],[8,0],[37,-1],[7,-1]],[[25763,14601],[2,-54],[31,-81],[64,-70],[3,-66],[67,-52],[-17,-36]],[[25913,14242],[-22,-12],[-10,-5],[-8,-2],[-4,0],[-9,0],[-4,-2],[-11,-6],[-7,-1],[-4,-2],[-8,0],[-7,-1],[-8,-1],[-4,-2],[-17,-3],[-15,-1],[-2,-1],[-6,1],[-6,-1],[-3,1],[-7,-2],[-6,0],[-2,-1],[-5,-1],[-4,-1],[-6,-1],[-3,1],[-7,-4],[-6,-1],[-9,0],[-19,-2],[-5,-1],[-6,-1],[-5,-1],[1,-1],[-5,-1],[-5,0],[-8,-2],[-5,-2],[-7,-1],[-5,-2],[-5,-1],[-6,-4],[-3,1],[-5,-2],[-14,-7],[-3,0],[-9,-5],[-2,-2],[-2,1],[-2,-1],[-5,-4],[0,-2],[-4,0],[-5,-2],[-3,-1],[0,-1],[-1,-2],[-4,-2],[-2,-1],[-10,2],[-4,-4],[-6,-3],[-7,-4],[-6,-5],[-6,-3],[-4,-4],[1,-2],[-6,-4],[-4,-1]],[[25507,14117],[-1,2],[-16,11],[-6,-2],[-8,8],[-6,4],[-19,15],[-13,13],[-67,74],[-4,4],[-5,-2],[-18,-8],[-6,-5],[-7,-2],[-3,-3],[-6,-2],[-5,-3],[-3,1],[-8,-2],[-1,-2],[-7,-1],[1,-4],[-2,-1],[-8,0],[-6,-1],[1,-3],[-3,-1],[-3,-4],[-3,0],[-2,2],[-2,1],[-3,0],[0,-3],[-2,-1],[0,-2],[-1,-2],[-4,-1],[-6,3],[-2,-1],[-4,-2],[-6,-1],[-9,-2],[-5,0],[-4,-3],[-3,-1],[-1,2],[0,4],[-5,5],[-12,8],[-11,-6],[-8,2],[-1,1],[-14,7],[-6,4],[-6,6],[-8,4],[-2,1],[-1,2],[-7,2],[-13,0],[-10,10],[-9,8],[-8,9],[-2,2],[-7,13],[-6,10],[-6,8],[-8,7],[-2,5],[-23,39],[-6,8]],[[26959,9297],[-46,42],[5,27]],[[26918,9366],[30,41],[4,3],[-19,20],[-1,3],[-26,18],[-93,24],[-9,10],[-41,55],[-8,10],[-7,10],[-9,10],[-7,9],[-10,7],[-79,129],[-1,6],[-3,6],[-10,26],[-3,11],[-51,28],[-1,14],[-18,11]],[[23546,13547],[39,21],[3,2],[5,2],[5,3],[8,5],[11,0],[6,11],[6,9],[9,12],[32,32],[10,13],[9,12]],[[23689,13669],[4,0],[4,-1],[5,0],[23,-13],[11,-5],[31,-22],[2,-5],[-2,-17],[-3,-8],[-4,-7],[-9,-14],[1,-3],[10,-1],[9,0],[10,0],[111,27],[13,4],[3,2],[5,-7],[15,1],[4,-4]],[[23932,13596],[3,-26],[-79,-26],[43,-50],[-18,-25],[47,-78],[68,-37],[79,3],[74,24],[90,65],[164,71],[64,-11]],[[24467,13506],[1,-8],[5,-8],[10,-6],[7,2],[7,2],[17,3],[4,1],[27,3],[26,-6]],[[24714,12975],[-86,-22],[-96,-47],[-106,-78],[65,-59],[-39,-50]],[[24452,12719],[-48,6],[-58,-39],[-74,13],[-26,-52],[-105,-72],[-21,-27]],[[24120,12548],[-158,152],[-29,28],[-6,6],[-12,11],[-22,20],[-19,17],[-17,15],[-8,7]],[[23849,12804],[-16,13],[-12,8],[-13,9]],[[23808,12834],[-15,10],[-90,52],[-27,13],[-93,46],[-217,107],[-198,97],[-6,3]],[[22446,16270],[-51,19],[-183,-6],[-22,-40],[8,-84],[-41,-13]],[[22157,16146],[-8,-2],[1,4],[-15,3],[-2,-3],[-17,8],[-4,3],[-4,0],[-7,2],[-4,1],[-4,1],[-4,2],[-7,-1],[-2,1],[-2,9],[-1,1],[-8,3],[-5,2],[-2,-1],[-2,6],[-4,2],[-13,2],[-7,2],[-5,-1],[-2,-1],[-1,1],[-6,-2],[-4,0],[-4,-2],[-7,-2],[-12,2],[-6,0],[-10,-3],[-6,-1],[-9,-3],[-4,-1],[-15,-4],[-7,15],[-2,2],[0,3],[4,2],[2,4],[-3,2],[-3,1],[-13,-4],[-31,-5],[0,3],[3,9],[-4,7],[-9,8],[-4,4],[-3,1],[-7,0],[-6,1],[-6,2],[-8,1],[-7,3],[-4,1],[-11,1],[-2,1],[1,5],[0,2],[-4,2],[-15,0],[-4,0],[-7,-3],[-7,4],[-4,4],[7,5],[-1,4],[-1,5],[-1,2],[-9,4],[-5,5],[-2,8],[-11,9],[-14,0],[-7,-1],[-5,-4],[-5,0]],[[21730,16287],[0,50],[58,158],[2,38]],[[21790,16533],[10,0],[10,4],[9,4],[6,1],[10,0],[15,-1],[27,-2],[5,-1],[14,1],[2,1],[7,4],[12,4],[10,0],[11,-2],[18,-6],[40,-16],[4,-2],[12,5],[17,4],[54,73],[-1,8],[13,6],[20,5],[6,2],[2,-1],[-2,-19],[-1,-15],[6,-2],[4,0],[17,12],[5,3],[11,6],[2,0],[5,1],[13,3],[17,5],[4,18],[4,1],[8,3],[-7,5],[8,13],[5,7],[8,8]],[[22230,16673],[14,-6]],[[22244,16667],[4,-3],[4,-4],[29,-10],[12,1],[10,-1],[20,-13],[16,0],[4,4]],[[32772,9363],[-32,126],[43,87],[29,93],[-49,40],[30,106],[88,51],[16,66],[97,6],[173,67],[87,7],[8,47],[-40,21],[7,39],[75,21],[75,-11]],[[33379,10129],[67,19],[95,-70],[-51,-39],[129,-59],[26,-50],[65,-70],[85,2],[46,-86],[-26,-12],[89,-71]],[[33844,9668],[-143,-36],[-106,-51],[-283,-61],[-127,-55],[-101,-19],[-312,-83]],[[20370,9411],[57,0],[19,-75],[42,21],[45,-41],[109,-26],[79,40],[39,-51],[-67,-33],[-27,-133]],[[20666,9113],[-84,-49],[-58,-19],[-3,-33],[-74,12],[-14,-30],[77,-52],[132,-47],[7,-33],[-120,-30],[-4,-62]],[[5244,14199],[33,6],[206,102],[51,-59],[42,-93],[-9,-56],[60,-67],[89,-58],[-17,-34],[64,-10]],[[23544,8668],[5,-4],[33,-28],[2,-5],[6,-15],[1,-5],[15,-3],[7,-1],[4,1],[27,2],[9,-2],[12,2],[6,0],[18,2],[7,1],[13,-2],[0,-1],[4,-2],[2,-1],[6,-4],[3,0],[3,-3],[7,-7],[1,-4],[-2,-5],[-1,-4],[-2,-3],[0,-2],[-2,-3]],[[23728,8572],[1,-2],[2,-3]],[[23731,8567],[1,-10],[1,-5],[3,-21],[22,-65],[-3,-7],[-4,-7],[-1,-2],[-9,-6],[-9,-7],[-14,-7],[-8,-2],[-63,-8],[0,-8],[10,1],[4,4],[9,1],[4,0],[8,1],[3,-1],[54,-7],[15,-2],[41,-4],[3,3],[17,-1],[6,1],[9,-1],[3,2],[7,-1],[8,2],[128,34],[104,-5],[13,3],[57,3],[23,2],[55,6],[21,-1],[86,6],[14,1],[14,2],[32,4],[33,6],[59,10],[24,2],[-2,12],[3,2],[0,15],[11,18],[14,1],[6,1],[14,0],[7,-4],[1,-3],[3,0],[4,-1],[1,-1]],[[24573,8523],[2,-1],[9,0]],[[24584,8522],[3,0],[3,-1],[3,2],[7,-1],[3,0],[7,2],[3,3],[4,-1],[7,-1],[4,3],[2,0],[3,2],[7,1],[6,1],[15,-2],[3,0],[7,-1],[51,4],[3,-8],[1,-5],[1,-7],[36,-70],[31,0],[1,-4],[11,-25],[0,-15],[9,-44]],[[24815,8355],[-6,-45],[25,-52],[-67,-20],[-36,-44],[66,-62],[-184,-105]],[[24613,8027],[-91,8],[-3,4],[-6,4],[-4,2],[-17,-4],[-11,-3],[-10,-2],[-7,-1],[-15,-5],[-2,1],[-43,-6],[-25,-5],[-37,-14]],[[24342,8006],[-26,2]],[[24316,8008],[-83,18],[-35,23],[-19,13],[-55,10],[-114,-24],[-12,8],[-8,5],[-5,3],[-18,-11],[-31,-18],[-6,1],[-4,-1],[-12,-3],[-2,2],[-3,0],[-4,-2],[-8,-6],[-7,-3],[-2,-2],[-9,-4],[-19,-4],[-15,-6],[-9,-9],[0,-10],[0,-4],[3,-6],[-3,-2],[-5,-7],[-7,-3],[-28,-5],[-12,-2],[-19,-6],[0,-2],[2,-1]],[[23767,7950],[-43,-18],[-173,-33],[-34,8],[26,60]],[[23543,7967],[13,69],[-23,36],[-107,60],[-65,52],[-22,74],[-33,53],[-5,85],[-93,24],[-75,68],[-5,37],[79,12]],[[31680,2102],[-38,42],[3,37],[-60,14],[-1,44],[-86,35],[-51,38],[-78,118]],[[31369,2430],[14,5],[-5,3],[-4,1],[-23,2],[15,6],[10,4],[3,3],[4,2],[12,5],[3,0],[11,1],[11,0],[15,5],[16,11],[-3,4],[-1,4],[11,6],[63,76],[53,10],[75,28],[4,6],[5,9],[11,17],[7,11],[-18,22],[22,16],[17,13],[21,26],[-11,54]],[[31707,2780],[55,5],[83,-37],[247,113],[2,62],[44,19]],[[32138,2942],[77,17],[135,15],[51,-24],[38,39],[52,-5],[30,-50],[-14,-38],[63,-48],[10,-36],[81,-63],[21,-69],[64,-31],[20,-82],[60,-47],[67,2],[18,-26],[-50,-78],[-11,-155]],[[32850,2263],[3,-15]],[[32853,2248],[-2,-31],[-110,-28],[-40,24],[-67,-5],[-105,-49],[-28,-27],[-68,45]],[[32433,2177],[8,4],[7,6],[11,6],[-8,6],[-3,4],[-4,4],[-1,3],[1,5],[11,14],[-16,10],[-57,9],[-12,3],[-6,-1],[-8,-1],[-21,-11],[-22,-7],[-5,-2],[-27,1],[-7,-3],[-4,-14],[-1,-3],[-7,-2],[-13,9],[-16,3],[-17,-13],[-3,-4],[-4,-5],[-2,-8],[-7,-9],[0,-7],[-3,-7],[-6,-9],[-49,-19],[-8,-4],[-33,-12],[-19,-5],[-10,8],[-6,-1],[-10,0],[-6,-4],[-4,-5],[-16,4],[-7,-5],[-1,-4],[-20,-3],[-6,-2],[-20,-10],[-2,-3],[-8,-5],[-7,-6],[-3,-4],[-2,-12],[-9,-17],[0,-2],[-20,-6],[-25,-8],[-8,-4],[-5,-5],[-8,-5],[2,-6],[-1,-3],[0,-5],[-21,-12],[-10,1],[-9,1],[-16,11],[-24,0],[-32,9],[-13,3],[-63,49],[-8,14],[-1,8],[-3,13]],[[29131,15577],[-281,213],[-31,5],[-121,124],[-74,98],[-75,50]],[[28549,16067],[-70,79],[25,49],[-1,5],[0,3],[1,7],[1,6],[3,3],[9,6],[7,7],[0,2],[-2,1],[2,3],[2,4],[1,3],[-4,3],[-5,3],[0,1],[8,10],[6,7],[16,19],[10,17],[1,4],[-1,5],[11,5],[-4,3],[2,2],[-3,4],[-7,10],[-9,14]],[[28548,16352],[4,5]],[[28552,16357],[1,1],[-5,9],[0,4],[0,8],[1,3],[2,4],[4,5],[12,11],[17,16],[3,2],[13,8],[13,4],[9,3],[19,8],[4,1],[1,1],[5,3],[3,1],[2,3],[4,1],[5,0],[1,0],[3,1],[8,2],[5,-1],[6,7],[6,3],[1,2],[6,0],[8,3],[6,1],[3,1],[19,10],[1,2],[2,2],[4,2],[5,2],[0,2],[3,4],[1,1],[6,3],[1,3],[3,2],[2,4],[2,0],[1,3],[-1,5],[-2,3],[1,2],[-3,2],[-2,3],[2,9],[1,7],[4,3],[3,1],[5,5],[3,4],[5,1],[9,1],[3,4],[3,2],[2,3],[1,1],[3,1],[2,1],[5,1],[0,3],[5,1],[1,2],[5,1],[3,1],[6,0],[1,-2],[8,0],[3,3],[0,6],[-1,3],[5,2],[7,5],[7,5],[0,4],[4,0],[1,1],[6,1],[2,2],[3,0],[4,-3],[2,2],[0,2],[4,1],[3,-2],[2,2],[6,3],[-1,3],[1,2],[3,1],[1,2],[3,-1],[4,2],[0,2],[5,2],[2,3],[2,5],[5,2],[0,2],[3,2],[3,-1],[4,1],[-2,4],[-1,3],[10,0],[2,3],[-5,5],[4,2],[6,-1],[1,5],[0,2],[6,2],[-4,4],[-2,2],[5,2],[1,3],[-3,7],[3,3],[6,3],[1,1],[-5,1],[-3,3],[-3,2],[1,1],[3,1],[-2,3],[2,2],[3,-2],[3,2],[0,5],[-4,4],[0,1],[3,1],[3,2],[-6,3],[-3,4],[1,3],[-6,0],[0,3]],[[28949,16730],[16,32],[3,11],[-2,7],[-7,13],[-2,14],[2,7],[1,10],[0,2],[2,7],[2,5],[-1,8],[0,1]],[[28963,16847],[51,24],[33,18],[6,3],[123,25],[28,5],[44,-4],[108,-8],[5,-1]],[[29910,16490],[-103,-83],[-4,-19],[-100,-35],[10,-61],[25,-19],[-55,-40],[-183,-61],[-156,-85],[-11,-60],[92,-91],[-22,-41],[33,-39],[-25,-208],[-280,-71]],[[33775,11790],[-5,-3],[-2,-1],[-10,-4],[-9,-4],[-32,-7],[-32,-7],[-17,-4],[-24,-8],[-10,-5],[-5,-9],[-4,-5],[-8,-6],[-8,-7],[-7,-4],[-49,-28],[36,-78],[-15,-68],[2,-11],[0,-6],[15,-23],[4,-5],[11,-23],[-13,-3],[-7,-2],[-14,-6],[-20,-8],[-5,-2],[-17,-19],[-10,-12],[-4,-2],[-4,-2],[-17,-7],[-3,-2],[-4,-2],[-12,-7],[-13,-7],[-3,-3],[-4,-1],[-3,-3],[-4,-3],[-5,-5],[-10,-9],[-3,-4]],[[33431,11365],[0,1],[-9,-2],[-20,-3],[-5,-3],[-34,-16],[-8,-7],[-18,-6],[-6,-4],[-22,-4],[-17,-1],[-10,-1],[-5,0],[-6,-4],[-4,-1],[-16,-7],[-21,-6],[-8,-1],[-8,-2]],[[33214,11298],[-18,-6]],[[33196,11292],[-4,0]],[[33192,11292],[3,3],[-2,2],[-2,3],[-6,11],[-3,12],[-2,15],[-8,4],[-2,3],[-8,2],[-1,6],[-13,20],[-6,-3],[-6,3],[-6,-3],[-3,0],[-2,2],[-4,6],[-8,0],[-2,5],[-2,-1],[-8,-2],[-9,6],[5,8],[-8,13],[5,5],[-5,2],[-7,3],[-5,13],[-2,2],[-4,-2],[-23,2],[-3,5],[-13,2],[-9,10]],[[33023,11449],[-40,21],[-73,91],[-12,65],[-61,84]],[[32837,11710],[10,6],[5,6],[2,4],[18,13],[5,1],[11,0],[7,-2],[7,-3],[-1,-2],[3,-2],[3,-1],[5,-4],[15,1],[9,1],[5,3],[46,30],[7,2],[10,3],[14,3],[5,-1],[29,13],[4,-1],[-1,7],[-5,3],[0,4],[-2,3],[5,1],[-1,6],[-4,3],[-22,11],[-14,6],[-3,5],[-4,1],[-5,1],[-2,1],[-7,2],[-7,4],[-4,-1],[0,4],[-15,20],[-5,4],[-11,9]],[[11273,8869],[47,-30],[-6,-12],[-33,-34],[11,-4],[9,-5],[15,-9],[123,-1],[25,11],[10,2],[72,0],[-2,-3],[-1,-2],[1,-4],[25,-1],[2,3],[35,13]],[[11606,8793],[39,8]],[[11645,8801],[10,-7],[9,-9],[11,-8],[22,-12],[39,-29],[-3,-4],[44,9],[21,2],[21,2],[19,2],[9,5],[5,5],[3,4],[3,6],[-1,4],[29,-7],[1,-4],[75,-5],[4,4],[29,17],[5,2],[4,5],[9,12],[14,11]],[[12968,8570],[-52,-19],[-86,10],[2,-49],[-26,-28],[-103,-5],[38,44],[-14,36],[-87,21],[-64,-44],[-135,26],[-95,-3],[-127,-52],[-160,30],[-79,-33],[-50,-104],[-4,-73],[-47,-43],[32,-41],[-50,-63],[45,-38],[-33,-20],[-74,18],[-32,63],[-59,20],[-19,-56],[51,-13],[12,-63],[-66,-32],[-79,78],[-72,23],[10,30],[-163,129],[-17,37],[-45,22],[41,52],[-120,67],[19,42],[-1,97],[-27,46],[-56,14],[-7,66],[72,50],[32,57]],[[16212,14350],[-91,66],[92,40],[-34,24],[-44,74],[18,11],[-89,88],[-49,28],[43,39]],[[16058,14720],[25,57],[75,30],[-10,80],[77,30]],[[16225,14917],[65,-3],[53,-25],[151,-35]],[[16494,14854],[83,-27],[-5,-35],[39,-52],[115,13],[99,-83],[-57,-59],[24,-51],[-45,-34],[-104,6],[-14,-26],[-97,-49],[-42,51],[-48,19],[-40,-29],[26,-44]],[[16428,14454],[-12,-12],[-9,-6],[-7,-8],[-4,-1],[-24,-2],[-16,-3],[-13,-1],[-6,-3],[-8,-4],[-9,-4],[5,-18],[-1,-2],[-4,-2],[-3,-2],[-4,-14],[-1,-4],[-4,-4],[-10,-7],[-26,22],[-3,2],[-57,-31]],[[14302,15766],[218,21],[28,6],[158,54],[18,9],[11,6],[13,8],[180,106]],[[14928,15976],[65,-4],[100,43],[30,32],[49,-2]],[[15512,15691],[-25,-41],[-174,-81],[51,-28],[-81,-27],[-48,11],[-79,-16],[-82,-48],[-79,-108]],[[16482,15373],[46,-33],[-354,-76],[-43,-23]],[[16131,15241],[-37,-4],[-63,-56],[-108,-66],[-97,21],[-197,-47],[-159,61],[-68,43],[-92,-27],[-8,-46],[62,-53],[19,-39],[-74,-105]],[[15309,14923],[-79,-28],[-69,36],[-135,37],[-127,-62],[-158,-7]],[[1798,14531],[-157,159],[-80,62],[94,28],[42,45],[-40,101]],[[1657,14926],[8,2],[4,1],[6,1],[8,-1],[5,1],[5,-1],[5,1],[10,1],[8,2],[7,2],[9,1],[5,1],[10,1],[41,12],[21,9],[9,3],[5,0],[5,1],[3,1],[1,4],[27,-6],[7,4],[0,3],[5,4],[4,3],[4,1],[-1,1],[9,2],[2,6],[7,14],[-4,7],[-1,5],[5,4],[6,4],[1,3],[1,4],[0,6],[-2,9],[-5,15],[-10,8],[0,2],[4,5],[0,2],[-3,6],[-5,13],[-11,6],[39,7],[14,4],[16,-4],[4,1],[15,4],[22,6],[4,3],[53,0],[13,2],[32,2],[5,0],[6,2],[-3,7],[5,0],[6,2],[10,9],[4,3],[69,22],[5,1],[52,17],[42,9],[8,2]],[[2649,14844],[29,-60],[114,-137],[51,-45],[135,-44],[174,-98]],[[3112,14390],[-57,-24],[23,-29],[-110,-42],[-67,119],[-53,-17],[-132,-70],[104,-48],[30,-41],[-37,-131],[-100,-45]],[[2713,14062],[-28,15]],[[5996,17186],[-67,63],[-186,-52],[-101,-44],[-59,35],[-78,87],[-67,134],[-37,-7]],[[5401,17402],[1,4],[2,15],[-2,6],[-5,10],[-6,6],[-5,5],[-4,6],[-3,12],[46,51],[50,24],[-21,27],[-4,5],[-5,3],[-10,11],[1,3],[3,2],[4,7],[11,26],[3,5],[-2,3],[-7,12],[7,24],[0,5],[1,1],[5,1],[10,0],[3,5],[-17,41],[-4,7],[-2,0],[-19,-2],[-9,9],[0,7],[4,4],[0,4],[-8,10],[7,2],[4,1],[1,16],[-4,7],[-3,1],[-21,12],[-7,5],[-2,22],[-5,1],[-20,35],[-7,18],[-6,12],[-13,1],[-12,1],[-8,-36],[-10,1],[-22,4],[-7,1],[-14,-2],[2,7],[2,6],[-4,9],[-17,-5],[-6,-2],[-7,2],[-3,-1],[-8,-6],[-10,-5],[-4,1],[17,37],[19,11],[7,2],[20,1],[4,1]],[[5282,17921],[357,14]],[[6280,17933],[6,-2],[5,-1],[13,-2],[11,-2],[6,-3],[5,-5],[2,-2],[1,-8],[3,-5],[5,-4],[8,-6],[6,-5],[9,-10],[12,-16],[1,-3],[2,-8],[0,-4],[-1,-14],[2,-6],[1,-6],[3,-8],[5,-8],[3,-5],[4,-5],[1,-4],[2,-9],[1,-6],[1,-1],[1,-9],[1,-5],[3,-4],[6,-13],[4,-7],[6,1],[7,0],[14,4],[14,2],[-3,12],[-1,5],[3,0],[9,2],[24,5],[4,0],[6,0],[10,1],[7,8],[4,6],[7,-42],[-13,-15],[-8,-8],[-8,-9]],[[6494,17709],[-33,-35]],[[6461,17674],[-25,-25],[25,-32],[36,-48],[20,-36],[-43,-5],[-86,-58],[-8,-7],[-31,-12],[-39,-12],[-30,-9],[-69,-21],[-23,-10],[-2,-2],[16,-13],[14,-12],[-2,-4],[1,-3],[8,-9],[5,-4],[4,-3],[10,-2],[11,3],[7,1],[7,1],[14,-1],[2,-4],[7,-13],[2,-3],[0,-4],[2,-2],[7,-6],[14,-17],[2,-12],[1,-2]],[[6318,17288],[-6,-33],[-14,-3],[-2,4],[-26,4],[-6,1],[-46,6],[-4,0],[-7,-11],[1,-8],[1,-2],[-24,-17],[-9,-2],[-4,-1],[-16,-5],[-5,-1],[-21,-5],[-7,0],[-19,-3],[-3,-1],[-13,-1],[-9,0],[-2,-2],[-5,-1],[-13,4],[-8,0],[-10,2],[-5,-1],[3,-2],[4,-3],[3,-2],[1,-2],[-11,-3],[-22,-4],[-18,-10]],[[7206,17988],[29,17],[11,7],[8,3],[21,4],[15,4],[74,18]],[[7364,18041],[38,4],[14,2],[6,1],[78,35],[31,-30],[156,-7],[138,17],[72,45],[75,-79],[47,-7],[149,53],[46,-13],[94,21],[47,-32],[-100,-31],[-1,-35],[52,-48],[87,-37],[2,-65],[-53,-17],[58,-47]],[[8400,17771],[13,-40],[9,-1],[10,0],[-8,-33],[29,-44],[76,-95],[5,-6],[7,-11],[3,-6],[28,-104],[1,-8],[3,-12]],[[8576,17411],[-34,-25]],[[8542,17386],[-20,-5],[-18,-7],[-7,-3],[-13,-4],[-14,-3],[-56,-14],[-18,-5],[-8,-3],[-19,-5],[-7,-3],[-73,-21],[-18,-5],[-15,-9],[13,-13],[21,-39],[1,-8],[1,-4],[22,2],[19,1],[22,2],[8,-38],[14,-1],[6,-2],[4,-16],[-2,-12],[-12,-1],[3,-5],[2,-3],[22,-34],[10,-13],[6,-16],[-2,-6],[3,-10],[3,-8],[-3,-10],[21,-9],[-10,-11],[-10,-14],[-5,-5],[-3,-1],[-13,-6],[-10,-4],[-15,-8],[-3,-1],[-8,-1],[3,-9],[-7,0],[-8,1],[-33,4],[-44,-5],[-18,-1],[-19,-2],[5,-10],[8,-20],[0,-2],[-6,-2],[-26,-6],[-27,-7]],[[7483,17034],[59,27],[2,1],[49,13],[45,42],[29,56],[12,24],[4,6],[-2,3],[4,1],[-1,3],[1,6],[2,24],[0,7],[-64,19],[-12,4],[-5,0],[-18,4],[-13,4],[-19,4],[-20,4],[-34,9],[-29,-9],[-16,-6],[-27,-9],[2,8],[5,23],[-2,0],[-27,-8],[-7,0],[-15,1],[-6,-3],[-5,-3],[-26,18],[-8,4],[-17,23],[6,5],[5,4],[-4,3],[-7,9],[-6,6],[-5,7],[-32,31]],[[7281,17399],[-37,33],[-113,66],[-56,10],[-27,30],[190,233],[83,113],[-115,104]],[[25183,13634],[-63,69],[-99,72],[46,43]],[[25067,13818],[50,12],[26,4],[14,3],[10,2],[10,-6],[11,0],[10,8],[4,3],[10,7],[5,7],[11,7],[14,9]],[[25242,13874],[52,-14],[20,-7],[44,-20],[12,-7],[14,-8],[5,-3],[14,-11],[49,-50],[7,-6],[15,-12],[15,-12],[12,-7],[6,2],[5,-1],[5,3],[1,1],[4,-2],[8,2],[4,4],[4,2],[8,0],[22,10],[7,4],[0,1],[15,9],[2,3],[2,1],[2,2],[3,3],[1,2],[8,3],[3,1],[5,4],[3,2],[2,0],[4,3],[9,5],[2,3],[2,0],[2,2],[5,2],[4,1],[2,2],[9,3],[6,4],[4,-1],[4,2],[4,-1],[8,0],[9,-1],[7,0],[5,8],[0,4],[3,2],[5,-2],[1,1],[-2,3],[1,2],[6,0],[3,2],[22,-4],[15,-5],[0,-4]],[[25761,13804],[-29,-81],[89,-45],[113,-26]],[[25934,13652],[-1,-2],[5,-1],[2,-2],[6,-1],[4,-1],[3,-2],[3,0],[5,-1],[3,0],[6,-6],[7,0],[6,0],[1,-3],[3,-2],[4,3],[3,1],[3,-1],[7,0],[2,-1],[2,0],[5,-1],[3,1],[3,-1],[3,-2],[8,-3],[11,1],[11,-2],[19,-18]],[[26071,13608],[-28,-53],[-68,-32],[1,-32],[45,-34]],[[26021,13457],[-35,-33],[-6,-4],[-3,-2],[0,-4],[-2,-3],[-23,-25],[-6,-7],[-2,-3],[-4,-12],[-1,-5],[1,-8],[-1,-4],[-6,-18],[2,-7],[6,-10],[-1,-3],[1,-3],[0,-7],[15,-5],[-6,-5]],[[25950,13289],[-60,-100],[59,-47],[65,-24],[70,29],[26,-25],[-105,-66],[-91,-108]],[[25914,12948],[-10,0],[-10,1],[-22,0],[-62,2],[-19,1],[-13,0],[-71,-63],[-8,-2],[-18,-17],[-9,-10],[-9,-28],[-10,-14]],[[25653,12818],[-83,19]],[[25570,12837],[-62,13],[-56,42],[54,41],[-139,32]],[[20666,9113],[14,-55],[35,-26],[152,58],[183,107],[10,40],[51,21],[68,-32],[12,-31],[99,14],[-2,27]],[[21288,9236],[121,10],[131,62]],[[21540,9308],[79,-56],[120,-45],[43,-52],[122,73],[223,-75],[38,14],[23,-61],[256,-23],[134,-125]],[[21997,8824],[-105,-15],[-159,-5],[-79,-31],[-20,-29],[-189,-8],[-7,-22],[-124,-69]],[[21314,8645],[-20,-1],[-4,1],[-12,4],[-27,9],[-75,32],[-29,-6],[-21,2],[-28,12],[-20,3],[-83,3],[-17,-4],[-7,2],[-25,-24],[-24,8],[-60,-20],[-3,-2],[-14,-5],[-9,-5],[6,-8],[4,-3],[11,-5],[2,-4],[-1,-2],[5,-1],[3,-6],[3,-3],[1,-2],[-1,-6],[2,-1],[-3,-2]],[[20868,8611],[-221,31],[0,46],[-98,25],[-20,-36],[-60,12],[-41,-23]],[[27200,16611],[-3,33],[-1,28],[-1,27],[0,8],[-2,80],[4,0],[0,9],[0,12],[0,14],[-8,43],[-215,172],[-104,32],[-61,69],[-50,3]],[[26759,17141],[-26,93],[14,263],[211,142],[260,56],[331,-53],[197,20],[206,-4],[61,28],[35,99],[500,-89],[213,-46]],[[28761,17650],[-85,-73],[-48,-42],[-16,-13]],[[28612,17522],[-66,-56]],[[28546,17466],[-28,-25],[-17,-13],[-64,-54],[-74,-63],[-49,-42],[-18,-16],[-11,-9],[-28,-24],[-19,-15],[-23,-21],[-155,-133],[-250,-196],[-4,-2],[-18,-14]],[[27788,16839],[-8,-6],[-61,-47],[-96,-74],[-13,-10],[-49,-37],[-15,-12],[-18,-13],[-4,-2],[-45,-19],[-2,-9],[-1,-1],[0,-3],[-5,-3],[-4,1],[-2,2],[-3,-1],[-4,1],[-4,2],[-6,2],[-4,1],[-1,1],[-5,0],[-3,2],[-9,0],[-6,0],[-4,2],[-1,3],[-10,0],[-2,0],[-1,-1],[-4,3],[-2,2],[-4,0],[-7,0],[-4,-2],[-1,-2],[-4,1],[-2,1],[-5,-1],[0,-2],[-5,0],[-3,0],[-3,-1],[-4,1],[-4,-1],[-7,1],[1,2],[-3,0],[-14,-3],[-3,1],[-3,-3],[0,3],[-4,0],[-6,-1],[-3,0],[-5,-1],[-3,0],[0,2],[-8,-1],[-12,-1],[-1,-1],[-7,-1],[-9,-1],[-3,-1],[-3,1],[-2,-1],[-1,3],[-3,0],[-2,-2],[-20,0],[-3,-2],[-3,-4],[-2,2],[-9,1],[-12,1]],[[21441,15268],[-1,-7],[36,-45],[9,0],[7,-1],[3,-2],[1,-2],[-2,-9],[-2,-4],[-7,-9],[12,1],[36,0],[10,0],[12,-1],[9,0],[21,-3],[14,-1],[5,-1],[5,-1],[16,-3],[5,-1],[13,-3],[12,-4],[8,-3],[19,-6],[-2,-3],[-10,-9],[-13,-14],[-10,-12],[-63,-67],[-15,-15],[-4,-6],[-9,-7],[-15,-10],[0,-1]],[[21541,15019],[-7,-9],[-11,-13],[-8,-9],[-6,-14],[-20,-2],[-14,-2],[-17,1],[-14,1],[-9,1],[-31,4],[-10,1],[-69,4],[-22,2],[-159,-19],[-7,-2],[-11,-8],[-10,-13],[0,-10],[8,-21],[-4,-5],[2,-6]],[[15481,13916],[-26,20],[-31,0],[-61,54],[-1,7],[-33,24]],[[15329,14021],[10,4],[9,4],[3,2],[5,1],[20,10],[6,1],[7,0],[80,20],[5,3],[5,3],[4,1],[17,10],[9,2],[34,16],[16,7],[17,8],[15,9],[7,5],[-11,8],[-6,4],[-7,7],[-1,2],[-39,16],[0,10],[-33,30],[-5,15],[0,7],[-1,9],[-1,11],[-1,13],[2,11],[-12,9],[-4,9],[-1,4],[50,34],[7,1],[4,4],[2,5],[-1,3],[0,5],[0,6],[6,1]],[[15546,14351],[1,1],[6,-2]],[[15553,14350],[243,-90],[167,-29],[14,-35]],[[15977,14196],[7,-1],[5,-2],[10,-6],[13,4],[12,2],[4,1],[6,-3],[8,0],[8,-3],[5,-4],[28,-27],[-16,-6],[-12,-4],[-25,-8],[10,-95],[7,-6],[11,-12],[1,-16],[-8,-3],[-9,-4],[5,-5],[6,-3],[6,-2],[-4,-2],[5,-3],[1,-3],[3,-2],[6,-4],[4,-5],[4,-8],[3,-2],[3,-4],[1,-23],[-4,-11],[0,-5],[-1,-5],[-2,-2]],[[16078,13914],[0,-2],[-10,-2],[0,-2],[-2,-1],[3,-3],[-1,-2],[1,-2],[0,-3],[-1,-2],[-3,0],[-15,-6],[-1,-2],[-7,-6],[0,-1],[-3,-1],[-2,-2],[-1,-2],[-1,-1],[-3,-4],[2,-1],[-3,1],[-2,-1],[-3,1],[-5,1],[-1,-2],[-8,-1],[-1,-1]],[[16011,13867],[-2,1],[-4,-2]],[[16005,13866],[-1,-2],[-4,0],[-8,-5],[-79,12],[-26,-2],[-57,8],[-82,7],[-16,-2],[-5,-3],[-22,-2],[-3,-2],[-4,-4],[-3,1],[-4,0],[-6,-2],[-5,1],[-4,-3],[-2,0],[-1,2],[-6,1],[1,2],[-2,0],[-5,2],[-4,-2],[-5,0],[-4,-1]],[[24327,18658],[-14,-29],[40,-11],[5,-7],[6,-6],[8,-3],[-3,-2],[0,-5],[1,-2],[7,-4],[6,-1],[8,-3],[11,-9],[3,1],[4,-2],[8,0],[11,0],[5,-3],[17,-3],[124,32],[54,6],[48,-9],[54,-10],[28,-5],[30,-4],[18,-3],[72,-7],[86,-9],[63,-6]],[[18592,16208],[97,-6],[76,-23],[72,11],[10,-52],[40,-33],[84,-11],[-25,-70],[30,-48],[65,13],[59,40],[31,-59],[110,-13]],[[19241,15957],[53,-86],[-58,-46],[58,-68]],[[19294,15757],[-35,-1]],[[19259,15756],[-81,8],[-77,-21],[-67,21],[-35,39],[-55,9],[-73,-39],[-85,-10]],[[18786,15763],[-49,51],[-55,6],[-81,-46],[-46,8],[-116,52]],[[19309,16445],[-88,-2],[-6,56]],[[19386,16655],[3,-2],[21,-52],[2,-4],[4,-11],[9,-7],[53,-52],[17,-7],[96,-53],[11,3],[8,1],[4,0],[4,-3],[7,-3],[17,-3],[6,2],[16,-3],[14,-4],[2,-2],[6,-4],[4,-5],[1,-4],[-22,-18],[1,-3],[18,-45]],[[6674,13098],[110,-108]],[[6784,12990],[-7,-30],[-59,-50],[-7,-1],[-5,-1],[-15,-4],[-6,-3],[18,-23],[-72,-42],[-1,-8],[-23,-20],[-5,-2],[0,-5],[2,-14],[0,-4],[-5,-1],[-3,-11],[5,-2],[9,0],[7,-1],[6,-1],[9,-2],[6,-3],[19,-10],[4,0],[31,-19],[6,-7],[-1,-1],[2,-11],[-2,-11],[-1,-6],[-1,-2],[-4,-8],[-2,-9],[25,-33]],[[6714,12645],[-7,-2],[-5,0],[-26,-6],[-6,-1],[-14,0],[-9,-2],[-6,-1],[-20,-6],[-75,-29],[-11,-3],[-15,-3],[-12,-3],[-26,-2],[-5,4],[-32,17],[-1,2],[-10,-2],[-5,-6],[-5,-8],[-7,-7],[-48,1]],[[6369,12588],[-68,24],[1,36],[-63,53],[-49,63],[-54,45],[-38,57],[11,42],[-38,21],[-202,-39],[-73,47],[-105,26],[-18,-70],[-40,-48],[-60,-27]],[[19976,5946],[39,-7],[193,31],[58,-12],[205,81],[-36,64],[71,13]],[[21783,6045],[-63,-49],[-112,-13],[-75,-104],[-23,-9],[-44,-79],[4,-38],[-78,-41],[51,-79],[4,-32],[100,17],[40,-62],[-48,-56],[14,-48],[-45,-44],[-64,-170],[4,-72],[28,-26],[-38,-32],[26,-75],[-29,-39],[-72,-12],[-109,12],[-35,-29],[-58,-1],[-251,-67],[-283,-16],[-37,9]],[[23345,4275],[-167,67],[-51,66],[-41,83],[-28,27],[-72,17],[-101,-16],[-176,52],[-55,1],[-108,37],[-41,-3],[-10,124],[46,69],[-21,46],[106,7],[89,61],[62,69],[-27,73],[48,77],[-37,49],[10,44],[40,19],[-24,44],[81,39],[21,40],[109,35],[1,33],[47,36],[42,-38],[108,-47],[18,29],[81,-8],[74,27],[58,-44],[51,22],[47,-9],[71,89]],[[23596,5492],[2,1],[3,3],[19,4],[4,2],[16,1],[7,0],[6,2],[3,1],[4,2],[12,4],[6,3],[11,2],[4,2],[3,2],[3,1],[10,2],[4,2],[21,6],[5,1],[38,10]],[[23777,5543],[44,-18],[34,-48],[68,-24],[17,29],[98,2],[167,23],[37,-3],[-43,-86],[-62,-12],[-141,-87],[-19,-39],[-48,-18],[28,-58],[104,68],[54,4],[96,35],[106,5]],[[24317,5316],[108,-58],[67,-68]],[[24018,4196],[-54,66],[-95,23],[-75,-18],[-4,60],[-68,10],[-119,-70],[-49,20],[-61,-25],[-148,13]],[[13380,10065],[-47,15],[-13,1],[-5,0],[-7,2],[-1,0],[-10,-3],[-17,2],[-4,2],[-61,-38],[-123,46],[-14,4],[-2,3],[-13,4],[-12,3],[-10,4],[-5,0],[-33,2],[-20,3],[-9,3],[-12,1],[-4,-1],[-24,2],[-21,5],[-23,2],[-9,4],[-4,2],[-34,11],[-22,50]],[[12821,10194],[1,0],[-1,4]],[[12821,10198],[3,3],[10,11],[0,7],[-8,5],[-17,6],[-8,3],[-7,3],[-2,2],[-5,4],[-11,16],[-6,3],[-13,7],[-16,9]],[[12741,10277],[-136,53],[-6,62],[63,34]],[[12662,10426],[1,1],[2,2],[5,2],[3,2],[-2,2],[2,2],[3,2],[5,0],[4,3],[2,2],[1,1],[2,0],[1,2],[2,3],[9,1],[3,2],[6,7],[3,1],[3,3],[3,5],[1,2],[2,0],[7,5],[2,0],[2,1],[2,0],[2,2],[1,1],[-2,2],[8,2],[1,2],[4,1],[1,1],[7,5],[2,1],[5,5],[1,2],[-2,3],[3,2],[2,4],[2,2],[0,4],[2,1],[2,5],[3,4],[2,2],[-2,1],[3,1],[0,3],[4,1],[2,6],[3,4],[8,2],[7,-1],[12,-1],[4,0],[9,-3],[24,-10]],[[14341,10500],[50,25],[67,-52],[-7,-4],[3,-47],[9,-6],[7,-5],[37,-39],[1,-13]],[[14508,10359],[-38,-41],[63,-38],[-4,-34],[-53,-7],[-28,-39],[-99,-4],[-9,-31]],[[14340,10165],[-9,-23],[-70,-32],[-102,3],[-34,-74],[-4,-11],[8,-7],[3,-3],[7,-14],[0,-2],[-3,-3],[-4,-3],[5,-6],[2,-2],[-18,-31],[-17,-21]],[[14104,9936],[-65,-22],[-48,32],[-71,90]],[[13920,10036],[-24,-8],[-168,4],[-130,-14],[-162,35],[-14,3],[-42,9]],[[22479,15416],[-6,8],[30,62],[-11,16],[20,8],[13,28],[25,50],[-5,15],[-9,17],[-13,16],[-3,5],[-4,7],[0,2],[-3,1],[-14,-1],[-10,0],[-30,-4],[-26,-2],[-13,1],[-7,0],[-9,-4],[-5,-2],[-17,3],[-3,2],[1,3],[-1,2],[-6,0],[-6,5],[-10,3],[-10,3],[-3,1],[0,3],[-3,4],[1,4],[-9,8],[-1,3],[11,5],[0,3],[-4,2],[-2,3],[-4,10],[-2,2],[-5,2],[-22,4],[-6,2],[-6,3],[-8,4],[-2,0],[-11,0],[-13,0]],[[22258,15723],[3,4]],[[22261,15727],[46,35],[12,10],[48,40],[3,3],[1,3],[3,3],[32,15],[8,4],[54,-10],[16,-9],[164,71]],[[22648,15892],[55,21]],[[16225,14917],[52,50],[-13,90],[-70,52],[-52,75],[-11,57]],[[16488,15424],[58,4],[107,-68],[69,-16],[107,50],[75,51],[76,-8],[17,-42]],[[16997,15395],[-28,-54],[11,-73],[-32,-61],[-72,-8],[-77,-30],[117,-63],[21,-48],[-60,-46]],[[16877,15012],[-47,-48],[-64,-37],[-95,-24],[-108,-50],[-69,1]],[[5053,17224],[24,0],[6,1],[12,1],[7,3],[4,14],[5,1],[2,2],[3,4],[8,2],[5,0],[9,3],[12,-2],[1,6],[-2,9],[-3,3],[-1,6],[5,2],[4,5],[5,1],[4,4],[2,5],[36,6],[4,2],[4,3],[-2,3],[1,3],[9,16],[-8,8],[-5,4],[-4,3],[-5,9]],[[5195,17351],[5,1]],[[5200,17352],[26,5],[10,6],[14,5],[25,0],[24,4],[41,10],[29,5],[5,1],[27,14]],[[5996,17186],[14,-28],[7,-13],[4,-3],[3,-4],[15,3],[39,-54],[4,-8],[79,-94],[11,-16],[30,-68],[11,-20],[-48,-3],[-7,-1],[-12,-4],[-60,-16],[-9,-5],[-16,-7],[-13,-7],[-31,-17],[-6,-7],[-10,-2],[-9,-3],[-12,-4],[-19,-7],[-7,2],[-3,3],[-4,-2],[17,-72],[-4,-14],[-7,-28],[-7,-33],[66,-25]],[[6012,16629],[-18,-5],[-6,0],[-116,-42],[-6,-4],[-40,-3],[-12,-4],[-116,-43],[-5,-2],[-161,-42],[-13,-4],[-20,5]],[[5499,16485],[-8,5],[-5,4],[1,-3],[0,-2],[-4,-1],[-5,0],[-49,-18],[-3,1],[-27,13],[-27,-1]],[[26725,11863],[-79,53],[-60,-27],[-63,81],[-65,-3],[-50,-39],[-148,6],[-20,42],[153,98],[-54,80],[-64,15],[17,55],[94,12],[89,-18],[53,-26],[115,44],[187,-1],[47,-30]],[[29157,697],[-134,6],[-60,23],[-87,203],[22,23],[-77,65],[-52,8],[-70,85],[-89,16],[-42,59],[-162,40],[-60,33]],[[28346,1258],[11,5],[2,0],[1,-3],[4,-7],[5,-4],[19,-9],[16,-10],[5,-2],[9,-1],[34,-4],[11,-5],[52,-6],[6,-2],[35,28],[13,6],[32,21],[13,9],[11,12],[5,11],[12,15],[2,6],[10,3],[9,-1],[17,-7],[22,-6],[17,-5],[12,3],[10,4],[6,4],[2,7],[3,3]],[[29892,1221],[-81,-35],[5,-48],[99,-26],[-40,-48],[-20,-71],[15,-38],[-44,-31],[-10,-45],[-57,-22],[-38,-49],[21,-29],[-49,-59]],[[29693,720],[-2,2],[-17,5],[-50,2],[-7,-9],[-6,-13]],[[29611,707],[-52,-2],[-45,71],[-66,-4],[-28,-85],[-56,-12],[-70,24],[-71,-34],[-66,32]],[[20313,9448],[91,1],[24,36],[-64,60],[-46,19]],[[20318,9564],[1,4],[9,-3],[17,3],[5,1],[6,1],[4,1],[3,1],[3,0],[4,0],[3,1],[19,-1],[2,2],[10,0],[8,2],[3,1],[8,-1],[7,0],[2,-1],[1,-3],[13,6],[1,2],[8,6],[10,8],[11,9],[-1,2],[-5,6],[-1,5],[-2,5],[3,8],[4,14],[-16,14],[6,2],[23,6],[1,3],[31,23],[11,8],[5,3],[6,9],[8,9],[3,3],[3,5],[5,17],[3,6],[2,1],[11,7],[9,11],[-2,1],[-7,3],[18,20],[-7,5],[-18,24],[9,3],[-6,4],[-2,0],[-1,1],[-61,38]],[[20508,9869],[209,58],[126,26]],[[20843,9953],[1,-30],[77,-26],[100,-95],[-101,-109],[2,-36],[43,-68],[69,-73],[171,-62],[-35,-17],[63,-125],[55,-76]],[[13007,8858],[74,20],[57,-31],[62,32],[12,100],[36,-1],[57,89],[-25,74]],[[13423,9232],[51,-51],[115,86]],[[13589,9267],[19,-10],[27,-10],[16,-5],[17,-3],[18,-8],[11,-6],[8,-3],[20,-8],[34,-16],[6,-3],[10,-3],[63,-18],[10,-4],[5,-2],[3,-3],[8,1]],[[13864,9166],[29,-9]],[[13893,9157],[6,-31],[32,-6],[148,-43]],[[14079,9077],[-118,-123],[-145,32],[18,38],[-73,21],[-31,-61],[-79,-22],[-36,23],[-63,-27],[53,-47],[-30,-90],[-64,-50],[32,-24],[-24,-34]],[[13519,8713],[-68,13],[-72,-58],[33,-14],[-178,-91],[-68,-66],[-44,40],[-99,23]],[[19529,12598],[84,38],[57,2],[32,56],[-26,14],[-124,12],[-97,-14],[-10,72],[-52,53],[-52,-14],[-142,-1],[-96,38]],[[19103,12854],[118,52],[69,19]],[[20559,12663],[-5,-4],[-4,5],[-2,1],[-5,-1],[0,-2],[-2,-1],[2,-2],[2,-5],[-2,-1],[-6,7],[-3,0],[3,-6],[0,-1],[-6,0],[-4,-1],[-10,-7],[-3,-1],[-3,-4],[-3,-1],[-8,0],[-23,1],[-4,1],[-13,-5],[-1,-2],[0,-4],[-2,-2],[-2,0],[-3,4],[-1,-1],[-2,-3],[0,-4],[-5,1],[-2,1],[-1,3],[-8,-5],[-1,-4],[-3,-1],[-3,-1],[-7,2],[-1,-2],[-7,-6],[-4,-3],[0,-2],[-3,-1],[-3,2],[-9,-1],[-1,0],[-4,-4],[0,-1],[0,-4],[-4,-2],[-2,-1],[-4,3],[2,2],[0,2],[-7,-1],[3,-2],[20,-27],[3,-3],[-75,-59],[-42,-11],[1,6],[-18,5],[-7,2],[-11,-2],[-5,1],[-5,-3],[0,-3],[-4,-3],[-1,2],[-5,-1],[-1,0],[1,-3],[-2,-4],[2,-4],[4,1],[-1,-3],[-3,-2],[3,-2],[-10,-2],[4,-2],[-2,-2],[-5,0],[-1,-1],[3,-2],[-6,-1],[-2,-2]],[[20210,12474],[-2,-1],[-15,-3],[-14,6],[-1,2],[0,6],[1,4],[-1,4],[-5,4],[-6,5],[-13,11],[-24,-11],[-13,-7],[-44,-17],[-4,-3],[-14,-3],[-7,-1],[-5,-2],[-14,-10],[-12,-7],[-7,-3],[-14,-3],[-14,-4],[-16,-5],[-15,-6],[-7,-3],[-6,-5],[-8,-3],[-7,-2],[-9,-1],[-4,6],[-4,3],[-69,-14],[21,-15],[24,-15],[14,-34],[8,-7],[-6,-3],[-10,-4],[-28,-17],[-9,-2],[-10,-5]],[[19841,12309],[-13,-9]],[[19828,12300],[-4,1],[-4,0],[-3,3],[1,3],[-5,1],[1,-3],[-4,0],[-5,0],[-4,0],[-1,0],[-3,4],[2,2],[0,2],[-6,-1],[-10,4],[3,-3],[-6,-3],[-2,1],[-1,3],[-1,1],[-8,-2],[-2,3],[0,3],[-6,1],[-21,-1],[-7,1],[-3,4],[0,4],[-9,5],[-6,0],[0,2],[-8,1],[-7,2],[-15,0],[-2,2],[-3,0]],[[18595,12991],[-13,28],[-6,7],[-20,19]],[[18556,13045],[1,1],[-1,4],[-4,7],[-1,5],[3,5],[3,8],[0,6],[3,9],[0,3],[0,6],[1,10],[-2,5],[-2,2],[-4,3],[-11,4],[-9,2],[-5,3],[-7,11],[-6,4],[-5,5],[38,9],[11,2],[8,1]],[[19103,12854],[-170,-62],[-14,16],[-164,-47]],[[28987,2860],[-2,2],[-7,0],[-12,-1],[-9,0],[-9,-1],[-9,-1],[-7,-2],[-8,-3],[-5,-1],[-11,2],[-7,1],[-8,1],[-5,-1],[-13,-2],[-4,-1],[-10,-4],[-5,2],[-7,6],[-8,4],[-6,2],[-5,2],[-5,0],[-17,-2],[-27,7],[-10,4],[-15,8],[7,9],[6,6],[13,11],[-3,3],[-11,-7],[-4,-3],[-10,-9],[-7,-7],[-2,-4],[-14,-2],[-7,3],[-1,2],[-10,11],[-1,5],[0,4],[2,5],[-3,7],[-5,7],[-1,5],[-2,3]],[[28703,2931],[136,41],[50,3],[109,41],[15,52],[48,39],[92,44],[155,17],[60,-13],[52,62],[136,-2],[48,-36],[70,-9],[-15,48],[41,8],[58,85],[69,18],[-40,35],[-6,70],[-124,56],[4,42],[-31,80],[65,18],[60,37],[45,0],[80,61]],[[31592,3232],[49,-95],[-195,-276],[-11,-10]],[[31435,2851],[-44,16],[-84,-11],[-30,7],[1,-11],[-22,-4],[-20,-8],[-12,-4],[-27,-12],[-14,-4],[-61,-31],[2,-4],[9,-14],[-8,-7],[-19,-32],[-1,-5]],[[31105,2727],[-1,0],[-7,-7],[-9,-8]],[[31088,2712],[-43,3],[-13,0],[-37,42],[-10,6],[-14,4],[-6,-4],[-36,-3],[-18,-2],[-8,-2],[-1,0],[-7,5],[3,3],[4,8],[0,4],[-11,20],[-7,11],[-32,-16],[-10,4],[-8,0],[0,2],[-1,6],[-6,-4],[0,13],[-9,9],[-2,-1],[-5,7],[-17,1],[-7,-4],[-6,-4],[-10,12],[-37,-22],[-5,3],[-14,-2],[-4,-4],[-4,3],[-29,-28],[-3,-4],[1,-8],[-13,-3],[0,-5],[-65,-9],[-11,-1],[-12,-2],[-9,-3],[-16,-4],[-15,-3]],[[30535,2740],[-59,32],[-166,12],[-76,-3],[18,-109],[-44,-56],[-87,-37],[-75,-121],[-81,24],[-164,-28],[-112,6],[-35,-67],[-58,-22]],[[24317,5316],[9,-1]],[[24326,5315],[21,4],[13,8],[11,7],[8,1],[37,-7],[-2,-2],[-2,-3],[-1,-3],[-1,-4],[24,-10],[22,-3],[13,-4],[2,2],[1,2],[6,4],[0,2],[5,3],[5,6],[4,4],[6,5],[5,5],[3,4],[2,0],[2,3],[3,0],[6,3],[7,-1],[1,5],[-1,2],[2,2],[1,3],[0,2],[-5,14],[1,5],[-1,4],[-2,5],[-1,4],[-1,3],[4,8],[1,4],[2,12],[3,3],[-1,1],[6,7],[-2,3],[1,3],[0,3],[1,2],[1,7],[-1,10],[0,3],[2,1],[2,4],[3,1],[5,7],[4,2],[4,1],[2,3],[2,0],[2,3],[0,3],[11,-7],[5,1],[8,-2],[5,0],[7,-2],[2,-2],[3,-5],[3,-2],[5,-6],[10,-7],[5,-3],[17,-10],[3,-2],[3,-4],[2,-3],[12,-8],[6,-2],[1,0],[16,-7],[7,-2],[5,-1]],[[24697,5407],[16,-9],[6,-5],[8,-3],[11,-1],[9,-2],[6,-4],[7,-2],[7,-3],[3,-2],[2,-6],[6,-6],[59,-27],[12,-3],[34,-6],[6,-1],[22,0],[20,-11],[5,-4],[5,-3],[4,-4],[6,-3],[3,-4],[13,-3],[22,-3],[8,0],[24,-3],[9,0],[12,0],[19,2],[8,-2],[7,-1],[28,-8],[6,-2],[9,-7],[12,-6],[6,-5],[4,-3],[5,-10],[-4,-4],[-3,-3],[10,-3],[5,1],[8,-1],[30,-3],[5,-2],[8,3]],[[25205,5235],[1,0],[3,-1],[7,-1]],[[25216,5233],[8,-1],[13,-3],[6,-3],[7,-2],[6,0],[6,-1],[7,0],[3,-1],[12,1],[4,-1],[11,-3],[3,-2],[2,-3],[4,-1],[4,-4],[6,0],[5,-1],[10,-2],[8,-1],[2,-1],[5,0],[6,2],[12,-1],[8,-2],[8,-2],[12,1],[4,-1],[7,-4],[8,-2],[7,-3],[2,-1],[13,-3],[3,0],[7,2],[6,1],[3,2],[1,7],[-2,7],[-3,5],[-4,8],[1,3],[7,11],[3,3],[32,21],[7,0],[7,0],[8,2],[24,8],[8,-1],[17,2],[8,-2],[17,-3]],[[25585,5264],[11,-2]],[[25596,5262],[8,-2],[4,1],[10,2],[9,4],[5,3],[5,0],[5,0],[11,-1],[6,1],[4,2],[26,2],[8,4],[5,5],[2,8],[4,3],[2,4],[2,3],[4,2],[7,3],[7,2],[7,1],[9,-3]],[[25746,5306],[5,-2],[5,-1]],[[25756,5303],[6,0],[4,1],[3,2],[4,2],[9,1],[7,6],[8,2],[7,5],[4,-1],[25,17],[12,4],[3,2],[3,9],[3,7],[-1,6],[-6,13],[-2,8],[1,8],[-3,10],[-3,7],[0,4],[1,3],[4,5],[2,1],[10,4],[10,2],[6,0],[29,-9],[11,-2],[11,-5],[13,-1],[4,1],[11,2],[4,-1],[7,-2],[2,0]],[[25938,4926],[33,-37],[-51,-64],[-74,-1]],[[25846,4824],[-7,6],[-5,6],[-2,0],[-3,3],[-4,3],[0,2],[-7,2],[-3,2],[-5,-1],[-2,3],[-4,2],[-6,0],[-26,-8],[-10,-4],[-25,-9],[-6,-3],[-6,-5],[-6,-3],[-7,-1],[-10,0],[-5,-2],[-9,-4],[-9,-1],[-8,-2],[-4,-3],[5,-4],[5,-3],[2,-2],[15,-7],[5,-3],[1,-2],[-2,-4],[-1,-4],[-1,-6],[3,-3],[0,-3],[5,-3],[-1,-5],[2,-3],[-3,-3],[1,-2],[-3,-3],[1,-2],[-6,-3],[-2,0],[-4,-3],[-4,-1],[-2,-3],[-6,1],[-2,-1],[-2,-3],[-7,1],[-7,-1],[-10,-4],[-1,-2],[-10,-2],[-3,-1],[-3,2],[-3,-1],[-10,2],[-3,0],[-3,-1],[-10,-8],[-2,-3],[-4,-1],[-2,-2],[-4,-7],[-1,-4],[2,-2],[-2,-1],[-3,-5],[5,-10],[1,-3],[-1,-2],[3,-4],[-2,-1],[0,-2],[-2,-2],[1,-2],[2,-2],[-1,-8],[-9,-14]],[[19241,15957],[88,37],[-14,61],[59,108],[78,20]],[[19658,16194],[42,-91],[-32,-19],[17,-47],[137,5],[16,66],[92,16],[126,39],[67,1],[34,-38],[125,-43],[-41,-84],[79,-45],[19,-46],[-25,-25],[-127,24],[-84,3],[20,-47],[-50,-29]],[[20073,15834],[-9,10],[-22,14],[-51,29],[-11,6],[-17,13],[-76,8],[-6,-2],[-8,0],[-14,-2],[-8,-2],[-10,-6],[-2,-3],[-8,-4],[0,-1],[-18,-3],[-17,0],[-9,3],[-19,-9],[5,-7],[2,-7],[-7,-1],[-33,-32],[-31,4],[4,-6],[-10,-1],[-2,2],[-18,-2],[-25,-10],[-1,0],[-10,-7],[-4,0],[-26,4],[-4,-8],[-5,-5],[-8,-3],[4,-4],[1,-2],[-1,-6],[-3,-2],[-1,-1],[-8,-5],[-21,-4],[-6,-1],[-7,-2],[-4,-2],[-7,-3],[-15,-5],[-3,-2],[-5,-4],[-2,-4],[-5,-1],[-7,-1],[-32,0],[-4,-3],[-6,-1],[-5,2],[-2,2],[-11,7],[-21,13],[-5,4],[-6,2],[-3,0],[-13,7],[-7,2],[-4,3],[-18,-9],[-9,-4],[-17,-15],[-4,-3],[-5,-2],[-7,-2],[-15,0],[-12,-1],[-5,-2]],[[22162,7851],[-63,-9],[-6,-1],[-32,-5],[-14,-2],[-19,-2],[-11,-2],[-17,30],[-21,35],[-4,7],[-43,10],[-2,3],[-7,28],[-5,5],[-2,3],[-4,6],[21,45],[12,11],[7,5],[1,2],[7,4],[5,1],[-3,4],[7,11],[-3,2],[-4,-1],[-9,-1],[-9,-5],[-13,-1],[-4,1],[9,3],[1,3],[6,3],[11,4],[1,-2],[6,2],[5,-1],[2,1],[1,4],[1,4],[-4,27],[-1,9],[-37,-6],[-20,-1],[-28,8],[-4,8],[-7,-6]],[[21869,8095],[-3,14]],[[21866,8109],[5,9],[0,7],[-13,37],[-4,7]],[[21854,8169],[59,51],[51,84],[-8,32],[113,50],[85,76]],[[23543,7967],[-126,-18],[9,-63]],[[23426,7886],[-71,-23],[-124,-10],[-34,20],[-6,7],[13,7],[8,15],[-41,28],[10,4],[4,4],[2,1],[1,10],[1,4],[-26,20],[7,7],[6,0],[3,2],[-5,5],[-3,12],[-6,-1],[-6,1],[0,3],[-2,3],[-7,0],[-4,-1],[-7,0],[-5,-1],[-5,1],[-6,1],[-6,-2],[1,-4],[-5,-1],[-9,-6],[-94,-15],[-25,34],[-29,-33],[-21,-12],[-22,-10],[-12,-1],[-5,-1],[-8,1],[43,-29]],[[22931,7926],[2,-8]],[[22933,7918],[-12,-6],[10,-6],[-11,-6],[-45,-25],[-6,0],[-5,1],[-4,0],[-2,0],[-3,0],[-8,0],[-5,0],[-6,2],[-4,3],[-3,1],[0,2],[-3,3],[0,1],[-6,3],[-1,4],[4,7],[1,5],[-21,6],[-4,1],[-5,4],[-2,8],[-5,19],[0,3],[-1,2],[-4,-1],[-10,-2],[-14,3],[-3,2],[-3,3],[0,1],[2,5],[3,4],[-4,3],[-4,1],[-9,-2],[-6,7],[-1,6],[8,3],[2,2],[0,2],[-5,3],[-7,12],[0,4],[2,2],[7,3],[4,3],[8,1],[4,0],[2,2],[15,-2],[5,1],[5,5],[2,2],[0,1],[-3,2],[7,5],[0,2],[-5,1],[3,4],[6,3],[3,0],[-167,17],[-5,6],[-1,3],[-2,7],[-6,8],[-5,14],[-3,13],[7,9],[3,2],[1,8],[0,5],[-37,-3],[-28,-7],[9,-34],[-33,-45],[-11,-5],[-9,-3],[-6,0],[-9,0],[7,-7],[3,1],[18,-7],[6,-1],[8,-5],[-20,-24],[-7,-4],[-2,0],[-8,-6],[-6,-18],[-5,-10],[-3,-2],[-4,-2],[0,-3],[0,-1],[-5,-3],[-49,-36],[-51,-10],[4,10],[0,9],[-4,31],[-6,-6],[-3,-1],[-4,-1],[-12,14],[-26,3],[-14,2],[-27,4],[-14,2],[-9,-2],[-52,-14],[-17,-4],[-4,-4],[3,-9],[13,-40],[5,-21],[-47,-20]],[[30518,12367],[-25,-3],[-12,-4],[-6,-3]],[[30475,12357],[-113,37],[-45,61],[-15,66],[-105,-20],[-81,-29],[-32,-74],[-38,-35],[-59,8],[-27,-39],[-77,86],[-103,81],[1,49],[29,64],[41,7],[146,-9],[102,20],[18,37]],[[31459,13068],[-36,-104],[-58,-63],[-3,-31],[-48,-77],[-59,-67],[-72,27],[-9,-60],[-89,-143]],[[31085,12550],[-50,-37],[-44,-13],[-13,5],[-14,-8],[-63,-29],[-15,-6],[-10,-3]],[[30876,12459],[-83,52],[-112,30],[-55,-59],[-47,44],[-55,-84],[-6,-75]],[[28993,9840],[39,3],[5,0],[24,-4],[4,0],[14,2],[54,7],[9,2],[5,1],[23,0],[2,2],[9,-7],[-1,-5],[6,-11],[6,-8],[5,-4],[10,-10],[4,-3],[5,-9],[0,-14],[2,-5],[5,-8],[1,-5],[1,-10],[3,-12],[0,-15],[-5,-9],[3,-10],[5,-1],[48,-13],[5,-1],[6,-4],[56,4],[5,1],[3,-5],[8,-6],[33,6]],[[29395,9689],[54,11]],[[29449,9700],[7,-7],[0,-2],[-7,-6],[0,-5],[10,-12],[6,-3],[17,-10],[1,-4],[40,-8],[6,1],[6,0],[8,0],[6,2],[38,2],[47,-16]],[[29634,9632],[16,-53],[54,-44],[111,42],[112,-38],[16,-67]],[[29943,9472],[-7,-2],[-8,-3],[-7,-4],[-3,-3],[-5,-14],[-3,-17],[0,-1],[4,-3],[-28,-10],[-6,-4],[-5,-3],[-7,-3],[-20,5],[-5,0],[-8,-2],[-6,1],[-5,-2],[-14,-4],[-5,-2],[-4,0],[-2,-1],[-9,0],[-12,1],[-7,1],[-2,2],[-4,0],[-1,3],[-42,-23],[-4,-4],[-48,-16],[-5,-2],[1,-6],[5,-4],[7,-17],[-2,-2],[19,-15],[3,-2],[0,-3],[-3,-6],[-3,-4],[-2,-8],[2,-6],[8,1],[12,-8],[4,-5]],[[29716,9277],[-114,-14],[-52,-39],[-86,-33],[-111,-22],[-76,-46],[-127,2],[-7,58],[-102,45],[-116,38],[16,21],[-58,42],[-77,4]],[[16787,7839],[-140,-38],[-7,-24],[-105,-17],[-42,13],[-117,6],[-43,33],[18,59],[-74,3],[9,34],[-73,9],[-15,-41],[-49,3],[-9,-50],[-60,-33],[10,-28],[122,-25],[62,-51],[-10,-70],[-41,-21],[-133,-8],[-46,19],[-86,-17],[17,65],[-46,24],[21,89],[-119,-10],[-25,40],[34,29],[4,79],[-30,96],[-84,42],[-46,-4],[-58,74],[-67,43],[-96,-16],[-69,-28],[-24,116],[-74,34],[-55,62],[-103,22],[-11,68],[-112,8]],[[21893,17184],[10,22],[8,17],[-33,16],[-4,3],[-23,44]],[[21851,17286],[0,19],[-3,5],[3,8],[5,8],[32,25],[0,4],[4,6],[4,6],[4,8],[4,12],[0,5],[5,20],[3,10],[-1,5],[0,4],[2,4],[11,-1],[9,-3],[13,-3],[10,-8],[-3,-5],[33,-8],[3,3],[2,0],[-2,4],[6,5],[2,4],[11,54]],[[22434,16863],[-3,-2],[-7,1],[-9,6],[3,4],[-3,2],[-5,0],[-9,3],[-5,2],[-4,-1],[-1,2],[-1,5],[-2,5],[-3,1],[-16,-4],[-8,2],[-10,-1],[-13,-1],[-10,0],[-5,2],[-6,0],[-9,4],[2,2],[3,1],[6,0],[-2,4],[-3,0],[-4,-1],[-3,8],[-3,3],[-5,3],[-6,4],[-6,1],[-1,1],[0,4],[3,1],[3,6],[-8,0],[-5,1],[-3,3],[-3,1],[-17,3],[-10,5],[-1,4],[5,2],[6,0],[2,2],[-10,5],[-7,2],[-2,3],[-7,-3],[-8,3],[-7,2],[-5,11],[-1,3],[-4,3],[4,7],[9,6],[4,1],[10,3],[12,9],[6,3],[6,1],[-1,6],[-6,0],[-26,-1],[-38,3],[-6,10],[-15,-4],[-2,3],[-37,-5],[-34,22],[-18,14],[-34,31],[-5,7],[-11,13],[-32,24],[-15,2],[-53,54],[-14,-10],[-5,-3],[-13,8]],[[25008,17212],[-67,-202],[59,-128],[57,-75],[60,-38],[76,10],[27,-28],[114,-9],[26,-44],[-31,-21],[25,-115]],[[24868,16187],[-164,-15],[-74,-34],[-63,-9],[-72,-98],[-142,-35],[-93,-59],[-86,12],[-171,-24]],[[17446,16265],[209,10]],[[17655,16275],[3,-37],[50,-59]],[[17866,16043],[-112,-57],[-50,-43]],[[17704,15943],[-33,5],[-7,1],[-4,-1],[-2,-1],[0,-4],[10,-13],[10,-1],[13,-1],[-1,-3],[-6,-1],[-17,-5],[-3,-4],[0,-5],[-5,-3],[-8,0],[-6,0],[-7,-2],[-21,-8],[-12,-4],[-9,1],[-5,-1],[-4,-5],[1,-4],[0,-2],[-4,-3],[-2,-1],[-7,-2],[-2,-1],[-3,-2],[6,-5],[0,-3],[-4,-1],[-13,-1],[-7,-1],[-7,-2],[-4,-4],[-2,-1],[-4,0],[-12,2],[-4,3],[-4,3],[-11,0],[-6,-3],[-5,0],[-16,2],[-1,-4],[-10,0],[-1,3],[3,4],[-11,3],[3,1],[2,2],[-3,2],[-10,0],[-3,1],[-3,2],[2,2],[2,1],[0,3],[-17,-1],[-3,-1],[-21,-6],[-9,-6],[-3,-1],[-6,1],[-3,-1],[-5,-6],[-5,0],[-1,-6],[-2,-3],[-3,1],[-1,3],[-2,-1],[-4,-3],[-4,1],[-3,-2],[-5,0],[-5,-1],[-3,-2],[-11,-1],[-4,1],[-8,-7],[-3,-2],[-5,3],[-5,-2],[-12,-7],[-1,2],[-2,1],[-6,0],[-11,0],[-5,-1],[-5,-2],[-14,-3],[-5,0],[-7,2],[-17,0],[0,4],[-7,10],[-3,4],[-8,-1],[-3,-28],[-6,-5],[-9,-10],[-4,-4],[-2,-1],[-18,-1],[-8,-2],[-7,-3]],[[17146,15795],[-15,-1]],[[17131,15794],[-17,4],[-4,3],[-7,4],[-33,1],[-5,0],[-19,-2],[-3,-3],[3,-2],[0,-2],[-5,-7],[-3,-3],[-4,-1],[-4,-2],[-5,0],[-13,-3],[-10,-4],[-2,-3],[-8,-2],[-5,-1],[-10,-3],[-8,-3],[-23,-13],[-10,-21],[2,-5],[-1,-3],[-4,-4],[-4,-6],[1,-1],[-2,-4],[0,-2],[3,-5],[-19,-6],[-6,-5],[-2,-4],[-3,-2],[-13,-7],[-8,-2],[-14,-3],[-7,-3],[-3,-3],[-4,-4],[0,-3],[4,-6],[-8,-5],[-23,-15],[-4,-2],[-19,-1],[-16,-2],[-8,-2]],[[16778,15626],[-29,10],[-150,-6],[-40,-26]],[[19888,16927],[-11,4],[-2,1],[-8,0],[-7,0],[-7,0],[-13,-4],[-7,-2],[-3,-2],[-1,-5],[-14,-6],[-12,2],[-27,0],[-22,-1],[-2,-6],[-2,-8],[-6,0],[-11,-6],[-2,0],[-8,9],[-9,-6]],[[19714,16897],[-2,2]],[[19712,16899],[0,3],[-1,19],[-34,3]],[[19677,16924],[-69,-9],[-23,71],[-8,2],[-19,5],[-10,4],[-24,11],[-23,10],[-9,4],[-82,43]],[[19410,17065],[5,3],[5,4],[7,0],[2,2],[1,2],[3,1],[1,2],[-3,1],[2,5],[3,2],[-1,3],[4,0],[3,4],[-1,2],[-3,1],[-3,5],[6,4],[0,1],[-3,3],[2,3],[-3,0],[-1,3],[1,5],[-5,1],[-3,2],[0,2],[-6,2],[-5,2],[1,4],[2,2],[4,0],[1,2],[3,2],[-1,1],[0,3],[1,2],[1,2],[-1,4],[2,2],[3,2],[-2,3],[-4,1],[-2,3],[2,1],[6,1],[10,-1],[3,3],[8,1],[0,3],[2,0],[10,-2],[9,0],[-5,2],[1,3],[4,0],[6,2],[6,2],[-2,2],[8,4],[9,-2],[8,1],[12,-1],[7,1],[5,2],[8,5]],[[6893,14478],[35,3],[134,18],[2,-11],[33,-13],[5,-6],[5,-2],[4,-9],[0,-2],[69,-3],[6,4],[4,2],[7,1],[10,6],[2,4],[21,12],[5,0],[19,-8],[-3,-3],[-1,-6],[6,-8],[2,-8],[35,-11],[6,1],[10,1],[8,7],[5,1],[28,-1],[3,-5],[7,-9],[7,-12],[5,-10],[11,-50],[10,0],[4,-2],[-3,-3],[-2,-5],[1,-9],[4,-1],[3,2],[1,-6],[3,-5],[6,-5],[2,-2],[-2,-4],[0,-3],[0,-6],[8,-2],[-5,-5],[-9,-3],[-4,-1],[-5,-14],[4,-2],[4,-5],[8,-4],[17,-5],[5,-1],[5,-8],[2,-4],[8,-6],[10,-5],[5,0],[12,0],[4,-2],[5,0],[4,-3],[2,-3],[2,-1],[15,1],[5,0],[24,-3],[18,-11],[8,-7]],[[7562,14218],[-99,-39],[-7,-109]],[[7456,14070],[-8,-3],[-33,-7],[-26,-12],[-15,-8],[-14,-11],[-20,-8],[-4,-3],[-13,-6],[-3,-1],[-12,-4],[-19,-6],[-12,-3],[-17,-1]],[[6166,15712],[-8,60],[-67,56],[53,40]],[[6144,15868],[68,104],[29,-15],[129,74],[-6,39],[30,54],[-24,29],[52,49],[12,46],[67,64],[18,53],[80,80],[88,111],[11,64],[41,35],[18,48],[116,90],[148,58],[243,41],[52,-70]],[[7608,16020],[-17,-14],[-4,1],[-68,-3],[-114,-16],[-4,-3],[-1,-6],[-2,-4],[-47,-22],[-7,-2],[-3,1],[-45,18],[-6,3],[-38,31],[-2,2],[-2,-6],[-3,-3],[-12,-7],[-3,-4],[-11,-7],[-9,-2],[-9,-1],[-4,-2],[-11,-3],[-2,-1],[15,-31],[-68,-14],[-23,-26],[-14,-3],[-65,-3],[3,-4],[-1,-2],[3,-2],[0,-3],[-1,-4],[6,-6],[6,-2],[5,-2],[4,-13],[-9,-2],[-11,-2],[-18,-2],[-11,-3],[-8,-2],[-2,-2],[5,-11],[-65,-42],[1,-18],[1,-9],[1,-9],[3,-30],[-7,-10],[-3,-6],[-5,-9],[-5,-6],[-1,-1],[-8,-8],[-31,-10]],[[6881,15673],[-146,13],[-105,-24],[-29,35],[-87,-46],[14,-26],[-87,-16],[-130,50],[-94,21]],[[6217,15680],[-51,32]],[[28860,11878],[-66,-63],[20,-25],[137,-67],[40,-88]],[[28071,11743],[15,18],[289,-55],[33,-13],[147,255]],[[27769,3862],[14,32],[-140,-1],[-48,40],[-6,48],[-49,43],[-38,78],[69,57]],[[27821,4825],[32,16],[124,21],[55,-7],[88,54],[20,34],[58,6],[80,69],[98,-55],[152,3],[50,-25],[101,-11],[80,49],[130,43],[41,34],[39,96],[-17,25],[68,48],[168,21],[2,33]],[[29190,5279],[19,-1],[11,1],[13,-1],[11,-3],[10,-3],[8,-2],[41,-6],[9,-1],[65,-1],[5,0],[13,2]],[[29395,5264],[35,4],[147,-22]],[[29577,5246],[-10,-4],[-7,-3],[-6,-2],[-7,2],[-8,-1],[-7,1],[-7,-4],[-2,-1],[-4,-1],[-8,-4],[-7,-8],[-2,-3],[-6,-5],[-2,-5],[-2,-2],[0,-4],[-2,-3],[0,-3],[-5,-4],[0,-1],[-5,-4],[0,-2],[4,-4],[0,-2],[-3,-2],[-6,-2],[-4,-2],[-6,-7],[-6,-6],[2,-8],[0,-6],[1,-9],[5,-7],[6,-5],[5,-6],[3,-52],[5,-2],[1,-4],[3,0],[3,-3],[4,-2],[-4,-8],[19,-8],[27,-13],[8,-4],[12,-5],[20,-7],[11,-5],[40,-28],[17,-9],[26,-11],[37,-15],[33,-16],[13,-6],[7,-3],[14,-6],[13,-5],[11,-8],[10,-9],[5,-5],[5,-6],[6,-5],[12,-7],[10,-8],[5,-6],[4,-8],[1,-3],[3,-5],[8,-7],[11,-19],[5,-8],[6,-5],[12,-8],[-14,-21],[0,-2],[0,-9],[-1,-13],[-3,-25],[-1,-6],[19,-7],[3,-3],[7,-12],[10,-1],[8,-2],[56,6],[5,3],[3,0],[4,-2],[4,1],[3,-1],[7,2],[1,0],[7,4],[11,2],[2,0],[4,-2],[1,1],[3,0],[5,-2],[10,-2],[1,-2],[2,-1],[11,0],[0,-2],[5,-2],[3,-1]],[[29539,4057],[-165,-6],[-144,-48],[-101,3],[-155,29],[-106,-81],[-121,-4],[-186,-49],[-212,-108],[-129,-14],[-151,75],[-67,50],[-86,-21],[-80,18],[-67,-39]],[[17313,14767],[-133,25],[-43,-9],[-132,127],[-128,102]],[[16997,15395],[88,-24],[157,31],[30,48],[122,9],[59,-27],[126,-14],[103,-26],[63,-67],[70,-31]],[[17921,15037],[-10,-7],[-10,-5],[-111,35],[-7,-6],[-2,-9],[-2,-3],[-3,-2],[-2,-4],[-2,-4],[-5,-4],[-6,-9],[-7,-10],[-10,-5],[-5,-4],[-5,-11],[-2,-4],[-5,-4],[-44,-8],[-11,1],[-2,-2],[-4,-4],[2,0],[-1,-2],[-1,-3],[2,-3],[-3,-3],[-8,-6],[-2,-1],[5,-6],[1,-2],[-1,-4],[-2,-1],[-25,-2],[-9,1],[-19,-4],[-30,-7],[-11,4],[-5,-4],[-10,-6],[-3,-2],[-6,-3],[-20,-7],[-5,-2],[-30,-22],[-3,-5],[-4,-3],[-8,-4],[-9,-4],[-19,-13],[-44,3],[-5,-1],[-3,-1],[-13,-8],[-5,-5],[-5,-4],[-13,-6],[-7,3],[-18,11],[-4,2],[-3,0],[-4,-2],[-23,5],[0,-2],[-1,-3],[-1,-2],[-1,-4],[2,-5],[2,-8],[6,0],[1,1],[2,-1],[4,-1],[6,-5],[1,-4],[1,-6],[2,-6],[0,-1],[2,-4],[-3,-4],[0,-3],[0,-5],[-2,-5],[-1,-1],[-1,-6],[0,-5],[-1,-4]],[[28243,3289],[70,-80],[95,-62],[76,-6],[34,-41],[-31,-62],[41,-9],[23,-62],[-10,-54],[-43,-44],[-1,-36]],[[28497,2833],[3,-4],[8,-3],[8,-9],[-3,-2],[-6,2],[11,-18]],[[28518,2799],[-302,-20],[-53,27],[-80,-21],[-103,8],[-38,26]],[[27942,2819],[-98,20],[-72,-21],[-133,-6],[-14,2],[-18,6],[-48,12],[-58,-43],[-12,-41],[-5,-4],[-40,-20],[-21,-48],[-12,-5],[-12,0],[-7,-1],[-12,-4],[-1,-4],[-3,-3],[-1,-2],[-2,-2],[-3,-5],[-5,-2],[-8,-4],[-2,0],[-3,-2],[-2,-3],[1,-2],[0,-4],[1,-3],[-4,-4],[-5,-2],[-3,-1],[-5,-1],[-2,1],[-11,1],[-8,1],[-10,0],[-6,0],[-5,-2],[-4,0],[-4,1],[-5,2]],[[27280,2626],[-27,59],[-66,-21],[-63,34],[-68,13],[-22,38],[-89,-35],[-59,7],[-3,-91],[-51,13],[4,49],[-27,51]],[[26809,2743],[30,54],[79,32],[-23,48],[-75,84],[-32,10],[17,59],[56,11],[62,43],[46,1],[66,41],[108,17],[145,8],[20,-34],[55,-12],[37,46],[86,27],[72,5],[64,75],[229,84],[79,-26],[65,-50],[40,9],[109,-83],[99,97]],[[12081,14372],[37,66],[115,53],[-82,83],[323,201],[84,13],[84,-22],[62,2]],[[12704,14768],[23,1],[21,3],[9,0],[5,-1],[22,4],[9,5],[4,1],[6,3],[4,-5],[9,-4],[5,-4],[17,5],[9,2],[4,0],[7,-3],[3,1]],[[12861,14776],[68,-27],[84,-68],[83,-24],[-42,-64],[9,-38]],[[13063,14555],[-32,-40],[52,-28],[9,-42]],[[13092,14445],[-3,-3],[2,-10],[0,-2],[0,-6],[-26,-10],[-21,-9],[-9,-3],[-3,-3],[-5,-6],[-1,-2]],[[13026,14391],[-16,2]],[[13010,14393],[-28,-1],[-5,0],[-12,-3],[-3,-1],[-15,-3],[-12,-2],[-11,-3],[-9,-3],[-23,-11],[-5,-3],[-5,-2],[-3,-3],[-3,-2],[-8,-3],[-2,0],[-2,-2],[-3,-1],[8,-27],[28,-33],[11,-8],[-6,-3],[-4,-3],[-2,-1],[-3,-2],[-1,-3],[-6,-4],[-3,-3],[-2,-1],[-12,-5],[-13,-10],[-6,-4],[-3,-9],[-3,-2],[-12,-21],[-6,-4],[4,-16],[11,-8],[10,-5],[12,-6],[4,-3],[4,-4],[8,-8],[-2,-1]],[[12877,14156],[-88,-32],[-46,-77],[18,-26],[-109,-47],[-102,64],[-117,11],[-36,65],[-57,21],[-40,48],[-52,29],[-104,-47]],[[18595,11467],[-18,12],[3,10],[40,22],[-4,5],[-1,1],[-2,5],[23,51],[-41,36]],[[18595,11609],[-30,15]],[[18565,11624],[-9,7],[-10,6],[18,13],[-30,80],[116,35],[57,61]],[[19360,12268],[16,-22],[14,-10],[21,-16],[14,-10],[43,-31],[10,-5],[29,-19],[2,-3],[3,-4],[6,-4],[5,0],[1,-3],[5,-7],[13,2],[18,3],[11,0],[6,-1],[6,3],[16,-10]],[[19599,12131],[7,-5]],[[19606,12126],[-4,0],[-2,1],[-3,-4],[3,-1],[0,-3],[-6,1],[-7,-4],[-4,-7],[2,-4],[-1,-1],[3,-2],[-3,-1],[1,-4],[5,-1],[-1,-3],[-1,-2],[2,-4],[-2,1],[-1,-2],[2,-2],[0,-4],[-3,1],[-4,-2],[6,-1],[-1,-1],[-3,-1],[3,-1],[5,-2],[7,-2],[8,-2],[3,-4],[7,-7],[6,2],[16,2],[38,-14],[6,-2],[40,-7],[6,-4],[36,-12],[44,-15],[33,-12],[9,-5]],[[19851,11991],[-37,-65],[-2,-8],[-4,-5],[-1,-6],[26,-21],[14,-4],[-5,-7]],[[19842,11875],[-20,2],[-4,0],[-9,-1],[-4,0],[-10,2],[-8,3],[-8,3],[-16,6],[-2,-4],[-5,-11],[-4,-5],[-11,-15],[-17,-13],[-11,-5],[27,-53]],[[19740,11784],[-29,-12],[-9,-4]],[[19702,11768],[-26,5],[-12,-7],[-6,-3],[4,-2],[2,-2],[3,-6],[-83,-59],[-9,-7],[-32,-25],[-36,-11],[22,-59],[-1,-3],[-3,-4],[-16,-9]],[[19509,11576],[-40,-9]],[[19469,11567],[-8,-2],[-11,-3],[-6,-1]],[[19444,11561],[-14,-3]],[[19430,11558],[-30,-6],[-6,-1],[-17,-7],[-6,-4],[-19,-12],[-33,-23],[-44,-22]],[[19275,11483],[-12,-5]],[[19263,11478],[-43,-7],[-32,15],[-22,6],[-23,12],[-29,8],[-8,-2],[-112,25]],[[18994,11535],[-17,17],[13,18],[-4,40],[-1,4],[-6,-2],[-6,1],[-6,-1],[-1,-2],[-18,-2],[0,-3],[-118,-51],[-7,-5],[-3,-1],[-1,-2],[-67,2],[-5,-5],[-7,-3],[-6,-3],[-12,-3],[-8,-3],[-15,-4],[-15,-3],[-7,-3],[-2,-1],[-3,-6],[-3,-7],[-3,-3],[-6,-3],[-8,-4],[-14,-7],[-7,-4],[-13,-7],[-13,-7],[-10,-5]],[[22020,11575],[31,39],[-40,29]],[[22021,12502],[106,22],[50,-37],[56,25],[99,-86]],[[22988,11635],[-133,93],[-54,13],[-50,-32],[-45,2],[-142,76],[-56,-43],[-56,9],[-124,-43],[-54,5],[-30,-33],[-169,-67],[13,-45],[-68,5]],[[20863,10670],[-2,-38],[47,-38],[-69,-18],[49,-79],[150,-63],[-111,-122],[93,-159]],[[21020,10153],[10,-23],[-152,-30],[-55,-20],[-30,-54],[50,-73]],[[20508,9869],[-16,67],[-36,24],[-6,4],[12,6],[16,9],[19,12],[11,5],[16,25],[-20,-7],[-3,3],[-27,-11],[-33,-22],[-54,31],[-5,4],[-65,-32],[-64,-39]],[[20253,9948],[-46,-28]],[[20207,9920],[-2,6],[-7,16],[-3,3],[-12,14],[5,5],[25,22],[3,5],[-3,18],[-15,8],[-4,1],[-7,1],[-7,5],[-2,6],[1,5],[0,6],[-2,2],[6,1],[-1,10],[-2,6],[0,3],[-3,4],[-12,11]],[[20165,10078],[-1,1],[-4,3]],[[20160,10082],[6,2],[8,2],[5,3],[9,4],[8,5],[5,3],[3,2],[4,2],[10,6],[-11,32],[42,40],[-12,7],[-5,5],[-3,6]],[[20229,10201],[22,14]],[[20251,10215],[-9,9],[19,5],[6,1],[7,0],[26,3],[14,-1],[10,6],[8,6],[4,4],[11,11],[5,12],[2,6],[10,32],[5,1],[15,0],[2,6],[6,13],[0,9],[0,3],[-1,12],[1,17],[-1,4],[-2,4],[-2,5],[-13,38],[-4,8],[-3,7],[-4,8],[-1,7]],[[31343,8711],[30,44],[122,18],[177,7],[-94,67],[17,58],[41,35],[2,39],[42,52],[-67,35]],[[32517,9379],[163,3],[92,-19]],[[33098,8938],[-82,-29],[-37,-40],[-49,8],[-86,-43]],[[32844,8834],[-105,-34],[-3,-13],[-63,-10],[-19,-2],[-72,-3],[-13,-1],[-153,-33],[-6,-2],[-73,-20],[-20,-4],[-126,-38]],[[33958,11526],[66,-3]],[[34024,11523],[148,-13]],[[34172,11510],[20,-1],[36,-3],[180,-11],[182,30]],[[34590,11525],[71,-46],[8,-5]],[[34669,11474],[-4,-2],[-1,-2]],[[34664,11470],[-8,-7],[-11,-6],[-6,-7],[-34,-24],[-8,-3],[1,-1],[11,-8],[17,-10],[8,-4],[10,-9],[6,-5],[8,-6],[15,-12],[13,-11],[-6,-6],[-6,-4],[-32,-19],[-5,-2],[-18,-6],[-11,-15],[-1,-3],[36,-54],[6,-4],[5,-2],[10,-5],[26,-11],[3,-1],[5,-4],[73,-57],[17,1],[71,29],[-14,-7],[30,-5],[0,2],[5,2],[3,2],[66,-16],[20,2],[40,5],[19,-22],[11,-12],[10,-8],[4,-4],[22,2],[1,-4],[-1,-2],[1,-2],[2,-1],[0,-3],[3,-3],[2,-4],[-1,-8],[8,-10],[0,-2],[2,-2],[12,-5],[6,0],[31,-68],[50,-7],[12,6],[57,17],[9,-5],[92,-3],[5,-2],[42,-11],[7,-2],[38,-17],[13,-7],[76,14],[54,-9],[59,-64],[10,-1],[89,-58],[19,-83],[6,-10],[1,-53],[97,-64],[61,-54],[-4,-6],[-11,-62],[14,-4],[17,-24],[8,-5]],[[35319,10224],[-4,63],[-85,56],[-81,70],[-56,68],[-80,37],[-112,24],[-30,95],[-173,71],[-33,49],[-51,-3],[-32,104],[-56,29],[-97,-7],[-100,34],[2,52]],[[34331,10966],[8,5],[1,2],[-7,4],[0,10],[1,4],[-1,6],[-4,6],[-1,6],[5,6],[-6,6],[-4,4],[-6,1],[-22,8],[2,3],[14,-6],[-7,16],[-2,3],[12,-17],[3,4],[5,4],[10,8],[1,-2],[14,-2],[3,0],[1,1],[13,2],[8,0],[4,-11],[7,-2],[17,4],[3,0],[0,8],[-2,8],[0,2],[-5,2],[1,3],[2,2],[0,3],[20,15],[-8,-3],[-16,-7],[-6,0],[11,15],[-12,10],[-44,35],[-36,26],[-21,11]],[[34287,11169],[-103,37]],[[34184,11206],[-8,12],[-11,3],[-20,4],[-3,2],[-11,9],[-23,11],[-4,-2],[-71,44],[-5,2],[-7,3],[-4,2],[-8,2],[-12,5],[-5,-1],[-12,3],[-7,0],[-2,-3]],[[33971,11302],[-1,1],[-3,3]],[[33967,11306],[25,14],[7,1],[-6,15],[-11,3],[-7,6],[-3,2],[-6,5],[-5,4],[-6,5],[0,2],[-5,4],[-6,8],[0,1],[-10,8],[-3,3],[-3,7],[0,2],[6,6],[6,6],[-1,2],[10,7],[8,51],[3,3],[8,4],[5,5],[-5,7],[-1,6],[-3,1],[8,7],[3,2],[0,3],[-17,20]],[[9121,12608],[4,1],[6,3],[2,3],[-5,9],[-7,2],[-3,3],[3,2],[13,6],[5,3],[7,5],[3,5],[9,9],[-22,14],[-8,2],[-3,2],[-2,4],[0,7],[-1,11],[1,3],[3,12],[-1,4],[3,10],[3,6],[5,4],[5,2],[5,0],[6,-2],[2,-2],[0,-2],[-6,-21],[-1,-6],[18,-11],[5,-1],[9,-10],[0,-5],[-1,-7]],[[9994,12656],[-21,-55],[92,-102],[-30,-82],[-36,-56]],[[9999,12361],[36,-17],[-80,-62],[33,-39],[-58,-11],[-50,-44],[-190,-58],[-161,-2],[-66,-65]],[[8001,13595],[11,4],[17,7],[7,1],[5,-2],[8,-1],[33,6],[3,3],[5,2],[20,19],[12,7],[9,4],[46,14],[14,4],[2,2],[9,1],[20,6],[17,3],[9,1],[6,2],[15,15]],[[8269,13693],[20,6]],[[8289,13699],[3,2],[15,-16],[68,1],[12,-1],[6,-2],[5,-1],[4,0]],[[8402,13682],[16,3]],[[8418,13685],[45,-16],[0,2],[17,2],[4,1],[2,0],[10,-2],[11,-11],[4,-9],[10,-9],[4,-3],[0,-2],[-7,-7],[1,-1],[-2,-8],[1,-3],[2,-2],[3,-5],[-24,-42],[-5,-3],[0,-4],[1,-4],[-5,-2],[2,-15],[6,-4],[6,-3],[2,-2]],[[8506,13533],[6,-56],[-86,-51],[2,-84],[59,-36]],[[8487,13306],[-5,-36],[17,-14],[-28,-43],[6,-5],[-20,-8],[0,-4],[3,-3]],[[8460,13193],[-88,-48]],[[8372,13145],[-9,-4]],[[8363,13141],[-25,17],[-8,6],[-31,27],[-18,14],[-16,13],[-21,14],[-24,1],[2,4],[-27,0],[-4,3],[-5,3],[-2,6],[-3,1],[-7,3],[-9,-4],[-19,11],[-5,2],[-13,4],[-9,6],[-7,5],[-2,3],[-3,4],[-30,10],[-9,2]],[[8068,13296],[-2,8],[1,6],[-1,15],[0,9],[-4,4],[2,53],[-59,27],[-2,5],[-7,4],[-9,4],[-23,9],[-6,3],[-38,14],[-26,28],[-16,-3],[-33,-4],[-9,20],[85,67],[26,9],[23,9],[6,2],[9,2],[9,5],[7,3]],[[21020,10153],[167,-3],[61,-127],[71,16],[68,-9],[190,49],[254,-85],[8,-85],[-22,-55],[31,-68],[68,-40]],[[21916,9746],[-141,-23],[-71,-25],[48,-68],[-39,-58],[7,-35],[-62,-77],[-36,-3],[-51,-79],[6,-47],[-37,-23]],[[31707,2780],[-10,2],[-108,3],[-21,1],[-3,1],[-13,5],[-7,4],[-110,55]],[[32049,3568],[35,-26],[54,1],[32,-50],[-43,-17],[-60,12],[12,-73],[-83,0],[-16,-51],[48,-26],[35,-81],[-42,-20],[66,-90],[29,-151],[22,-54]],[[20712,16341],[-86,75],[-27,160]],[[20951,16779],[208,56]],[[21159,16835],[13,-3],[3,3],[12,2],[4,-2],[12,0],[5,0],[11,3],[5,-1],[12,-3],[4,-2],[7,1],[7,-5],[3,2],[40,-14],[4,-3],[9,-9],[-2,-3],[7,1],[7,0],[52,12],[5,-1],[9,2],[8,-1],[14,-3],[11,-1],[4,-1],[2,-3],[8,-4],[7,-4],[1,-1],[13,-5],[22,4],[4,1],[5,4],[10,3],[31,4],[1,3],[2,1]],[[21531,16812],[6,-15],[1,-2],[4,0],[6,1],[10,-1],[2,-2],[17,9],[2,-3],[7,4],[7,-2],[4,1],[5,1],[3,-11],[2,-4],[4,-6],[2,-4],[-1,-8],[8,-4],[9,-2],[2,-5],[6,-4],[3,-4],[3,-3],[16,-17],[20,-47],[3,-7]],[[21682,16677],[3,-5],[8,-10],[11,-14],[5,-7],[4,-4],[5,-6],[5,-5],[3,-20],[23,-44],[12,-15],[1,-1],[0,-6],[28,-7]],[[21730,16287],[-12,13],[-4,1],[-5,-6],[0,-4],[-2,-3],[-4,0],[-9,3],[-7,1],[-1,-2],[2,-4],[-4,-1],[-4,-3],[-19,-3],[-1,-2],[-3,-1],[-7,-1],[-2,0],[-7,-1],[-3,0],[-5,-1],[-6,-5],[-5,-1],[-10,2],[-4,-1],[-22,-3],[-4,1],[-1,-7],[-7,-5],[-52,6],[-2,-2],[-5,-1],[-8,0],[-5,2],[-9,1],[-2,1],[-1,2],[-4,5],[-5,-1],[-11,-12],[-3,0]],[[19860,16323],[12,5],[11,2],[6,3],[4,5],[4,1],[14,8],[-4,3],[-5,10],[-4,4],[-4,6],[-9,9],[-9,7],[-1,3],[-1,4],[-1,3],[-18,14],[-11,16],[-9,10],[-8,9],[-2,0],[-6,2],[-14,7],[-2,2],[-2,4],[-1,5],[2,16],[-1,11],[10,9],[11,-1],[28,18],[6,2],[-1,4],[-7,52],[-3,5],[-20,28],[3,6],[14,6],[11,-4],[7,-3],[4,-4],[10,0],[11,-1],[5,0],[10,0],[8,-5],[8,6],[5,2],[3,0],[10,-7],[7,-2],[5,1],[17,3],[9,-3],[10,12],[-8,13],[-2,1],[-3,7],[-7,22]],[[19962,16659],[26,2]],[[19988,16661],[5,-6],[6,-2],[1,3],[14,1],[18,4],[24,0],[12,-1],[5,1],[10,2],[18,2],[13,2],[-1,3],[5,-5],[2,-2],[27,-6],[8,-4],[9,1],[2,-1],[8,11],[2,1],[5,8],[16,2],[3,-1],[4,-1],[9,0],[6,2],[3,1],[4,5],[5,3],[5,0]],[[20587,15780],[-16,18],[-5,5],[-26,22],[-11,12],[-6,3],[-30,-3],[-10,-4],[-36,-22],[-8,-3],[-35,-20],[-6,-2],[-47,-15],[-7,-3],[-102,27],[-18,-13]],[[20224,15782],[-13,-7]],[[20211,15775],[-6,4],[-25,11],[-46,19],[-8,3],[-5,2],[-15,7],[-33,13]],[[16058,14720],[-149,34],[-60,-8],[-46,-49]],[[15803,14697],[-32,28],[-24,15],[-7,-1],[-6,-2],[-4,-5],[-15,4],[-9,5],[-19,7],[-11,3],[-16,6],[-5,3],[-32,2],[-5,-3],[-5,-4],[-7,5],[-18,-4],[-6,-4],[-9,-4],[-29,-7],[-17,-5],[-6,-1],[-17,1],[-33,-4],[-6,-1],[-21,-14],[-11,-11]],[[15433,14706],[-18,37],[-89,92],[-17,88]],[[13018,15603],[39,-9],[115,-63],[80,93],[152,43],[43,-43],[70,41],[92,4],[9,42],[202,76]],[[13820,15787],[5,-4],[22,-20],[10,-10],[11,-13]],[[13764,15252],[-121,4],[-106,-11],[-30,29],[-107,36],[-25,-62],[-57,12],[-64,-24],[-160,-4],[-46,-23],[-179,-9],[-35,21]],[[30539,14800],[1,0]],[[30540,14800],[83,-357],[7,-71]],[[30630,14372],[14,-99],[14,-30],[4,-5],[9,-10],[3,-7],[1,-2],[2,-4],[4,-9],[18,-65],[3,-11],[0,-21],[1,-23],[1,-31],[3,-8],[6,-15],[7,-17]],[[30720,14015],[-107,-35],[-45,-1],[-107,61],[-200,78],[-75,1],[-85,-49],[-124,6],[-63,25],[-45,66]],[[25010,7524],[16,6],[23,30],[10,9],[4,11],[-6,8],[-7,8],[-7,7],[-166,166],[-55,55],[-40,47]],[[24782,7871],[-10,15]],[[24772,7886],[-26,39],[-7,3],[-3,0],[-7,-2],[-37,27],[-3,4],[-4,6],[-8,13],[-5,4],[-2,2],[-7,7],[-22,15],[-7,6],[-5,5],[-9,6],[-7,6]],[[24815,8355],[39,56],[47,10],[26,10]],[[24927,8431],[4,-3],[8,-4],[12,-16],[1,-3],[7,-24],[5,-10],[2,-5],[6,-8],[-31,-24],[10,-17],[17,-18],[-4,-6],[-1,-5],[6,1],[4,0],[3,-1],[3,1],[3,-1],[5,-3],[5,-3],[5,-1],[3,-2],[-4,-2],[3,-3],[4,0],[7,-4],[-1,-3],[-1,-28],[9,-10],[5,-7],[8,-6],[16,-11],[91,19],[-14,38],[57,23],[2,3],[0,5],[1,5],[4,2],[3,0],[2,2],[4,-1],[7,0],[6,2],[5,1],[0,2],[7,2],[4,4],[7,0],[5,-3],[8,1],[2,2],[7,0],[2,1],[15,2],[4,2],[1,6],[4,3],[13,4],[6,0],[4,-1],[6,0],[8,3],[19,3],[5,5],[30,26],[10,10],[6,4],[7,-1],[8,-7]],[[25402,8372],[12,-17]],[[25414,8355],[-11,-7],[13,-11],[21,-16],[5,-5],[4,-7],[26,-26],[12,-12],[3,-2],[13,7],[33,7],[2,-10],[2,-10],[2,-4],[54,-67],[32,3],[-6,4],[1,17],[4,3],[-6,2],[156,-57],[10,-1],[18,-5],[65,-8],[14,-2],[11,0],[10,0],[15,-1],[7,-1],[9,1],[8,1],[16,9],[18,6]],[[25975,8163],[14,-6]],[[25989,8157],[36,-15],[17,-5],[148,-17],[5,0]],[[26195,8120],[5,2],[30,8],[144,-106],[37,-15],[67,16]],[[26478,8025],[3,-3],[41,-16],[45,-28],[20,-4],[6,-2],[8,-4],[27,-14],[20,7],[7,5],[2,3],[22,-15],[16,-11],[31,-10]],[[26774,7264],[-50,99],[-66,15],[-225,-6],[-81,35],[-116,-72],[-96,-33],[7,-58],[-168,-85],[-317,-12],[-87,-16],[-81,41],[-24,-9]],[[25470,7163],[-9,15],[-12,1],[0,-1],[-6,0],[-2,1],[-3,6],[-2,0],[-1,3],[-1,6],[-8,10],[-1,4],[-34,46],[-7,8],[-36,17],[-4,0],[-6,-3],[-4,-1],[-8,0],[-3,1],[0,2],[-34,33],[-2,1],[-57,5],[-101,-33]],[[25129,7284],[-38,30],[-21,6],[-6,2],[-10,3],[-43,45],[-5,10],[-22,-5],[-3,6],[-8,3],[-8,-4],[-6,17],[1,6],[6,24],[29,44],[6,11],[2,5],[1,9],[5,21],[0,6],[1,1]],[[26812,14688],[-3,-48],[53,-35],[-51,-72],[-38,-27],[-49,-181],[142,-54]],[[26866,14271],[-6,-5],[-3,-4],[-6,-8],[-5,-8],[-1,-2],[2,-3],[0,-5],[-1,-2],[-1,-2],[3,-1],[3,-3],[-1,-1],[-2,-1],[2,-2],[-1,-1],[-1,-2],[-2,0],[1,-5],[-3,-1],[2,-2],[3,-1],[-2,-1],[13,-10],[5,-4],[6,-2],[1,-2],[5,-1],[4,-3],[2,-5],[0,-4],[2,-3],[1,-3],[0,-4],[-1,-6],[0,-5],[-4,-4],[-1,-3],[-5,-5],[-4,-6],[0,-3],[-4,-8]],[[26454,13965],[1,13],[12,67],[0,4],[-6,20],[-3,9],[-2,4],[-25,22],[-26,13],[-34,18],[-20,8],[-14,5],[-37,9],[-18,6],[-9,-4],[-15,-5],[-16,-1],[-1,-3],[-36,-3],[-5,1],[-19,-1],[-9,0],[-9,-2],[-7,-1],[-3,1],[-5,1],[-41,6],[-12,1],[-3,2],[-2,0],[-13,1],[-5,2],[-6,-2],[-2,0],[-8,-1],[-9,-2],[-4,-1],[-8,0],[-4,-1],[-11,3],[-5,2],[-15,4],[-4,0],[-12,3],[-25,-2],[-6,4]],[[25953,14165],[-13,12]],[[25940,14177],[-4,23],[-1,10],[-5,5],[-1,6],[-3,1],[2,3],[5,5],[1,4],[-5,2],[-16,6]],[[17313,14767],[1,-2],[-3,-3],[1,-3],[0,-2],[1,-2],[-3,-11],[-1,0],[-1,-4],[-3,-3],[-4,-5],[0,-6],[1,-1],[-4,-3],[-1,-5],[6,-7],[5,-2],[5,-1],[5,-1],[4,-1],[5,-1],[4,-2],[2,-1],[3,-1],[-5,-6],[-3,-4],[-5,-14],[10,-6],[93,-93],[-7,-1],[-7,-4],[-5,-2],[-8,-5],[-5,-2],[-8,-9],[-12,-6],[-5,-3],[-5,-3],[3,-3],[-5,-11],[141,-48]],[[17503,14480],[43,-44],[-13,-5],[-2,0],[-5,-3],[-7,-3],[-2,0],[-6,-1],[-7,-4],[-11,-46],[2,-6],[3,-4],[99,-112],[7,0],[1,-2]],[[17605,14250],[-104,-57],[-136,-37]],[[17365,14156],[-9,-2],[-8,-3],[-3,1],[-5,-1],[-8,-5],[-3,-2],[-4,-1],[-4,-1],[-11,-7],[-3,-1],[-7,-6],[-4,-4],[-16,-5]],[[17280,14119],[1,53],[-58,-17],[-158,83],[-55,-4],[-39,32],[-9,41],[-73,12],[-34,49],[-4,93],[-117,-5],[-114,-88]],[[16620,14368],[-33,27],[-4,4],[-15,15],[-7,-3],[-2,-2],[-7,-4],[-2,0],[-2,-3],[-11,-6],[-10,-5],[-3,0],[-3,2],[-8,-1],[-6,-2],[-5,5],[-30,27],[-14,13],[-4,3],[-26,16]],[[12537,13130],[-63,28],[7,79],[-44,25],[-4,96],[-95,92],[-97,-15],[-31,98],[43,40],[-4,80],[-34,58],[-126,71]],[[12089,13782],[14,3],[3,3],[2,3],[5,3],[0,7],[2,3],[3,1],[-1,1],[-1,3],[-2,3],[0,3],[2,2],[-1,2],[2,0],[2,2],[-2,3],[4,1],[5,4],[3,5],[3,2],[2,3],[6,3]],[[12140,13842],[31,22],[5,79],[-90,60],[26,33],[-10,43],[-45,27]],[[12877,14156],[2,-5],[14,-11],[12,-9],[13,-9],[5,-6],[6,-5],[4,-8],[9,2],[7,2],[18,-2],[6,-3],[5,-3],[10,-4],[6,-2],[19,-5],[5,-1],[5,-1],[3,2],[6,1],[10,-10],[24,-27]],[[13066,14052],[-102,-78],[19,-61],[70,-11],[44,-30],[90,-24],[73,-98]],[[13260,13750],[-72,-2],[-4,-8],[-28,-9],[-3,-3],[6,-14],[8,-1],[-24,-21],[-4,-4],[3,-18],[5,-3],[4,0],[9,-1],[6,2],[20,2],[11,-4],[13,-3],[12,-4],[-3,-4],[-16,-11],[-4,-1],[-4,-2],[-3,0],[-4,-2],[-4,-1],[-8,-1],[-1,-1],[-7,-3],[-2,0],[-13,-6],[-2,-3],[-4,-2],[-4,-2],[-3,-2],[-4,-3],[0,-4],[-2,-4],[-2,-3],[-2,-1],[-4,-4],[-4,-5],[-1,-4],[0,-2],[-1,-4],[-2,-5],[-1,-4],[-2,-5],[-2,-4],[-3,-1],[-6,-7],[0,-4],[1,-9],[1,0],[2,-3],[-2,-8],[-1,-1],[9,-14],[7,2],[6,-3],[4,-4],[5,-5],[18,-12],[8,2],[6,4]],[[13168,13503],[72,-31],[-115,-36],[-43,-32]],[[13082,13404],[-18,5],[-4,0],[-12,0],[-14,-2],[-18,-5],[-10,7],[-21,-24],[-3,-7],[-11,-7],[-4,-2],[-7,-3],[-9,-4],[-3,-3],[-8,-4],[-2,-3],[-3,0],[-5,-5],[1,-1],[-3,-5],[-1,-3],[-1,-4],[-2,-2],[-5,-4],[-7,-6],[1,-3],[-1,-13],[4,-7],[-1,-1],[-1,-8],[-5,0],[-5,3],[-3,0],[-2,2],[0,1],[-5,1],[-5,1],[-3,2],[-5,2],[-3,2],[-4,1],[-6,0],[-6,-4],[-1,-5],[4,-13],[10,-1],[1,-2],[-3,-6],[-12,-4],[-9,1],[-12,2],[-16,3],[-9,2],[-5,0],[-35,5],[-8,1],[-9,3],[-8,-3],[-5,-3],[-134,-90],[-1,0]],[[12610,13191],[-7,-4],[-5,-4],[-2,1],[-6,-6],[-27,-29],[-3,-1],[-14,-11],[-9,-7]],[[26554,11295],[-6,13],[-22,9],[10,16],[2,4],[8,16]],[[26546,11353],[-26,11]],[[26520,11364],[34,23],[-45,36],[33,42]],[[26542,11465],[73,35],[7,-5],[78,24],[23,19],[-47,63]],[[26676,11601],[47,43],[55,21],[78,64]],[[32218,10242],[-107,174]],[[32111,10416],[11,0],[26,1],[130,41],[34,12],[83,39],[-3,7],[1,6],[1,1],[4,3],[3,1],[4,3],[3,2],[4,4],[33,11],[7,3],[32,15],[6,2],[5,-7],[1,-3],[-1,-4],[19,-26],[83,-11],[4,8],[0,7],[3,2],[11,3],[3,1],[1,3],[2,0],[-1,2],[13,27],[7,1],[8,-6],[1,-4],[8,-5],[1,-2],[2,-2],[8,0],[3,-2],[4,-2],[7,1],[11,-5],[5,-2],[9,-4],[10,-2],[9,2],[7,2],[6,2],[4,1],[7,-1],[7,-2],[5,-1],[6,0],[1,2],[7,0],[8,-2],[5,1],[6,6],[11,1],[2,-1],[3,1],[10,-2],[5,11],[-3,6],[83,3],[8,5],[22,8],[16,-1],[5,0],[9,2],[26,17],[7,6],[5,2],[7,2],[17,6],[41,2],[18,1],[9,1],[12,0],[7,2],[13,4],[12,16]],[[33140,10637],[73,11]],[[33213,10648],[14,1],[4,0],[-40,-51],[-10,-6],[-43,-24],[-52,-30],[-16,-9],[-17,-9],[38,7],[2,-1],[36,4],[16,2],[11,2],[124,34],[28,6],[50,8],[56,0],[15,-2],[18,0],[10,1],[22,3],[13,2],[7,4],[6,3],[12,8],[3,2],[5,1],[9,9],[3,5],[5,6],[11,7],[7,4],[3,7],[2,8],[5,6],[6,6],[5,4],[1,0],[8,4],[3,3],[4,11],[6,6],[1,3],[42,-2],[7,2],[28,10]],[[33681,10703],[52,-48],[43,-67],[-3,-51],[-70,-32],[1,-59],[-103,-12],[-41,17],[-102,-14],[-92,-57],[43,-51],[-12,-61],[9,-79],[-27,-60]],[[25420,11024],[123,-6]],[[25543,11018],[26,-6],[19,-14],[43,-35],[19,9],[5,3],[13,-9],[12,-5],[26,27],[27,15],[15,4],[15,3],[11,5],[39,24],[5,3],[29,9],[9,4],[24,10],[5,2],[10,2],[3,2],[7,6],[16,10],[5,4]],[[25926,11091],[78,-7]],[[26004,11084],[16,-7],[10,-5]],[[26030,11072],[9,-4],[5,-3],[18,-8]],[[26062,11057],[8,-3],[4,-1],[13,-7],[18,-9],[34,-23],[12,-2],[14,-2],[6,-2],[7,-6],[11,-4],[9,-4],[10,-8],[9,-6],[5,-10]],[[26222,10970],[22,-88],[-27,-21],[39,-44]],[[25918,10655],[-89,1],[-70,25],[-30,48]],[[25729,10729],[-4,0],[-1,2],[-4,2],[-5,9],[-3,6],[-1,4],[-6,0],[-34,17],[-48,29],[-7,3],[-7,3],[-7,3],[-10,4],[-11,2],[-12,2],[-19,-9],[-15,-15],[-47,-24],[1,-3],[2,-3],[-1,-4],[1,-6],[3,-1],[1,-2],[-1,-1],[1,-2],[-2,-2],[2,-2],[-2,-1],[0,-2],[-4,-5],[0,-2],[3,-2],[1,-3],[-2,-3],[3,0],[3,-3],[-2,0],[-2,-2],[2,-4],[-3,-1],[0,-2],[-3,1],[-3,-3],[-1,-3],[-5,-5],[-3,-1],[1,-5],[-4,-2],[-2,-2],[2,-1],[-7,-4],[-1,-2],[-8,-5],[-3,-2],[-4,-2],[-2,-5],[0,-5],[-2,-1],[-1,-4],[0,-5],[-1,-3],[-3,-8],[-3,-11]],[[25439,10633],[-42,-22],[-76,47],[-166,47],[-34,-43],[9,-36],[-32,-46]],[[15294,17526],[891,403],[62,26]],[[16247,17955],[-6,-15],[-10,-23],[-6,-11],[-5,-23],[-1,-26],[-2,-37],[-2,-28]],[[16215,17792],[-8,-111],[-52,-143],[96,-212],[-45,-6],[-94,-156],[43,-23],[39,-87],[-159,-84],[-77,-30]],[[15958,16940],[-14,0],[-22,-1],[-18,-4],[-26,-6],[-7,-1],[-15,0],[-19,1],[-63,7],[-13,1],[-1,2],[-39,-43],[2,-7],[1,-8],[-15,-2],[3,-8],[-6,-46]],[[15706,16825],[-24,-1]],[[15682,16824],[-15,0],[-58,1],[-7,1],[-30,7],[-51,2],[-9,-2],[-47,-16],[-7,-14],[-8,-13],[-2,-5],[-4,-4],[-14,4],[-8,2],[-7,3],[-11,4],[-11,2],[-9,3],[-19,4],[-12,1],[-22,7],[-21,6],[-25,8],[-32,10],[-19,9],[-8,3],[-22,6],[-20,9],[-4,2],[-2,2]],[[15178,16866],[106,89],[-3,49],[66,73],[169,10],[6,59],[-66,15],[-40,79],[-53,-16],[-49,86],[54,33],[68,4],[-124,137],[-18,42]],[[17502,13780],[67,37],[0,31]],[[17839,13694],[-111,4]],[[17813,16339],[17,16],[36,81],[24,147],[-4,40]],[[17886,16623],[-1,21]],[[17885,16644],[42,-1],[2,-6],[8,-4],[7,-3],[1,-5],[1,-1],[5,-2],[4,-2],[4,1],[4,-2],[6,1],[32,-7],[6,-4],[1,-5],[69,-20]],[[18077,16584],[1,-3]],[[18078,16581],[2,-7],[20,-38],[5,-8],[0,-2],[8,-9],[5,-5],[4,-4],[5,-3]],[[18144,16370],[-65,-20],[-62,5],[-92,-31],[-112,15]],[[7299,13819],[11,4],[8,0],[10,-14],[1,-2],[10,-7]],[[7339,13800],[-27,-37],[49,-43],[61,-26],[1,-42],[114,16],[38,-41]],[[7575,13627],[15,-27],[12,-14],[-12,-33],[-1,-2],[-2,-1],[-3,-4],[3,-4],[-1,-3],[-9,-20],[-7,-8],[-4,-2],[-5,-2],[-8,-1],[-11,1],[-14,-1],[-13,-1],[-8,-1],[-8,-2],[-8,-2],[-3,-2],[-7,-3],[-7,-4],[-2,-2],[-6,-4],[-2,-2],[-4,-5],[-3,-5],[-1,-11],[2,-10],[2,-7],[0,-3],[-4,-6],[-6,-6],[-7,-6],[-3,-1]],[[7440,13423],[-34,13],[-39,12],[-42,12],[-20,6],[-6,1],[-14,6],[-131,56],[3,2]],[[7157,13531],[0,2],[0,1]],[[7157,13534],[-4,10],[-8,6],[-2,5],[0,3],[2,2],[6,14],[6,7],[-33,22],[-5,0],[-15,8],[-7,7],[-17,32],[-6,7],[-6,5],[-3,7],[-14,36],[-50,30],[-9,9]],[[11472,12763],[0,6],[3,3],[6,1],[4,0],[4,-2],[2,1],[5,-1],[10,1],[15,4],[6,-1],[10,-3],[9,-7],[28,11],[21,12],[18,11],[11,7],[7,6],[12,6],[9,7],[4,2],[14,7],[10,6],[9,6]],[[11689,12846],[31,-15],[-43,-57],[54,-68],[168,35],[49,-7],[58,41],[65,-4],[42,35],[67,1],[-61,-64],[53,-35],[37,-72],[106,-65],[29,-65]],[[12344,12506],[-18,-8],[1,-2],[31,-74],[-4,-6]],[[12354,12416],[-15,-16]],[[12339,12400],[-6,-7],[-3,-1],[-12,-4],[-12,-8],[-5,1],[-2,-2],[2,-6],[4,-11],[9,-21],[-7,1],[-25,7],[-5,-1],[-7,4],[-4,1],[-7,3],[-18,6],[-4,4],[-4,2],[-6,3],[-16,-1],[-4,-2],[-2,0],[-7,4],[-7,2],[-3,-2],[-15,-2],[0,2],[-5,3],[1,1],[-3,4],[-4,2],[-1,3],[-3,1],[-3,2],[0,2],[-18,-7],[-9,-5],[-8,-6],[-7,-4],[-6,-2],[-6,-1],[-6,-2],[-4,2],[-10,-3],[-5,-4],[-5,-2],[-4,-2],[1,-2],[-13,-12],[-19,-19]],[[26809,2743],[-55,29],[-36,-18],[-75,3],[-35,22],[-41,4],[-125,-2],[-1,0]],[[26441,2781],[-2,6],[-5,4],[-4,4],[-4,6],[2,12],[0,3],[-3,5],[-4,3],[-8,2],[-9,4],[-5,5],[-3,2],[-1,14],[3,3],[0,3],[3,6],[6,17],[3,4],[7,5],[4,2],[4,3],[-1,2],[5,8],[5,2],[6,7],[4,1],[1,1],[6,5],[4,1],[2,1],[3,1],[3,1],[2,2],[11,5],[1,2],[2,4],[0,2],[4,9],[-3,4],[1,2],[-1,5],[-1,8],[-2,4],[-20,0],[-7,-5],[-65,-43],[-42,-5],[-7,1],[-58,63],[12,24],[0,4],[-4,13],[-8,19],[1,5],[-6,9],[-2,5],[-23,39],[-3,5],[-8,4]],[[26237,3109],[-36,30],[35,66],[-34,52],[29,24]],[[26231,3281],[3,4],[-5,8],[2,2],[-2,1],[1,3],[-2,3],[2,2],[1,2],[-4,3],[-1,6],[-1,6],[-2,6],[1,3],[3,4],[3,0],[9,-2],[13,-1],[4,-2],[6,0],[13,4],[4,1],[4,4],[0,4],[4,3],[5,3],[1,2],[4,4],[5,3],[7,3],[1,-3],[5,-3],[10,-2],[1,0],[4,7],[4,9],[8,6],[3,1],[12,6],[3,2],[16,6],[7,-2],[3,0],[10,-2],[5,-3],[4,-3],[4,-1],[5,3],[0,6],[-3,1],[-6,3],[-5,5],[-3,7],[-1,4],[2,6],[16,13],[13,-4],[0,5],[4,6],[10,10],[19,3],[19,5],[-9,3],[-16,10],[-5,7],[-2,6],[-3,5],[-10,13],[-6,7],[-3,7],[1,6],[0,4],[-1,11],[-1,7],[1,3],[16,8],[-3,2],[-12,1],[-3,7],[-3,10]],[[26420,3568],[94,46],[-12,91],[15,104],[29,61],[56,10],[-60,73],[-71,25],[-151,74],[-81,-24]],[[26239,4028],[8,17],[-2,14]],[[26245,4059],[0,3],[-2,4],[-6,22]],[[26237,4088],[-3,9],[39,6],[35,4],[-3,1],[-5,1],[-13,5],[-6,3],[5,3],[-5,3],[1,20],[6,5],[5,5],[3,4],[1,2],[3,2],[0,2],[3,4],[2,9],[0,4],[1,4],[3,3],[10,7],[8,5],[8,0],[2,3],[-1,2],[-2,3],[-7,2],[24,11],[8,2],[4,1],[8,1],[13,6],[7,-1],[4,1],[2,2],[4,1],[8,-1],[-5,2],[-2,8],[-3,3],[0,9],[3,0],[1,6],[-1,3],[-3,8],[1,6],[3,6],[5,3],[5,2],[17,9],[3,3],[6,4],[11,6],[5,-1],[5,1],[3,0],[6,9],[3,11],[6,12]],[[27769,3862],[-32,-16],[61,-70],[44,-21],[15,-44],[55,-19],[34,-38],[140,-65],[43,-41],[-26,-46],[-2,-71],[119,-46],[-24,-76],[47,-20]],[[13267,14570],[-91,-10],[-64,15],[-49,-20]],[[12861,14776],[-4,3],[2,8],[-1,6],[2,8],[-3,10],[-6,5],[-2,26],[100,34],[-35,29],[-6,2],[-14,6],[-2,3],[-7,7],[-3,4],[-6,3],[-1,2],[0,9],[1,1],[0,6],[-1,1],[-2,5],[11,10]],[[22493,10747],[-9,19],[-25,21],[36,78],[9,12],[95,-18],[59,19],[-37,38],[-22,21],[-18,18],[-22,20],[-20,16],[-42,36],[-27,21]],[[22470,11048],[287,72],[143,-8],[103,20],[108,49]],[[23777,10288],[-22,5],[-61,32],[-17,-13],[-9,-7],[-36,33],[-58,-33],[-28,-12]],[[23546,10293],[-79,81],[-44,-39],[-111,37],[34,43],[-38,68],[-131,3],[-188,71],[-42,-61],[-29,76],[-50,48],[-101,-56],[-90,95],[-124,99],[-60,-11]],[[30812,15020],[30,184],[166,3],[9,8]],[[32563,15763],[-10,-18],[45,-78],[-23,-43],[-56,-12],[-100,34],[-85,11],[-39,-138],[-44,-67],[-84,-88],[28,-37],[121,-26],[27,-67],[-86,-83],[-10,-28],[-69,-22],[-96,-3],[-45,43],[-41,-41],[-63,-6],[-25,-31],[-212,-34],[16,38],[-361,-23],[-162,-51],[-144,-4]],[[31045,14989],[-101,-3],[-132,34]],[[28067,15149],[488,3],[185,-15],[503,-100]],[[28600,14703],[-4,7],[-9,6],[-1,2],[-11,8],[-51,42],[-24,18],[-27,19],[-1,-3],[-11,-3],[-17,-6],[-1,-1],[-9,-1],[-9,3],[-9,-1],[-7,-1],[-5,-2],[-19,-3],[-7,0],[-4,1],[-12,-5],[-12,-2],[-10,-3],[-6,-3],[-23,-6],[-6,2],[-6,-1],[-5,-2],[4,-9],[-91,-22],[-13,0],[-22,-16],[-10,1],[-32,-14],[-11,0],[-10,1],[-21,-4],[-12,-5],[-20,-3],[-21,-7],[-4,-2],[-9,-5],[-3,-2],[-9,-2],[-17,-21]],[[27993,14658],[-15,2]],[[27978,14660],[-2,3],[-6,2],[-46,33],[-1,3],[-20,23],[-25,30],[-45,53],[-4,1],[-62,-1],[-4,-1],[-5,-1],[-3,2],[-5,4],[-3,-2],[-2,-2],[-4,-1],[-5,1],[1,-3],[-3,-1],[-8,-1],[-1,-2],[-3,-2],[1,-3],[-1,-2],[-4,2],[-3,-2]],[[27715,14793],[-22,50]],[[14507,16716],[-8,27],[-1,3],[-1,9],[-4,12],[-17,14],[-11,10],[-5,1],[-42,43],[-12,15],[-4,8],[-17,33],[-2,4],[25,5],[0,3],[-53,98],[-14,25],[-43,81],[40,18],[35,17],[11,6],[7,4],[9,3],[10,6],[115,23],[4,3],[-11,12],[-6,5],[-10,7],[-27,22],[-15,13],[-8,10],[-27,-5],[-6,1],[-37,12],[-4,4],[-11,7],[-3,2]],[[14364,17277],[85,92],[134,36],[4,16],[113,47],[96,13],[30,-27],[85,6],[41,24],[41,-44],[142,16],[70,17],[23,29],[66,24]],[[15178,16866],[-3,3],[-3,1]],[[15172,16870],[-11,3],[-17,4],[-5,2],[-8,5],[-6,4],[-8,3],[-7,1],[-21,4],[-76,8],[-36,13],[-19,18],[-8,8],[-22,-19],[-14,-15],[-4,-4],[-11,-6],[-8,-6],[-17,-8],[-10,-4],[-16,-7],[-11,-5],[-22,-10],[-15,-7],[-16,-7],[-55,-25],[-39,-17],[-17,-8],[-24,-10],[-36,-17],[-18,-7],[-5,-3],[-12,-5],[-36,-21],[-16,-7],[-17,-8],[-2,-1]],[[5251,16051],[32,4],[13,1],[2,-1],[16,1],[24,3],[14,0],[56,-10],[6,-9],[6,-4],[7,-7],[2,-2],[23,-36],[10,-11],[25,-29],[4,-3],[3,-2],[8,-1],[32,-25],[59,25],[-2,-5],[10,-1],[6,0],[1,-11],[6,5],[41,-16],[64,18],[19,11],[63,-8]],[[5801,15938],[7,4],[34,18],[15,7],[94,-1],[126,-53],[67,-45]],[[6166,15712],[-103,-23],[-125,-50],[14,-50],[-84,-58],[-119,-118],[19,-53],[-86,-10],[-63,-25],[-40,-46],[-10,-64]],[[33681,10703],[-10,9],[15,59],[4,3],[3,7],[-1,2],[-1,2],[-1,3],[0,3],[1,0],[0,2],[-2,4],[-3,1],[-7,1],[-1,4],[-4,2],[-7,0],[-3,1],[-2,2],[-5,1],[-8,-1],[-8,3],[-4,4],[-6,1],[-19,9],[-1,2],[-2,0],[-4,3],[-4,0],[-16,6]],[[33585,10836],[3,2],[2,2],[1,1]],[[33591,10841],[5,8],[1,4],[4,3],[5,2],[3,2],[12,6],[4,4],[2,0],[6,4],[8,1],[9,3],[7,6],[4,4],[5,2],[4,-2],[6,2],[5,-2],[0,-1],[4,0],[3,1],[3,-1],[10,-2],[1,-2],[4,-3],[2,-3],[2,-4],[0,-2],[4,-1],[15,-13],[8,1],[4,-1],[1,-1],[5,-3],[1,-2],[2,-2],[6,0],[2,-2],[2,0],[3,-1],[13,-1],[7,-1],[11,-1],[7,-2],[3,0],[4,1],[3,-1],[8,1],[11,2],[1,2],[9,0],[2,-1]],[[33842,10845],[2,-4],[7,-13],[3,-8],[6,-11],[3,-3],[8,-3],[117,-11],[35,11],[4,3],[25,14]],[[34052,10820],[11,1]],[[34063,10821],[4,0],[5,3],[5,-1],[9,0],[5,2],[2,2],[8,1],[4,-1],[7,2],[4,1],[5,3],[8,2],[1,1],[9,2],[4,2],[1,1],[7,4],[2,1],[5,4],[3,1],[4,0],[3,2],[3,4],[5,1],[3,3],[4,3],[-1,2],[1,1],[0,6],[-3,2],[-2,1],[-5,5],[3,4],[-2,2],[0,2],[4,9],[8,0],[3,2],[3,2],[6,2],[3,2],[4,0],[3,1],[4,6],[5,4],[6,2],[1,2],[0,2],[2,3],[6,3],[3,-1],[2,0],[6,2],[13,3],[5,3],[2,1],[2,1],[1,1],[4,2],[4,4],[4,1],[3,2],[1,3],[14,8],[2,2],[3,0],[5,-2],[3,1],[2,-1],[20,7]],[[12783,9013],[-14,6],[-18,5],[-18,43],[6,6],[4,9],[0,3],[-17,3],[4,13],[5,14],[4,15],[2,6],[20,20],[15,17],[29,-9],[6,8],[25,10],[8,-3],[46,25],[1,14],[1,6],[2,5],[2,12],[4,11],[-3,6],[0,10],[2,6],[6,7],[6,9],[10,15],[5,7],[8,13],[9,1],[19,-1],[13,-2],[-6,20],[13,2],[0,10],[2,3],[30,11]],[[9130,14521],[13,73],[42,32],[103,-8],[65,-17],[71,15],[-97,83],[14,102],[67,38]],[[9408,14839],[217,23]],[[9625,14862],[-4,-63],[43,-50],[-36,-70],[127,-122],[53,25],[57,-48],[-12,-30]],[[9853,14504],[-15,-3],[-55,-11],[-3,1],[-20,-13],[1,-3],[-12,-13],[-28,-29],[-15,-13],[-1,-6],[-12,-14],[-60,-35],[-20,-32],[-30,-23],[-26,-13],[-15,-10],[-9,-7],[-15,-16],[-8,-9],[-29,-40],[-28,-32],[-6,-7],[-17,-15],[-6,-4],[-24,-12],[-6,-5],[-12,-10],[-10,-3],[-7,-1],[-11,-18],[-2,-3],[-4,-2],[-16,-12],[-5,-3],[-5,-6],[-3,-2],[-4,1],[-22,0],[-13,-1],[-5,-2],[-2,-4],[-4,-8],[-15,-18]],[[9254,14048],[-42,32],[-8,0],[9,4],[-25,19],[-33,-14],[-36,14],[-14,-10],[-10,-2],[-47,-47],[-4,-5],[-42,-16],[-16,-5],[-18,-3],[-10,-2],[-13,-2],[-11,-2],[-11,-3],[-37,-3],[-6,2],[-22,2],[-30,4],[-6,1],[-12,7],[-10,5],[-5,3],[-12,10],[-1,4],[-1,6],[-27,10]],[[8754,14057],[1,10]],[[8755,14067],[-15,4],[7,4],[4,5],[0,4],[1,3],[6,5],[2,3],[-1,2],[5,6],[3,3],[3,6],[10,11],[3,14]],[[11177,15899],[-33,15],[-13,5],[-17,6]],[[11114,15925],[-11,14],[-16,21],[-13,20],[-8,20],[-1,12],[-1,18],[0,41],[3,28],[0,64],[3,15],[2,9],[-13,29],[-10,17],[-1,1],[4,8],[1,4],[1,11],[-2,86],[3,10],[1,8],[3,14],[3,18]],[[11062,16393],[3,30]],[[11065,16423],[0,10],[0,14],[-2,7],[-2,4],[-13,50],[-3,4],[-5,8],[-6,12],[-5,7],[-17,27],[-8,12],[-12,11],[-13,3],[-47,5],[-21,3],[3,7],[1,6],[-1,4],[11,5],[11,4],[28,10],[5,2],[18,7],[4,-1],[21,5],[13,3],[22,5],[-6,5],[-39,28],[-4,2],[46,34],[1,0]],[[11045,16726],[9,-3],[5,-1],[16,1],[12,1],[7,-1],[14,-4],[64,-9],[18,-1],[25,0],[23,-1]],[[11238,16708],[175,6],[104,-10],[-36,132],[28,47],[298,-91],[80,22],[-10,69],[18,70],[-16,55]],[[11879,17008],[27,-4],[1,-9],[2,-2],[6,-11],[7,1],[6,-1],[53,-18],[6,-4],[9,-8],[7,1],[13,1],[5,1],[11,1],[24,2],[6,-1],[4,-6],[3,-9],[7,0],[35,-3],[13,-2],[10,-4],[0,-2],[40,3],[18,3],[28,2],[13,2],[0,-1]],[[12574,16916],[-4,-5],[-69,-78],[2,-28],[8,-8],[3,-3],[-10,-9],[-4,-2],[-7,-6],[-4,-7],[-3,-8],[0,-3],[2,-5],[4,-6],[0,-2],[-9,-3],[-8,-4],[-8,-1],[-18,-3],[-7,-2],[-11,-4],[-10,-8],[-5,-4],[-5,-2],[-35,-7],[-59,2],[-11,-2],[-13,-6],[-26,-9],[-22,-4],[-7,0],[-5,-3],[-2,-4],[-8,-6],[-1,-2],[8,-19],[1,-5],[-2,-14],[-1,-7],[-42,-84],[-7,-3],[-8,-16],[-6,-8],[13,-4],[-14,-8],[-22,-39],[2,-2],[5,0],[20,6],[18,6],[24,11],[11,-5],[5,0],[15,1],[5,2],[2,1],[14,3],[18,3],[4,0],[6,-1],[22,1],[9,1],[4,3],[5,1],[5,1],[5,2],[8,1],[7,1],[-92,-144],[-51,-42],[-38,-31],[-2,-2],[-29,-24],[-2,-3],[-18,-14],[-3,-2],[-40,-29],[-24,-13],[-40,-25],[-29,-13],[-1,2],[-19,-9],[-46,-18],[-3,2],[-6,-2],[-2,1],[-3,0],[-4,-2],[-12,-7],[-6,1],[-5,0],[-8,0],[-3,-1],[-4,-2],[-4,-1],[-3,-2],[-5,-3],[-5,1],[-3,-1],[-4,-3],[-5,-1],[-47,-40],[-11,1],[-12,1],[-41,-2],[-13,-2],[-26,-8],[-12,-4],[-8,-4],[-13,-6],[-84,-42],[-19,-10],[-37,-17],[-18,-7],[-14,-5],[-12,-4],[-18,-5]],[[11452,15962],[-39,-10]],[[11413,15952],[-27,-6],[-46,-10],[-13,-3],[-150,-34]],[[688,14880],[-31,59],[-116,8],[-161,72],[-53,40],[-18,96],[37,11],[-100,322]],[[2102,15992],[148,-98]],[[2070,15458],[-48,8],[-11,-5],[-17,8],[-23,-10],[-45,-18],[10,-7],[-17,-22],[-7,-2],[0,-2],[4,-4],[-12,-8],[0,4],[-46,-2],[-7,-8],[-11,1],[-24,1]],[[1816,15392],[-17,31],[-123,-62],[-78,4],[-118,-73],[13,-26]],[[1493,15266],[-6,-9],[-2,-4],[-16,-13],[-15,-7],[-1,-2],[0,-3],[-18,-12],[-6,-7],[-9,-6],[-6,-4],[-5,-17],[-9,-3],[-11,-4],[-7,-7],[-9,-5],[-4,-1],[-10,-6],[-2,-2],[7,-10],[0,-5],[2,-4],[-26,-14],[-3,-5],[-5,-4],[-10,-5],[-4,-3],[-2,-3],[-3,-2],[-7,-2],[4,-8],[7,-11],[-13,-6]],[[1304,15072],[-74,4],[-101,-40],[-66,-6]],[[1063,15030],[-33,40],[-2,1],[-6,10],[-3,1],[-6,-2],[-2,4],[-3,5],[-16,-9],[-6,-2],[-15,0],[-6,-1],[0,-4],[-14,-3],[-9,-2],[-16,-7],[-25,-12],[-7,-3],[-25,-7],[-12,-6],[-9,-5],[-7,-5],[-6,-2],[-7,-3],[-2,-3],[-3,-3],[-9,-6],[-9,-2],[-16,-2],[-9,-1],[-8,-2],[-11,-2],[-6,-3],[-8,-2],[-12,-2],[-3,-2],[1,-5],[3,-14],[4,-5],[4,-8],[1,-2],[-2,-3],[-7,-4],[-2,-4],[-14,-16],[-4,-4],[-11,-9],[2,-4],[-7,-21],[-4,-4],[-8,-5]],[[21916,9746],[10,-57],[164,-13],[137,45],[65,3],[25,-23]],[[22317,9701],[180,-185],[22,-4]],[[22519,9512],[-59,-97],[-38,-112],[19,-72],[-11,-46],[161,-18],[74,35],[34,-4],[112,69],[65,-129]],[[27235,13570],[-111,57],[-110,70]],[[27079,13970],[-1,3],[3,19],[1,11],[0,12],[-2,5],[-1,4],[3,6],[5,3],[6,5],[3,2],[0,2],[4,1],[4,3],[8,3],[4,-1],[5,1],[2,3],[4,2],[7,4],[2,0],[5,3],[4,1],[7,1],[7,2],[7,1],[7,2],[6,-1],[6,1],[3,3],[21,1],[2,2],[1,3],[6,0],[5,1],[6,2],[1,3],[4,0],[3,1],[6,2],[3,2],[2,1],[-1,2],[2,1],[4,1],[0,1],[3,5],[-1,1],[2,3],[5,3],[3,0],[6,0],[4,1],[5,0],[3,-2],[5,4],[7,6],[5,5],[12,6],[7,4],[6,0],[6,-1]],[[27331,14129],[95,-54],[-13,-33],[96,-35],[88,0],[87,-28],[90,-63],[149,-26],[130,-10]],[[28053,13880],[1,-3],[4,-7],[-2,-43],[0,-9],[7,-21],[7,-7],[9,-13],[3,-2],[5,-13],[7,-15],[2,-9],[2,-9],[1,-2],[8,-24]],[[28107,13703],[-11,-3],[-12,-2],[-16,-3],[-18,-2],[-13,1],[-14,1],[-43,0],[-14,2],[-6,1],[-4,-1],[-3,-1],[-5,0],[-4,1],[-4,0],[-10,-2],[-6,-3],[-12,-1],[-9,-1],[-13,0],[-9,2],[-4,1],[-4,-1],[-9,-1],[-10,-2],[-8,-1],[-3,0],[-4,0],[-3,0],[-5,-1],[-3,1],[-7,0],[-5,-1],[-5,1],[-17,-2],[-17,-1],[-11,-1],[-12,-2],[-13,-2],[-5,-2],[-11,-6],[-17,-15],[-1,-5],[-22,-27],[-5,-1],[-5,-4],[-8,-3],[-4,-2],[-3,-4],[-6,-3],[-6,-1],[-8,0],[-5,-1],[-22,-7],[-8,-6],[-8,-3],[-3,-3]],[[27594,13587],[-11,0]],[[27583,13587],[-18,-2],[-12,-2],[-8,-2],[-36,-3],[-13,-1],[0,1],[-31,-6],[-23,-5],[-14,-2],[-11,-1],[-69,2],[-16,1],[-10,0],[-3,-1],[-29,0],[-25,3],[-17,2],[-13,-1]],[[11562,13650],[3,-27],[120,-96],[45,-15],[3,-109],[-54,-25],[-14,-34],[30,-29],[-47,-58],[4,-68],[-73,-48]],[[11579,13141],[-9,5],[-13,-10],[-5,1],[-3,0],[-8,-2],[-3,-2],[-11,-4],[-4,1],[-4,3],[-4,0],[-2,1],[-6,2],[-9,1],[-14,3],[-8,-2],[-4,-2],[-2,-6],[1,-4],[-1,-8],[55,-43],[-1,-7],[3,-10],[2,-4],[4,-4],[1,-5],[-3,-11],[-17,4],[-9,4],[-7,-12],[-3,-1],[-5,-4],[-53,-4],[-12,6],[-2,1],[-7,7],[-4,4],[13,15],[-11,4],[5,5],[10,-4],[21,6],[10,12],[-7,2],[-9,1],[-19,4],[-6,-8],[9,-4],[-26,-2],[-5,0],[-8,1],[-3,3],[-4,3],[-1,3],[3,4],[3,5],[13,3],[5,-1],[3,2],[5,2],[1,1],[5,4],[6,8],[4,4],[6,7],[2,2],[-4,7],[-4,4],[-11,11],[-4,3],[-11,4],[-6,3],[-6,0],[-36,18],[-4,3]],[[11351,13174],[-39,68]],[[18123,13233],[-13,-16],[-1,-3],[-3,-4],[-2,-4],[-38,-36]],[[29922,159],[-160,-40],[-178,-26],[-147,6],[-50,-35],[-7,-34],[-51,-30],[-91,15],[-8,50],[16,50],[-180,82],[74,34],[63,53],[54,2],[-17,130],[-62,27],[-177,107],[63,22],[93,125]],[[29611,707],[-1,-7],[-7,-10],[-4,-5],[-5,-5],[26,-13],[-4,-6],[-1,-21],[3,0],[10,4],[45,-10],[-4,-3],[-8,-2],[-3,-4],[-5,1],[-3,-1],[-6,-6],[-1,-8],[-2,-2],[-4,1],[2,-7],[-1,-1],[-3,0],[-1,-2],[-4,-6],[-4,-4],[-1,-2],[-5,0],[-1,-4],[-1,-1],[3,-3],[-5,1],[-3,-1],[4,-7],[7,-8],[-5,1],[-5,-4],[-11,-1],[-3,-3],[-2,-3],[-1,-4],[15,-10],[46,-35],[-13,-11],[3,0],[14,-4],[-3,-16],[1,-6],[2,-2],[4,-6],[13,-33],[10,-1],[11,1],[-1,-9],[1,-4],[-3,-6],[11,3],[4,-8],[2,-7],[27,-71],[-22,-4],[-2,-10],[9,-5],[9,-12],[12,-9],[5,-11],[8,-12],[1,-8],[-1,-7],[-1,-11],[-6,-24],[7,-8],[5,-8],[3,-1],[12,-3],[4,-2],[6,-4],[8,-12],[1,-8],[50,-8],[25,-2],[26,2],[10,0],[4,-1],[8,1]],[[7727,14078],[-14,1],[-48,12],[-14,1],[-23,6],[-10,1],[2,-7],[-77,-8],[-3,0],[-23,-4],[-43,-7],[-18,-3]],[[7562,14218],[10,1],[3,1],[6,3],[10,5],[3,1],[7,2],[10,1],[12,-1],[6,0],[6,2],[4,2],[6,4],[10,3],[10,1],[11,2],[9,3],[21,6],[25,5],[-1,9],[-3,5],[-5,3],[-5,1],[-4,-1],[-7,7],[8,5],[2,1],[0,8],[73,65],[74,24],[7,4],[12,3],[11,5],[7,3],[9,5],[13,10],[6,2],[2,1],[9,6],[6,4],[3,5],[2,4],[7,8],[47,45],[8,9],[6,8],[3,4],[39,13],[14,7],[2,1],[14,11],[8,48],[-9,8],[-8,14],[-7,10],[-2,2],[-13,10],[-1,2]],[[8058,14638],[18,5],[8,2],[9,4],[3,1],[5,0],[3,2],[2,2],[15,3],[11,3],[7,1],[4,3],[9,0],[4,2],[6,2],[11,1],[9,1],[3,-1],[4,2],[6,-4]],[[6086,14964],[54,-11],[104,7]],[[6244,14960],[7,-13],[11,-23],[12,-7],[11,10],[4,0],[7,2]],[[6296,14929],[5,-1]],[[6301,14928],[2,-7],[2,-9],[4,-16],[4,-15],[-4,-24],[0,-6],[-10,-33],[0,-3],[-2,-16],[-2,-9],[-2,-11],[-1,-1],[-1,-9],[-10,-5],[-2,-10],[-5,-11],[-6,-15],[-4,-6],[-2,-2],[-3,-5],[-3,-3],[-3,-5],[-4,-5],[-6,-10],[-5,-7],[-4,-35],[3,-15],[5,-12],[8,-8],[5,-7],[7,-7],[10,-11],[13,-13],[8,-8],[10,-12],[-1,-4],[3,-1],[11,2],[8,1],[14,4],[9,2]],[[24399,3456],[13,-17],[25,-22],[-16,-52],[1,-11],[0,-12],[1,-22],[23,-41],[16,-6],[30,-2],[0,-3],[-29,-15],[1,-8],[-9,-13],[-3,1],[-5,0],[-5,3],[-24,0],[-5,0],[-6,0],[-3,-1],[-11,-2],[-5,0],[-7,-2],[-4,0],[-15,-4],[-4,0],[0,-3],[0,-7],[27,-9],[3,-3],[8,-11],[-84,-34],[-1,-2],[-4,-2],[-6,-3],[-3,-1]],[[24298,3152],[-2,-2],[-5,-5],[-12,-12],[10,-66],[-3,1],[-13,-24],[1,-1]],[[24274,3043],[-64,-38],[-56,29],[-93,-17],[-38,-74],[-47,15],[-70,-32],[-10,-29],[-108,17],[-114,-30],[-77,4],[-29,30],[-102,-9],[-74,46],[-104,5],[10,-38],[-69,-7],[-80,33],[30,77],[39,21],[22,114],[108,40],[1,24],[-70,32],[0,112],[-20,80],[-97,-2],[1,48],[-58,60],[-10,128],[59,-8],[64,29],[-18,28],[51,81],[53,14],[-25,36],[78,83],[7,28],[88,29],[-12,45],[-90,-7],[41,45],[72,3],[19,35],[-87,67],[10,56],[-60,29]],[[9820,13080],[-43,37],[-10,-5],[-9,9],[-9,-4],[-67,46]],[[9682,13163],[-5,12],[-2,4],[-7,16],[-5,8],[-7,11],[5,3],[-12,14],[-5,6],[-2,3],[-1,4],[3,4],[10,14],[4,3],[-25,2],[-9,0],[-1,-1],[-8,3],[-1,-2]],[[9614,13267],[-8,1],[-14,2]],[[9592,13270],[-18,7],[1,13],[-2,3],[1,4],[5,0]],[[9579,13297],[100,12],[53,38],[-27,28],[-109,24]],[[9596,13399],[-18,21],[-1,6],[45,12],[-9,5],[-10,4],[-5,3],[-20,6],[-13,4],[-8,4],[-9,5],[-5,4],[-15,7],[-5,3],[-14,12],[-9,14],[-6,3],[-2,3],[-1,6],[-4,3],[0,2],[-1,3],[2,3],[-3,3],[-2,6],[-4,5],[1,3],[-5,7],[0,4],[5,6],[-7,2],[-4,-1],[-11,8],[-2,2],[-3,2],[-3,-1],[-10,5],[-7,8],[-7,4],[-11,4],[-7,5],[-5,-1],[-6,2],[-5,-1],[-2,1],[-2,-3],[-20,-5],[-28,-10],[-5,-1],[-5,-5],[-7,-1],[-3,-1],[-3,-1],[-1,-2],[-4,-1],[-6,-3],[-7,-1],[-8,-3],[-7,-1],[-4,-1],[-5,-3],[-5,2],[-3,2],[-9,18],[-5,10],[-3,4],[-110,76],[-13,3],[-8,10]],[[9119,13688],[-2,26],[20,-6],[2,3],[13,-2],[4,10],[0,3],[0,3],[-3,5],[-1,10],[-6,7],[-3,3],[2,3],[2,2],[1,3],[1,9],[4,8],[3,8],[1,3],[3,3],[19,-4],[12,-2],[3,-1],[12,-4],[19,-3],[8,-4],[16,9],[7,4],[28,10],[12,16]],[[9296,13810],[20,-9],[13,1],[8,-2],[15,0],[12,-1],[1,6],[23,-2],[35,-2],[11,0],[2,0],[7,6],[2,3],[10,15],[6,2],[17,-2],[3,0],[-2,-4],[4,-2],[1,-4],[5,1],[11,-3],[3,-2],[2,-2],[-8,-7],[-2,-5],[19,-18],[8,2],[11,1],[7,-6],[13,-10],[10,3],[6,-2],[26,-36],[6,-4],[19,2],[6,2],[8,0],[3,2],[3,4],[-6,8],[4,4],[24,7],[-4,2],[13,6],[4,-1],[5,1],[3,0],[13,-1],[4,0],[8,1],[3,1],[12,2],[8,-1],[9,0],[6,1],[29,-3],[15,2],[64,22],[4,1],[6,2],[31,-8],[0,3],[-24,56],[11,38]],[[9882,13880],[6,7]],[[9888,13887],[9,5],[8,-1],[6,3],[68,-36],[6,-6],[25,-11],[4,-4],[51,-10],[6,2],[1,-1]],[[19284,14014],[-25,65],[-29,-3],[-65,29],[24,38],[-1,3],[56,98]],[[19244,14244],[141,34],[-37,88],[61,62]],[[19409,14428],[13,8],[5,1],[4,15],[5,5],[3,6],[0,3],[7,7],[5,4],[6,6],[0,4],[1,6],[-6,8],[0,7],[-1,7],[-5,3],[2,14],[-5,2],[-10,17],[1,3],[-1,5],[-5,4],[-2,5],[2,13]],[[19428,14581],[8,1],[5,2],[5,2],[5,2],[4,0],[7,1],[26,-6],[5,-1],[2,1],[5,-1],[5,-1],[2,2],[7,3],[6,0],[2,-1],[3,2],[7,11],[3,1],[-1,3],[8,1],[5,3],[3,2],[2,-1],[6,0],[13,2],[4,0],[1,-1],[3,-2],[7,0],[3,3],[9,-5],[6,-3],[7,0],[3,1],[0,1],[3,1],[5,3],[-2,2],[3,1],[-2,1],[3,2],[8,2],[2,2],[5,4],[5,0],[9,-3],[6,-3],[1,-1],[7,-1],[8,-1],[6,-3],[9,6],[5,1],[3,-2],[3,-1],[4,-3],[5,-5],[4,-3],[6,-2],[1,-1],[7,-4],[4,-1],[3,-2],[0,-1],[4,-1],[22,-6]],[[19913,14125],[-28,-63],[26,-56],[17,-15],[-7,-4],[-4,-2],[-22,-5],[-69,-26],[0,-1],[-40,-12],[-24,-8],[-16,-3],[-8,-2]],[[19738,13928],[-94,33],[-65,-39],[-54,129],[-241,-37]],[[14928,15976],[-54,36],[-69,-13],[3,7],[-3,8],[-6,0],[-7,20],[6,5],[24,19],[9,5],[11,5],[3,2],[2,4],[0,10],[1,63],[-6,9],[-35,65],[-9,20],[-7,10],[-54,82],[-12,16],[-16,19]],[[14709,16368],[72,30],[6,3],[75,12],[32,0],[32,1],[47,0],[62,-20],[8,-1],[8,-2],[4,-1],[5,-2],[14,-2],[58,39],[17,9],[15,7],[49,17],[15,-3],[7,1],[5,-2],[3,0],[17,5]],[[15260,16459],[3,-2]],[[15263,16457],[4,-12],[4,-13],[6,-9],[8,-9],[0,-2],[21,-11],[15,-11],[19,-12],[23,-15],[4,-6],[-2,-8],[3,-5],[14,-14],[7,2],[5,0],[10,-4],[7,0],[17,-1],[51,3],[16,1],[9,1],[109,10],[24,56],[9,2],[4,0],[6,-2],[7,0],[2,-1],[10,0],[-3,7],[-2,9],[12,17],[14,2],[57,12],[3,7],[21,40],[1,1]],[[15778,16492],[0,-7],[0,-10],[2,-16],[5,-9],[3,-5],[20,-14],[2,-2],[11,-9],[17,-6],[5,-4],[33,-22],[4,-4],[9,-17],[4,-9],[10,-34]],[[3580,16179],[11,29],[64,28]],[[28971,17787],[34,61],[230,25],[121,68],[7,36],[99,48],[283,-46],[32,-57],[97,-77],[158,-105],[119,-49],[2,-162],[-14,-58],[51,-215]],[[29835,17174],[17,91],[-112,67],[-108,90],[-36,57],[-332,-64]],[[29264,17415],[-3,12],[-5,3],[-4,4],[-1,1],[0,11],[1,4],[4,21],[1,7],[3,10],[4,9],[0,2],[3,4],[2,9],[-1,14],[-4,8],[1,4],[1,17],[-1,13],[0,8],[-6,2],[-24,13],[-11,4],[-86,48],[-42,38],[-11,10],[-9,8],[-18,16],[-87,72]],[[18281,7946],[-15,33],[-1,-3],[-21,16],[-10,-2],[-1,19],[-5,10],[-7,-2],[-21,-6],[-12,-3],[-16,-4],[-16,-4],[-22,47],[4,12],[-5,12],[-10,22],[-4,6],[-48,-1],[5,12],[-13,37],[9,6]],[[18072,8153],[9,5],[5,3],[7,4]],[[18093,8165],[2,6],[2,4],[19,10],[7,4],[-7,20],[7,4],[8,6],[2,3],[4,3],[5,1],[0,2],[7,2],[2,1],[3,2],[3,0],[4,2],[5,1],[12,4],[5,0],[6,0],[3,2],[0,7],[-5,6],[-28,34],[9,1],[7,1],[6,-1],[6,0],[13,-2],[4,5],[8,15],[0,5],[8,8],[14,19],[20,13],[4,-1],[4,-2],[8,-2],[10,2],[3,2],[3,0],[15,0],[-4,8],[-5,9],[-6,8],[-3,4],[-3,6],[-2,13],[0,10],[1,4],[12,14],[10,12],[3,6],[5,6],[13,19],[5,3],[7,7],[10,11],[13,17],[5,7],[6,9],[3,1],[1,-3],[17,-23],[8,-12],[10,-14],[3,-6],[16,15],[105,98]],[[18531,8581],[18,2],[4,2],[3,0],[1,2],[4,-1],[4,3],[0,3],[4,1],[4,1],[5,0],[1,2],[8,0],[1,3],[3,1],[3,0],[4,2],[-1,2],[2,2],[8,9],[3,2],[3,1],[3,1],[0,2],[4,0],[0,2],[5,2],[5,0],[8,0],[1,-1],[11,-1],[32,-20],[2,-2],[21,0],[20,9],[13,4],[11,4]],[[18749,8618],[10,-2],[23,2],[48,9],[13,2],[28,5]],[[18871,8634],[40,-3],[21,-74],[50,-1],[38,9],[107,76],[49,6]],[[19337,8302],[-33,-73],[-82,-65],[-3,-55]],[[19219,8109],[-31,2],[-6,-9],[-58,-27],[-4,3],[-14,10],[-29,8],[-47,11],[-17,-1],[-38,-4],[-9,-1],[-16,6]],[[18950,8107],[-111,0],[-21,-19],[-106,19],[-104,32],[-12,-35],[38,-30],[-105,-112],[-73,-35],[-175,19]],[[22865,18840],[88,127],[23,28],[5,5],[16,21],[99,124]],[[23184,19140],[77,-22]],[[30753,968],[10,34],[2,4],[4,16],[8,9],[4,2],[8,2],[12,1],[3,1],[9,7],[20,11]],[[31637,1092],[-14,-71],[38,-116],[-31,-50],[96,-48],[73,-12],[23,24],[94,16]],[[31916,835],[0,-23],[-3,-5],[-7,-4],[0,-10],[1,-17],[1,-16],[1,-14],[0,-4],[-18,-7],[-18,-14],[-5,-2],[-6,-35],[-2,-28],[5,-41],[3,-22],[1,-12],[3,-13],[6,-44],[5,-6],[21,-4],[6,-12],[6,-5],[7,-7],[11,-6],[-5,-3]],[[31929,481],[-79,-17],[-59,-40],[-66,10],[-65,-18],[-67,9],[-97,64],[-88,18],[-128,3],[-50,47],[-73,-19],[-141,-13],[6,-29],[-82,-20],[-52,19],[-38,78],[30,59],[102,45],[44,83],[-37,21],[-46,60],[-97,65],[-53,64],[-40,-2]],[[17655,16275],[3,1]],[[17658,16276],[90,29],[17,6],[22,11],[26,17]],[[6217,15680],[-53,-85],[25,-23],[51,-160],[94,-51],[69,-67],[-18,-40],[34,-66]],[[6419,15188],[4,-16],[-1,-5],[-3,-5],[-15,-14],[-27,-29],[-16,-15],[-14,-16],[-3,-7],[-23,-31],[-4,-7],[-16,-11],[-2,-6],[-4,1],[-5,3],[-8,-10],[-1,-3],[-6,-2],[-9,-2],[3,-8],[1,-11],[-4,-1],[5,-11],[1,-8],[-3,0],[-4,-2],[-21,-12]],[[23844,12455],[18,13],[10,4],[11,5],[17,27],[20,0],[94,14],[19,1],[62,10],[30,8],[-5,11]],[[24452,12719],[155,-40],[14,8],[129,-102],[34,-47]],[[24784,12538],[-1,-3]],[[19412,7200],[120,50],[131,16],[11,46],[294,25],[2,-36],[149,-104],[21,-62],[127,37],[35,-10],[134,16],[51,-13],[101,0],[54,30],[141,13],[43,-23],[117,-21],[122,6]],[[21065,7170],[52,15],[11,6],[65,17],[60,-42],[13,-2],[11,10],[23,2],[15,1],[1,-6],[0,-4],[2,-3],[-1,-2],[7,-3],[5,0],[2,-2],[8,-3],[0,-1],[2,-1],[4,-5],[9,-2],[0,-2],[6,-1],[6,3],[5,0],[5,2],[1,1],[3,1],[2,0],[3,2],[5,0],[7,-1],[4,1],[5,-2],[1,1],[8,-2],[1,-3],[4,0],[3,1],[8,-4],[4,-2],[0,-2],[3,-2],[1,-2],[-1,-5],[3,-1],[-1,-2],[5,-2],[-2,-4],[-2,-1],[4,-2],[5,-2],[7,-3],[3,1],[2,-1],[9,3],[4,-1],[12,15],[5,7],[36,-1],[0,2],[-2,3],[-2,1],[-5,4],[-2,2],[-2,4],[-6,3],[-8,5],[0,7],[0,1],[-1,5],[3,5],[7,4],[7,6],[7,4],[4,4],[30,-1],[11,3],[9,1],[45,-6]],[[21623,7192],[-22,-29],[44,-23],[35,-79],[71,-15],[-21,-43]],[[17815,15294],[253,497],[122,80]],[[18786,15763],[56,-63]],[[18842,15700],[-9,-9],[8,-5],[1,-4],[-1,-1],[-6,0],[-10,-3],[1,-4],[-1,-2],[-7,-4],[-1,-2],[-16,-10],[-2,-5],[-4,-12],[-1,-4],[0,-2],[-2,-2],[-19,-8],[1,2],[-2,2],[-2,4],[-18,8],[-11,0],[-14,2],[-5,1],[-22,0],[-6,1],[-4,-1],[-5,-8],[-5,-8],[-3,-1],[-3,1],[-9,4],[-6,3],[-9,9],[-5,4],[-3,-1],[-7,0],[-17,-3],[-30,-7],[7,-9],[-1,-3],[-6,-21],[0,-3],[-8,-14],[-18,-6],[-2,-1],[-17,-5],[-13,-3],[-8,-1],[-5,-2],[-5,-4],[-13,-6],[1,-7],[1,-3],[13,0],[18,1],[8,-2],[-8,-13],[38,-7],[8,-3],[5,-2],[6,-5],[2,-2],[-39,-17],[-11,2],[-17,-13],[-11,-13],[-7,-6],[-6,-3],[-32,-9],[-16,-6],[-20,15],[-4,3],[-10,4],[-5,4],[-15,15],[-5,3],[-3,1],[-4,-5],[-6,0],[-13,-4],[-17,-6],[5,-2],[5,-3],[16,-19],[1,-10],[-1,-7],[0,-5]],[[18376,15433],[-3,-1],[-1,-3],[-3,-2],[-4,-3],[-2,-7],[-8,-6],[-4,-1],[-13,-1],[-5,-3],[-8,1],[-4,-1],[1,-4],[-1,-7],[3,-10],[2,-2],[8,-1],[5,-1],[7,-4],[4,-5],[7,-3],[6,0],[10,-5],[13,-10],[1,-3],[1,-8],[-2,-2],[5,-6],[8,-14]],[[22020,11575],[12,-45],[-65,-26],[66,-73],[-63,-71],[57,-79],[-9,-107],[-86,-41]],[[21932,11133],[-113,-21],[-90,-1],[-68,-44],[46,-63],[-70,-21],[-263,74],[-61,51],[-122,-36],[-35,-30]],[[27981,15754],[48,113],[-28,86],[-2,6],[6,20]],[[28005,15979],[4,0],[5,1],[10,-1],[4,0],[2,2],[13,-1],[4,2],[5,2],[11,1],[10,-1],[3,-1],[8,0],[6,3],[4,1],[9,-2],[6,-2],[0,-2],[5,-1],[1,0],[3,-2],[2,1],[3,-1],[4,0],[4,0],[12,-1],[6,-1],[18,-5],[7,-2],[8,-1],[9,-3],[20,-36],[135,25],[12,-50],[133,11],[9,17],[5,8],[10,17],[3,7],[8,18],[7,25],[16,60]],[[29131,15577],[209,-176],[341,-41],[-7,-32],[135,-6],[-31,-86]],[[29778,15236],[-8,-21]],[[29787,9105],[12,-1],[4,0],[10,-4],[5,0],[15,5],[11,2],[6,2],[2,-1],[6,-1],[5,2],[6,1],[28,8],[19,7],[22,9],[21,9],[14,5],[9,2],[15,5],[45,11],[13,2]],[[30055,9168],[18,6]],[[30073,9174],[1,-1],[7,1],[12,5],[20,-15],[-3,-2],[11,-6],[9,4],[6,3],[60,2],[111,55],[8,3],[60,22],[7,2],[25,4],[17,0],[4,-7],[29,-32],[111,59],[18,6],[7,3],[6,2],[73,3],[8,-2],[7,-2],[7,-4],[12,-3],[4,-3],[13,-4],[74,-12],[18,5],[3,2],[-4,3],[-3,1],[-1,3],[-6,2],[-6,1],[-1,0],[-5,1],[-7,1],[-4,4],[-3,3],[-7,3],[-1,2],[-4,3],[-4,5],[-2,1],[-2,1],[-4,2],[-1,2],[0,3],[-1,5],[-69,19],[-4,2],[-35,11],[-12,2],[-13,1],[-9,1],[-7,1],[-14,2],[-10,1],[-8,0],[-9,1],[-4,-1],[-12,-2],[-4,1],[-13,0],[-28,10],[-90,24]],[[30411,9381],[-69,18]],[[30342,9399],[-87,23],[-41,61]],[[30214,9483],[63,15],[46,-25],[125,30],[-14,81],[110,-30],[123,-4],[26,13],[3,64]],[[30696,9627],[34,-2],[6,1],[21,0],[35,-2],[14,0],[21,5]],[[30893,8747],[56,40],[-70,12],[-150,52],[-117,97],[-89,61],[-68,13],[-66,-19],[-109,-10],[-68,-48],[-87,-33]],[[30125,8912],[-11,9],[-14,11],[-8,0],[-16,-3],[-5,-1],[-27,4],[-25,2],[-25,3],[-17,3],[-4,4],[-24,8],[-2,3],[-6,3],[-7,3],[-14,4],[-7,2],[-14,2],[-5,3],[-8,7],[-5,5],[-1,7],[-4,9],[1,4],[33,12],[15,1],[8,2],[8,2],[6,3],[5,4],[5,7],[-1,4],[-7,9],[-8,6]],[[29941,9054],[-79,-9],[-76,9],[1,51]],[[7025,14679],[-20,30],[-2,8],[-1,10],[-18,19],[5,7],[1,5],[2,15],[0,2],[2,11],[0,47],[-3,18],[-5,5],[-5,7],[-13,12],[-17,14],[-37,31],[-8,4],[-12,11],[-17,12],[-1,1],[-11,-4],[-50,42],[-4,19]],[[6811,15005],[-4,6],[0,3],[9,11],[5,4],[8,10],[15,15],[3,3],[3,4],[2,6],[0,4],[-3,13],[-2,4],[0,3],[0,11],[-3,27],[3,2],[8,2],[-3,16],[-13,18],[-16,52]],[[6823,15219],[77,22],[183,147],[138,7]],[[7221,15395],[8,0],[15,-1],[3,0],[9,1],[10,0],[21,-3],[-3,-2],[61,-14],[7,4],[2,2],[6,2],[5,-3],[7,0],[8,3],[10,4],[-1,1],[9,4],[7,0],[3,-1],[14,3],[18,7],[5,1],[5,0],[13,-1],[6,-1],[1,-1],[9,-1],[10,1],[2,-1],[5,1]],[[7496,15400],[6,-5],[-7,-6],[-10,-4],[-9,-4],[22,-37],[-3,-9],[28,-82],[3,-3],[1,-5],[4,-4],[17,-5],[3,-3],[3,-5],[3,-3],[10,-9],[-10,-10],[-2,-1],[-7,-5],[-2,-2],[-4,-3],[-11,-5],[-14,-4],[-25,-8],[-14,-8],[-3,-5],[-6,-5],[-7,-6],[-3,-3],[-8,-4],[5,-3],[5,-3],[74,-65],[1,-5],[30,-31],[19,-9],[9,-1],[11,-3],[8,-1],[4,-1],[11,-5],[9,-10],[4,-4],[8,-5],[5,-1],[-4,-4],[-4,-6],[21,-17],[9,-12],[16,-89],[1,-8],[2,-8],[-9,-2],[3,-9],[2,-2],[6,-2],[1,-2],[0,-5],[-2,-8],[12,-9],[-3,-4]],[[7705,14813],[-28,-6],[-21,-5]],[[7656,14802],[-29,-8],[-5,-3],[-7,-6],[-2,-4],[-4,-1],[-11,-4],[-2,-3],[-6,-4],[-12,-2],[-13,-3],[-7,0],[-2,1],[-4,-4],[-5,-3],[-7,-4],[-14,-5],[-7,-4],[0,-2],[-9,-5],[-11,-6],[-2,0],[-3,0],[-6,-4],[-7,0],[-9,1],[-3,-1],[-10,-3],[-7,0],[-10,3],[-33,-2],[-7,2],[0,2],[-11,3],[-2,2],[-1,3],[-3,2],[6,3],[-3,2],[3,13],[0,1],[-10,-1],[-7,-2],[-3,5],[-1,2],[2,2],[3,3],[3,1],[-5,2],[-3,6],[-5,2],[-5,-1],[-3,-3],[-8,-2],[-43,-23],[2,-3],[0,-5],[-9,-7],[-3,1],[-5,-2],[-1,-5],[-13,-8],[-17,-5],[-6,0],[-7,-1],[-34,-12],[2,-6],[-8,-1],[-7,-1],[-19,-6],[-7,-5],[-4,-1],[-13,-2],[-31,-4],[-16,-2],[-16,0],[-26,-3],[-5,-1],[-22,4],[-16,4]],[[16767,9681],[-16,18],[107,89],[-86,51],[-49,-14]],[[16723,9825],[-17,12],[3,13],[4,23],[-3,4],[-49,42],[-32,17],[10,7],[8,7],[14,18],[23,19],[-15,54],[-6,3],[-8,13],[-11,13]],[[16644,10070],[60,67]],[[16704,10137],[13,8],[21,12],[42,21],[45,14],[13,2],[16,0],[8,0],[20,-1],[36,3],[13,2],[5,2],[12,4],[21,11],[38,20],[6,3],[5,2],[11,2],[15,3],[4,-1],[13,-9],[7,-4],[-40,-24],[19,-5],[-2,-13],[16,-8],[-2,-2],[17,-8],[36,-15],[17,-8],[16,-6],[-4,-1],[-16,-33],[0,-6],[-1,-3],[94,-75],[7,5],[33,-9],[6,4],[74,12],[4,-3],[14,-5],[3,-2],[8,-8],[4,-3],[4,-6],[5,-5],[13,-6],[9,-6],[2,-2]],[[17264,9743],[-8,-4],[-21,-8],[-9,-7],[-4,-3],[-17,-7],[-31,9],[-2,0],[-17,-4],[-7,12],[-14,4],[-2,10],[-1,6],[-1,4],[4,1],[-5,1],[-4,-1],[-12,8],[-10,8],[-10,3],[-11,-6],[-5,-9],[-22,-1],[-5,3],[-5,-3],[-10,-3],[-38,12],[-49,-26],[-4,-2],[-29,-15],[-11,-7],[-5,-1],[-9,-15],[-11,-9],[-80,-10],[3,3],[-7,-4],[-14,0],[-14,-1]],[[19394,13636],[27,1],[5,1],[2,1],[7,2],[10,2],[5,-1],[3,0],[0,-18],[11,-3],[36,-21],[9,-5],[51,7],[6,-3],[4,-4],[8,-10],[26,-25],[8,-8],[25,-23],[30,-47],[4,-6],[-4,-10],[2,-6],[8,-14],[1,-2],[1,-5],[4,-28]],[[27753,5883],[56,33],[55,7],[55,37],[101,-15],[102,23]],[[28122,5968],[6,2],[7,-2],[5,1],[5,0],[5,3],[4,0],[5,1],[3,1],[1,2],[2,0],[3,3],[5,2],[17,4],[4,-1],[11,0],[7,-2],[2,-1],[3,0],[0,2],[3,1],[3,-3],[4,-2],[1,-1],[7,-2],[2,-2],[3,1],[2,-4],[10,-4],[5,-3],[4,-1],[7,-1],[2,-1],[11,-3],[6,-3],[2,0],[4,-3],[3,0],[4,-3],[8,-4],[5,-4],[16,-9],[13,-4],[52,-25],[6,-10],[12,-9],[5,-8],[11,-10],[4,-5],[7,-3],[7,-1],[4,-6],[3,-3],[7,-7],[3,-7],[2,-4],[1,-1],[1,-4],[4,-4],[2,-2],[4,-1],[6,-1],[2,-2],[3,-1],[1,-2]],[[28489,5812],[14,-23],[-1,-4],[1,-3],[0,-6],[3,-13],[6,-5],[4,-7],[11,-6],[11,-8],[28,-15],[27,-8],[35,-28],[6,-3],[7,-2],[3,-4],[0,-7],[-2,-11],[0,-10],[0,-5],[-1,-12],[1,-2],[11,-9],[52,-74],[9,-28],[9,-14],[28,11],[7,2],[4,0],[4,-2]],[[28766,5516],[-2,-5],[-9,-4],[-5,-3],[15,-36],[15,-8],[25,-10],[8,-9],[1,-5],[10,-16],[20,-21],[13,-12],[9,-4],[8,-6],[-17,-24],[4,-17],[17,-3],[16,0],[14,-8],[4,-4],[18,-10],[66,-41],[8,-2],[90,-9],[13,3],[24,12],[19,2],[20,1],[17,2],[3,0]],[[28703,2931],[5,-19],[2,-4],[-3,-12],[5,-12],[7,-12],[-5,1],[-7,1],[-3,-4],[-14,3],[-6,-1],[-3,0],[-4,-2],[-3,-4],[-6,-7],[-13,-2],[-6,-5],[-11,-4],[-3,-4],[-4,-3],[-3,-1],[-8,0],[-31,-13],[-10,-5],[-4,-2],[-5,-1],[-6,-1],[-6,0],[-13,-2],[-10,0],[-9,7],[-3,4],[4,2],[13,7],[-5,-3],[-25,4],[-13,-4]],[[29006,8063],[7,4],[15,7],[3,2],[10,2],[45,14],[9,4],[28,11],[10,2],[2,1],[4,2],[10,1],[6,-1],[10,1],[10,3],[11,6],[9,5],[8,4],[3,1],[8,4],[6,2],[13,6],[5,3],[7,14],[-7,10],[-6,6],[-4,4],[-14,16],[-5,7],[-7,7]],[[29202,8211],[63,41],[-5,29],[53,18],[30,-31],[69,2],[69,-30],[-14,-50],[59,-47],[-15,-43],[77,-50],[162,-17],[65,25],[23,45],[40,16],[148,-16],[15,50],[68,52],[-63,64],[44,29],[31,75],[136,-81],[8,60],[116,-1],[85,73],[35,-3]],[[10458,12675],[11,1],[8,2],[12,4],[14,6],[23,6],[25,5],[12,1],[13,1],[21,1],[25,-7],[20,-5],[22,-2],[11,0],[3,0],[22,4],[12,1],[16,1],[11,0],[16,-1],[9,1],[7,2],[17,6],[17,9],[8,3],[28,-13],[30,3],[9,-2],[9,0],[13,13],[6,7],[12,6],[14,9],[14,1],[24,4],[14,2],[8,0],[7,1],[1,-1]],[[11002,12744],[2,-3],[10,-7],[19,-3],[2,-5],[2,-1],[9,-3],[21,6],[4,5],[4,7],[5,5],[7,4],[3,3],[8,6],[0,3],[7,5],[7,5],[8,1],[3,2],[6,7],[3,5],[1,0],[3,3],[-2,3],[1,3],[-2,3],[2,2],[0,3],[-2,5],[0,2],[-2,2],[2,1],[-1,3],[-1,4],[-3,2],[-3,16],[-12,0],[-8,1],[14,27],[0,3]],[[11119,12869],[12,-5]],[[11131,12864],[9,-4],[-5,-8],[4,-1],[3,1],[5,-1],[15,-18],[2,-4],[5,-8],[1,-4],[7,-9],[5,-4],[6,-3],[26,-23],[-5,-9],[10,-2],[9,-6],[46,-30],[56,-2],[1,1],[1,5],[1,0],[11,0],[5,1],[4,2],[9,-4]],[[10991,12250],[-79,-4],[-15,-8],[-16,4],[-2,-1],[-8,4],[-13,5],[-1,1],[-11,-3],[-4,2],[-4,0],[-11,3],[-4,-1],[-7,7],[-9,6],[-5,1],[-5,-1],[-6,2],[-4,3],[-3,7],[-4,2],[-4,3],[-11,6],[-8,4],[-15,11],[-4,0],[-2,2],[0,2],[-2,3],[-3,5],[0,4],[0,11],[-2,3],[-20,5],[-1,3],[-13,4],[-3,4],[-7,0],[-5,-2],[-7,-1],[-6,-1],[-5,2],[-2,2],[-17,0],[-3,-3],[-8,0],[-5,1],[-4,-2],[-16,3],[-91,-20],[-3,0],[-3,-2],[-15,-4],[-3,-1],[-5,0],[-9,-2],[-7,-3],[-13,2],[-8,-1],[-1,1],[-5,2],[-7,3],[-6,3],[-80,1],[-2,-3],[-16,-3]],[[10333,12321],[-63,-13],[-49,17],[-41,43],[-107,-14],[-74,7]],[[13747,13842],[5,1],[9,2],[3,2],[7,1],[5,2],[8,1],[6,3],[5,1],[12,4],[9,0],[3,-1],[0,-2],[4,-2],[2,0],[6,3],[1,16],[5,4],[-33,61],[25,27],[-4,6],[-1,4],[15,35],[9,7],[-4,3],[-6,0],[-14,-2],[-7,0],[-25,-1],[-19,10],[-7,2],[-11,12],[-4,-1],[-5,5],[-9,7],[-20,15],[-8,6],[-3,2],[-6,5],[-12,14]],[[13688,14094],[3,6]],[[13691,14100],[-2,2],[-2,5],[-9,11],[-2,5],[-37,52],[-38,-10],[-12,-3],[-8,-1],[-14,28],[-11,-2],[-31,13],[-7,6],[-4,2]],[[13514,14208],[6,3],[12,2],[10,3],[5,2],[25,11]],[[13572,14229],[41,-14],[125,41],[47,5],[103,42],[-105,101],[106,29]],[[13889,14433],[10,3],[-8,9],[-9,14],[18,6],[11,51],[3,-2],[5,0],[4,3],[7,2],[19,0],[7,1],[9,6]],[[14652,14587],[12,-21],[1,-3],[6,-3],[13,-18],[14,-13],[-6,-14],[-7,1],[-14,-8],[-5,3],[-12,-2],[-6,-1],[-2,-2],[0,-4],[-10,-7],[-7,-4],[-4,0],[-6,-2],[-19,-11],[-8,-2],[-5,-2],[-8,-5],[-6,-5],[-3,-2],[-5,-6],[-3,-1],[-7,-1],[15,-27],[10,-2],[6,-2],[7,-2],[-23,-11],[4,-3]],[[14574,14407],[-29,2],[-71,-58],[-28,-47],[2,-50],[-57,-73],[18,-30],[3,-82],[-31,-19],[-87,23],[-82,-22],[16,-44],[-100,-85],[-119,-38],[-52,-63],[24,-29],[-59,-25],[-72,25],[-106,17],[3,33]],[[1580,16525],[176,59],[11,12],[281,81],[58,-59],[-34,-34],[49,-159]],[[2121,16425],[84,-7],[3,-1],[9,-2],[41,-4],[11,1],[10,2],[7,1],[37,1],[7,1],[5,2],[8,5],[11,6],[12,6],[14,8],[23,13],[20,12],[9,3],[24,15],[6,3],[14,7],[9,3],[46,19]],[[2531,16519],[31,12]],[[2562,16531],[-14,-9],[-5,-7],[-14,-10],[-4,-5],[-7,-4],[0,-2],[45,9]],[[2563,16503],[-18,-52],[59,-21],[23,-35],[-14,-107],[62,-68],[155,-66],[-11,-84],[-24,-19]],[[22592,12931],[69,-35],[50,-94],[82,-15],[77,12],[77,-23]],[[22947,12776],[4,0],[5,1],[0,-27],[-14,-5],[-15,-6],[-19,2],[-3,-1],[-1,-3],[-5,-5]],[[21757,18850],[1,-6],[5,-28],[3,-13],[6,-19]],[[3605,16874],[-14,12],[10,17],[-6,-2],[-11,-7],[-6,-3],[-53,-18],[-7,5],[-7,2],[-33,8],[-10,2],[-10,1],[-8,3],[-5,3],[-10,15],[-1,3],[-13,4],[-2,5],[-7,5],[-4,1],[-19,-11],[-3,-1],[-4,0],[-7,5],[-10,6],[-66,43],[-5,3],[-3,0],[-5,-2],[-6,-5],[-34,15],[-32,-6],[-22,-4],[-48,-22],[-7,3],[-9,3],[-7,2]],[[3121,16959],[-82,17],[-67,73],[577,262],[134,68],[60,56],[53,17],[76,-8],[115,41]],[[22470,11048],[-14,-17],[5,-11],[4,-9],[6,-6],[11,-8],[9,-3],[8,-4],[10,-5],[5,-2],[2,-3],[4,-5],[21,-17],[-27,-30],[-11,-4],[-4,-2],[-76,107],[-8,4],[-16,3],[-24,1],[-6,-6],[-28,-10],[-11,3],[-6,3],[-41,6],[-12,-4],[-7,-2],[-10,-1],[-11,-4],[-6,-3],[-6,-4],[-4,0],[-12,-4],[-15,-7],[-13,-8],[-5,-4],[-6,-3],[-11,-6],[-9,-6],[-4,-4],[-12,-4],[-4,-2],[-9,-6],[-10,-4],[-6,-5],[-14,-10],[-4,-5]],[[22093,10937],[-66,24],[-30,46],[44,30],[-81,43],[17,34],[-45,19]],[[17605,14250],[3,1],[15,1],[9,1],[25,4],[9,2],[10,1],[7,2],[12,3],[6,2],[10,1],[6,1],[6,1],[2,1],[2,-4],[11,2],[10,1],[-1,-2],[8,-1],[7,0],[9,6],[11,3],[21,13],[4,0],[2,1],[7,1],[4,1],[5,4],[5,2],[3,2],[3,2],[2,-1],[4,3],[5,2],[6,1],[8,1],[15,-10],[2,-2],[99,-62]],[[17977,14234],[-5,-6],[-4,1],[-8,-1],[-12,-6],[-6,-1],[-1,-3],[-8,-4],[-4,-1],[-5,-2],[-4,-1],[-3,-4],[-4,-2],[-7,-4],[-3,-3],[-3,0],[-11,-4],[-1,-1],[-8,-3],[-10,-5],[-3,-2],[-16,-5],[0,-2],[-4,-2],[-5,-1],[-5,-3],[-15,-6],[-1,-1],[-12,-7],[-12,-4],[-4,0],[-2,1],[-4,0],[-3,0],[-7,-2],[-6,-3],[3,-2],[0,-2],[-1,-2],[-2,-6],[5,-4],[9,-4],[3,-3],[6,-3],[4,-5],[12,-5],[6,-3],[0,-2],[4,-7],[2,-5],[39,-46],[25,-4],[7,-3],[3,-5]],[[17896,14036],[-14,-4],[-16,-7],[-33,-12],[-8,-4],[-8,-4],[-4,-3],[-20,-18],[-8,-5],[-4,-2],[-9,-3],[-47,-14]],[[17596,13933],[-53,38]],[[17543,13971],[-23,35],[-6,8],[-2,4],[2,2],[12,8],[3,1],[-2,11],[-6,10],[-25,30],[-7,5],[-4,5],[-8,11],[-3,4],[-3,2],[-63,31],[-4,3],[-6,4],[-2,1],[-13,1],[-2,0],[-10,4],[-6,5]],[[26705,9384],[-85,-67],[-93,-38],[-50,27],[-80,-35],[-89,-24],[-26,32]],[[26282,9279],[2,63],[-32,118]],[[26252,9460],[135,42],[61,50],[75,39]],[[26523,9591],[-8,-25],[36,-59],[96,-107],[58,-16]],[[22914,9626],[16,-76],[-22,-27]],[[22908,9523],[-54,-7],[-79,35],[-123,7],[-59,23],[-65,-36],[-9,-33]],[[22317,9701],[149,8],[13,62],[197,-18]],[[22676,9753],[0,-48],[96,10],[15,-76],[94,-35],[33,22]],[[23208,9785],[-95,15],[-25,26],[61,46]],[[23149,9872],[26,22],[14,63],[45,33],[-60,45],[-36,77]],[[23138,10112],[94,26],[82,-8],[95,34],[64,-18]],[[23473,10146],[33,-69]],[[23506,10077],[-1,-45],[-44,-32],[62,-39],[-9,-49]],[[23514,9912],[-70,-11],[-151,-88]],[[23293,9813],[-85,-28]],[[22932,7920],[11,-4],[14,-7],[7,-5],[17,-36],[-11,-52],[-55,-68]],[[22915,7748],[-79,25],[-70,-13],[-86,13],[-48,-34],[-86,3],[-31,-40],[-46,10]],[[22469,7712],[-77,31],[-149,34]],[[22243,7777],[-124,2]],[[22119,7779],[43,72]],[[22933,7918],[-1,2]],[[7807,12648],[-107,-36],[-57,-38]],[[7643,12574],[-86,-18],[-40,-34],[-43,22]],[[7474,12544],[-1,31],[-48,27],[-102,13],[-70,39],[-10,34],[73,98],[25,85],[56,30]],[[7397,12901],[53,22],[44,45],[93,36],[54,-17]],[[7641,12987],[-3,-23],[96,-60],[110,-22],[44,-59]],[[7888,12823],[-83,-29],[-55,-58],[71,-69],[-14,-19]],[[9455,13035],[5,88],[-72,60],[-57,64],[41,15]],[[9372,13262],[49,-18],[82,26],[33,3],[16,-3],[20,0],[15,0],[6,-1],[1,1]],[[9594,13270],[20,-3]],[[9682,13163],[14,-61],[-105,-30],[-94,-39],[-42,2]],[[804,13782],[6,-31],[286,26],[29,-53],[88,8],[53,-59],[39,23]],[[1305,13696],[48,-21],[-42,-60],[-58,9],[-86,-62],[186,-44],[-54,-85],[-56,-34],[10,-71],[-71,-37],[98,-37]],[[1280,13254],[-13,-28],[-133,-65],[-196,-5],[-36,48],[-42,103],[-18,87],[-89,28],[1,84],[-54,24],[-78,-25],[-45,53],[53,54],[53,25],[26,49],[-61,80],[20,37],[82,0],[54,-21]],[[25208,5234],[-3,1]],[[24697,5407],[39,34],[90,20],[50,30],[-1,36]],[[24875,5527],[127,31],[20,44],[-14,40],[59,5],[59,58],[7,54],[38,20],[25,51],[-68,14],[-13,64],[40,78],[-17,37],[41,42],[1,43],[57,128]],[[25237,6236],[7,19]],[[25244,6255],[25,-54],[-79,-98],[102,-107],[11,-33],[105,15],[69,-5]],[[25477,5973],[1,-54],[-55,-28],[-152,-46],[63,-34],[44,-129],[-56,-96],[10,-56],[62,-6],[19,-29],[-54,-76],[-67,-20],[-98,-78],[-11,-58],[20,-16],[-4,-3],[8,-7],[1,-3]],[[25750,5305],[-4,1]],[[25596,5262],[-3,1]],[[25593,5263],[-37,70],[-62,20],[-30,82],[195,-15],[-38,37],[-65,135],[52,159],[-36,48],[39,43],[-50,46],[-26,88]],[[25535,5976],[217,41],[67,7],[92,-9],[41,-44]],[[25952,5971],[-1,-79]],[[25951,5892],[-65,-5],[-54,-90],[-12,-106],[-42,-59],[24,-20],[-55,-63],[44,-123],[-15,-19],[17,-74],[-27,-23],[-16,-5]],[[17977,14234],[12,5]],[[17989,14239],[59,-55],[145,-35],[77,34]],[[18270,14183],[-78,-144]],[[18192,14039],[-182,12],[-114,-15]],[[24467,13506],[45,12],[-3,39],[-125,69],[-37,57]],[[24347,13683],[105,85]],[[24452,13768],[10,30],[105,4],[128,58],[85,47]],[[24780,13907],[73,-74],[15,-56],[42,-40],[-14,-27]],[[23330,13750],[-16,57],[66,72]],[[23380,13879],[97,69],[64,-35]],[[23541,13913],[106,-14],[51,-69]],[[23698,13830],[-24,-14],[-31,-96],[46,-51]],[[20120,14703],[0,6],[0,6],[-2,12],[-15,39],[72,17],[5,88],[59,64],[-12,55]],[[20227,14990],[2,-1]],[[11604,15773],[-143,144],[-25,41]],[[11436,15958],[16,4]],[[12615,16890],[0,-1]],[[12615,16889],[-64,-134],[-199,-324]],[[12352,16431],[-120,-143],[-216,-159]],[[12016,16129],[-82,-85],[-84,-150],[-5,-36],[20,-148],[-188,-27],[-41,77],[-32,13]],[[10768,15807],[-49,-13]],[[10719,15794],[-99,30],[-89,1],[-1,36],[34,45],[-24,43],[-90,70]],[[10450,16019],[83,33],[65,48],[95,114]],[[10693,16214],[210,111],[161,92]],[[11064,16417],[-2,-24]],[[11114,15925],[-93,26],[-196,-7],[-35,-41],[7,-42],[-29,-54]],[[13773,17105],[-26,68],[94,25],[40,32],[66,-84],[66,28],[165,15],[56,79],[130,9]],[[14507,16716],[19,-45],[48,-36]],[[14574,16635],[-46,-9],[-82,37],[-84,9],[-67,-30],[-156,-28],[12,-55],[-78,-30],[-95,6],[-112,-71],[-185,-70],[-27,8],[40,104],[-80,3]],[[13614,16509],[2,74],[63,14],[-70,76],[-5,26],[89,207],[19,72],[69,4],[28,35],[-36,88]],[[10649,15311],[-75,-62],[-189,81],[67,86],[52,20],[-14,33],[75,55],[41,-14],[80,72],[28,50],[-9,31],[-95,39],[109,92]],[[10768,15807],[50,-39],[111,95],[65,-2],[3,-46],[59,0],[72,36],[38,-33]],[[11166,15818],[-2,-91],[19,-61],[63,-62],[67,-44]],[[11313,15560],[40,-34],[37,-104],[47,-45]],[[11437,15377],[-69,-48],[-73,1]],[[11295,15330],[-21,45],[-72,51],[-121,12],[-39,-20],[-5,-138]],[[11037,15280],[-27,-33],[-89,82],[-29,-3],[-106,53],[-105,-28],[-32,-40]],[[31438,10972],[-49,-17]],[[31389,10955],[-75,38],[-69,-29],[-115,59]],[[31130,11023],[4,53],[-87,67]],[[31281,11160],[15,6]],[[31296,11166],[36,-30]],[[31332,11136],[-26,-12],[24,-63],[104,-68],[4,-21]],[[29479,9800],[-71,70],[0,28],[151,82]],[[29559,9980],[35,12],[100,-31],[42,-35]],[[29736,9926],[-33,-47],[-97,-67],[-68,19],[-59,-31]],[[29474,11069],[-24,19]],[[29789,11224],[-4,-17]],[[29785,11207],[-80,-7],[-51,-21],[-54,-49],[-126,-61]],[[17718,8097],[-45,-72]],[[17673,8025],[-169,-79],[-56,28],[-127,-1]],[[17321,7973],[-59,-26]],[[17139,8002],[-30,141],[-118,22]],[[16855,8228],[35,14],[6,108],[67,13],[53,50],[68,40]],[[17084,8453],[4,-55],[83,3],[84,18]],[[17255,8419],[-9,-29],[-60,-38]],[[17186,8352],[-93,3],[-59,-11],[-34,-82],[56,-11],[61,14],[113,-105],[90,-10],[46,36],[-4,60]],[[17362,8246],[98,10]],[[17460,8256],[116,-86],[142,-73]],[[12042,10050],[-92,-62]],[[11950,9988],[-173,-37]],[[11777,9951],[-56,148],[-46,36],[41,46]],[[11716,10181],[141,25],[166,16]],[[12023,10222],[-49,-37],[12,-40],[52,-7],[4,-88]],[[16707,7114],[68,56],[89,47],[28,59],[206,78],[92,49],[14,36],[143,88],[26,-60],[65,-38],[16,-44],[-112,-45],[-82,-71],[-38,-50],[52,-92],[33,-13],[-7,-52],[-95,-23],[-92,-7],[-63,-72],[-84,-48]],[[19186,9038],[-71,24]],[[19115,9062],[-27,32],[67,70],[8,41],[71,56],[13,33]],[[19247,9294],[77,-115],[38,-32],[96,-26],[45,12]],[[19503,9133],[1,-1]],[[19530,8996],[1,0]],[[19531,8996],[-12,-4],[-17,-3],[-33,-9],[-184,3],[-45,60],[-54,-5]],[[8171,10075],[38,69],[183,8]],[[8392,10152],[78,25],[100,68]],[[8570,10245],[45,-25],[11,-40],[78,-45],[-106,-67],[76,-17],[-114,-40],[-53,1],[-69,-48],[-80,-26],[-64,28],[-14,38],[-59,52],[-50,19]],[[10355,10392],[-69,54],[110,58],[65,8],[118,67],[67,-6],[10,42],[69,16],[19,-87],[-28,-45],[5,-76],[39,-43]],[[10760,10380],[-19,0]],[[10741,10380],[-105,0],[-32,27],[-103,27],[-9,-51],[-80,-19],[-57,28]],[[18818,9262],[-40,38]],[[18778,9300],[9,22],[100,6],[120,56],[79,-3],[58,46],[140,-45]],[[19284,9382],[-93,-55]],[[19191,9327],[-135,-30],[-40,-45]],[[19016,9252],[-48,3],[-75,52],[-75,-45]],[[15269,10424],[72,-25],[22,-28],[8,-17],[8,-11],[6,-5]],[[14980,10032],[-43,53],[-93,27],[-71,-49],[-62,-7],[-119,17],[135,49],[34,53],[98,67],[-26,20],[64,34],[195,78],[35,33],[105,-15],[37,32]],[[18148,13385],[126,42],[109,-32]],[[18556,13045],[-64,4],[-79,136],[-35,-20],[-86,102],[-142,107]],[[18170,13333],[89,-76],[9,-81]],[[20149,12266],[-23,50],[37,59],[71,-11],[21,45]],[[20255,12409],[111,-6],[64,-57],[66,-84],[-37,-48],[82,-39],[93,-10],[78,-73],[77,-41],[-58,-47]],[[20731,12004],[-76,18],[-94,45],[-66,-40],[-77,11],[-173,83],[-69,68],[-27,77]],[[19151,11080],[-6,41]],[[19145,11121],[-22,49],[-43,14]],[[19080,11184],[-5,57]],[[19075,11241],[2,27],[220,66],[-46,66],[58,26],[-39,55]],[[19270,11481],[5,2]],[[19430,11558],[5,1]],[[19435,11559],[30,-20],[-5,-112],[-37,-33],[63,-29],[0,-34],[-90,-76],[-26,-48],[-66,5],[5,-89],[-111,-63],[-47,20]],[[21701,19132],[79,28],[29,-5],[20,-1],[7,0],[49,3]],[[21885,19157],[5,3],[1,3],[22,1]],[[21913,19164],[20,19]],[[21933,19183],[5,1],[10,-1],[7,-4],[1,3],[3,4],[5,3],[19,-17],[17,-6]],[[22000,19166],[11,-2]],[[22011,19164],[5,-4],[3,-1],[12,12],[17,1],[18,-13]],[[22066,19159],[93,-8],[6,-7],[3,-2],[4,-2]],[[22172,19140],[6,6]],[[22178,19146],[4,6]],[[22182,19152],[3,3],[15,-1],[0,-4]],[[22200,19150],[12,-2],[3,2],[-1,9],[23,1],[2,-17],[1,-3],[5,-3]],[[22245,19137],[2,-4],[3,0],[9,6],[17,-1]],[[22276,19138],[12,-2],[10,0],[6,-7]],[[22304,19129],[7,3]],[[22311,19132],[-1,3]],[[22310,19135],[14,-16],[3,-12],[2,-34],[74,-12],[-3,-48],[-85,-30],[-38,-69]],[[22277,18914],[-3,-2]],[[21284,19291],[-31,180],[198,69],[67,4],[110,138],[128,34],[129,153],[167,52],[62,104],[72,25],[140,28]],[[22326,20078],[-51,-90],[-61,-28],[78,-71],[-36,-58],[-76,-10],[-32,-33],[78,-36],[161,-181]],[[22387,19571],[4,-5],[2,-4]],[[22393,19562],[-18,-10],[-4,-3],[-90,-44],[-60,-26]],[[22221,19479],[-38,-21]],[[22183,19458],[37,-82]],[[22220,19376],[-5,-4]],[[22215,19372],[0,-6]],[[22215,19366],[5,-1],[3,-3]],[[22223,19362],[-15,-6],[-6,-4],[-6,-13],[-23,3],[-38,-16]],[[22135,19326],[-19,-19],[-40,-1]],[[22076,19306],[-4,-4],[-7,-1],[-6,-3]],[[22059,19298],[-8,-9],[-3,-6],[-7,-6]],[[22041,19277],[-55,-3],[-13,-8],[-19,-12],[-5,-3],[-9,-8]],[[21940,19243],[-57,15]],[[21883,19258],[-10,-2],[-12,-3],[-24,-5]],[[21837,19248],[-17,-2]],[[21820,19246],[2,13]],[[21822,19259],[-14,-1]],[[21808,19258],[-7,0],[-5,0]],[[21796,19258],[-16,0]],[[21780,19258],[-13,-1]],[[21767,19257],[-16,0]],[[21751,19257],[-5,0],[-1,4],[-22,28],[-12,-3],[2,-3],[3,-4],[-2,-4],[-11,-9],[-47,-14],[-75,-37],[-12,-7]],[[21569,19208],[-13,-7]],[[21556,19201],[-12,-5],[-6,-3]],[[21538,19193],[-17,6]],[[19677,16924],[-45,-56],[-58,-4],[-148,-31]],[[19316,16894],[-29,19],[40,71],[-35,36],[118,45]],[[25453,8610],[52,-16],[89,-62],[47,-83],[-29,-20],[-96,-14],[-89,-36],[-14,-22]],[[25413,8357],[-11,15]],[[24927,8431],[59,32],[-47,33],[-58,-10],[-47,72],[113,34],[141,71]],[[25088,8663],[109,-87],[87,-36],[73,21],[96,49]],[[26032,8311],[-83,23],[-92,68],[54,82]],[[25911,8484],[129,54],[-39,33],[12,56],[51,26],[10,97]],[[26074,8750],[75,-38],[120,4],[102,-59],[37,-61],[45,19],[56,-9],[97,-51]],[[26606,8555],[-113,-77],[-66,-1],[-30,-25],[-306,-140],[-59,-1]],[[25989,8157],[-13,6]],[[25976,8163],[1,62],[75,22],[-20,64]],[[26606,8555],[47,19]],[[26653,8574],[56,-10],[-50,-48],[45,-34]],[[26704,8482],[-61,-29],[-79,-61],[-95,-56],[-246,-93],[3,-27],[2,-34],[0,-16],[1,-24],[0,-9],[0,-3],[-34,-10]],[[27976,8390],[-4,1]],[[27707,8402],[-50,55],[-88,42],[-24,51],[53,65],[-50,55],[24,15]],[[27675,8739],[93,17]],[[27768,8756],[4,-7],[12,-16],[73,-74],[-6,-23],[54,-57],[-25,-95],[24,-33],[70,-48],[1,-2],[1,-11]],[[23596,5492],[-5,92],[-61,56],[108,65],[-27,30],[3,56],[46,84],[-35,51],[81,74],[30,206],[144,-54],[11,-48],[36,-9],[-17,-54],[8,-47],[-46,-68],[-14,-62],[-30,-33],[-72,-162],[-4,-68],[25,-58]],[[24875,5527],[-12,30],[-75,-22]],[[24788,5535],[-1,105],[30,62],[-48,33],[-10,43],[33,84],[74,80],[83,17],[-37,132],[15,27]],[[24927,6118],[46,34],[47,-42],[125,139],[38,27],[54,-40]],[[26621,15385],[-28,-3],[2,47],[10,16],[-23,45],[40,40],[95,52],[-19,37],[-67,60],[46,40]],[[26677,15719],[79,-68],[80,-51],[83,-3],[7,-37],[121,-82]],[[27047,15478],[4,-3]],[[26621,15391],[0,-6]],[[28421,13501],[-18,37],[96,53],[168,111],[41,2]],[[28708,13704],[86,-59],[21,-38],[79,-55]],[[28894,13552],[-49,-32],[-62,-13],[-39,-44]],[[28744,13463],[-105,56],[-65,53],[-51,-4],[-71,-32],[-31,-35]],[[29163,13434],[-10,-76],[-84,20],[-35,-29]],[[29034,13349],[-32,26],[-58,91],[8,26],[77,14],[59,29]],[[29088,13535],[75,-22]],[[29163,13513],[30,-56],[-30,-23]],[[28061,12819],[-47,49],[-19,65],[-117,3],[81,67],[6,34],[-46,23],[-40,-22],[-91,8],[-41,59],[-70,18],[-25,26],[58,52],[71,-20],[50,-45],[-7,-50],[104,-20],[64,136],[-26,18]],[[27966,13220],[24,21]],[[27990,13241],[61,-14]],[[28051,13227],[48,-18],[98,-86],[86,-1],[59,-41],[33,-111],[-85,5],[-44,20],[-80,-32],[108,-36],[-74,-47]],[[5499,16485],[2,-24],[162,-46],[62,-43],[13,-94],[73,-66],[34,-77]],[[5845,16135],[23,-93],[21,-25],[-43,-50],[-2,-3],[-1,-4],[-42,-22]],[[7345,18445],[7,30],[-46,66],[98,30],[273,64],[432,79],[107,43],[121,-141],[-9,-104],[94,-72],[-167,-61],[-68,-39],[-53,21],[-133,-49],[-186,31],[-108,-6],[-69,-36],[-58,17],[12,32],[-55,46],[-57,-9],[-22,-34],[-113,92]],[[6784,12990],[95,-11],[14,-46],[49,-28],[14,-73],[-5,-75],[61,-37],[13,-70],[43,-49]],[[7068,12601],[-81,6],[-123,71],[-81,6],[-69,-39]],[[3418,13816],[-75,47],[-43,-1],[-111,-69]],[[3189,13793],[-58,48],[-81,-37],[-118,-32]],[[2932,13772],[-30,51],[57,37],[44,78],[-74,-9],[0,52],[-29,46],[-98,41],[-55,6]],[[2747,14074],[88,24],[84,46],[104,80]],[[3733,13916],[32,-28],[-13,-5],[-37,-11],[-20,-3],[-113,-54],[-164,1]],[[3076,13145],[-45,27]],[[3031,13172],[45,47],[-44,36],[-56,108],[-95,-30],[-6,48],[-57,0],[-145,-58],[-88,42]],[[2585,13365],[-13,60],[-112,2],[-41,27],[-74,-41],[-40,21],[-22,53],[31,77]],[[2314,13564],[2,46],[44,38]],[[2360,13648],[111,-34],[104,55],[100,-5],[64,37],[68,5],[127,48]],[[2934,13754],[-9,-42],[25,-54],[66,-22],[81,-62],[82,-34]],[[3179,13540],[-7,-37],[36,-50],[-8,-38],[48,-25]],[[3248,13390],[-37,-30],[-32,-65],[-66,-23],[-1,-98],[-36,-29]],[[25977,4284],[-39,4],[-92,-19],[-67,-26],[-6,6]],[[25846,4824],[13,-68],[-49,-27],[-10,-52],[82,10],[123,-19],[68,-58],[73,-21],[44,-38],[17,-44]],[[26207,4507],[-93,-66],[-104,-50],[17,-37],[-48,-39],[-2,-31]],[[28967,6153],[59,-35],[115,-91],[225,-8],[58,-9],[53,-44],[180,21],[70,-16],[73,64],[124,43]],[[29924,6078],[41,-31],[136,-140],[-3,-16],[107,-63],[39,-1]],[[30244,5827],[-61,-17],[-37,-40],[-97,9],[-41,-22],[0,-53]],[[30008,5704],[-117,0],[-67,14],[-31,53],[-103,31],[-184,-17],[-76,-33],[-165,4],[-117,-50],[-27,-44],[-219,-125],[-136,-21]],[[28489,5812],[76,64],[-24,88],[34,35],[96,156],[90,34]],[[28761,6189],[91,-22],[115,-14]],[[18830,14047],[-86,41]],[[18744,14088],[147,155],[74,-26],[102,15],[29,27]],[[19096,14259],[79,11],[69,-26]],[[19284,14014],[-27,-8]],[[19257,14006],[-37,-3],[-29,83],[-58,-30],[-129,24],[-60,-46],[-114,13]],[[23983,13956],[-47,72],[-76,35],[-39,58]],[[23821,14121],[-37,43],[-3,65],[70,37],[113,19],[140,40]],[[24104,14325],[-1,-44],[34,-36],[157,40],[39,-56],[-124,-29],[-55,-23],[-48,-53],[57,-85]],[[24163,14039],[-134,-71],[-46,-12]],[[15049,13879],[-49,-32],[-52,24]],[[14948,13871],[-18,32],[56,50],[-67,50]],[[14919,14003],[83,69]],[[15002,14072],[90,15],[52,40],[95,1],[60,-72]],[[15299,14056],[-163,-108],[-79,-31],[-8,-38]],[[11177,15899],[82,-41],[-93,-40]],[[16907,16695],[63,-2],[43,21],[74,-9],[31,-29],[97,-12],[206,-42],[21,-18],[87,10],[14,-27],[120,-19],[78,27],[145,28]],[[17658,16276],[-21,27],[33,41],[-69,33],[-219,-25]],[[31825,11360],[69,-1],[81,18],[134,-31],[96,-5]],[[32205,11341],[-42,-87],[43,-24],[64,-76]],[[32270,11154],[2,-31]],[[32272,11123],[-67,-6],[20,-67]],[[32225,11050],[-109,-25],[-86,-3],[-54,23]],[[31976,11045],[25,28],[-23,78],[-28,34],[-166,47],[49,28],[-18,39],[32,23],[-22,38]],[[31791,11412],[8,-28]],[[31799,11384],[-141,-5]],[[31658,11379],[-144,97]],[[31514,11476],[-9,91],[-25,57],[30,9]],[[31510,11633],[69,-44],[63,10]],[[31642,11599],[10,-89],[75,-64],[64,-34]],[[37666,8134],[-27,9],[-143,-10],[-55,-13]],[[37441,8120],[-55,52],[-42,65],[-50,23],[-20,53],[14,33],[-31,49],[11,40]],[[37268,8435],[55,31],[-10,38],[43,75]],[[37356,8579],[55,49],[121,26],[-18,52],[93,51],[-20,47],[48,64],[36,-32],[81,-24],[44,15],[36,44],[128,54],[60,52],[102,36],[39,38],[115,45],[-33,-56],[-74,-54],[-20,-58],[-92,-48],[-40,-47],[104,-70],[75,-23],[89,-102],[97,-74],[36,6],[156,-87],[15,-69],[79,-33],[-26,-121],[-162,-22],[-68,11],[-73,-84],[-50,-13],[-87,23],[-32,-39],[-70,0],[-31,42],[-68,35],[-57,-12],[-27,61],[-57,12],[-94,-57],[-54,28],[-61,-16],[15,-95]],[[33192,11292],[-107,-17],[-66,-24]],[[33019,11251],[-48,23],[-110,-4],[-72,129],[41,60],[86,-3],[80,-57],[27,50]],[[32578,11495],[63,-81],[-92,-71],[-95,38],[-37,29],[2,51],[34,18],[125,16]],[[32409,11818],[-79,-16]],[[32330,11802],[5,39],[-37,45]],[[32298,11886],[-42,43],[-82,38],[-53,82]],[[32121,12049],[45,12],[49,-49],[124,-29],[22,6]],[[32361,11989],[54,-8]],[[32415,11981],[21,-38],[-27,-125]],[[32627,10999],[-139,59]],[[32488,11058],[-4,70],[39,28]],[[32523,11156],[200,35],[133,-108],[-78,-56],[-86,-7],[-65,-21]],[[33213,10648],[-39,79],[-50,18],[25,37],[-26,43]],[[33123,10825],[86,20],[131,12],[34,36]],[[33374,10893],[122,-50],[-8,-35],[90,16],[2,14],[6,-1]],[[33586,10837],[-1,-1]],[[31324,11965],[34,91],[118,156]],[[31476,12212],[13,-41],[54,-18],[51,-83]],[[31594,12070],[-44,-137]],[[31550,11933],[-70,4],[-156,28]],[[34712,7673],[-4,121],[34,187],[18,48],[-33,19],[-4,78]],[[34723,8126],[157,20],[49,-6],[25,47],[121,26],[80,38],[47,-2],[77,26],[20,27],[128,11],[-91,-64],[96,-20],[79,-38]],[[35511,8191],[57,-3],[112,-35],[54,1]],[[35734,8154],[88,-110],[61,-21]],[[35883,8023],[11,-22],[-48,-39],[-85,-24],[-69,3],[-46,-25],[-107,-21],[-35,-75],[35,-26],[54,9],[102,-114],[20,-53]],[[35715,7636],[38,-63],[-22,-22],[54,-56],[-4,-43]],[[35781,7452],[-36,-16],[-67,19],[-62,-9],[-107,28],[-106,-12],[-37,49],[-100,38],[-20,30],[-61,19],[-39,35],[-238,33],[-196,7]],[[30649,10780],[-1,1]],[[30648,10781],[7,1],[28,-1],[42,-5],[23,3],[185,-29],[29,15],[103,-14]],[[31065,10751],[-41,-47],[174,40],[45,-28],[-11,-28],[-114,-39],[-16,-29],[202,-38],[30,-48],[-129,2],[-77,16],[-242,-13],[-83,11],[-66,-14]],[[25528,10300],[-15,17]],[[25513,10317],[4,5],[24,7],[-8,23],[46,17],[145,82]],[[25724,10451],[77,-12],[142,41],[66,-9]],[[8070,11823],[-21,1],[-80,-82]],[[7832,12070],[22,1],[156,-79]],[[8010,11992],[23,-34],[-23,-50],[51,-36],[9,-49]],[[19247,9294],[-56,33]],[[19284,9382],[42,40],[137,36]],[[19463,9458],[97,-1]],[[19560,9457],[49,-48]],[[19503,9138],[0,-5]],[[12895,11881],[-33,41],[-68,28],[12,55],[-51,39],[-66,-33]],[[12689,12011],[22,47],[-132,34]],[[12579,12092],[-29,46],[19,37],[-19,51]],[[12550,12226],[38,-7],[73,24],[140,-23],[160,57]],[[12961,12277],[140,-76]],[[13101,12201],[-20,-135],[59,-62],[-14,-42]],[[13126,11962],[-101,29],[-82,-55],[-48,-55]],[[17946,9573],[-92,-5]],[[17854,9568],[-3,0]],[[17564,9713],[4,4]],[[17568,9717],[6,-1],[11,1],[27,7],[54,18],[46,1],[55,20],[95,1],[23,-18],[176,57],[25,22]],[[18086,9825],[41,-21],[47,-70],[-41,-55],[-180,-55],[-7,-51]],[[19271,9642],[27,12],[98,96]],[[19396,9750],[127,-109],[65,-10],[8,-84]],[[19596,9547],[-50,-53],[14,-37]],[[19463,9458],[-134,15],[-121,37],[8,66],[55,66]],[[10997,10832],[-93,79],[95,54],[12,34],[69,15],[15,55]],[[11095,11069],[328,84],[-123,-92],[45,-21],[-11,-38],[-53,-24],[-30,-47],[-174,-84],[-80,-15]],[[14873,9296],[-70,-30],[-98,-19]],[[14705,9247],[-10,107],[-101,-3],[-98,43]],[[14496,9394],[-36,48],[5,42],[77,19],[112,63]],[[14654,9566],[61,-7],[86,-57],[87,-28],[70,-62]],[[14958,9412],[14,-35],[-26,-59],[-73,-22]],[[26653,8574],[-1,2]],[[26652,8576],[46,26],[167,49],[306,-40]],[[27171,8611],[19,-91],[-54,-35],[-139,-10],[-79,14],[-95,42],[-95,-77],[-24,28]],[[24804,6133],[-178,-16],[-22,47]],[[24604,6164],[-28,21],[-110,189]],[[24466,6374],[1,56],[163,15],[31,34]],[[24661,6479],[3,1]],[[24664,6480],[71,-57],[7,-44],[47,-77],[56,-39],[-41,-130]],[[24184,7756],[28,-20],[90,-3],[23,18]],[[24325,7751],[151,-24],[236,80],[-20,34],[85,37]],[[24777,7878],[5,-7]],[[25010,7524],[-192,-26],[-76,35],[-123,-34]],[[24619,7499],[-142,15],[-63,-10],[-41,27],[-107,-18]],[[24266,7513],[-69,-18],[-113,15],[-70,100],[105,73],[57,-9],[8,82]],[[3218,12110],[-93,71],[-57,76],[-82,-24],[-101,-8],[-106,-43],[-85,20],[-77,47],[-84,27],[-52,40],[4,30]],[[2485,12346],[23,50],[1,73],[100,39],[36,32],[1,78],[122,30],[124,-8]],[[2892,12640],[133,-25],[42,8],[79,-19]],[[3146,12604],[-44,-36],[-94,-27],[106,-110],[-105,-47],[107,-113],[71,-27],[47,-60],[49,-27],[-65,-47]],[[804,13782],[3,56],[140,39],[-33,27],[-31,77],[62,20],[-13,86],[130,84],[54,6],[21,-89],[-20,-91],[50,-44],[84,-12],[59,10],[111,-8],[70,-51],[96,-47]],[[1587,13845],[-49,-61],[-106,0],[-102,-56],[-25,-32]],[[32850,2263],[113,4],[70,-27],[150,56],[52,0],[104,-50],[-5,-60],[123,-66],[-91,-81],[-61,-27],[-29,-38],[-44,3],[-62,31],[-94,86],[-103,27],[-70,99],[-50,28]],[[29059,2309],[8,-1]],[[29067,2308],[2,-6],[3,-5],[1,-5],[43,-54],[-31,-97]],[[29085,2141],[-66,-30],[-51,70],[-44,35],[-72,8],[-96,33],[-62,5],[-93,-47],[-43,-52],[-53,33]],[[28505,2196],[-17,16]],[[28488,2212],[64,42],[-5,60],[-93,-28],[-62,12],[-34,59],[54,38],[15,41],[-19,47],[79,88],[-24,35],[-65,-19],[-8,63],[27,33],[77,29],[49,48],[-25,39]],[[28122,5968],[-80,27],[24,23],[-108,51],[15,40],[-57,15],[-61,-13],[-50,42],[85,44],[34,35],[-49,48],[-7,46],[53,41],[-28,34],[44,56],[162,81],[88,8],[11,43]],[[28198,6589],[53,-107],[55,-18],[84,-85],[196,-77],[75,-68],[97,-40]],[[28758,6194],[3,-5]],[[22947,12776],[117,24],[20,40],[76,20],[-55,56],[106,20],[-10,28],[-79,88]],[[23808,12834],[21,-15]],[[23829,12819],[-6,-4],[-5,-10],[-14,-32],[-133,-52]],[[23671,12721],[-1,1]],[[25067,13818],[-53,67],[-82,45],[-9,54]],[[24923,13984],[113,31],[36,36],[-68,78],[-127,26]],[[24877,14155],[7,44],[-61,78]],[[24823,14277],[27,16],[190,58]],[[25507,14117],[-33,-91],[-54,19],[-89,-48],[14,-46],[-103,-77]],[[9888,13887],[-3,-4]],[[9885,13883],[-21,31]],[[9864,13914],[58,19],[57,48],[62,5],[207,58]],[[10248,14044],[64,-67],[115,-35],[-48,-39],[16,-52]],[[34712,12406],[81,154]],[[34793,12560],[-6,-346],[-173,-102],[-61,-1],[159,295]],[[34664,11470],[2,2]],[[34666,11472],[15,-2],[25,-16],[114,57],[60,-68],[88,-43],[155,-59],[148,14],[95,34],[22,21]],[[35388,11410],[53,33],[107,-2],[65,-23],[105,5],[118,-15],[28,-65],[-24,-157],[199,-154],[36,109],[60,84],[16,59],[27,11],[60,-47],[74,-5],[48,-20],[105,21],[144,-119],[243,-58],[15,56],[-41,69],[74,46],[37,51]],[[36937,11289],[201,7],[60,15],[82,-32]],[[37280,11279],[2,0]],[[37282,11279],[-19,-79],[-80,-76],[-107,-49],[5,-60],[-30,-49],[-33,-30],[-28,-46],[-12,-54],[4,-24],[-4,-19],[-25,-37],[-21,-81]],[[36931,10678],[18,74],[22,31],[9,24],[-4,36],[5,27],[12,28],[-153,34],[-30,-60],[-62,-49],[-85,-34],[-45,-69],[-110,-37],[-28,4]],[[19099,10140],[-13,17],[-166,66],[-105,60]],[[18815,10283],[51,34],[-79,50],[-11,47],[81,62],[-59,73],[12,62]],[[18810,10611],[89,11]],[[18899,10622],[125,6],[59,-58],[199,46]],[[19261,10305],[29,-35],[-91,-39],[22,-34],[-44,-33],[-78,-24]],[[19439,9790],[-277,55],[-9,60],[17,49]],[[19170,9954],[16,39],[108,-3],[68,31],[73,-63]],[[19435,9958],[-66,-100],[70,-68]],[[18560,9597],[73,43],[-44,90]],[[18589,9730],[96,-23],[60,13],[54,56],[68,40],[74,5],[209,124]],[[19150,9945],[20,9]],[[19439,9790],[-43,-40]],[[19271,9642],[-70,-18],[-33,-30],[-150,-2],[-51,-16],[-70,38],[-179,-3],[-78,-28]],[[18640,9583],[-80,14]],[[12240,9470],[58,75]],[[12298,9545],[323,4]],[[12621,9549],[-94,-76],[128,-7],[62,-57]],[[12717,9409],[25,-35],[-51,-28],[-29,-162],[12,-46],[-76,-6],[-22,-68]],[[12576,9064],[-20,-6]],[[15161,9354],[-22,-9],[-93,62],[-88,5]],[[14654,9566],[-39,62],[38,72]],[[14653,9700],[46,-8],[127,10],[-23,66],[29,36]],[[14832,9804],[124,44],[91,73],[20,-33]],[[15343,9680],[-57,-68],[59,-11],[2,-46],[86,-58],[-13,-37],[-78,-28]],[[15342,9432],[-107,19],[-72,-27],[-2,-70]],[[14868,8611],[-98,-11],[-34,-55],[-35,-18],[-86,-2],[-28,35],[64,70],[-36,26],[21,47],[-38,58],[27,12],[-113,81],[18,33],[94,-3],[18,66]],[[14642,8950],[90,-17],[37,22],[100,14],[41,-18],[86,86]],[[19104,10087],[-67,-49]],[[19037,10038],[-36,-31],[-63,-3],[-16,39],[-71,-11],[-40,26],[-57,-11],[-86,74]],[[18668,10121],[-21,57]],[[18647,10178],[-29,49],[59,26],[-52,52],[59,47],[54,3],[77,-72]],[[19099,10140],[5,-53]],[[11639,8806],[-33,-13]],[[11273,8869],[46,38],[-2,118],[111,-25],[202,72],[53,-83],[161,43]],[[11837,9009],[1,-6]],[[11838,9003],[-5,-1],[3,-10],[-6,-8],[-191,-72],[48,-21],[-33,-32],[-15,-53]],[[17280,11163],[135,-53]],[[17415,11110],[-41,-63],[12,-36],[-97,-38],[-95,-17],[-58,5]],[[17136,10961],[-79,30]],[[17124,11186],[156,-23]],[[17923,11846],[0,1]],[[17667,12029],[31,27],[-29,35],[28,72]],[[17697,12163],[27,67],[79,-5]],[[18565,11624],[28,-14]],[[18593,11610],[-11,-5],[-7,-4],[-20,-9],[-11,-4],[-33,-18],[-27,-27]],[[18484,11543],[-116,59],[-32,40],[-174,113],[-147,64],[-78,12],[-7,5],[-3,5],[-4,5]],[[18899,10622],[-23,55],[33,47],[84,58]],[[18993,10782],[83,102],[67,49],[15,39],[-41,80],[34,28]],[[19435,11559],[9,2]],[[19469,11567],[98,-53],[79,-27],[24,-44],[-64,-84],[3,-49],[-67,-125],[36,-53],[53,-18],[93,-8]],[[19008,11086],[72,98]],[[19145,11121],[-89,-33],[-48,-2]],[[24329,18854],[-3,2]],[[23866,18982],[8,4],[345,264],[351,182]],[[24570,19432],[331,-105],[69,0],[77,59],[68,-56],[358,-158]],[[25473,19172],[-174,-210]],[[25299,18962],[-100,79],[-273,55],[-124,-74],[-88,6],[-6,-36],[-81,-22],[-38,-67],[-65,-2],[-195,-47]],[[22914,9626],[37,88],[-52,27]],[[22899,9741],[48,-9],[166,1],[106,25],[-11,27]],[[23293,9813],[50,-26],[-9,-36],[101,-33],[172,6]],[[23607,9724],[2,-35],[-73,7],[-109,-12],[-80,-22],[-99,-51],[-46,-66],[-2,-97],[21,-57],[-115,-10],[-84,30],[-122,17],[8,95]],[[27395,6616],[18,-41],[-10,-68],[-80,-32]],[[27323,6475],[-74,-20],[-236,-85]],[[27013,6370],[-73,50],[-49,190],[95,23],[20,59],[123,46],[33,40]],[[26252,9460],[-68,92],[10,34],[-58,40],[-24,-1],[-8,12],[-1,5],[-6,10],[-2,5]],[[26095,9657],[16,7]],[[26382,9787],[104,0]],[[26486,9787],[6,-13],[7,-19],[3,-7],[25,-74],[-4,-83]],[[24172,9450],[-148,21],[-32,31],[-146,-13],[-81,52],[-11,23],[35,56],[-34,34],[67,16],[15,-33],[79,-7],[34,53],[95,52],[74,19],[91,-18]],[[23119,7046],[-15,-46],[56,-10],[15,-58],[-39,-32],[65,-27],[-87,-60]],[[23114,6813],[-80,-12],[-128,17],[-77,44]],[[22829,6862],[6,93]],[[22835,6955],[38,17],[-44,60],[132,103],[136,-96],[22,7]],[[22899,9741],[-136,107]],[[22763,9848],[117,89]],[[22880,9937],[26,-51],[77,4],[47,-24],[73,-8],[46,14]],[[30540,14801],[20,243],[62,40]],[[30622,15084],[62,-33],[128,-31]],[[31045,14989],[120,-5],[146,-44],[122,-58],[-40,-21],[76,-54],[134,-62],[34,-27],[154,15],[37,21],[71,-11],[-111,-92],[-2,-28],[50,-50],[-119,-24],[-80,-62],[-21,22],[-96,4],[6,48],[-211,16],[-205,34],[-17,-26],[61,-44],[-103,4],[-55,-12],[-251,55],[-175,216],[-30,-3]],[[30036,13549],[-155,-113],[-74,90],[16,47]],[[29823,13573],[67,4],[-29,94],[53,-1]],[[29914,13670],[50,-68],[51,-4],[21,-49]],[[6012,16629],[50,-8]],[[6062,16621],[55,-71],[221,-248],[-74,-41],[-66,8],[-45,-36],[-55,10],[-46,-50],[-34,29],[-173,-87]],[[3457,13317],[36,13],[23,53],[82,12],[71,89],[94,-1],[59,56],[83,31],[82,-15],[56,13],[49,-44]],[[4092,13524],[0,-1]],[[4130,13212],[-64,-5],[-60,27],[-47,-27],[-40,34],[-54,-14],[-7,-52],[-107,-11],[-141,63],[-90,11],[-63,79]],[[2892,12640],[-1,23],[-64,74],[43,43]],[[2870,12780],[93,-4],[139,26]],[[3102,12802],[-31,-56],[125,-95],[-13,-48]],[[3183,12603],[-37,1]],[[32747,511],[36,45],[-6,69],[47,64],[-27,11],[20,66]],[[32817,766],[69,24],[33,-39],[85,6],[4,66],[-35,71],[92,92],[23,-90],[142,-4],[71,15],[17,-40],[-56,-110],[-71,-33],[7,-27],[-90,-17],[-56,-32],[-4,-58],[-41,-32],[-140,-31],[-120,-16]],[[29067,2308],[98,-15]],[[29064,1919],[-68,39],[17,73],[-16,26],[30,43],[58,41]],[[24958,2746],[-286,101],[-14,54],[-59,63],[-40,11],[11,48],[-42,13],[-95,-13],[-159,20]],[[24298,3152],[9,-19],[95,19],[81,28],[28,-65],[41,-10]],[[24552,3105],[135,-48],[82,84],[71,-11]],[[24840,3130],[6,-38],[89,-28],[32,19],[20,84],[27,28]],[[25014,3195],[29,-34],[-42,-56],[10,-26],[61,-23]],[[25072,3056],[-17,-45],[-63,-49],[60,-8],[34,-66],[-22,-62],[-106,-80]],[[26231,3281],[-2,3]],[[26229,3284],[-34,36],[-76,6],[-29,30],[-8,54],[-51,69],[-44,28],[-1,38]],[[25986,3545],[-20,36],[-74,25],[-19,37],[12,105],[87,12]],[[25972,3760],[49,22],[13,38],[69,-1]],[[26103,3819],[35,-51],[73,12],[124,-70],[-32,-46],[61,-9],[56,-87]],[[21482,14468],[72,-29],[79,24],[72,-68],[-8,-72],[110,28],[93,66],[38,-31],[84,2]],[[22022,14388],[40,-79],[-26,-28],[-114,-30],[-36,-28],[-97,-24],[-45,-29],[2,-48]],[[21746,14122],[-47,-68],[-12,-157]],[[21687,13897],[-95,27],[-57,-2],[-64,50]],[[19929,13705],[-75,27],[-15,24]],[[19839,13756],[93,30],[76,-1],[27,63],[86,9],[82,32]],[[20203,13889],[84,24],[72,-11]],[[20359,13902],[56,-65],[-39,-47],[118,-64],[-61,-62]],[[20433,13664],[-141,-41],[-183,-37]],[[21047,13519],[-111,10],[-82,-7]],[[20854,13522],[-66,100],[-78,-26],[-61,-2],[-150,88]],[[20499,13682],[64,30],[74,-3],[69,50],[-15,45],[43,19],[-10,33],[-61,38],[11,25]],[[21081,13812],[-47,-16],[21,-99],[-4,-59],[-48,-20],[-6,-62],[50,-37]],[[13260,13750],[24,-18],[89,24],[43,-18],[94,14],[127,-53],[63,-43],[91,-35],[-21,-50],[-55,-64],[46,-55],[-223,6],[-29,19],[-179,26],[-82,21],[-80,-21]],[[10219,17506],[-79,-13],[-228,-14],[-45,14]],[[9867,17493],[-126,406],[136,15],[46,-52],[44,2],[54,75],[102,-16],[66,12],[57,-36],[37,-70]],[[10283,17829],[-240,-100],[-80,-45],[-6,-36],[78,-21],[107,-87],[77,-34]],[[31296,11166],[10,6]],[[31520,11274],[-4,4]],[[31516,11278],[15,-12],[5,-56],[15,-20],[-29,-78]],[[31522,11112],[-10,-26]],[[31512,11086],[-95,40],[-85,10]],[[33123,10825],[-84,99],[-8,47],[22,42]],[[33053,11013],[77,-11]],[[33130,11002],[121,15],[177,47],[46,-7]],[[33474,11057],[26,-41],[-51,-60],[-69,-13],[-6,-50]],[[34666,11472],[3,2]],[[34590,11525],[103,47]],[[34693,11572],[43,-33],[80,36],[23,30],[78,35],[114,-4],[52,59],[97,49],[107,8]],[[35287,11752],[26,-7]],[[35313,11745],[-54,-49],[104,-110],[-42,-33],[17,-111],[50,-32]],[[16171,4934],[58,-39],[105,35],[71,38]],[[16405,4968],[176,16],[14,54]],[[16595,5038],[12,-45],[59,-18],[101,-90]],[[16767,4885],[155,-38],[69,-69],[-58,-50],[10,-72],[-89,-43]],[[16854,4613],[-101,-14],[-55,7],[-161,-18],[17,116],[-120,37],[-65,6],[-54,52],[-172,-15],[-109,4],[28,75],[68,11],[41,60]],[[10997,10832],[-54,-29],[-75,20],[-101,-43],[-34,-79],[-55,56],[-66,4],[-59,-19],[-76,64],[41,62],[-59,40],[83,78],[-52,87]],[[10490,11073],[56,53],[90,11],[-4,-49],[70,-35],[1,76],[46,25]],[[10749,11154],[86,4],[-3,-46],[169,-48],[94,5]],[[17321,7973],[34,-16],[137,-19],[128,-51],[-42,-56],[136,-6],[4,-29],[-49,-62],[-1,-45],[-118,-41],[-83,-56],[-86,6],[-36,25],[-80,20],[3,84],[-56,-15],[-57,30],[-87,15],[-77,0],[21,93],[21,-1]],[[18248,9068],[-98,4]],[[18150,9072],[-18,111],[-64,140]],[[18068,9323],[19,2]],[[18087,9325],[33,-23]],[[18120,9302],[63,-14],[74,-42],[30,-41],[4,-81],[42,-31],[-85,-25]],[[18487,8914],[-95,53]],[[18392,8967],[-22,68],[156,100],[-36,48],[54,18],[-18,93]],[[18526,9294],[102,5]],[[18628,9299],[112,19],[38,-18]],[[18818,9262],[-63,-28],[-67,-103],[66,7]],[[18754,9138],[50,-45],[16,-54]],[[18820,9039],[-83,36],[-89,10],[-55,-34],[-25,-119],[-81,-18]],[[13020,11288],[31,-43],[-67,-70],[89,-69],[-73,-49],[-87,-33],[-14,-40],[48,-10]],[[12947,10974],[-58,3]],[[12889,10977],[-113,60],[17,34]],[[12793,11071],[45,107],[51,23],[11,33],[83,58]],[[12983,11292],[37,-4]],[[3183,12603],[100,24]],[[3345,12639],[24,3]],[[3449,12577],[3,-1]],[[3452,12576],[-2,-1],[2,-2],[-5,-3],[-4,7],[-9,1],[-45,-54],[76,-27],[-3,-52],[47,-91],[54,8],[38,-75],[55,-4],[45,-43],[-26,-96],[-22,-16],[51,-61]],[[3704,12067],[-31,-22],[13,-81],[-87,-8],[-159,136],[-57,-36],[-99,4],[-66,50]],[[17460,8256],[82,14],[9,34],[91,-26],[58,40],[51,5]],[[17751,8323],[34,-12],[27,-56],[71,-20],[-2,-92],[-104,-46],[-59,0]],[[8725,11157],[181,48],[168,8]],[[9074,11213],[16,-79],[59,-30]],[[9149,11104],[-92,10],[-73,-54]],[[8984,11060],[-318,39],[59,58]],[[18395,11061],[134,5],[63,-47]],[[18592,11019],[48,-58]],[[18640,10961],[-57,-62],[-148,-66]],[[18435,10833],[-70,-5],[-103,-96],[-40,27],[-71,-16],[-30,71],[40,40],[102,34],[39,73],[-130,56]],[[18172,11017],[20,39],[105,21],[39,-25],[59,9]],[[18395,11061],[67,95],[-25,45],[21,48],[-30,66],[-84,2]],[[18344,11317],[131,99],[-49,31],[52,46],[49,-56],[68,30]],[[18994,11535],[-50,-55],[-112,-59],[76,-76],[-112,-66],[73,-36],[206,-2]],[[19008,11086],[-92,-39],[-55,-2],[-84,45],[-79,-13],[-106,-58]],[[24694,15764],[-86,30],[-51,-1],[-71,27],[-9,28]],[[24477,15848],[26,0],[129,52],[80,52],[193,64]],[[25591,15964],[-55,-83]],[[25536,15881],[-80,-18],[-236,-26],[-140,-47],[-109,-7],[-35,-19],[-111,-8],[-131,8]],[[19885,15496],[105,42],[93,74],[116,76],[88,43],[-73,44]],[[20214,15775],[10,7]],[[25323,6382],[-67,24],[-77,59],[-77,12]],[[25102,6477],[35,22],[-2,188],[31,6]],[[25166,6693],[114,-37],[11,-73],[55,-24],[14,-36],[54,-32],[23,-90],[-114,-19]],[[22835,6955],[-55,82],[10,56],[58,91],[83,9],[112,-41],[76,-106]],[[29778,15236],[96,262],[190,102]],[[30064,15600],[134,-24],[396,95],[73,-53],[174,-14]],[[30660,15402],[-25,-21],[-17,-65],[-83,-76],[-52,-24]],[[30483,15216],[-181,47],[-47,-10],[-379,-37]],[[28421,13501],[24,-21]],[[28445,13480],[-49,-2],[-52,-44],[-34,20]],[[28310,13454],[-9,30],[-78,51],[2,45],[-48,54],[-42,12],[-23,57]],[[28112,13703],[23,94],[76,34],[0,25]],[[28211,13856],[44,5]],[[28653,13774],[0,-3]],[[28653,13771],[55,-67]],[[32775,12171],[-59,9],[-2,36]],[[32714,12216],[9,56],[-18,131],[55,49],[66,11],[64,-58],[30,-82],[146,-111],[1,-4],[-2,-5],[-3,-5],[-2,-4]],[[33060,12194],[-28,-3]],[[8770,12726],[27,-52],[-107,-89]],[[8690,12585],[-185,-30]],[[8505,12555],[-84,44],[-107,112],[-69,57],[-29,67],[-68,51],[-44,55]],[[8104,12941],[145,75]],[[8249,13016],[68,-78],[121,-48],[75,-57],[66,-30],[89,-73],[102,-4]],[[6882,14501],[15,46],[84,60],[44,72]],[[7656,14802],[22,5]],[[7678,14807],[22,-21],[6,-4],[80,-51],[109,-43],[163,-50]],[[32634,6339],[-50,-63],[-109,-37],[-4,-49]],[[32471,6190],[-131,-14]],[[32340,6176],[-32,21],[39,78],[-172,89]],[[32175,6364],[133,-5],[12,35],[74,24],[109,-6],[12,-22],[91,30],[52,-44],[-24,-37]],[[31615,6375],[-70,-10],[-45,-36],[-66,-8],[-70,39]],[[31364,6360],[-22,42],[-103,41],[20,32],[89,-15],[-20,82],[-21,15],[-98,-28],[-55,92],[40,25],[-50,45]],[[31144,6691],[76,72],[71,3],[7,33],[117,35]],[[31415,6834],[107,-1],[13,-54],[-30,-37],[31,-35],[23,-64],[-42,-53],[57,-41],[94,-25],[9,-44],[-58,-15],[-18,-51],[14,-39]],[[17332,12391],[-40,43],[-19,52],[-85,51],[-9,23]],[[17179,12560],[61,85]],[[17240,12645],[79,-54],[51,-18],[57,-53]],[[17427,12520],[60,-56],[-22,-31],[-109,-21],[-24,-21]],[[17355,13116],[1,-4]],[[17356,13112],[-93,-9],[-79,-29],[-36,7],[-127,-24],[11,-37],[-97,-34],[-48,-59],[-78,-34],[-111,-27]],[[16698,12866],[-22,39],[21,34],[-42,44]],[[16703,13174],[45,75]],[[16748,13249],[42,40],[44,0],[58,-77],[137,-59],[7,51]],[[13278,14083],[-212,-31]],[[13010,14393],[11,-2]],[[13021,14391],[117,-43],[131,-36],[32,-39],[88,-56],[-13,-29]],[[13376,14188],[-38,-33],[-102,-43],[42,-29]],[[13514,14208],[-16,-3]],[[13498,14205],[-24,102],[24,69],[-85,78]],[[13413,14454],[54,73]],[[13889,14433],[-94,-2],[-105,-33],[17,-30],[-35,-28],[-110,-29],[10,-82]],[[14424,13182],[150,-74],[64,41],[134,-42],[35,41]],[[14807,13148],[24,-21],[74,19],[73,-64],[63,-28],[94,24]],[[15135,13078],[19,-43]],[[15154,13035],[-150,-76],[76,-71],[-87,-34],[-38,-53],[-87,32],[-58,-8],[-75,-86],[-77,30],[-32,57],[-237,185],[-17,27],[-101,41],[38,33],[62,9],[53,61]],[[14740,13269],[-36,55],[-47,2]],[[14657,13326],[-34,18],[-12,88],[88,-28],[54,42],[-12,61],[-77,49],[-92,-31],[-75,72],[12,40]],[[14509,13637],[199,8],[130,-29],[137,64]],[[14975,13680],[80,-6]],[[15055,13674],[-107,-91],[56,-7],[125,-85]],[[15129,13491],[-29,-47],[-106,-40]],[[14994,13404],[-104,-52],[19,-35],[-105,-43],[-64,-5]],[[14072,13614],[2,42],[97,-28],[14,67],[69,11]],[[14254,13706],[111,-122],[52,-33],[-21,-70],[-63,-12],[-55,-49]],[[14278,13420],[-28,16],[-40,71],[-38,-4],[-47,66],[-53,45]],[[29449,9700],[-7,6]],[[29442,9706],[-23,70],[60,24]],[[29736,9926],[108,54],[2,45],[14,13],[-16,23],[14,3],[10,2],[6,1]],[[29874,10067],[2,-4]],[[30043,10083],[59,-61],[0,-31]],[[30102,9991],[21,-70],[-38,-17],[-33,-68],[-15,-78],[-93,-58],[63,-59]],[[30007,9641],[-95,-38],[-65,32],[-92,-3],[-1,26],[-120,-26]],[[33130,11002],[38,91],[126,98],[21,48],[-107,56]],[[33208,11295],[6,3]],[[33431,11365],[105,-69],[58,-5]],[[33594,11291],[7,-44],[101,-40],[5,-38]],[[33707,11169],[7,-76]],[[33714,11093],[-66,9],[-63,-48],[-111,3]],[[12944,10848],[5,79],[-60,50]],[[12947,10974],[73,54],[92,26],[82,144],[146,69]],[[13340,11267],[49,-18]],[[13389,11249],[-8,-60],[-33,-21],[42,-53],[-50,-40],[108,-29],[1,-37]],[[13449,11009],[4,-48],[-93,-9],[-54,-69],[-55,-40],[-33,5]],[[16189,9223],[143,50]],[[16332,9273],[39,-28],[40,-108]],[[16411,9137],[101,-81],[87,-48]],[[16599,9008],[-37,-28],[-89,40],[-54,11],[-21,59],[-45,11],[-55,-39]],[[16298,9062],[-75,22],[-66,50],[37,27],[-5,62]],[[15908,9240],[-58,2]],[[15850,9242],[-124,32]],[[15173,9332],[-12,22]],[[15342,9432],[78,3],[131,-28],[29,-23],[76,38],[58,-19],[97,-52],[97,-111]],[[13893,9157],[122,87],[90,-29],[71,-96],[-16,-25],[-81,-17]],[[11316,10474],[-86,41],[-36,33]],[[11194,10548],[-32,37],[87,32],[-41,22],[23,50],[50,34],[62,-42],[125,-9],[52,10],[70,39]],[[11590,10721],[84,-23],[54,-46]],[[11728,10652],[12,-59],[147,4],[31,-32]],[[11918,10565],[-48,-13],[-53,-50],[42,-19],[-38,-41],[-100,4],[-51,-26]],[[11670,10420],[-170,-4],[-2,34],[-72,24],[-110,0]],[[8796,10718],[16,-30],[84,25],[112,-10]],[[9008,10703],[-24,-46],[-57,-21],[-30,-40],[72,-24],[24,-34],[-97,-33],[-49,9],[-82,75],[-15,34],[-80,70],[94,40],[32,-15]],[[20025,10273],[-10,28],[5,15],[-3,23],[1,14],[2,4],[0,3]],[[20020,10360],[22,6]],[[20251,10215],[-19,-12]],[[20232,10203],[-17,41],[-97,-7],[-93,36]],[[18810,10611],[-52,62],[-54,0],[-117,-24],[-177,18]],[[18410,10667],[-40,45],[62,55],[3,66]],[[18640,10961],[71,-13],[30,-31],[67,0],[91,32],[24,-12],[-8,-132],[78,-23]],[[18371,16871],[-83,55],[-128,-11],[-47,69],[-102,-22],[-28,28]],[[17983,16990],[177,56],[-73,104],[-52,35]],[[18035,17185],[36,13],[-60,82],[-21,59],[49,52],[68,37],[-67,26],[-144,74],[-244,48],[-50,28],[-7,47]],[[17595,17651],[162,152],[25,47],[-22,60],[-78,38]],[[17682,17948],[58,103],[266,65],[90,46],[45,2]],[[18141,18164],[8,-8]],[[18567,17999],[78,-45],[32,-48],[-184,-7],[-31,-13],[-16,-94],[153,-1],[54,-64],[67,-44],[153,-15]],[[18873,17668],[-32,-100],[-1,-133],[36,-41],[138,-67]],[[19014,17327],[0,-26]],[[19014,17301],[-44,-72],[-118,-45],[6,-55],[153,-20],[19,-27]],[[19030,17082],[-77,19],[-110,-61],[-152,-39],[15,-58],[106,-81],[-2,-31]],[[18810,16831],[-39,-49],[-129,14],[-61,22],[-47,49],[-83,-45],[-80,49]],[[22157,16146],[5,-35],[43,-24],[-45,-36],[14,-24],[133,-36]],[[22307,15991],[27,-36],[-210,-84]],[[22124,15871],[-60,21],[-39,57],[-65,43],[-213,-3],[-193,-81],[-37,7],[-61,-31],[-39,-43]],[[21417,15841],[-18,-4]],[[21399,15837],[-4,2]],[[19079,16921],[25,55]],[[19104,16976],[51,25],[-37,47],[5,82],[46,39],[-14,36],[-100,87],[-41,9]],[[19014,17327],[0,52],[99,20],[50,11]],[[19163,17410],[4,-4]],[[27966,13220],[-46,5],[-91,49]],[[27829,13274],[16,60],[90,54],[20,-9],[35,-138]],[[9420,13030],[-34,-14],[-60,25],[-55,-54],[-68,-35],[-38,24]],[[9165,12976],[-93,102]],[[9072,13078],[26,39],[62,39],[-117,92],[-26,54]],[[9017,13302],[145,15],[60,17],[66,-50],[62,4],[22,-26]],[[9455,13035],[-35,-5]],[[33388,1260],[-42,30]],[[33346,1290],[-94,36],[16,47],[-46,71],[-95,-8],[-91,34],[-43,-22],[-99,42],[-48,2],[-79,-62]],[[32767,1430],[-12,37],[20,62],[-107,134],[1,47],[159,1],[0,38],[176,4],[74,-9],[211,36],[150,-48],[99,-19],[73,-46],[57,17],[26,-32],[-56,-18],[-21,-31],[-8,-87],[22,-75],[33,-23],[-87,-47],[-67,18],[-54,-12],[-42,-41],[37,-36],[-63,-40]],[[31916,835],[20,39],[67,-16],[-15,99],[41,13]],[[32029,970],[110,45],[74,-23],[36,12],[86,-63],[36,30]],[[32371,971],[40,-6],[87,-54],[67,-7]],[[32565,904],[-54,-47],[27,-73],[-38,-6],[-24,-52],[-1,-78],[-75,-24]],[[32400,624],[-68,35],[-123,-21],[-56,-37],[13,-71],[-21,-41],[19,-32],[-100,-35],[-91,-8],[-44,67]],[[30078,6392],[26,-20],[-52,-62],[-108,-45],[-39,19],[-13,65],[-48,58],[-90,23],[-201,-6],[-60,-52]],[[29493,6372],[-127,44],[-93,70],[8,24],[-98,30]],[[29183,6540],[70,28],[-48,41]],[[29439,6698],[2,4]],[[29441,6702],[33,-47],[140,-60],[46,39],[-23,62],[35,26],[118,-12],[81,8],[45,27],[29,68],[-61,38],[40,53]],[[29924,6904],[2,-1]],[[29988,6943],[96,-64],[127,-36],[55,-74],[32,23],[57,-16]],[[30355,6776],[-19,-30],[-81,-47],[5,-29],[-103,-56],[-79,-1],[-4,-77],[27,-30],[-23,-114]],[[18119,14486],[-29,63],[-60,46],[17,36],[58,42],[14,37]],[[18119,14710],[96,-82],[160,-1],[37,-46]],[[18412,14581],[27,-59],[-106,-21],[-214,-15]],[[16541,13581],[-72,-79],[-82,-30],[-140,-27]],[[16072,13459],[21,46],[-57,40],[40,45],[-55,23],[-139,-27],[-32,10]],[[15712,13748],[-1,2]],[[15711,13750],[170,-31],[29,-26],[88,18],[55,-33],[108,-19]],[[16161,13659],[108,-10],[62,-38],[86,4],[124,-34]],[[25940,14177],[1,-10]],[[25941,14167],[32,-53],[-39,-34],[-59,-87],[11,-82]],[[25886,13911],[-100,-111],[-25,4]],[[13082,13404],[32,-24],[129,-42]],[[13243,13338],[-23,-57],[17,-26],[-53,-61]],[[13184,13194],[-40,5],[-92,-63],[-11,-35]],[[13041,13101],[-35,-30],[-132,48],[-169,-2],[-65,61],[-23,14],[-5,-3],[-2,2]],[[12729,12901],[43,83]],[[12772,12984],[230,19],[78,-8],[90,32]],[[13170,13027],[140,42]],[[13310,13069],[2,-46],[-76,-69],[34,-77],[-105,-30],[-93,-43],[-37,-30],[-88,7],[-97,23],[-121,97]],[[11265,13920],[125,42],[61,79],[-8,64]],[[11473,14087],[41,-88],[56,-5],[22,-46],[-60,-37],[0,-39],[48,-40],[-24,-77],[-47,-11]],[[12696,15770],[-113,112]],[[12583,15882],[-50,72],[41,16],[-34,48],[-57,-13],[-22,61],[41,44],[105,33]],[[12607,16143],[116,87],[159,9],[52,-61],[72,10],[210,45],[41,-85],[40,-51],[1,-50],[43,-35],[29,-81],[-95,-9],[-75,-25],[-195,-45]],[[13361,13080],[35,45],[-30,22],[-67,3],[-115,44]],[[13243,13338],[117,2],[150,18],[33,39],[93,-68],[9,-56],[44,-41],[4,-34],[-72,-57],[-213,-62],[-47,1]],[[13014,12474],[10,30],[-41,51],[-70,36],[179,57],[96,53],[92,27],[8,-58],[100,-7],[66,-21],[38,27],[103,-57],[-34,-45],[14,-61],[-69,-51]],[[13506,12455],[-45,57],[-76,29],[-93,-34],[-96,27],[-182,-60]],[[9492,16554],[-11,-10],[-237,0],[-149,24],[-16,-42]],[[9079,16526],[-86,17],[-257,82],[-39,1]],[[8542,17386],[38,14]],[[8580,17400],[179,41],[109,-29],[40,21],[91,3],[4,23]],[[9003,17459],[69,-16],[273,11]],[[9345,17454],[84,-21],[-48,-66],[55,0],[-31,-57],[117,-50]],[[9522,17260],[-96,-86],[-29,-71],[-99,-23],[-37,-29],[33,-84],[62,-54],[-35,-118],[90,-125],[-2,-49],[83,-67]],[[32111,10416],[29,79]],[[32140,10495],[69,40],[106,92],[7,27],[69,3],[137,32],[27,41],[51,-12],[255,11],[12,-36],[123,-73],[144,17]],[[33714,11093],[71,-57],[1,-78],[45,-53],[11,-60]],[[33591,10841],[-5,-4]],[[34848,6861],[-57,83],[127,95],[13,48],[-79,31],[-83,-26],[-62,13],[31,66],[-29,38],[6,75],[-29,33],[-12,91],[37,61]],[[34711,7469],[41,85],[-40,119]],[[35781,7452],[114,-20],[31,-87],[81,-11],[43,11],[34,46],[175,-61],[64,15]],[[36323,7345],[39,-31],[-10,-30],[-85,-13],[-15,-46]],[[36252,7225],[-113,-26],[-137,15],[-117,1],[-81,30],[-76,6],[-22,-90],[-3,-73],[-60,-121],[-83,-78],[-47,-5],[-80,61],[-52,58],[-55,36],[-40,-34],[-45,-2],[-194,-93],[-43,-42],[-156,-7]],[[13020,11288],[125,20],[49,56],[62,-12]],[[13256,11352],[3,-47],[81,-38]],[[17525,9274],[0,1]],[[17813,9476],[49,24],[43,-64],[72,-11],[32,-24],[19,-56]],[[18028,9345],[10,-70],[-119,-12],[-70,-33],[-45,59],[-178,-67],[-55,50],[-46,2]],[[17751,8323],[79,67]],[[17830,8390],[73,-50],[33,-76],[129,-49],[10,-25],[-9,-24],[4,-3],[8,-7]],[[18078,8156],[-6,-3]],[[18281,7946],[-11,-75],[-63,-25],[-39,-69],[-70,34],[-97,3],[-83,-30],[-134,87],[13,29],[-86,58],[27,67],[-65,0]],[[18392,8967],[-13,-38]],[[18379,8929],[-88,45],[-74,13],[31,81]],[[18120,9302],[92,88]],[[18212,9390],[117,-54],[174,6],[23,-48]],[[12012,11136],[-54,-10],[-34,-49],[-61,-21]],[[11863,11056],[-62,21],[136,77],[39,44],[-27,37],[-68,1],[-55,-43],[-92,15],[0,64],[133,53],[-80,57],[-95,-25],[-74,4],[-112,27],[90,31],[44,35],[71,6],[-7,-38],[45,-15],[91,36],[40,-33],[135,56]],[[12015,11466],[-7,-47],[49,-33]],[[12057,11386],[-60,11],[-28,-43],[45,-66],[75,-63],[-41,-31],[-36,-58]],[[7678,11169],[-62,-62],[-191,-16],[6,-25],[-123,9],[-9,31],[98,2],[0,64],[74,18],[36,41],[171,-62]],[[16332,9273],[283,106]],[[16615,9379],[33,12]],[[16648,9391],[-12,-55],[56,-95],[-58,-12],[3,-50],[-62,-41],[-38,16],[-126,-17]],[[14642,8950],[7,77],[-153,40],[-59,62],[8,19]],[[14445,9148],[76,2],[51,48],[103,20],[30,29]],[[14873,9296],[182,-35],[17,-46]],[[15072,9215],[-4,-4]],[[18192,14039],[35,0],[142,-39],[48,45],[48,81],[71,3],[86,37],[107,-24],[15,-54]],[[18830,14047],[16,-35],[69,-38],[-58,-38],[101,-121]],[[18958,13815],[-83,-25],[-31,-42]],[[18844,13748],[-150,49],[-34,52],[-53,37],[-136,-48]],[[18471,13838],[-53,-13],[-86,-45],[-20,-37],[-114,-28],[-39,-85]],[[18159,13630],[-20,-41],[132,-37],[48,-52],[109,41]],[[18428,13541],[89,-42],[30,-38]],[[19606,12126],[0,1]],[[19606,12127],[52,61],[71,49],[118,56]],[[19847,12293],[122,-15],[68,31],[83,-58]],[[20120,12251],[-43,-95],[-8,-86],[-116,-32],[-69,-60]],[[19884,11978],[-33,13]],[[20149,12266],[-29,-15]],[[19847,12293],[-12,11]],[[19835,12304],[6,5]],[[20210,12474],[45,-65]],[[17682,17948],[-281,96],[-57,82],[-48,217],[-90,98],[-199,126],[-153,58],[-46,47],[-45,94],[884,31],[285,6],[66,-200],[78,11],[170,-15],[23,-11]],[[18139,18166],[2,-2]],[[19104,16976],[-33,0],[-42,56],[1,50]],[[23800,8904],[-20,0]],[[23417,8999],[8,161],[-57,91],[-58,31],[-77,71],[90,-15],[93,9],[42,-39],[74,31],[76,13],[66,-59],[-9,-74],[93,-10],[30,-35],[18,-72],[-1,-131],[19,-38],[-24,-29]],[[33194,12391],[-45,-34],[29,-28],[13,-93],[60,-43]],[[33251,12193],[-8,1]],[[33067,12195],[-7,-1]],[[32714,12216],[-34,49],[-91,83],[-13,38],[-52,30]],[[32524,12416],[67,41],[86,129]],[[32677,12586],[126,27],[91,-1],[83,52],[60,17],[38,-117]],[[33075,12564],[63,-46],[24,-87],[32,-40]],[[31916,12580],[-16,-33],[-53,-3],[-2,-50],[-35,-10]],[[31810,12484],[-191,49],[-68,-4],[-127,47]],[[31424,12576],[157,5],[31,35],[81,19],[50,-9],[67,29],[82,-54]],[[31892,12601],[24,-21]],[[5196,17351],[-1,0]],[[4430,17663],[499,214]],[[4929,17877],[32,-187],[94,-100],[-22,-79],[27,-67],[64,-57],[30,-11],[23,-14],[14,-8],[5,-3]],[[5282,17921],[-90,76]],[[5192,17997],[208,95],[264,85]],[[7157,13534],[0,-2]],[[7157,13532],[-7,-2],[-11,-3],[-2,-47],[37,-80],[-173,-95]],[[7001,13305],[-84,66],[-81,-15],[-58,21]],[[8788,12731],[-18,-5]],[[8249,13016],[11,43],[53,30],[-24,25],[67,15],[8,12]],[[8364,13141],[8,4]],[[8460,13193],[113,-68],[80,7],[140,-133],[27,14],[80,-42],[8,-34]],[[8908,12937],[-40,-16],[-53,-63],[31,-33],[-60,-23],[2,-71]],[[8908,12937],[78,29],[85,0],[56,-18]],[[9127,12948],[1,-29],[82,-4],[27,-51],[94,23],[25,-25],[82,-18]],[[9018,12612],[-3,1]],[[9015,12613],[-12,35],[-60,45],[-155,38]],[[2701,12808],[-100,18],[-94,31],[79,43],[39,51],[66,36],[72,19]],[[2763,13006],[39,-4],[130,71],[-10,28],[83,76],[26,-5]],[[3076,13145],[-19,-24],[49,-76],[96,-34]],[[3202,13011],[46,-16],[3,-47],[51,-32],[-14,-60],[-116,-45],[-70,-9]],[[2870,12780],[-169,28]],[[31580,1596],[-12,-63],[-45,-48]],[[31255,1401],[5,5],[6,4],[52,10],[8,34],[-67,171],[-88,-9],[-95,-27]],[[31076,1589],[-3,25],[-88,97],[12,101],[-20,116]],[[30977,1928],[9,4]],[[30986,1932],[76,-12],[35,18],[100,3],[86,-29],[56,12],[33,-24]],[[31372,1900],[58,-78],[32,-15],[21,-81],[46,-39],[17,-55],[34,-36]],[[27200,2338],[1,-24],[106,-12],[-9,43],[37,62],[36,-14],[-13,-42],[79,7],[22,-56],[82,-12],[35,35],[93,-34],[-79,-57],[-76,-94],[-35,-112]],[[27479,2028],[-59,-111],[8,-39]],[[27428,1878],[-27,39],[-129,76],[-123,-24],[-92,-75],[-40,26],[-62,6],[-23,37],[-48,18],[160,106],[41,72],[-7,38],[94,64],[-21,29],[49,48]],[[17209,12030],[-6,1]],[[16308,12243],[47,12]],[[16355,12255],[107,1],[71,30],[30,32]],[[16563,12318],[160,-91],[71,10],[78,-45],[73,23],[62,-90],[44,18],[43,-46],[88,-35],[27,-32]],[[23013,15150],[3,0]],[[23016,15150],[58,-87],[36,-173],[93,17]],[[23203,14907],[89,-194],[-19,-26],[21,-62],[-49,-17]],[[23245,14608],[-56,2],[-151,37],[-153,9]],[[22885,14656],[-25,70],[-149,-9],[-78,23],[0,39],[-38,61]],[[17179,12560],[-41,-12]],[[17138,12548],[-63,34],[-29,-46],[-74,23],[-64,-27],[-84,-10],[-64,83],[-12,96],[-44,46],[-2,61]],[[16702,12808],[-4,58]],[[17356,13112],[1,-3]],[[17472,12991],[9,-91],[-116,-75]],[[17365,12825],[-43,13],[-61,-77],[-107,-56],[86,-60]],[[17587,12588],[-71,65],[-64,10],[-15,40],[167,58]],[[17604,12761],[48,38],[13,49]],[[17970,12647],[3,-2]],[[17973,12645],[10,-28],[-108,-27],[-125,-15],[-95,40],[-68,-27]],[[21442,13289],[-122,-21],[74,-97]],[[21394,13171],[-152,-23]],[[21242,13148],[-102,8],[-96,41]],[[21044,13197],[3,1]],[[21039,13336],[10,81],[57,14],[26,40],[55,30]],[[21187,13501],[51,14],[29,35],[62,-14],[24,-37],[-19,-78],[-44,-62],[51,-35],[-68,-24],[-21,-31],[190,20]],[[32207,12317],[3,-25],[-67,-81],[-2,-34]],[[32141,12177],[-13,21],[18,28],[-94,22],[-65,-13],[-57,-43],[-110,37]],[[31820,12229],[-34,26],[21,115],[27,34]],[[31834,12404],[109,-59],[69,44],[61,68],[40,-13],[81,-75],[13,-52]],[[34835,6855],[13,6]],[[36252,7225],[115,-33],[76,-105],[9,-105],[-25,-26],[63,-53],[-44,-35],[66,-20],[-53,-30],[-200,-1],[-56,-14],[-12,-60],[-40,-1],[-35,44],[-60,18],[-65,-80],[0,-31],[72,-60],[-29,-38],[-61,-17],[-43,-35],[73,-37],[69,40],[57,-95],[-72,-67],[-83,-8],[-9,-51],[-71,0],[-41,40],[-144,42],[56,93],[48,21],[-76,62],[48,78],[-173,71],[-78,-12],[-110,26],[-45,-11],[14,-77],[-18,-66],[-70,9],[-75,-40],[-67,8],[-188,58],[-93,59],[2,52],[-49,117]],[[30652,11062],[56,49],[-27,58]],[[30681,11169],[34,43],[82,47],[98,-7],[76,29]],[[30971,11281],[2,-1]],[[30990,11177],[-139,-64],[-6,-48],[-110,25],[1,-65]],[[30736,11025],[-84,37]],[[30145,11963],[73,45]],[[30218,12008],[193,3]],[[30411,12011],[27,-54],[-52,-59]],[[30386,11898],[-39,-26],[-112,-21]],[[30235,11851],[5,36],[-95,76]],[[31498,12257],[6,94],[-104,2]],[[31400,12353],[-46,4],[-1,120]],[[31353,12477],[50,-8],[60,21],[-39,86]],[[31810,12484],[24,-80]],[[31820,12229],[-139,54],[-45,-42],[-138,16]],[[13694,11395],[-82,-40],[-75,-99]],[[13537,11256],[-7,-30],[-141,23]],[[13256,11352],[-25,39],[50,44]],[[13281,11435],[81,37],[115,21],[139,7]],[[13616,11500],[101,-33],[-23,-72]],[[18453,6097],[-75,-2],[11,-44],[-38,-35],[6,-96]],[[18357,5920],[-169,-65]],[[18188,5855],[-107,12],[-25,66],[-42,9],[-5,183],[-18,106],[-106,-2]],[[17885,6229],[-118,15],[-85,-30],[-116,16],[-131,-13],[-28,15]],[[17577,6507],[57,8],[135,90],[80,24],[15,97],[89,39],[44,36],[48,70],[99,-15]],[[18144,6856],[70,-112]],[[18214,6744],[-11,-7]],[[8171,10075],[-91,8],[-68,20],[-129,4],[-14,46]],[[7869,10153],[-4,66],[-65,47],[32,29]],[[7832,10295],[178,-56],[65,87]],[[8075,10326],[115,-123],[79,63],[73,-9]],[[8342,10257],[18,-15],[39,-5],[-7,-85]],[[18310,5483],[-37,26],[15,69],[-32,38],[62,36],[54,165],[-15,103]],[[18493,5549],[-89,-46],[-94,-20]],[[15880,9991],[-28,-39],[129,-128],[-41,-76],[-29,-86],[-40,-25],[-39,-66],[-42,-17],[-76,41],[-83,19],[-2,34],[77,62],[-34,55]],[[19016,9252],[-7,-67],[-36,-32],[-56,9],[-13,-60]],[[18904,9102],[-55,29],[-95,7]],[[19209,8787],[-62,5],[23,58],[-48,15],[18,71],[59,83],[-13,19]],[[19531,8996],[3,-10]],[[19209,8790],[0,-3]],[[16445,8537],[59,-14]],[[16504,8523],[60,-12],[201,12],[115,-32],[45,51],[61,24]],[[16986,8566],[57,-19]],[[17043,8547],[18,-9],[23,-85]],[[18144,6856],[-47,90],[-88,35],[-23,43],[-105,57],[90,66],[13,43],[64,8],[190,-3],[62,-146],[-119,-79],[37,-129],[-4,-97]],[[12983,11292],[-70,51],[-21,-23],[-96,15]],[[12796,11335],[-77,-3]],[[12719,11332],[60,113]],[[12779,11445],[78,23],[-28,54],[94,143],[42,9],[52,87]],[[13017,11761],[153,-40]],[[13170,11721],[31,-23],[-3,-58],[23,-91],[-18,-81],[78,-33]],[[17773,11348],[-117,-20],[-40,6]],[[17616,11334],[-98,88],[-17,58],[-58,57],[-65,92]],[[17709,11637],[-7,-45],[-77,-26],[-29,-37],[54,-26],[41,-53],[71,-15],[68,-58],[-57,-29]],[[25414,8355],[-1,2]],[[25453,8610],[111,43],[30,23]],[[25594,8676],[47,14],[61,-21],[32,-78],[177,-107]],[[25976,8163],[-1,0]],[[20055,7973],[-67,20],[-21,33],[28,72],[164,-20],[109,22],[113,-2],[79,-45],[13,-42],[-31,-47],[-3,-47],[-68,3],[-9,-84],[-119,-7],[-120,35],[-27,41],[19,44],[-60,24]],[[24316,9807],[-147,31],[-66,3],[-139,-18],[-34,48]],[[23930,9871],[63,25],[57,73],[44,15],[34,63]],[[24128,10047],[87,20],[19,29]],[[22137,10639],[90,-74]],[[22227,10565],[61,-43],[158,-78],[51,12],[49,-58],[102,20],[39,-24],[82,-12]],[[22769,10382],[-50,-50],[-118,11],[-121,-71]],[[22480,10272],[-52,-10],[-125,39],[-4,-49],[-41,-33],[-108,70],[57,46],[-78,31],[-43,77],[-53,24],[93,52],[-24,18],[52,59],[-17,43]],[[27298,14400],[-124,-42],[-58,20],[-36,45],[-66,6],[-12,-43],[-77,7]],[[26925,14393],[-16,54],[32,21],[32,90],[-36,78],[-1,42]],[[27082,14753],[96,-107]],[[27178,14646],[-5,-48],[67,-6],[-5,-54],[55,-31],[19,-50],[-11,-57]],[[26616,15776],[-93,40]],[[26523,15816],[-19,15],[148,170],[-12,33]],[[26640,16034],[41,14],[39,-45],[139,26],[48,-43],[251,33]],[[27158,16019],[161,32],[142,10],[135,24]],[[27596,16085],[130,-75],[158,-44]],[[27884,15966],[-60,7],[-126,-10],[-325,-60],[-141,-32],[-188,-71],[-274,-34],[-154,10]],[[25756,12669],[-36,32],[-21,56],[-46,61]],[[25914,12948],[61,-1],[55,51],[46,-7],[103,-48],[-16,-110],[-5,-121],[45,-34],[-47,-23],[-59,22],[-47,-5],[-74,23],[-76,5],[-49,-34],[-95,3]],[[26534,12472],[-127,36],[-144,-14],[-15,-58],[-90,-3]],[[26158,12433],[-10,38],[50,41],[-12,77],[17,29],[160,-33],[124,16],[65,-44],[25,-43],[-43,-42]],[[3202,13011],[147,80],[71,1],[37,-53],[96,40],[74,-49],[151,64],[29,-23],[109,2],[31,-50],[12,-60]],[[3959,12963],[98,-26],[63,-65],[70,-49],[-5,-61]],[[4185,12762],[-117,-8],[-129,-42]],[[3939,12712],[-164,-45]],[[30008,5704],[-35,-41],[36,-44]],[[30009,5619],[-63,-22],[3,-50],[-106,-130],[10,-33],[-256,62],[-27,-52],[-69,-33],[-106,-97]],[[30486,1386],[36,-87],[131,-14],[31,-22],[155,24]],[[30839,1287],[39,10]],[[30753,968],[-54,-45],[24,-55],[80,-43],[-66,-10],[-57,-42],[-109,2],[-18,18],[-82,-15]],[[30471,778],[-36,-29],[-78,-10],[-34,39],[-144,-24],[-38,39]],[[30141,793],[2,64],[-18,65],[50,56],[-21,60],[-63,16],[27,34],[3,121],[22,58],[186,-19],[18,49],[-41,61],[15,51],[126,1],[39,-24]],[[28758,6194],[21,109],[-101,79],[6,69],[81,34],[69,56],[-58,14],[-77,51],[-96,-15],[-55,43],[0,21],[-10,19],[12,2],[-1,1]],[[28549,6677],[5,1]],[[29183,6540],[-89,-8],[-44,-21],[49,-51],[27,-51],[-17,-36],[21,-60],[48,-21],[1,-47],[-62,-46],[-103,7],[-47,-53]],[[18270,14183],[54,16],[211,25],[102,69],[81,4],[37,104],[96,91]],[[18851,14492],[110,27],[70,40],[77,-12],[237,73]],[[19345,14620],[83,-39]],[[19409,14428],[-128,-27],[-91,36],[-37,-16],[-49,-107],[-8,-55]],[[14205,12249],[-7,2]],[[14198,12251],[24,31],[65,-14],[59,26]],[[14346,12294],[17,-27],[108,-60],[250,-66],[31,-28],[85,-19],[62,-35],[52,-68]],[[14951,11991],[-46,-25],[-147,0],[-45,45],[-93,-16],[-126,-89],[-162,7],[-33,19],[-124,-9]],[[17800,12307],[-1,-2]],[[17697,12163],[-103,14],[-56,51],[-135,-7],[-97,23]],[[17306,12244],[20,69],[35,43],[-29,35]],[[17427,12520],[75,54],[88,2]],[[17590,12576],[78,-32],[63,0],[9,-82],[-26,-33],[-68,-35],[121,-35],[33,-52]],[[14254,13706],[69,-1]],[[14323,13705],[69,-31],[94,11],[23,-48]],[[14657,13326],[-79,-42]],[[14578,13284],[-40,27],[-123,-34],[-132,74],[73,22],[-25,41],[-53,6]],[[11785,17136],[-104,-60],[-170,50],[-126,16],[-131,-44],[-45,0]],[[11209,17098],[-43,135]],[[11166,17233],[-39,52],[19,58],[-115,-12],[1,50],[-104,-35],[-15,91],[-41,71],[-116,-16],[-43,25]],[[10713,17517],[73,5],[161,45],[97,12]],[[11044,17579],[190,-37],[164,14],[30,-49],[87,28],[81,-62],[60,-72],[60,-17],[-15,-106],[31,-39]],[[11732,17239],[-1,-34],[54,-69]],[[15135,13078],[70,49],[37,-57],[47,19]],[[15289,13089],[-24,-59],[-71,-67],[-47,22],[7,50]],[[29720,12227],[-49,-23],[-153,51],[-51,-80],[-79,22],[-13,67],[30,20],[97,21],[27,28],[187,77],[55,-43],[-47,-47],[88,-66],[-17,-31],[-75,4]],[[33811,11812],[123,112],[56,38],[185,60],[84,-45]],[[34259,11977],[-121,-110],[63,-42]],[[34201,11825],[-50,-60],[-169,-118],[65,-93],[56,-38]],[[34103,11516],[-79,7]],[[33958,11526],[-55,32],[-111,-40],[-33,-58],[-168,-58],[54,-50],[-51,-61]],[[27646,11781],[12,34],[100,83],[45,-42],[-82,-101]],[[28155,11922],[8,-26],[-86,-84],[-110,34],[-98,15],[-118,44],[31,58],[-16,19]],[[27766,11982],[57,10],[108,-36],[224,-34]],[[32544,12054],[-18,-32],[-111,-41]],[[32361,11989],[7,16],[-125,26],[-40,81],[6,38],[-68,27]],[[32207,12317],[24,29],[86,-18],[26,34],[154,-76],[-1,-21],[112,-67],[-19,-31],[-81,-63],[-8,-42],[44,-8]],[[10195,11020],[-35,-76],[-194,28],[-104,47]],[[9862,11019],[-8,15]],[[9854,11034],[124,104],[-18,89],[29,35],[-32,27],[109,47],[18,-9]],[[10084,11327],[104,-26]],[[10188,11301],[-44,-18],[175,-52],[37,-41],[-12,-47]],[[10344,11143],[-18,-23],[-91,-32],[-40,-68]],[[8134,10914],[-42,-22]],[[8092,10892],[-43,28]],[[8049,10920],[52,12],[83,47],[24,169],[-55,17]],[[8153,11165],[84,66],[108,40]],[[8345,11271],[46,-32],[68,-7],[158,28],[62,23],[22,-28],[24,-98]],[[8984,11060],[2,-28]],[[8986,11032],[-146,-30],[-62,-58]],[[8778,10944],[-110,50],[-53,-48],[-60,1]],[[8555,10947],[-28,-33],[-194,-60],[-31,37],[-93,11],[-16,42],[-59,-30]],[[12369,11085],[-168,-24],[-40,-17]],[[12161,11044],[-40,48]],[[12121,11092],[44,20],[119,83],[-19,98],[-125,36],[-83,57]],[[12015,11466],[14,6]],[[12029,11472],[78,26],[98,-42],[109,44],[-3,38],[59,33]],[[12370,11571],[94,10],[63,-27],[122,-81],[38,-55],[92,27]],[[12719,11332],[-142,-75],[-119,-98]],[[12458,11159],[-89,-74]],[[12029,11472],[-40,31],[-74,-35],[-16,57],[51,64],[52,-34],[47,61],[58,36]],[[12107,11652],[66,31],[66,-17]],[[12239,11666],[60,-32],[71,-63]],[[10140,10187],[105,67],[84,73],[26,65]],[[10741,10380],[-97,-49],[-73,-4],[-23,-30],[-94,-12],[-14,-67],[-65,-3],[-110,32],[-125,-60]],[[19115,9062],[-55,14],[-48,-13],[-83,12],[-25,27]],[[19504,15120],[88,31],[128,118]],[[19720,15269],[6,-1]],[[20068,15055],[-63,-38],[-42,6],[-89,-73]],[[19874,14950],[-370,170]],[[24403,15376],[-5,42],[-96,-22],[-50,92]],[[24031,15687],[-24,35],[83,21],[62,46],[74,-36],[37,9],[23,97],[191,-11]],[[24694,15764],[16,-48],[-31,-59],[-5,-56],[-114,-13],[6,-19],[-163,-193]],[[19712,16899],[1,-3]],[[19713,16896],[-9,-96],[27,-69],[136,26],[70,-32],[26,-66]],[[19963,16659],[-1,0]],[[22847,7271],[-43,-12],[-110,14],[8,40],[-66,108],[-110,3]],[[22526,7424],[-58,26]],[[22468,7450],[73,99],[51,-6]],[[22592,7543],[133,13],[146,-38]],[[22871,7518],[-6,-73],[-59,-48],[44,-76],[-3,-50]],[[24455,5642],[-49,41],[-49,107],[18,116],[24,69],[-35,92],[-27,31],[109,19],[4,31],[154,16]],[[24804,6133],[123,-15]],[[24788,5535],[-74,27],[30,93],[-21,75],[-97,-26],[-99,-5],[-72,-57]],[[8104,12941],[-133,-70],[-36,-40],[-47,-8]],[[7641,12987],[80,72],[76,38],[-102,60],[29,50]],[[7724,13207],[107,52],[101,-11],[40,49],[96,-1]],[[8363,13141],[1,0]],[[26244,4064],[1,-5]],[[26239,4028],[-132,-37],[-20,-31],[17,-58],[-31,-22],[30,-61]],[[25972,3760],[-26,33],[-85,18],[52,49],[-42,36],[-75,-17],[-110,34]],[[25686,3913],[-23,34],[77,132],[-48,121],[77,48]],[[25977,4284],[-12,-31],[50,-30],[38,-80],[73,-47],[55,-2],[17,-31],[22,1],[22,0],[2,0]],[[25380,3747],[65,81],[116,103],[73,-41]],[[25634,3890],[42,-27],[-122,-117],[-85,41],[-56,-53],[-33,13]],[[16466,13881],[-44,-4],[-94,34],[-156,-34],[-94,37]],[[15977,14196],[48,37],[12,45],[53,-6],[122,78]],[[16620,14368],[-35,-28],[12,-35],[75,-34],[68,-78],[-36,-25],[101,-41],[93,17],[67,27],[47,-3],[-15,-90],[-39,-25],[42,-36],[-67,-57],[-59,-23],[-93,-8],[-59,-38],[-83,19],[-155,-11],[-18,-18]],[[24311,13846],[-41,-46],[-90,-30],[-106,-3],[-46,137],[-47,51]],[[23981,13955],[2,1]],[[24163,14039],[12,-18],[133,6]],[[24308,14027],[29,-42],[-3,-42],[30,-46],[-85,-22],[32,-29]],[[21714,13468],[-48,3],[-79,-64],[-30,-46]],[[21557,13361],[-56,13],[-69,-69],[10,-16]],[[21187,13501],[-54,42],[-86,-24]],[[21287,13838],[6,3]],[[21293,13841],[86,-20],[147,-93],[79,-20],[76,17],[53,39]],[[21734,13764],[140,-34],[91,24],[88,-16],[33,12],[19,-1],[2,-2],[10,-2],[8,0],[1,-1]],[[22126,13744],[-10,-8]],[[22007,13454],[-117,14],[-176,0]],[[21293,13841],[5,2]],[[21687,13897],[56,-22],[23,-50],[-32,-61]],[[21287,14887],[86,1],[41,-19],[121,-14],[32,-36],[73,21],[142,4],[82,28],[120,-10],[81,-29],[91,18]],[[22253,14835],[-6,-10]],[[22247,14825],[-11,-31],[-103,-6],[-31,-22],[-180,-20],[-63,-45],[-33,27],[-71,-23],[-70,15],[-134,-18],[-49,-39],[4,-44],[-48,-34]],[[21458,14585],[-8,-5]],[[25171,15183],[81,19],[75,39],[49,1],[45,29]],[[25421,15271],[65,1],[114,22],[77,31],[29,38],[76,41],[8,44],[46,30]],[[25836,15478],[146,-91],[72,-56],[130,-62]],[[25377,14842],[-108,67],[-103,44]],[[25166,14953],[40,46],[-20,34],[-133,20],[60,34],[10,87],[48,9]],[[17306,12244],[-54,14],[-20,40],[-106,55],[-114,83],[126,112]],[[12475,13067],[-53,-22],[24,-37]],[[12446,13008],[-32,-19],[3,-67]],[[12417,12922],[-92,-3],[-38,-37],[-52,-10],[-40,55],[-102,73],[-117,40],[-38,74],[114,2],[37,66],[-27,14],[122,91],[54,-44],[52,-72],[131,2],[-44,-36],[98,-70]],[[10570,13099],[10,11]],[[10580,13110],[67,-59],[55,-16],[-36,-37],[35,-35],[140,3],[-61,-94],[70,1],[39,-66],[65,-6],[48,-57]],[[29651,11683],[-4,30],[-57,41],[-30,50],[-61,-5]],[[29499,11799],[-146,51],[52,85]],[[29405,11935],[0,59],[108,21],[112,-56],[67,-51],[97,-45],[24,18],[109,-52]],[[29922,11829],[30,-17]],[[29952,11812],[17,-45],[-31,-28]],[[29938,11739],[-81,-30],[-20,-36],[-136,-8],[-50,18]],[[29928,11121],[65,-16],[183,-7]],[[30176,11098],[8,-72],[58,-94],[-98,-18],[-35,-78],[-72,-39]],[[30037,10797],[-64,54]],[[29973,10851],[-17,67],[-61,37],[17,98],[-16,27],[32,41]],[[32844,8834],[80,-14],[56,-98],[7,-43],[-33,-68],[33,-62],[-56,-41]],[[29559,9980],[-46,17],[103,58],[19,35],[-44,48],[43,14]],[[29634,10152],[3,-3]],[[29870,10072],[4,-5]],[[31324,11965],[3,57],[-47,21],[-26,43],[-72,21]],[[31182,12107],[-45,29],[-15,45]],[[31122,12181],[83,25],[159,97],[36,50]],[[31498,12257],[-22,-45]],[[14853,11364],[-72,-9]],[[14781,11355],[104,166],[-135,3],[-92,39],[123,158],[55,48],[43,72],[89,38],[60,-65],[41,-83],[42,-28],[89,-13],[32,-23],[-62,-40],[83,-58]],[[12444,9762],[34,2],[89,64],[32,71]],[[12599,9899],[156,-105],[128,-124],[19,-40]],[[12902,9630],[-215,-17],[-66,-64]],[[12298,9545],[55,103],[70,73],[21,41]],[[14050,9410],[-28,50],[-76,69],[-81,16]],[[13865,9545],[2,83]],[[13867,9628],[72,34],[-25,35],[85,26]],[[13999,9723],[86,38],[42,-35],[60,-9],[94,24],[41,66]],[[14322,9807],[62,-3]],[[14384,9804],[118,-71],[63,-27],[88,-6]],[[14496,9394],[-41,-46],[-65,0]],[[14390,9348],[-83,43],[-15,57],[-39,25],[-102,-18],[-45,9],[-56,-54]],[[16171,4934],[47,43],[-12,56],[-70,-8],[-95,41],[-5,46],[-53,8],[-24,50]],[[15959,5170],[16,15],[112,15],[67,-6],[155,21],[96,-247]],[[16704,10137],[70,64],[-41,61]],[[16733,10262],[55,25],[30,65],[46,4],[28,38],[154,73],[47,6],[111,40],[28,23]],[[17232,10536],[79,-20],[26,23],[99,-61],[114,-23],[52,-58],[123,-83],[-35,-49]],[[17690,10265],[-82,-50],[-53,-64],[-37,-6],[-61,-48]],[[19263,11478],[7,3]],[[21867,8108],[-120,-19],[-54,-67],[-126,-4]],[[21567,8018],[-75,24],[-38,59],[-34,-7],[-90,31]],[[21330,8125],[108,70]],[[21438,8195],[90,-14],[234,24],[84,-15],[8,-21]],[[21866,8109],[1,-1]],[[23473,10146],[101,102],[-28,45]],[[23797,10126],[-60,-44],[-62,60],[-69,-52],[-100,-13]],[[18724,7424],[-17,17],[27,76],[36,-10],[23,86],[69,91],[91,15],[40,-13],[-35,-66],[12,-21],[188,-7],[61,19],[53,-10],[47,-123],[-80,2],[-55,-31],[-74,79],[-79,-4],[-61,-74],[10,-55],[45,-48],[10,-18],[4,-5],[-25,-27]],[[24446,8718],[-81,-22]],[[24365,8696],[-48,84],[49,9],[6,103],[-15,55],[-56,89]],[[24301,9036],[39,13],[-88,63],[158,10]],[[24918,9049],[3,-3]],[[24921,9046],[-97,-27],[-201,-75]],[[24623,8944],[-27,-43],[-71,-19],[82,-135],[-161,-29]],[[26677,15719],[-61,57]],[[27884,15966],[121,13]],[[27051,15481],[-4,-3]],[[29048,13577],[-14,-32],[-140,7]],[[28653,13771],[3,-1]],[[29080,13792],[-32,-66],[-10,-115],[10,-34]],[[6724,17031],[-23,60],[11,40],[-102,13],[-18,57],[-67,11],[-157,-14],[-50,90]],[[6461,17674],[98,29],[171,22],[56,-239],[110,29],[21,-105],[-24,-44],[145,-66]],[[7038,17300],[-107,-55],[75,-111],[-7,-32]],[[6999,17102],[-97,-79],[-106,-21],[-72,29]],[[7689,14021],[-17,-67],[-43,-17],[13,-65],[-46,-73],[-60,-30],[-129,11],[-68,20]],[[7496,15400],[165,16]],[[7661,15416],[-29,-97],[96,-21],[32,-43],[71,-28],[112,59],[132,20],[104,71]],[[8179,15377],[75,-38]],[[8254,15339],[35,-56],[-52,-89],[53,-22],[67,-89],[50,-108],[-20,-52],[-43,-15],[36,-67]],[[7678,14807],[27,6]],[[8850,13574],[-42,-5],[-161,-92],[-141,56]],[[8418,13685],[-4,0]],[[8414,13685],[5,104],[-25,37],[12,35],[110,50]],[[8516,13911],[69,19],[67,74],[61,28],[28,15],[6,12],[5,3],[2,0]],[[8754,14062],[0,-5]],[[9254,14048],[97,-64]],[[9351,13984],[-58,-63],[41,-66],[-38,-45]],[[9119,13688],[-258,-87],[-11,-27]],[[2174,12759],[-82,53],[-133,44],[-110,95],[-49,99],[46,67],[-129,63]],[[1717,13180],[108,46],[122,74]],[[1947,13300],[120,-107],[27,-72],[107,-68],[-40,-47],[63,-31],[35,25],[50,-12]],[[2309,12988],[2,-85],[-104,-67],[5,-81],[-38,4]],[[29693,720],[104,-67],[104,-9],[79,32]],[[29980,676],[79,-27],[-9,-58],[90,-84],[31,-96]],[[30171,411],[-8,-23],[72,-25],[-42,-29],[-112,-41],[-38,-29],[-44,-84],[-77,-21]],[[32747,511],[-38,-9],[-43,33],[-68,-13],[-90,23],[-108,79]],[[32565,904],[129,-72],[89,-36],[34,-30]],[[27769,1677],[151,26]],[[27920,1703],[37,-72],[48,-34],[106,1],[111,27],[33,65],[61,-41],[119,-19]],[[28435,1630],[64,-22],[14,-54],[238,83]],[[28346,1258],[-122,1],[-19,30],[-144,51],[-43,-54],[1,-40],[-63,-63],[-65,12],[-108,-21],[-75,-30],[-13,68],[-31,21],[-27,96],[45,70],[30,16],[57,76],[145,63],[-44,59],[-101,64]],[[25999,5484],[-4,-2]],[[25995,5482],[-7,4],[-34,-10],[-16,27],[22,31],[56,4],[26,35],[-58,94],[52,37],[27,53],[-19,54],[-93,81]],[[25952,5971],[162,0]],[[29493,6372],[83,-26],[74,-61],[80,-7],[51,-29],[95,-86],[48,-85]],[[15711,13750],[-2,2]],[[16005,13866],[4,1]],[[16009,13867],[6,-1],[13,-2],[49,-2],[67,-39],[84,-20],[-67,-144]],[[13148,17138],[35,-3],[106,55],[185,67],[46,-43],[-35,-51],[-122,-56],[69,-47],[18,-31],[84,33],[41,-18],[198,61]],[[13614,16509],[-117,-19],[-35,5],[-85,-27],[-81,54],[-103,-17],[-113,-2],[-32,67],[-30,13]],[[13018,16583],[-44,58],[-49,20],[-48,54],[51,83],[16,55]],[[13820,15787],[-61,47],[-91,13],[-61,104],[21,46],[-35,99],[14,64],[78,27],[55,-32],[116,-15],[198,39],[115,82],[-29,23],[55,32],[130,-58],[37,-2],[77,-73],[88,19],[32,37],[25,77],[0,82],[-49,-13],[-84,19],[-49,29],[23,29],[-42,30],[80,49]],[[14463,16541],[-23,-37],[115,-66],[154,-70]],[[11413,15952],[23,6]],[[11604,15773],[-107,-59],[-99,-101],[-55,-5],[-30,-48]],[[14424,13182],[125,39],[29,63]],[[14740,13269],[67,-121]],[[29063,11763],[-38,64],[13,65],[-44,37]],[[28994,11929],[67,-10],[75,44]],[[29136,11963],[95,-42],[77,-51],[-38,-66],[-46,5],[-161,-46]],[[16916,9458],[-23,-43],[-103,24],[-142,-48]],[[16615,9379],[-58,38],[104,33],[91,104],[31,98],[-16,29]],[[17281,9629],[3,-9]],[[17284,9620],[-135,-44],[-262,-99],[29,-19]],[[18310,5483],[-27,-11],[-104,24],[-54,-45]],[[18125,5451],[-37,17]],[[18088,5468],[-5,106],[43,77],[45,34],[70,94],[22,66],[-75,10]],[[19596,9547],[85,34],[112,89],[36,57],[-17,54],[93,74],[-52,19],[-24,38],[35,40]],[[19864,9952],[67,33],[131,31],[-16,16],[77,39],[28,4],[-1,5],[13,0]],[[20163,10080],[2,-2]],[[20207,9920],[4,3]],[[20211,9923],[18,-23],[-79,-66],[82,-44],[11,-42]],[[20243,9748],[-86,-30],[-31,-69],[-54,-54],[-89,-61],[-96,0]],[[8796,10718],[9,93]],[[8805,10811],[91,78]],[[8896,10889],[104,-55]],[[9000,10834],[8,-131]],[[17921,11843],[2,3]],[[18484,11543],[-40,-25],[-232,51],[-63,-26],[-79,-5],[-35,-46],[-117,-63],[-28,-49]],[[17890,11380],[-87,-41]],[[17803,11339],[-30,9]],[[21531,16812],[-21,125],[17,34],[183,9],[67,52],[7,44],[37,58],[72,50]],[[22244,16667],[-9,5]],[[22235,16672],[-33,28],[-68,13],[-18,56],[-239,-38],[-177,-46],[-18,-8]],[[22278,18915],[-1,-1]],[[22310,19135],[7,5]],[[22317,19140],[4,12],[-5,9]],[[22316,19161],[26,7],[21,-3],[117,-48],[142,23],[358,33],[70,-17]],[[26178,17724],[120,-211],[143,-37],[-79,-23],[-9,-54],[-104,-18],[-63,-97],[-66,21],[-86,-2],[-10,-31],[-183,-28],[-159,77],[-34,-35],[-508,-72],[-55,5]],[[22235,16672],[-5,1]],[[21159,16835],[65,20],[26,76],[25,13]],[[21275,16944],[34,52],[67,61]],[[21376,17057],[29,3],[208,95],[78,43],[45,2],[106,56],[9,30]],[[19124,15087],[-22,125],[-157,101]],[[18945,15313],[-50,22],[-72,61]],[[18823,15396],[26,6],[1,68],[42,122],[-23,34],[20,51]],[[18889,15677],[90,-42],[30,-30],[60,5],[42,36],[141,-14]],[[19252,15632],[-35,-47],[36,-62],[62,33],[95,14],[159,-102],[-23,-30],[115,-22],[82,-41]],[[19713,15276],[7,-7]],[[19504,15120],[-55,-39],[24,-82],[-82,-60]],[[19391,14939],[-52,4],[-60,33],[-38,-18],[-58,78],[-59,51]],[[24772,7886],[5,-8]],[[24325,7751],[-11,39],[21,47],[-22,34],[26,39],[-15,38],[10,1],[-6,26],[2,15],[2,6],[4,10]],[[24336,8006],[6,0]],[[24419,7356],[112,-76],[75,28],[-44,33],[32,52],[-12,83],[37,23]],[[25129,7284],[13,-36],[-92,-15],[-170,-68],[-27,-44]],[[24853,7121],[-89,-38],[-68,9],[-99,-15],[-39,-20],[-161,6],[-35,-20],[-6,-60]],[[24356,6983],[-60,22],[-46,-6]],[[24250,6999],[-18,-22],[-90,1],[13,44],[83,50],[-16,45],[63,49],[-16,25],[24,109],[120,25],[6,31]],[[22831,6720],[13,49],[-22,53]],[[22822,6822],[7,40]],[[23114,6813],[71,-14],[-38,-67],[159,-139],[-2,-30],[-205,-14],[-175,15],[-99,86],[6,70]],[[29914,13670],[82,106],[-35,54]],[[29961,13830],[39,32],[13,50],[55,12],[71,-51],[4,-33],[-67,-8],[41,-51],[8,-50],[-31,-58],[41,-29],[97,29],[34,-16],[-46,-51],[44,-24],[-57,-60],[-51,-12],[-120,39]],[[26021,13457],[36,-12],[73,16],[23,-23],[2,-77],[57,-48],[-13,-22],[-132,-13],[-117,11]],[[27829,13274],[-109,39],[-78,7],[-30,44]],[[27612,13364],[89,36],[21,49],[-26,48],[-42,25],[-40,40],[-19,23],[-3,2]],[[27592,13587],[2,0]],[[28107,13703],[5,0]],[[28310,13454],[-37,-48],[-222,-179]],[[27612,13364],[-25,15],[-97,-46],[-52,14],[-27,46],[-132,90],[-44,87]],[[27583,13587],[9,0]],[[26640,16034],[-38,73],[75,24],[88,186],[113,33],[13,16]],[[26891,16366],[58,-6]],[[26949,16360],[116,-58],[-86,-72],[34,-70],[136,-78],[9,-63]],[[25171,15183],[-26,63],[-121,25],[-33,-20],[-182,-25]],[[24809,15226],[-43,77],[-101,100],[-62,-31]],[[24603,15372],[-172,-38],[-28,42]],[[25536,15881],[5,-59],[90,-37],[103,-20],[66,25],[132,-1],[48,30],[124,11],[47,-32],[75,6]],[[26226,15804],[141,15],[59,-22]],[[26426,15797],[-102,-53],[-73,-63],[4,-34],[-104,-15],[-87,-32],[-129,-13],[-132,-84]],[[25803,15503],[-50,20],[-138,-16],[-160,17],[-74,-22],[-14,-47],[24,-137],[30,-47]],[[9496,12902],[-86,51],[10,77]],[[30890,1948],[-96,24],[-74,-6],[-106,32],[-36,-4]],[[30578,1994],[-19,54],[14,79]],[[30573,2127],[-2,38],[47,34],[-87,123],[-3,85],[115,28],[38,64]],[[30681,2499],[63,19]],[[30744,2518],[58,-56],[-6,-45],[68,-75],[60,-6],[55,-48],[-66,-115],[38,-43],[-17,-59],[-67,-72],[23,-51]],[[24784,12538],[78,130],[55,73],[-1,40],[85,61]],[[25138,12787],[44,-11],[-29,-55],[17,-32],[-135,-43],[-205,-128]],[[16563,12318],[-61,52],[-87,129]],[[16415,12499],[129,-32],[47,21],[-50,39],[26,33],[-94,66],[-15,43],[26,54]],[[16484,12723],[218,85]],[[17216,12028],[-7,2]],[[16046,12828],[-2,-35],[60,-35],[-162,-37]],[[15942,12721],[-33,27],[-83,-24],[-44,44],[-80,31],[-51,-14],[-114,43],[67,31],[44,-12],[125,56],[192,-35]],[[12089,13782],[-47,18],[-39,-34],[7,-94],[-81,-38],[-25,44],[-82,18],[15,46],[-52,18],[-25,55],[35,57],[100,83],[58,35],[57,-4],[-62,-53],[87,-54],[105,-37]],[[16247,17955],[525,422],[-12,-189],[-8,-239],[215,6],[159,-43],[8,-71],[60,-19],[-577,-44],[-91,-1],[-37,-25],[-276,21],[2,19]],[[14713,14589],[2,1]],[[14793,14843],[122,-26],[13,12],[131,-32],[69,-57],[-55,-46]],[[15073,14694],[-81,-47],[-32,-77],[-92,-32],[-49,33],[-38,-17],[-68,35]],[[26412,11711],[53,24]],[[26465,11735],[171,29],[23,-28],[-39,-49]],[[26620,11687],[-72,-27],[-40,-39]],[[26508,11621],[-106,70],[10,20]],[[30114,10637],[-11,107],[-66,53]],[[30176,11098],[124,25],[76,65],[7,34],[54,11],[69,-58],[80,13]],[[30586,11188],[95,-19]],[[30652,11062],[-34,-39],[-72,1],[-48,-37],[9,-54],[-23,-26],[104,-69]],[[29928,11121],[-39,31]],[[29955,11421],[6,34],[118,51],[-13,21]],[[30066,11527],[45,86],[-57,5],[-46,45],[-51,10],[37,47]],[[29994,11720],[182,-64],[76,31],[163,15],[60,-12],[184,-17]],[[30659,11673],[74,-28],[-57,-65],[78,-5],[116,26],[71,52],[51,59],[28,-9]],[[31020,11703],[30,-90],[-47,-52]],[[31003,11561],[-84,-20],[-106,-55],[-68,-14]],[[30745,11472],[-70,12],[-60,-21],[-31,36],[-83,-46],[82,-77]],[[30583,11376],[-20,-27],[-134,-29],[39,-20],[73,-83],[45,-29]],[[35883,8023],[142,-17],[54,48],[-8,24],[42,46],[99,-23],[70,3],[38,-78],[59,-30],[94,-15],[-26,-48],[53,-40]],[[36500,7893],[84,-31],[26,-67],[-65,20],[-74,-10],[-24,-27],[-85,-6],[-91,21],[-194,24],[-120,-164],[-56,14],[-49,-32],[-107,19],[-30,-18]],[[34723,8126],[-74,52],[-228,53],[-30,40]],[[34391,8271],[-2,54]],[[34389,8325],[177,-1],[42,35],[-64,23]],[[35284,8534],[103,-95],[7,-51],[119,-178],[-2,-19]],[[16321,8847],[-14,-2]],[[15923,9223],[-73,19]],[[15908,9240],[196,14],[85,-31]],[[16298,9062],[19,-78],[4,-137]],[[17568,9717],[2,1]],[[17690,10265],[94,-49],[46,-83],[43,-32],[75,-24],[237,-154],[34,-55]],[[18219,9868],[-133,-43]],[[15384,10340],[1,-2]],[[15269,10424],[32,135],[65,46],[157,71],[95,-12],[88,50]],[[15821,10675],[7,-41],[37,-26],[29,-131]],[[13017,11761],[-52,47],[8,21],[-78,52]],[[13126,11962],[52,-12],[103,24],[152,-15],[23,13],[118,-79],[-106,-67],[-33,-34],[-87,-13],[-178,-58]],[[24570,19432],[63,34],[9,71],[50,29],[3,52],[-35,55],[35,77],[59,29],[57,65],[108,56],[70,-8],[-23,-72],[78,-82],[333,4],[256,-402],[-94,-91],[-66,-77]],[[22880,9937],[37,43],[52,18],[-35,65]],[[22934,10063],[136,20],[67,31]],[[23137,10114],[1,-2]],[[21318,10736],[204,132],[109,-65],[-68,-53],[42,-23],[55,58],[57,-71],[29,-70],[52,-54],[-110,-34],[20,-46],[-46,-46],[-91,-35]],[[21571,10429],[-3,-6]],[[21568,10423],[-48,36],[-58,3],[20,153],[-74,30],[-115,69],[16,14]],[[22871,7518],[12,27],[124,36],[19,88]],[[23026,7669],[93,51],[44,-47],[72,32],[43,-3]],[[23278,7702],[-2,-35],[86,-30],[-2,-33],[-43,-26],[99,-77],[-118,-76],[-125,-17],[-95,-112],[-158,-55],[-73,30]],[[22181,7687],[-7,-38],[27,-39],[-5,-63],[31,-21],[-4,-57],[84,10],[89,-34],[72,5]],[[22526,7424],[2,-63],[-87,-54],[0,-52],[-67,-36],[-67,-9],[-72,-36],[20,75],[-23,14],[-136,-16],[-28,12],[15,160],[-25,45],[-106,59],[76,67],[153,97]],[[26534,12472],[-23,-54],[-103,-71],[-27,-51],[-213,51],[27,26],[-37,60]],[[9592,13270],[2,0]],[[9017,13302],[-41,44],[-18,50],[-87,114],[-21,64]],[[9596,13399],[-17,-102]],[[33389,7197],[-3,26],[-63,63],[-2,70],[-47,36]],[[33274,7392],[69,23],[60,-8],[138,46],[71,-4],[80,34],[44,55],[-11,28]],[[33725,7566],[25,23],[79,-7],[36,-22],[181,65],[42,30]],[[34088,7655],[13,10],[273,65],[19,-29],[-116,-45],[1,-18],[94,-104],[15,-29],[-131,-63],[60,-37],[77,-5],[26,-28]],[[34419,7372],[20,-37],[-21,-61],[-145,-23],[-11,-109],[11,-29]],[[34273,7113],[-168,-60],[-156,-14],[-25,-65],[-48,-39],[-123,11],[-77,-30]],[[33676,6916],[-71,57],[-66,22],[-80,8],[-28,51],[12,37],[-73,52],[19,54]],[[30486,1386],[49,53],[-110,37],[-67,70],[65,17],[78,44]],[[30501,1607],[36,4],[89,-81],[1,-50],[-44,-17],[74,-81],[47,-5],[81,-85],[54,-5]],[[19084,13824],[80,77],[-14,14],[91,62],[16,29]],[[19284,14014],[210,32],[18,-50],[36,-34],[24,-97],[-5,-82],[22,-65]],[[19589,13718],[-216,-18],[-83,14]],[[19290,13714],[-23,27],[-128,68],[-55,15]],[[22154,14914],[-10,-2],[-26,-3],[-83,-3],[-129,2],[-3,169],[-9,149]],[[21894,15226],[2,45],[71,24]],[[21967,15295],[151,-27]],[[22154,14915],[0,-1]],[[21040,13197],[4,0]],[[21242,13148],[-23,-36],[-52,-16],[78,-46],[35,-48],[-61,-43]],[[21219,12959],[-33,0]],[[16252,12483],[-45,-11],[55,-51],[17,-77],[42,-69],[34,-20]],[[16073,12309],[17,180],[-68,43],[71,31],[103,-17],[56,-63]],[[23698,13830],[21,36],[134,1]],[[23853,13867],[55,-89],[-44,-58],[2,-33],[98,-44]],[[23964,13643],[-32,-47]],[[22723,13606],[-3,-1]],[[22187,13757],[104,121],[-8,45]],[[22283,13923],[99,-8],[129,10]],[[22511,13925],[70,7],[56,-44],[-11,-67],[10,-61],[58,-35],[8,-99],[21,-20]],[[14264,13768],[-38,73],[-15,63],[86,19],[30,-28],[148,80],[62,-43],[61,15],[48,-30]],[[14646,13917],[-110,-42],[-33,-43],[-118,-21],[-60,11],[-61,-54]],[[13540,14007],[8,48],[42,4],[99,38]],[[13689,14097],[-1,-3]],[[13747,13842],[-77,-26],[-30,34],[4,54],[-104,103]],[[34790,11943],[-50,24],[-62,-8],[-140,11]],[[34538,11970],[96,98],[-20,39],[86,37],[87,13],[90,94],[46,24],[31,-48],[48,-12],[30,96],[50,-22],[113,-25]],[[35195,12264],[17,-40],[-68,-34],[57,-43],[-78,-62],[-77,-24],[-84,2]],[[34962,12063],[-69,-14],[-41,-59],[-62,-47]],[[31590,10982],[-39,51]],[[31551,11033],[77,92],[56,6],[81,-46],[91,-34],[120,-6]],[[32225,11050],[40,-73]],[[32265,10977],[42,-123],[-53,-51]],[[32254,10803],[-5,-41],[-79,21],[-74,-31],[-29,58],[-141,93],[-36,-11],[89,-73],[-54,-53],[35,-58],[-21,-36],[-114,18],[-68,23],[-65,-35],[-68,6],[-47,48],[127,75],[-50,91],[25,53],[-89,31]],[[32205,11341],[8,3]],[[32213,11344],[46,-40],[83,-140],[-72,-10]],[[32272,11123],[57,-27],[194,60]],[[32488,11058],[-89,-26],[-134,-55]],[[31081,12213],[-70,-38],[-67,42],[-55,-17],[-34,40],[-67,3]],[[30788,12243],[-105,44],[-113,-26]],[[30570,12261],[7,28]],[[30577,12289],[74,53],[70,23],[62,42],[77,-12],[9,40]],[[30869,12435],[154,3],[38,-17],[30,-75],[58,-52],[-68,-81]],[[30648,10781],[-2,5]],[[30643,10806],[-2,2]],[[30641,10808],[61,35],[83,2],[47,66]],[[30832,10911],[102,-2],[4,70],[148,45],[44,-1]],[[31389,10955],[-69,-32],[-22,-40],[-126,-37],[-2,-27],[-105,-68]],[[25513,10317],[-2,3]],[[25296,10328],[-193,40],[32,33],[77,33],[54,56],[125,78],[48,65]],[[25729,10729],[-42,-22],[17,-50],[-36,-10],[53,-129],[-35,-9],[38,-58]],[[36559,9009],[9,-1]],[[36781,8971],[-39,-19],[80,-44],[71,11],[87,-52],[71,8],[105,-51],[125,-167],[75,-78]],[[37268,8435],[-40,27],[-146,-1],[-50,-56],[-169,-17],[-100,18],[-31,-21],[-100,65],[-120,-20],[-102,-4]],[[36410,8426],[38,96],[-99,-8],[-28,56],[116,111],[-20,74],[43,139],[35,61],[64,54]],[[12550,12226],[-58,16],[44,38],[-10,39],[-50,4],[-54,62],[-72,23]],[[12350,12408],[4,8]],[[12344,12506],[104,0],[103,17],[197,4],[27,-53],[101,-25],[60,12],[34,-20]],[[12970,12441],[-82,-34],[-64,1],[17,-105],[120,-26]],[[10280,10036],[38,39],[-49,38],[-123,5],[-53,67]],[[10093,10185],[47,2]],[[10760,10380],[41,-35],[-58,-55],[-50,-11],[-21,-42],[82,-3],[56,-45],[14,-45]],[[10824,10144],[0,-49],[-41,-22]],[[10783,10073],[-12,-11],[-163,4],[-38,-70],[23,-28]],[[10593,9968],[-68,-27],[-128,-1],[-20,33],[-62,20],[-35,43]],[[13537,11256],[92,-73]],[[13639,10971],[-108,41],[-42,-29],[-40,26]],[[11645,8801],[-6,5]],[[11838,9003],[1,-3]],[[7832,10295],[-72,69],[47,43]],[[7807,10407],[2,84],[79,71],[-14,43],[46,54]],[[7920,10659],[39,10]],[[7959,10669],[135,5],[137,-12]],[[8231,10662],[-43,-108],[-80,-148],[-57,-46],[24,-34]],[[14445,9148],[-36,43],[-59,-19],[-59,32],[-4,58],[26,79],[77,7]],[[7316,12208],[13,43],[-86,38],[-86,-2]],[[7157,12287],[11,52],[42,34],[77,107],[6,53],[181,11]],[[7643,12574],[178,-159],[-6,-30],[62,-48]],[[7320,12207],[-4,1]],[[18844,13748],[-48,-44],[57,-48]],[[18705,13547],[12,21],[-130,98],[-40,47],[-76,125]],[[18945,15313],[-81,-69],[-154,-44],[-86,-5],[-66,-46],[-72,-11]],[[18376,15433],[41,-33],[198,8],[65,-15],[68,33],[75,-30]],[[20771,7796],[71,77],[82,52],[61,21]],[[20985,7946],[36,-33],[223,12],[36,-7],[86,61],[64,-33],[-2,-37],[40,-25],[80,2],[-4,-55],[-38,-30],[26,-44],[-107,-21],[-15,-43],[-72,1],[-74,-39],[-104,26],[-72,1],[-97,23],[27,56],[-14,34],[-90,-14],[-143,15]],[[26486,9787],[3,0]],[[26918,9366],[-49,-4],[-85,27],[-79,-5]],[[22493,10747],[-149,-99],[-134,-29],[17,-54]],[[22137,10639],[-157,96],[-26,53],[-63,5],[38,49],[113,31],[51,64]],[[24419,7356],[-44,35],[-56,1],[2,68],[-55,53]],[[27267,16438],[-70,59]],[[27197,16497],[12,16],[-9,98]],[[27788,16839],[122,-52],[265,59],[246,-51],[29,-69],[100,-51],[38,59],[98,-64],[104,87],[54,3],[105,-30]],[[28552,16357],[-5,-2]],[[28547,16355],[-46,-12],[-129,17],[-38,28],[-155,35],[-39,53],[-110,-59],[-167,10],[-596,11]],[[5200,17352],[-4,-1]],[[4929,17877],[263,120]],[[7901,16016],[281,-119],[133,-25],[179,-118],[1,-25],[176,-53],[113,-24],[3,-72],[110,-3]],[[8897,15577],[150,-77],[-18,-39],[-75,-45],[-99,15],[-37,-24],[0,-57],[-106,-35],[-70,31],[-146,-67],[-109,-11],[-54,66],[-19,55],[-60,-50]],[[8179,15377],[-91,1],[-32,48],[40,40],[-83,91]],[[8013,15557],[24,53],[-99,107],[49,31],[95,94],[-198,161],[-29,35]],[[27920,1703],[42,15],[28,52],[-14,33],[28,41],[59,22],[53,80],[76,63]],[[28192,2009],[30,14],[9,55],[30,28],[-39,79],[18,27],[118,-3],[25,12],[105,-9]],[[28505,2196],[8,-49],[75,-18],[-56,-71],[72,-24],[-8,-64],[-74,-30],[-25,-44],[7,-47],[34,-35],[-70,-78],[-33,-106]],[[27200,2338],[14,15],[-42,72],[16,47],[-86,46],[64,23],[65,-3],[49,88]],[[27942,2819],[-85,-39],[-180,-318],[65,14],[36,-24],[-22,-57],[36,-37],[-64,-63],[78,-49],[-4,-72],[108,29],[103,-74]],[[28013,2129],[-75,-22],[-73,19],[-75,-63],[-157,-15],[-110,27],[-44,-47]],[[25898,3095],[-68,-53]],[[25830,3042],[-63,19],[-83,-41],[-15,-44],[32,-77],[-34,-55],[-77,-40],[-28,64],[31,36],[-50,161]],[[25543,3065],[-97,100],[12,85],[55,46],[-19,71],[44,14],[-40,50]],[[25498,3431],[65,-29],[89,-16],[-9,-30],[89,-16],[74,-34]],[[25806,3306],[109,-73],[10,-51],[-27,-87]],[[19084,13824],[-126,-9]],[[15602,13474],[-8,17],[-21,32],[-6,10],[1,0]],[[15568,13533],[1,-1]],[[15970,13454],[-148,46],[-89,-22],[-131,-4]],[[16326,12713],[-47,4],[-14,63],[-78,67],[-12,1],[-7,-2],[-10,-1]],[[16158,12845],[-14,10]],[[16491,12891],[-54,-26],[42,-74],[-102,-61],[-51,-17]],[[16574,13611],[-33,-30]],[[16009,13867],[2,0]],[[16466,13881],[163,-44],[-14,-54],[39,-66],[-80,-106]],[[24805,14669],[-48,91],[-28,86],[-23,20]],[[24706,14866],[71,25],[-2,37]],[[24775,14928],[65,14],[73,-10]],[[24913,14932],[76,-39],[49,-84],[-100,-83],[-133,-57]],[[17587,12588],[3,-12]],[[17365,12825],[138,-38],[32,-24],[69,-2]],[[11624,15266],[-26,59],[-62,29],[-99,23]],[[12016,16129],[130,-173],[-1,-69],[-98,-103]],[[12047,15784],[-13,-30],[27,-46],[-87,-107],[28,-56],[57,-51]],[[12059,15494],[-62,-36],[-28,-43],[-48,-17],[10,-48],[73,-14],[30,-27]],[[12034,15309],[6,-13]],[[12040,15296],[4,-34],[-46,-102],[-31,-17]],[[11967,15143],[-88,19],[-150,11],[-87,53],[-18,40]],[[11356,14568],[-30,111],[-72,81],[13,16],[-61,71],[121,108],[104,29],[0,17]],[[11431,15001],[95,-22],[106,-81],[-9,-43],[75,-33]],[[11698,14822],[-86,-59],[-37,-48],[-97,-50],[-55,-77]],[[12216,15212],[-71,60],[-28,-23],[-77,47]],[[12034,15309],[90,23],[43,68],[-108,94]],[[12059,15494],[63,-2],[135,33]],[[12476,15336],[-103,-13],[-116,-44],[4,-33],[-45,-34]],[[34343,12329],[-87,85]],[[34256,12414],[12,22],[-90,39],[-65,-17],[-57,43]],[[34056,12501],[-92,60],[13,45],[143,22],[47,20],[112,-15],[59,-27],[-10,-27],[104,-18],[148,-4],[150,21],[63,-18]],[[34712,12406],[-192,-56],[-67,29],[-49,-10],[-61,-40]],[[37107,7950],[51,21],[36,74],[5,50],[85,15],[78,-26],[79,36]],[[37666,8134],[-118,-17],[24,-48],[-40,-30],[-27,-56],[-59,-17],[26,-34],[-33,-45],[70,-72],[-30,-39],[-128,-84],[-41,12],[-56,-29],[-76,30],[-134,-58],[-81,-5],[-187,-52],[-31,6],[-68,-35]],[[36677,7561],[15,33],[-55,84],[3,29],[97,103],[87,25],[117,6],[159,81],[7,28]],[[29464,11631],[-17,64],[52,104]],[[29651,11683],[14,-42],[-12,-58]],[[29653,11583],[-10,5]],[[32251,11456],[-110,58],[-53,68],[-35,69],[-141,1]],[[31912,11652],[-1,1]],[[31911,11653],[-8,58]],[[31903,11711],[97,18],[-8,57]],[[31992,11786],[12,30],[108,-66]],[[32112,11750],[166,-72],[108,-33],[-46,-96],[15,-30],[-28,-69],[-76,6]],[[31825,11360],[-26,24]],[[31791,11412],[68,15],[15,46],[95,54],[42,40],[-13,37],[-86,48]],[[32251,11456],[-39,-43],[1,-69]],[[12393,9933],[-71,5],[-72,45],[-164,36],[-44,31]],[[12023,10222],[-28,19],[72,65],[73,33]],[[12140,10339],[153,-61],[41,-44],[104,-21],[173,7],[57,11],[73,46]],[[12821,10198],[1,-2]],[[12822,10196],[-14,-13],[-16,-20],[-21,-42],[-14,-68],[-58,-58],[-76,-48]],[[12623,9947],[-38,39],[-77,13],[-40,-40],[-75,-26]],[[18668,10121],[-42,-30],[31,-57],[-62,-12],[-37,-32],[-109,56],[12,36],[-182,56],[68,37],[72,72],[-98,65],[10,33],[110,-84],[25,15],[181,-98]],[[9854,11034],[-89,5],[-94,58],[-64,-10],[-46,21]],[[9561,11108],[-33,49],[20,35],[-103,159],[45,48]],[[9490,11399],[65,4],[53,-17]],[[9608,11386],[66,-70],[55,39],[127,21],[121,64],[-14,23],[64,43]],[[10027,11506],[63,5],[30,-60],[120,-45],[-156,-79]],[[16880,11264],[-40,27],[15,51],[60,65],[54,25],[-76,34],[43,53],[-32,22],[4,50],[-44,7]],[[17616,11334],[-86,-48],[-96,-23],[-75,-45],[-66,-12],[-13,-43]],[[22326,20078],[70,-10],[52,-53],[125,9],[180,-57],[9,-49],[36,-60],[165,-11],[27,-35],[-6,-57],[-27,-48],[-9,-68],[79,-21],[-62,-30],[-42,13],[-51,-66],[-51,-22],[13,-65]],[[22834,19448],[12,-61]],[[22846,19387],[-9,-1],[-31,22],[-55,40],[-9,8],[-22,14]],[[22720,19470],[-89,55]],[[22631,19525],[-142,-15],[-9,6],[-19,10],[-19,10],[-15,9]],[[22427,19545],[-17,10]],[[22410,19555],[-17,7]],[[21550,17432],[5,-2]],[[21555,17430],[-26,-85],[-129,-55],[0,-39],[-40,-58],[16,-136]],[[21275,16944],[-22,65],[-40,-18],[-28,68],[-79,19],[-133,-6],[-41,21],[-7,74]],[[21967,15295],[-44,20]],[[21923,15315],[123,85],[73,72],[-58,13],[66,57],[38,90],[-28,49],[66,55],[15,-9],[14,2],[21,-5],[5,0],[2,1]],[[22260,15725],[-2,-2]],[[24326,5315],[67,44],[46,56],[35,179],[-19,48]],[[22582,6811],[22,-16],[139,0],[79,27]],[[22831,6720],[-179,-166],[-101,-44]],[[23731,8567],[-1,2]],[[23730,8569],[4,-2],[12,-2],[17,-5],[13,-5],[16,-60],[72,11],[43,-13],[67,25],[-14,47],[78,-15],[126,17],[41,46],[-65,23],[34,30],[78,3],[48,-27],[65,54]],[[24446,8718],[51,-42],[34,-64],[5,-10],[21,-40],[9,-17],[6,-12],[2,-6],[4,-5]],[[24578,8522],[-5,1]],[[25140,6739],[26,-46]],[[25102,6477],[-180,-128],[-145,57],[-92,77],[-21,-3]],[[24661,6479],[-78,88],[10,34]],[[24593,6601],[17,49],[180,53],[3,72],[-46,76],[50,42],[12,63],[176,41]],[[24985,6997],[71,-32]],[[25056,6965],[-15,-67],[18,-54],[-27,-11],[-13,-81],[56,8],[65,-21]],[[28053,13880],[2,12]],[[28055,13892],[156,-36]],[[30622,15084],[-132,69],[36,20],[-43,43]],[[2596,16696],[-57,-92],[-9,-38],[28,-36]],[[2558,16530],[-27,-11]],[[2121,16425],[-21,67],[168,9],[-80,58],[4,61],[30,40],[-14,78],[112,44],[68,-67],[82,26],[38,-51],[52,-20],[36,26]],[[1063,15030],[30,-109],[-21,-25],[57,-88],[67,-14],[41,-42],[2,-55],[-86,-60],[-29,-51],[-67,-44],[-111,-41],[-72,32],[-76,142],[-144,172],[34,33]],[[2932,13772],[2,-18]],[[2360,13648],[53,70],[-21,104],[14,67],[-62,39],[-66,-6]],[[2713,14062],[34,12]],[[32029,970],[-60,66],[41,30],[-6,32],[-48,31],[-83,16]],[[31966,1264],[73,5],[66,-21],[55,34],[144,-15],[93,-48],[97,-1],[74,-37],[-31,-26],[47,-39],[-29,-63],[-96,6],[-27,-56],[-61,-32]],[[23016,15150],[4,1]],[[23947,15391],[-37,-73],[15,-91],[-33,-11],[13,-55],[-61,-20],[42,-77]],[[23886,15064],[-41,-28],[-201,-26],[-33,-22]],[[23611,14988],[-73,-18],[-80,8],[-119,-15],[-14,-36],[-122,-20]],[[17032,13227],[-39,44],[47,52],[-45,28],[-7,46],[51,21],[45,-26],[53,46],[-92,35],[-78,-21],[-91,9],[-5,37]],[[16871,13498],[37,22],[33,72],[-10,26],[66,94]],[[16997,13712],[86,-11],[21,-57],[89,21],[80,-30],[107,48]],[[17380,13683],[3,-4]],[[17051,13238],[-19,-11]],[[19211,13678],[-1,0]],[[19210,13678],[8,12],[19,23],[53,1]],[[19589,13718],[158,18],[92,20]],[[16644,16933],[-1,6]],[[16643,16939],[18,60],[56,27],[-7,62],[89,22],[-43,39],[72,18],[-99,66],[-132,55],[-25,50],[29,29],[66,18],[43,-13],[132,-1],[68,-20],[54,37],[171,9],[44,-19],[-14,-49],[69,-67],[48,-10],[82,-96],[-58,-53],[88,-68],[1,-31],[-93,-31],[-123,-20],[-109,-41],[-138,101],[-104,-14],[-184,-66]],[[11001,14149],[-78,-16],[-19,-74]],[[10248,14044],[-23,30],[74,28],[58,-3],[111,66]],[[10468,14165],[101,-67],[40,18],[81,103],[64,23],[78,-16]],[[12729,12901],[-35,-41],[-66,-38],[-72,7],[-68,58],[-71,35]],[[12446,13008],[60,1],[81,-52],[185,27]],[[11431,15001],[-32,9],[-67,83]],[[11332,15093],[82,48],[8,23],[76,43],[50,10],[76,49]],[[11967,15143],[79,-49],[-29,-51],[-126,14],[-62,-38],[5,-54],[-84,-99],[-52,-44]],[[13361,13080],[-51,-11]],[[13170,13027],[15,28],[-91,15],[-53,31]],[[32627,10999],[26,-54],[-154,-70],[-245,-72]],[[29057,10473],[13,46],[-69,12],[-61,30],[-29,95],[-33,15]],[[29423,10744],[89,-32],[53,-41],[-14,-172]],[[29551,10499],[-97,-53]],[[29454,10446],[-51,-1],[-159,-54],[-39,45],[-104,9],[-44,28]],[[12579,12092],[-98,20],[-82,-51],[-63,8],[-55,25],[-15,-6],[-14,-6]],[[12252,12082],[-14,12]],[[12339,12400],[11,8]],[[7400,10404],[127,16],[149,6],[37,21],[94,-40]],[[7869,10153],[-76,61],[-160,17],[-161,54],[-15,61],[-57,58]],[[16818,5170],[-58,4],[4,44],[-25,79],[10,76],[-25,30],[-74,7],[3,57],[90,-5],[36,27],[101,4]],[[16880,5493],[58,6],[20,-56],[-71,-108],[46,-44],[24,-81],[-57,-40],[-82,0]],[[9608,11386],[24,44],[60,38],[75,-15],[56,57],[58,7],[24,70],[115,-65],[7,-16]],[[19715,10281],[37,10]],[[20016,10359],[4,1]],[[20025,10273],[-7,-69],[-76,-36],[-175,-21],[11,90],[-67,9],[1,15],[-13,14],[14,5],[2,1]],[[12662,10426],[-140,-1],[-72,-24],[-30,84],[53,82],[-82,49],[27,97],[34,13],[46,64],[44,29],[12,54],[-23,20],[58,39],[1,74],[-145,-49]],[[12445,10957],[-54,26],[69,56],[-91,46]],[[12458,11159],[47,-4],[96,-56],[11,-25],[89,25]],[[12701,11099],[92,-28]],[[22631,19525],[62,-39],[27,-16]],[[22720,19470],[1,0],[45,38],[58,-10],[10,-50]],[[22834,19448],[0,-1],[1,-4],[1,-8],[1,-4],[4,-19],[4,-20],[1,-5]],[[22846,19387],[-10,-10],[37,-113],[-250,44],[-142,15],[-27,29],[-126,-9],[-51,-16],[-4,-102],[31,-51],[15,-7],[-3,-6]],[[22317,19140],[-7,-4],[1,-4]],[[22311,19132],[-3,-1],[-1,0],[-3,-2]],[[22276,19138],[-4,0],[-2,-2],[-3,-1],[-4,-2],[-2,-4],[-11,-1],[-4,6],[-1,3]],[[22245,19137],[-1,1],[1,1],[-5,21],[-30,10],[-4,-11],[0,-10],[-6,1]],[[22200,19150],[-4,2],[-8,-1],[-4,3],[-2,-2]],[[22182,19152],[-2,-3],[-2,-3]],[[22172,19140],[-6,-2],[-25,-14],[-26,5],[-28,25],[-21,5]],[[22011,19164],[-6,2],[-4,0],[-1,0]],[[21933,19183],[-4,-6],[-3,-5],[-13,-8]],[[21885,19157],[-57,-3],[-1,10],[-42,25],[-108,-48],[-14,5],[-21,6],[-16,6],[-4,2],[-85,32],[1,1]],[[21556,19201],[6,3],[7,4]],[[21751,19257],[1,0],[3,0],[4,0],[8,0]],[[21780,19258],[7,0],[5,0],[4,0]],[[21808,19258],[6,0],[8,1]],[[21820,19246],[6,0],[11,2]],[[21883,19258],[8,-4],[7,-4],[8,-3],[34,-4]],[[22041,19277],[18,21]],[[22076,19306],[3,0],[21,1],[2,-2],[44,-15],[-11,36]],[[22135,19326],[23,9],[60,-4],[21,8],[-9,21],[-7,2]],[[22215,19366],[0,2],[0,4]],[[22220,19376],[-18,11],[-19,71]],[[22221,19479],[68,30],[-17,57],[54,60],[11,1],[50,-56]],[[22410,19555],[5,-3],[12,-7]],[[20731,12004],[-15,-90]],[[20716,11914],[-125,-30],[-34,-28]],[[20557,11856],[-43,-2],[-137,53],[-47,-10],[-144,19],[-25,-9],[-277,71]],[[20838,11869],[-74,-16],[-48,61]],[[18035,17185],[-185,-98],[-13,-39],[-67,-29],[-35,79],[-85,-28],[-44,75],[86,7],[-55,72],[-54,123],[-33,180],[-43,11],[-9,92],[97,21]],[[25047,8925],[-7,-3],[-38,-10],[-28,-14],[-26,-52],[-68,-17],[-103,5],[-66,-21],[-70,69],[35,18],[-53,44]],[[24921,9046],[4,-3]],[[25046,8925],[1,0]],[[25056,6965],[103,9],[176,29]],[[25335,7003],[79,2],[122,39],[79,-43],[10,-44],[85,7],[41,-52],[35,-89],[-94,-41],[-6,-43],[28,-70],[-101,15],[-88,-30],[-55,-1],[-99,25],[-6,58],[-56,59],[-169,-56]],[[24563,6599],[-172,-11],[-168,-19],[-88,-31]],[[24135,6538],[-16,74],[-30,23],[88,57],[-82,60],[-53,-2],[-27,39],[46,55],[61,8],[31,48],[66,21],[53,48],[-22,30]],[[24356,6983],[98,-139],[-92,-30],[-45,-30],[43,-49],[148,-10],[7,-68],[-44,-34],[92,-24]],[[21065,7170],[-6,86],[-49,8],[0,40],[36,36],[8,103],[108,12],[176,0],[26,-41],[143,51],[115,1],[136,-38],[15,-40],[65,-56],[-8,-84],[-28,-28],[-54,29],[-125,-57]],[[25594,8676],[-86,56],[51,28]],[[25887,8862],[70,-46],[-46,-24],[105,-61],[58,19]],[[24985,6997],[11,50],[-72,67],[-71,7]],[[25470,7163],[-67,-26],[23,-76],[-91,-58]],[[6301,14928],[-4,3]],[[6297,14931],[32,16],[170,11],[60,36],[51,-1],[78,-34],[85,12],[7,9],[25,22],[6,3]],[[6297,14931],[-1,-2]],[[6419,15188],[183,94],[105,-5],[14,-53],[102,-5]],[[3179,13540],[-14,44],[99,9],[-15,43],[52,16],[53,-24],[-6,73],[-64,28],[-95,64]],[[3418,13816],[32,-22],[15,-56],[103,1],[-46,-47],[-5,-48],[169,-10],[-9,52],[206,85]],[[4092,13526],[0,-2]],[[3457,13317],[-52,33],[-62,-23],[-95,63]],[[2763,13006],[-60,73],[-70,26],[-148,105]],[[2485,13210],[65,35],[31,64],[4,56]],[[32338,4634],[-90,-19],[-72,44],[-82,-23],[-26,58],[-49,-12],[-73,71],[-83,32],[-43,44],[-19,52],[69,36],[26,31],[80,14],[18,39],[-27,44],[13,35],[83,-21],[27,34],[-83,9],[21,116],[64,52],[-56,36],[8,32],[77,26],[77,10],[53,58],[44,-47],[53,-11],[39,-39],[167,31],[-19,-78],[-44,-4],[37,-70],[65,-12],[15,-52],[-34,-32],[59,-28],[80,40],[74,-10],[7,-85],[29,-38],[62,-30],[26,-35],[70,-9],[-8,-73],[-68,-58],[-83,-13],[-50,-28],[-81,-17],[1,-66],[-41,-18],[-63,7],[-41,27],[-105,-47],[-49,17],[-55,-20]],[[33176,6397],[-56,6],[-46,61],[-89,-3],[-112,-29]],[[32873,6432],[31,51],[73,61],[-33,105],[-64,65],[-73,30],[-17,56],[-89,97]],[[32701,6897],[71,-30],[40,-56],[79,-44],[49,21],[148,35],[77,70],[28,-25],[137,31],[23,27],[-33,135],[-6,105],[75,31]],[[33676,6916],[57,-76],[50,-14],[-40,-91],[-75,-27],[-48,-36],[30,-29],[-103,-55],[-122,-37],[-35,8],[-152,-70],[-6,-34],[-56,-58]],[[31889,5883],[18,-62],[-63,-29],[-50,-74],[-63,10],[-43,42],[-35,-11]],[[31653,5759],[-52,-11],[-38,69],[-77,13],[-46,-65],[21,-32],[-93,-22],[-32,11],[-147,-25]],[[31189,5697],[-114,78],[-71,79],[-45,80],[-42,11],[-32,50]],[[30885,5995],[14,52],[144,-2],[11,57],[67,5],[32,24],[105,9],[34,52],[74,-18]],[[31366,6174],[113,-35],[55,1],[18,-53],[39,-44],[168,-123],[83,-48],[47,11]],[[32542,7224],[-121,-8],[-72,35],[-69,62],[-207,41],[-125,34],[-70,-30],[-113,0],[-81,-25]],[[33294,7718],[241,-2],[101,-24],[10,-104],[79,-22]],[[33274,7392],[-56,35],[-101,-9],[-79,-25],[-107,-6],[-9,-23],[-73,-26],[-48,-41],[-90,-45],[-169,-28]],[[34088,7655],[152,183],[165,22],[-19,28],[-83,0],[-17,75],[-121,20],[-44,60],[22,39],[-28,26],[15,62],[-53,7]],[[34077,8177],[61,37],[160,0],[48,44],[45,13]],[[34711,7469],[-132,-80],[-47,10],[-113,-27]],[[33346,1290],[-43,4],[-135,-19],[-151,-48]],[[33017,1227],[-68,-1],[-117,-20],[-84,2],[-41,81],[22,75],[50,28],[-12,38]],[[25898,3095],[58,-3],[135,-54],[70,-2]],[[26161,3036],[8,-89],[-33,-26],[-82,65],[-68,-47],[-11,-80],[-69,-38],[-62,-8],[-83,17],[-20,44],[33,54],[70,53],[-14,61]],[[30384,6294],[-66,-14],[-65,97],[-75,-19],[-5,72],[-95,-38]],[[30355,6776],[117,-109],[34,-5],[84,-57]],[[30590,6605],[-20,-25],[24,-43],[-131,-63],[12,-113],[-91,-67]],[[19210,13678],[-1,0]],[[14346,12294],[76,15],[57,48],[162,-44],[125,47],[45,51],[113,42],[28,22]],[[14952,12475],[71,47],[159,12],[-43,-100],[30,-54],[64,-13],[35,-47],[79,-15],[-26,-47],[65,-12],[-212,-274],[-44,63],[-68,8],[-111,-52]],[[10228,16514],[-29,74],[72,-2],[-1,31],[-48,27],[121,36],[-10,15]],[[10333,16695],[6,1]],[[10669,16754],[292,1],[84,-29]],[[11065,16423],[-1,-6]],[[10693,16214],[-12,43],[27,42],[-62,24],[-67,47],[-17,46],[-87,57],[-65,-11],[-65,11],[-37,28],[-56,-20],[-24,33]],[[14278,13420],[-30,-49],[-51,-25],[-197,45],[-90,-21],[-49,9],[-17,138],[127,5],[86,46],[15,46]],[[9522,17260],[149,-79]],[[10038,16650],[-117,-5],[-62,-44],[-62,-69],[-52,-36]],[[9745,16496],[-93,9],[-125,30],[-35,19]],[[12507,16391],[-155,40]],[[12615,16889],[9,-4]],[[13018,16583],[-128,-57],[-79,-20],[-55,15],[-59,-21],[-73,-50],[-62,-8],[-55,-51]],[[10711,17521],[-103,-35],[-71,-66]],[[10537,17420],[-204,88],[-114,-2]],[[10283,17829],[110,-68],[42,-85],[80,21],[74,-40],[75,21]],[[10664,17678],[65,-83],[-18,-74]],[[31639,9985],[-14,46]],[[31625,10031],[-65,75],[-68,43],[-101,15],[-74,-1],[47,57],[-64,30],[43,51],[53,23],[-30,29],[28,33]],[[31394,10386],[17,42],[72,32],[48,-25],[77,-12],[120,10],[52,82],[-1,56],[88,-26],[119,-15],[154,-35]],[[34201,11825],[67,-49],[128,-145],[194,-106]],[[34172,11510],[-69,6]],[[31642,11599],[51,73],[73,0]],[[31766,11672],[145,-19]],[[31992,11786],[-72,40],[-56,77],[67,54],[97,41]],[[32028,11998],[55,-77],[4,-74],[114,-11],[67,12],[30,38]],[[32330,11802],[-17,-37],[-57,-42],[-56,5],[-54,43],[-34,-21]],[[31766,11672],[47,48],[90,-9]],[[31122,12181],[-41,32]],[[30869,12435],[7,24]],[[31085,12550],[111,-47],[93,-7],[64,-19]],[[34060,10821],[-8,-1]],[[33707,11169],[33,-31],[102,11],[17,35],[101,-26],[28,31],[-27,32],[20,64],[-1,6],[-11,7],[0,6]],[[33969,11304],[2,-2]],[[34184,11206],[-8,-2]],[[34176,11204],[-136,-60],[84,-4],[5,-34],[-41,-38],[-56,-4],[-24,-46],[-103,-70],[27,-36],[128,-91]],[[26062,11057],[11,9],[10,9],[9,6],[-3,5],[84,57],[152,21],[59,58],[107,5]],[[26491,11227],[-3,-1]],[[26517,10973],[-108,-15],[-43,14],[-75,-19],[-69,17]],[[25543,11018],[86,189],[80,83],[97,-14],[81,-52],[54,-10],[-15,-123]],[[8153,11165],[-149,8]],[[8004,11173],[-137,31],[19,38],[-51,70],[-35,8],[58,58],[150,27],[-8,-44],[84,-43],[56,-4],[121,48],[36,-16],[-10,-43],[58,-32]],[[12701,11099],[-76,63],[128,98],[43,75]],[[7400,10404],[-25,13],[19,54],[-24,73],[26,43]],[[7396,10587],[40,22],[39,-34],[60,24],[24,43],[69,29],[34,-6],[52,56],[74,29]],[[7788,10750],[59,-3],[-6,-58],[79,-30]],[[7039,12157],[-73,-17],[-23,18],[-82,-1],[-53,-28],[-93,24],[-43,32],[80,14],[62,30],[37,69],[-20,23],[23,45]],[[6854,12366],[48,32]],[[6902,12398],[138,-6],[-17,-72],[58,-46],[76,13]],[[7316,12208],[-4,-1]],[[16723,9825],[-9,-40],[-120,-3],[2,-34],[-164,-108],[-18,50],[-89,32],[-92,6],[-69,-40],[18,79],[83,51],[90,82],[91,33],[105,16],[-6,55],[-80,27],[179,39]],[[17284,9620],[3,-3]],[[17172,9271],[-67,35],[-79,-21],[-79,57],[41,34],[9,76],[-81,6]],[[18172,11017],[-46,12],[-39,41],[-128,82],[-42,67],[-60,50],[-54,70]],[[17890,11380],[59,-43],[102,-6],[148,-42],[63,3],[82,25]],[[21923,15315],[-81,16],[-64,35],[-108,20],[-60,55],[-198,32]],[[21412,15473],[1,0]],[[21400,15836],[-1,1]],[[21417,15841],[79,-33],[151,19],[55,-21],[47,32],[62,6],[72,-24],[25,33],[99,-52],[68,7],[70,29],[-21,34]],[[22307,15991],[126,-27],[215,-72]],[[22261,15727],[-1,-2]],[[24403,18814],[-74,40]],[[22119,7779],[-203,-1],[-279,31],[-59,-3],[77,105],[-30,92],[-58,15]],[[21867,8108],[2,-13]],[[28860,12781],[66,87],[-13,41],[52,46],[-47,63],[34,59],[127,-58],[136,-47],[90,-12],[39,-21],[94,76],[97,-16],[-136,-76],[63,-34],[224,40],[-8,-46],[94,14],[-50,-54],[-69,-52],[-84,15],[25,-52],[-194,-62],[-175,-67],[-60,47],[-110,7],[41,39],[-87,20],[-101,47],[-48,-4]],[[2204,12730],[-30,29]],[[2309,12988],[25,31],[0,64],[121,91],[30,36]],[[2701,12808],[-166,-23],[-31,-36],[-102,-27],[-136,-20],[-62,28]],[[33388,1260],[-45,-45],[9,-103],[-107,-33],[-101,-54],[-92,-30],[-175,57],[-1,76],[31,18],[82,-9],[-17,52],[45,38]],[[30885,5995],[-89,12],[-66,-49],[-124,-33],[-45,64]],[[30561,5989],[-105,124],[37,37],[-109,144]],[[30590,6605],[62,3],[72,27],[59,-15],[69,76]],[[30852,6696],[46,37],[120,-49],[9,-62],[72,-32],[30,28],[-44,42],[59,31]],[[31364,6360],[1,-73],[-63,-15],[8,-57],[56,-41]],[[16997,13712],[-5,80],[89,61],[58,-10],[121,10],[124,-43],[89,-49]],[[17380,13684],[0,-1]],[[19721,14824],[-72,-12],[-15,33],[-115,19]],[[19519,14864],[-86,45]],[[19433,14909],[-42,30]],[[19874,14950],[-162,-120],[9,-6]],[[11879,17008],[-67,23],[29,34],[-56,71]],[[11732,17239],[22,42],[84,30],[9,61],[76,23],[11,63],[-37,19],[28,46],[-16,47],[72,11],[-4,39],[147,106]],[[12124,17726],[88,-81],[68,-19],[90,24],[71,-38],[101,-24],[-60,-103],[-10,-194],[24,-121]],[[13540,14007],[-120,16],[-46,47],[-96,13]],[[13376,14188],[122,17]],[[13691,14100],[-2,-3]],[[27766,11982],[93,64],[89,2]],[[28199,12025],[-44,-103]],[[31126,11512],[-96,19],[-12,19]],[[31018,11550],[86,43],[101,22],[31,31],[77,36],[13,57]],[[31326,11739],[43,58],[62,25]],[[31431,11822],[-14,-56],[24,-52],[69,-81]],[[31514,11476],[-108,-70]],[[17362,8246],[-40,7],[-17,43],[-65,46],[-54,10]],[[17255,8419],[65,37],[19,51],[54,23],[5,56],[91,205]],[[17489,8791],[32,-33],[2,-51],[44,-10],[61,25]],[[17628,8722],[3,-2]],[[17631,8720],[101,-72],[28,-44],[84,-41],[14,-97],[-28,-76]],[[9828,10458],[46,38],[-48,29],[-73,17],[36,88]],[[9789,10630],[45,52],[71,30]],[[9905,10712],[-12,-33],[70,-11],[30,-68],[63,-31],[47,41],[104,-22],[-53,-42],[81,-85],[-47,-37],[-137,73],[-89,-79],[-73,-34],[-106,25],[45,49]],[[13519,8713],[23,33],[10,2],[9,2],[47,19],[31,-16],[113,37],[56,49],[91,-21],[66,37],[108,-12],[61,61],[69,-20],[-42,-86],[-136,-87],[-39,-45],[-71,-37],[-91,-92],[-57,-31],[-47,-71],[-106,73],[57,52],[4,65],[29,34],[-185,54]],[[18871,8634],[18,67],[-72,65],[-31,147],[22,59],[62,53],[-50,14]],[[19209,8787],[1,-1]],[[15267,11060],[-29,-47],[-116,-33],[-20,-52],[-77,-39],[-35,-36],[-49,31],[-48,-22],[-86,26],[-18,48],[1,68],[-47,83],[-35,15],[-104,-4],[-100,19],[-83,-6],[-28,110],[-23,25],[219,61],[39,-30],[48,47],[105,31]],[[8805,10811],[-100,17],[-100,-31],[-50,150]],[[8778,10944],[118,-55]],[[4261,12741],[-76,21]],[[3959,12963],[116,13],[41,24],[70,4],[35,24]],[[4414,13073],[8,2]],[[4422,13075],[-4,-105],[-29,-37],[26,-39],[-20,-57],[-47,-10],[-87,-86]],[[8986,11032],[142,-31],[87,-83],[-18,-17]],[[9197,10901],[-54,-29],[-143,-38]],[[4422,13075],[13,3]],[[4776,12764],[-69,-45],[-149,-70],[-100,50],[-197,42]],[[9561,11108],[-79,-19],[-177,6],[-74,13],[-82,-4]],[[9074,11213],[92,72],[48,55],[64,111],[64,-23],[141,13],[7,-42]],[[20535,11584],[-68,29],[-145,-3],[-53,43],[-118,11],[-256,80],[-100,5],[-21,22],[-17,2],[-11,4],[-11,5]],[[19735,11782],[5,2]],[[19842,11875],[5,0],[13,-2],[11,-1],[51,-11],[87,-5],[65,-22],[23,-39],[100,-24],[119,-12],[39,34],[41,-16],[78,61],[83,18]],[[20537,11586],[-2,-2]],[[18916,16797],[-106,34]],[[27768,8756],[9,1]],[[27984,8387],[-8,3]],[[23725,9801],[-26,28],[37,32],[-27,68]],[[23709,9929],[103,90],[-16,38],[113,34]],[[23957,10078],[34,-16],[106,-1],[31,-14]],[[23930,9871],[-102,-43],[-62,1],[-41,-28]],[[31278,14167],[-171,54],[-111,27],[-140,5],[-132,53],[-94,66]],[[30630,14372],[275,100],[146,-30],[152,-13],[1,-27],[200,-31],[187,43],[28,-36],[87,7]],[[31706,14385],[-3,-84],[-151,-141]],[[31552,14160],[-55,-13],[-219,20]],[[8516,13911],[-111,25],[-58,47],[18,23],[-55,19],[-15,3]],[[8295,14028],[71,10]],[[8755,14067],[-1,-5]],[[30736,5257],[-58,34],[-55,-10],[-70,43],[-26,36],[-102,43]],[[30425,5403],[13,52],[-74,61],[-44,88],[-81,57],[-27,-21],[-98,4],[-55,-27],[-50,2]],[[30244,5827],[47,54],[54,3],[44,-23],[128,56],[44,72]],[[31189,5697],[-105,-48],[18,-50],[69,-20],[-114,-52],[12,-58],[33,-23],[-15,-58],[-118,-1],[-32,80],[-80,27],[-74,-48],[23,-61],[-24,-80],[-46,-48]],[[25498,3431],[-60,82],[-132,-44]],[[25306,3469],[15,36],[53,14],[22,38],[109,48]],[[25505,3605],[84,-78],[211,-2],[84,-27],[10,-38],[116,14],[-46,49],[22,22]],[[26229,3284],[-130,-2],[-168,34],[-55,-28],[-70,18]],[[25593,5263],[-8,1]],[[25216,5233],[-8,1]],[[25477,5973],[58,3]],[[30125,8912],[45,-26],[-115,-71],[9,-101],[-50,-44],[-65,11],[-48,-14],[-166,-104],[-83,40],[16,102],[-27,56],[-62,20],[45,49],[-31,56],[105,47],[243,121]],[[27323,6475],[76,-27],[159,43],[86,-104],[59,-16],[12,-39],[57,-42],[-95,-102],[-90,-18],[-89,17],[-16,24],[-79,17],[-127,-10],[-64,14],[-88,77],[-81,6],[-30,55]],[[17973,12645],[6,-3]],[[17803,12313],[-3,-6]],[[21619,13230],[-10,-38],[-159,-34],[-56,13]],[[21557,13361],[-29,-77],[91,-54]],[[15129,13491],[56,39],[-8,45]],[[15563,13542],[5,-9]],[[15602,13474],[4,-33],[-41,-56],[-20,-99],[-52,-82],[-86,-32],[-73,-10]],[[15334,13162],[-1,53],[-58,71],[7,75],[-145,13],[-67,-22],[-76,52]],[[20433,13664],[66,18]],[[20854,13522],[-33,-14],[-64,-75],[94,-44],[-32,-52],[-44,-11]],[[9900,16403],[183,15],[92,15]],[[10175,16433],[23,-116],[-73,-26],[-201,27],[-24,85]],[[11131,12864],[0,5]],[[11131,12869],[7,3]],[[11138,12872],[33,67],[3,53],[84,46],[30,59],[63,35],[0,42]],[[11579,13141],[59,-64],[-8,-76],[60,-25],[-1,-130]],[[13021,14391],[5,0]],[[13092,14445],[71,-22],[24,-41],[81,7],[27,50],[118,15]],[[34404,12053],[-145,-76]],[[33741,11853],[-2,1]],[[33739,11854],[11,6],[10,5],[70,33],[58,70],[-6,34],[-45,46],[-15,57],[86,74],[65,100],[36,29],[80,14],[30,46],[107,53],[30,-7]],[[34343,12329],[-12,-51],[-56,-25],[35,-109],[94,-91]],[[29442,9706],[-47,-17]],[[29356,10242],[43,-13],[62,23],[141,0]],[[29632,10155],[2,-3]],[[32028,11998],[-148,102],[37,57],[42,3],[99,-97],[63,-14]],[[26508,11621],[-120,-89],[22,-32]],[[26410,11500],[-145,-22],[-26,20]],[[26239,11498],[-22,31],[19,89],[96,77]],[[26332,11695],[80,16]],[[11590,10721],[-50,20],[16,74],[109,39],[57,62],[-2,36],[90,27],[62,43],[-9,34]],[[12012,11136],[109,-44]],[[12161,11044],[-5,-41],[41,-24],[-97,-95],[-63,-44]],[[12037,10840],[-97,-37],[-56,20],[-54,-5],[-46,-42],[99,-101],[-154,-2],[-1,-21]],[[16733,10262],[-63,76],[113,65],[-15,45],[72,54],[0,55],[-30,58],[-55,22],[8,43],[57,15],[52,62],[-63,32],[39,67]],[[17136,10961],[-33,-22],[61,-250],[72,20],[67,-20],[-71,-153]],[[18212,9390],[132,48],[31,67],[98,32],[61,-16],[26,76]],[[18640,9583],[-10,-53],[-58,-59],[57,-15],[20,-49],[-13,-38],[32,-24],[-40,-46]],[[12108,9486],[-83,87],[24,32]],[[12049,9605],[25,85],[34,37],[17,64],[-57,99],[-118,98]],[[12393,9933],[-35,-84],[36,-53],[50,-34]],[[18428,13541],[-115,53],[-154,36]],[[18873,17668],[184,30],[140,11]],[[19197,17709],[1,-1]],[[19157,17414],[6,-4]],[[23730,8569],[-2,3]],[[23800,8904],[112,-25],[255,-2],[45,37],[-51,100],[140,22]],[[24584,8522],[-6,0]],[[25047,8925],[1,-1]],[[25074,8901],[3,1]],[[25077,8902],[42,-31],[-65,-20],[60,-64],[-62,-52],[72,-37],[-36,-35]],[[25323,6382],[72,-87],[-32,-30],[-114,62],[-5,-72]],[[31278,14167],[53,-71],[132,-67],[80,-10],[-33,-55],[-98,-52],[-32,-80],[-73,6],[-103,-24],[-31,-25],[-73,-11],[-71,-38],[-87,31],[-119,114],[-103,130]],[[25889,16193],[37,14],[82,-19],[93,33],[103,-15]],[[26204,16206],[-34,-83],[55,-18],[36,-53],[-25,-40],[-63,-44],[-7,-99],[60,-65]],[[2562,16531],[-4,-1]],[[2596,16696],[13,21]],[[2609,16717],[148,36],[28,33],[103,27],[39,-45],[27,-75],[72,9]],[[3026,16702],[5,-44],[62,-2],[16,-49],[54,-43],[64,-98],[-6,-21],[103,-37]],[[3324,16408],[1,0]],[[3347,16377],[12,-29],[-84,-92],[-102,-44],[-75,12],[-68,90],[-73,27],[-37,101],[-71,18],[-66,-18],[-45,40],[-144,33],[-31,-12]],[[7221,15395],[-132,-7],[-45,58],[-111,114],[-73,28],[-26,83],[47,2]],[[8013,15557],[-71,6],[-132,-32],[-26,-49],[10,-56],[-133,-10]],[[34077,8177],[-122,-59],[-166,-59],[-83,-5],[-60,26],[-153,-7],[-70,54],[-92,-2],[-48,-55],[-55,16]],[[33091,8295],[9,85],[97,100],[47,6],[140,-42]],[[33384,8444],[99,-30],[117,7],[94,-43],[177,-26],[90,58],[116,-19],[67,-30],[51,-60],[194,24]],[[25505,3605],[-25,91],[-59,14],[-41,37]],[[25634,3890],[52,23]],[[23274,14589],[33,-56],[-56,-43],[-87,-35],[-55,-3],[28,-51],[-41,-39],[-81,-24],[-239,61],[-71,-3]],[[22705,14396],[-70,7],[-50,25],[-83,-9],[-66,-26]],[[22436,14393],[-17,79],[143,24],[10,73]],[[22572,14569],[38,28],[132,8],[143,51]],[[23245,14608],[29,-19]],[[24311,13846],[94,-64],[47,-14]],[[24347,13683],[-100,-46],[-102,-19],[-38,41],[-38,79],[-105,-95]],[[23853,13867],[25,47],[103,41]],[[23673,12719],[-2,2]],[[23829,12819],[20,-15]],[[9408,14839],[-72,18],[-70,69],[41,16],[177,23],[230,4],[18,47],[76,16],[54,-60],[118,-30],[52,-30],[68,50],[66,28],[43,-63],[-72,-60],[-54,-19],[-133,-6],[-15,-26],[-67,-20],[-120,15],[-123,51]],[[14864,14237],[47,-10],[119,44],[75,41],[52,-36],[84,-8],[159,38],[145,46]],[[15545,14352],[1,-1]],[[15329,14021],[-30,35]],[[15002,14072],[-177,24],[25,32],[-39,67],[53,42]],[[14323,13705],[-27,53],[-32,10]],[[14646,13917],[121,34],[152,52]],[[14948,13871],[1,-44],[-70,-29],[96,-118]],[[30145,11963],[-35,0],[-63,60]],[[30047,12023],[-115,79],[37,39],[-18,49],[62,68],[61,-10],[57,-58]],[[30131,12190],[4,-45],[91,-24],[-96,-83],[88,-30]],[[29194,12041],[-81,-51],[23,-27]],[[28994,11929],[-53,-22],[-60,29]],[[28945,12248],[120,-2],[68,-76],[31,-64],[76,-30],[-46,-35]],[[33384,8444],[49,46],[48,10],[5,58],[-30,36],[12,57],[-145,46],[-24,66],[40,49]],[[30832,10911],[6,68],[-83,-23],[-19,69]],[[33739,11854],[-5,3]],[[33421,12126],[32,57],[245,195],[-9,10]],[[33689,12388],[160,53],[75,0],[84,20],[48,40]],[[17517,8927],[1,2]],[[17525,9271],[0,3]],[[18028,9345],[40,-22]],[[18150,9072],[1,-16]],[[18151,9056],[-75,-18],[-91,17],[-134,-24],[-64,34],[-56,2],[-97,-38],[22,-16],[-56,-51],[-51,17],[-32,-52]],[[9431,10777],[-100,42]],[[9331,10819],[-134,82]],[[9862,11019],[-42,-9],[-120,-91]],[[9700,10919],[-138,-12],[48,-47],[-71,-4],[-36,-73],[-72,-6]],[[13616,11500],[42,41],[-12,45],[47,88],[-31,54],[106,12],[120,-15],[59,-69],[46,-16],[88,5],[119,-43],[28,9],[124,-35],[16,-78],[-61,-42],[-32,-98],[77,-24],[-150,-24],[-110,36],[-22,-38],[-61,11],[-157,-4],[-6,36],[-49,22],[-103,22]],[[21555,17430],[4,-1]],[[26635,16424],[11,-21],[-25,-83],[-42,-44],[-173,-67],[-99,-5],[-47,17],[-56,-15]],[[25801,16450],[235,77],[65,4],[36,-21],[113,-9],[71,22],[41,-29],[125,-6],[48,-38],[100,-26]],[[20771,7796],[-136,-9],[-74,15],[131,82],[112,116],[46,104],[79,93],[63,119],[-25,89],[-12,135],[-87,71]],[[21314,8645],[72,-72],[4,-52],[-62,-42],[2,-43],[137,-141],[-29,-100]],[[21330,8125],[-32,-24],[-235,-103],[-78,-52]],[[28646,13332],[-163,66],[-52,36],[14,46]],[[28744,13463],[-98,-131]],[[29409,13804],[63,47],[57,92],[-67,27],[10,46],[49,51],[51,-1],[101,92]],[[29869,14167],[-193,-111],[47,-76],[-1,-53],[29,-28],[109,-57],[101,-12]],[[29823,13573],[-75,6],[-8,-29],[-115,0]],[[29625,13550],[-73,110],[-72,63],[-62,30],[-9,51]],[[31807,6364],[-54,27],[-138,-16]],[[31415,6834],[111,115],[36,60],[123,18],[59,-9],[8,-124],[78,24],[184,40]],[[32014,6958],[16,-53],[72,-118],[24,-59],[-13,-112],[-37,-20],[-48,-128],[-110,-53],[-69,6],[-42,-57]],[[24572,3589],[169,5],[11,-18],[94,-5],[12,-103]],[[24858,3468],[-17,-15],[-1,-80]],[[24840,3373],[-40,2],[-68,-50],[-81,-38],[-50,7],[-80,-42],[-17,-33],[48,-114]],[[25072,3056],[88,-20],[155,2],[28,13],[103,-11],[97,25]],[[26161,3036],[-14,64],[90,9]],[[26441,2781],[9,-58],[-62,-33],[-60,-11],[-71,-45],[-123,-23],[-22,-142],[35,-29],[22,-56],[-24,-61],[-47,11],[-41,-34],[64,-85]],[[26121,2215],[-92,-92],[-37,39],[-109,1],[-65,36],[20,96],[-59,87],[-4,32],[-78,85],[-153,138],[-13,25],[-67,26],[-22,-27],[-105,-14],[-119,3],[-15,51],[-124,28],[-121,17]],[[18763,14726],[-100,4],[-17,80],[48,26],[-8,39],[-45,31],[-89,-23],[-43,-34]],[[18509,14849],[-52,15],[-68,67]],[[18486,15085],[46,-53],[9,-48],[76,38],[147,0],[3,-35],[152,50],[158,32],[47,18]],[[19433,14909],[-55,-18],[-87,-59],[-93,-46],[-15,-39]],[[19183,14747],[-94,25],[-70,-34],[-32,14],[-78,-54],[-104,29],[-42,-1]],[[19183,14747],[113,-36],[66,-71]],[[19362,14640],[-17,-20]],[[18851,14492],[-105,79],[-31,77],[59,59],[-11,19]],[[23948,14819],[19,103],[68,10],[-29,49],[104,18],[-2,46]],[[24108,15045],[8,42],[165,23],[15,19]],[[24296,15129],[160,-7],[54,70],[73,-3],[17,52],[42,38],[-51,54],[12,39]],[[24809,15226],[-155,-59],[-119,-111],[69,-27],[8,-71],[73,-5],[90,-25]],[[24706,14866],[-30,-37],[-122,1],[-95,18],[-48,29],[-86,-4],[-198,-59],[-104,-6],[-75,11]],[[15961,12229],[-78,53],[51,37],[21,92],[106,-42],[-1,49],[26,57],[-43,33],[-91,-64],[-35,33],[23,55],[81,35],[-39,33],[44,19],[-63,52],[-21,50]],[[16161,12842],[-3,3]],[[16326,12713],[158,10]],[[16415,12499],[-78,-21],[58,-117],[-82,-31],[-33,114],[-28,39]],[[23541,13913],[27,41],[-39,27],[10,91],[74,20]],[[23613,14092],[152,9],[56,20]],[[26520,11364],[1,-1]],[[26521,11363],[-51,-37],[-62,52],[-81,-11],[-75,39]],[[26252,11406],[-13,92]],[[26410,11500],[82,20],[50,-55]],[[35195,12264],[123,-27],[150,4],[34,14]],[[35502,12255],[-6,-19],[61,-60],[-68,-56],[-71,-23],[-140,-65],[28,-46],[-20,-32],[-68,5],[-97,-15]],[[35121,11944],[-62,8],[-54,35],[-11,53],[-32,23]],[[35313,11745],[109,39],[311,153],[81,22],[87,70]],[[35901,12029],[20,-39],[60,-27],[28,-67],[67,-92],[79,-29],[47,-51],[43,-76],[164,13],[58,13],[51,-6],[19,-14],[15,-32],[-14,-28],[-86,-54],[-29,-53],[23,-49],[54,-13],[33,8],[25,4],[20,-3],[34,-11],[186,10],[46,32],[0,30],[24,20],[35,5],[22,-6],[90,-69],[45,-12],[143,27],[36,-5],[16,-12],[73,-117],[-46,-47]],[[37280,11279],[44,47],[-70,110],[-40,21],[-132,-25],[-50,2],[-80,44],[-18,26],[-36,13],[-49,-23],[-1,-34],[-43,-29],[-195,-10],[-40,13],[-31,-1],[-29,-9],[-31,0],[-39,14],[-19,48],[-48,-15],[-119,-8],[141,-105],[25,-10],[-69,-63],[54,-20],[66,36],[34,56],[190,-20],[65,12],[177,-60]],[[36363,11574],[87,-32],[86,52],[13,22],[-14,33],[-36,19],[-252,-22],[72,-56],[44,-16]],[[30065,9172],[-10,-4]],[[29787,9105],[-13,27],[-93,40],[55,60],[-20,45]],[[29943,9472],[77,-26],[86,-7],[108,44]],[[30342,9399],[15,-4]],[[30357,9395],[-6,-2],[-1,0],[-9,-3],[-29,-13],[-102,-24],[-131,-85],[-41,-41],[27,-55]],[[30131,12190],[36,42],[103,42],[71,50],[134,33]],[[30518,12367],[59,-78]],[[30570,12261],[-33,-24],[40,-80],[-1,-69],[-55,-47]],[[30521,12041],[-110,-30]],[[31326,11739],[-106,54],[-38,33],[-4,41]],[[31178,11867],[113,47],[33,51]],[[31550,11933],[-1,-16]],[[31549,11917],[-65,-21],[-53,-74]],[[26620,11687],[56,-86]],[[11139,9647],[-68,22],[-50,-9],[-83,79],[-49,80],[-150,112]],[[10739,9931],[92,18]],[[10831,9949],[203,39],[142,-46]],[[11176,9942],[175,-152],[-98,-20],[-10,-39],[-40,-19],[-3,-49]],[[19864,9952],[-37,11],[-50,55],[-60,4]],[[19717,10022],[-192,183],[-72,8]],[[19453,10213],[93,26],[14,42],[53,31]],[[19714,10281],[1,0]],[[20232,10203],[-3,-2]],[[20160,10082],[3,-2]],[[9431,10777],[-21,-49],[12,-38],[73,-30],[1,-43]],[[9496,10617],[-41,-27],[-174,-1]],[[9281,10589],[-29,38],[-19,103],[76,97],[22,-8]],[[12049,9605],[-117,-9],[-213,166],[-23,65],[77,60],[4,64]],[[17043,8547],[28,24],[10,129],[36,33],[122,18],[18,32],[210,30],[22,-22]],[[9676,11934],[142,27],[60,25],[46,-12],[46,36],[94,-24],[38,-43],[-92,-114],[-126,1],[-109,-37]],[[14363,10770],[109,39],[70,-30],[179,66],[138,-57],[51,-6],[-7,-73],[49,-41],[-2,-67],[27,-40],[14,-71],[-91,-39],[-41,18],[-96,-92],[-71,-5],[-58,-34],[-33,24],[-93,-3]],[[19150,9945],[-73,76],[-40,17]],[[19104,10087],[88,-13],[10,37],[93,30],[65,45],[93,27]],[[19717,10022],[-83,-77],[-44,21],[-42,-31],[-113,23]],[[18088,5468],[-63,4]],[[18025,5472],[-115,36],[-50,93],[-31,30],[-123,-14],[-39,55],[-78,47],[26,51],[68,55],[6,45],[42,26],[52,-5],[102,338]],[[10280,10036],[-46,-24],[-66,2],[-142,-17],[-46,-23],[-50,11],[-113,-4],[-78,-42],[-44,-3],[-101,-42],[-44,122],[78,68],[121,72],[16,88],[75,50],[115,33],[103,-37],[36,-43],[-1,-62]],[[19252,15632],[-36,45],[37,16],[-30,56],[36,7]],[[20211,15775],[3,0]],[[25583,16616],[119,17],[62,32],[120,108],[44,28],[-48,76],[122,26],[120,-6],[20,26],[151,-11],[8,29],[-97,82],[68,20],[106,12],[95,-9],[64,8],[10,-33],[-126,-83],[-40,-42],[38,-21],[99,28],[167,-23],[89,-4],[73,12],[12,48],[-9,90],[-89,68],[-2,47]],[[27197,16497],[-45,1],[-38,-43],[-165,-95]],[[26891,16366],[-77,52],[-103,15],[-76,-9]],[[27387,14243],[-21,7]],[[27366,14250],[148,22],[70,71],[123,53],[18,58],[37,26],[98,-6],[99,17],[45,44],[-21,121]],[[27983,14656],[10,2]],[[28055,13892],[-12,80],[29,38],[-63,44],[-69,26],[-79,10],[-142,45],[-138,81],[-93,2],[-101,25]],[[30064,15600],[-43,238],[43,64],[8,74],[133,46],[31,55],[60,28]],[[30888,16136],[-70,-65],[-152,-64],[9,-112],[56,-5],[40,-38],[75,42],[16,101],[82,74]],[[6724,17031],[-160,-83],[-89,-33],[-57,-46],[15,-23],[-57,-81],[-66,-25],[-64,-109],[-44,-22],[-140,12]],[[7206,17988],[-260,236]],[[6946,18224],[98,68],[108,-14],[8,-29],[67,-6],[17,-79],[78,-40],[90,-13],[-1,-26],[-2,-35],[1,-4],[-46,-5]],[[7038,17300],[137,71],[71,59],[35,-31]],[[7392,17003],[-166,71],[-23,-10],[-204,38]],[[9015,12613],[-7,-1]],[[8850,12494],[-12,12],[-4,3],[-7,7],[-12,11],[-20,12],[-68,-10],[-37,56]],[[30812,5145],[72,52],[-69,42],[-79,18]],[[31653,5759],[73,-74],[79,-43],[-74,-97],[59,-70],[-11,-28],[-80,-28],[-54,-44],[14,-26],[-124,-27],[-37,22],[-150,-47],[-48,-1],[-91,-74],[-40,-50],[3,-35],[-100,-44],[-55,33],[-47,-14]],[[31091,1478],[-1,0]],[[30501,1607],[-39,19],[-12,41],[-61,15],[-32,30],[46,38],[-4,81],[-48,26],[9,49],[52,52],[166,36]],[[30890,1948],[87,-20]],[[31076,1589],[-34,-52],[21,-18],[12,-15],[4,-9],[6,-9],[6,-8]],[[28013,2129],[12,-20],[167,-100]],[[27769,1677],[-90,70],[-155,52],[-96,79]],[[26441,2781],[125,2],[4,-3],[11,-11],[6,-16],[4,-90],[-17,-61],[29,-88],[49,-56],[22,-54],[75,-72],[5,-68],[42,-10],[-79,-112],[-38,-139],[-92,-52],[-64,24],[-135,-4],[-136,-14],[-28,73],[27,80],[-4,35],[-70,51],[-56,19]],[[25014,3195],[105,1],[37,51],[61,23],[16,43],[60,32],[2,49],[29,30],[-18,42]],[[25306,3466],[0,3]],[[28549,8434],[32,-14],[186,46],[159,61],[50,-32],[22,-55],[97,-6],[102,29],[36,-83],[-5,-33],[-58,-39],[32,-97]],[[23613,14092],[-8,40],[-69,67],[-49,30],[-49,58],[-18,84],[-54,48],[83,37],[81,55],[38,77]],[[23568,14588],[78,-9],[28,46],[77,33],[14,-52],[157,24]],[[23922,14630],[48,-67],[78,-76],[34,-133],[22,-29]],[[18014,14777],[3,-1]],[[18017,14776],[-12,-33],[-136,-110],[-46,22],[-143,31],[34,-62],[76,-62],[-47,-45],[-111,-54],[-15,36],[-114,-19]],[[17543,13971],[-264,-26],[-47,124],[48,50]],[[12305,14998],[67,43],[0,49],[-102,68],[-54,54]],[[12704,14768],[-64,71],[-9,118],[-151,-60],[-64,3],[-112,35],[29,29],[-28,34]],[[14086,13008],[78,-22],[-47,-64],[-138,-80],[52,-49],[-25,-51],[-34,-12],[-82,51],[-63,60],[44,56],[-7,47],[-40,34],[49,40],[192,-30],[21,20]],[[9710,16389],[4,-32],[125,-67],[-67,-76],[-78,-48]],[[9694,16166],[-59,15],[-38,-17],[-135,-14],[-94,-30]],[[9368,16120],[-82,7],[-55,36],[-154,27],[-30,15]],[[9047,16205],[-19,44],[5,140],[33,14],[-21,49],[33,31],[1,43]],[[9745,16496],[-35,-107]],[[31178,11867],[-65,-26]],[[31113,11841],[48,66],[-157,51],[-141,57],[-33,24]],[[30830,12039],[79,34]],[[30909,12073],[149,-49],[124,83]],[[30073,9174],[-8,-2]],[[30357,9395],[54,-14]],[[30830,12039],[-138,-13],[-12,-15]],[[30680,12011],[-90,43],[-69,-13]],[[30788,12243],[61,-49],[-54,-14],[107,-59],[7,-48]],[[31516,11278],[-12,6]],[[31658,11379],[72,-45],[-43,-68],[29,-64],[-95,-13],[-99,-77]],[[18087,9325],[-32,99],[85,14],[34,34],[-22,98],[-76,23],[-55,-24],[-75,4]],[[18219,9868],[136,-21],[100,43],[18,-69],[81,-14],[35,-77]],[[16504,8523],[47,28],[-13,44],[29,52],[53,12],[42,-22],[82,35],[35,-30],[151,-50]],[[16930,8592],[56,-26]],[[7068,12601],[113,-57],[-46,-55],[-133,2],[-91,-37],[-9,-56]],[[6854,12366],[-37,5],[-39,-57],[-60,-25],[-94,-64],[-51,6],[-71,43],[2,30],[69,38],[-14,56],[-97,37],[-12,58],[-81,95]],[[7788,10750],[-30,57],[-44,24],[29,31],[-11,79]],[[7732,10941],[170,9],[33,16]],[[7935,10966],[114,-46]],[[8092,10892],[-71,-58],[4,-50],[-32,-13],[-34,-102]],[[10344,11143],[92,-30],[46,-31]],[[10482,11082],[-88,-37],[-74,-52],[-125,27]],[[7774,11612],[58,-67],[-52,-81],[-70,23],[-67,-21],[-65,-43],[26,-37],[-146,-13],[-196,-96],[-92,12],[9,35],[-65,31],[-6,31],[-80,48],[53,64],[-30,55]],[[17146,15624],[-23,-39],[-103,-23],[-85,-38],[-50,11],[-107,91]],[[17131,15794],[5,-1]],[[17136,15793],[41,-78],[-81,-11],[-7,-46],[57,-34]],[[26282,9279],[-149,-60],[-46,6],[-102,59],[-85,130],[-13,35],[-112,106]],[[26093,9656],[2,1]],[[8414,13685],[-12,-3]],[[8289,13699],[-16,-5]],[[8273,13694],[-43,48],[-14,54],[-45,53],[-102,21],[-55,32]],[[8014,13902],[4,7]],[[8247,14022],[48,6]],[[33537,6148],[-32,-19],[-140,105],[-93,102],[-27,52],[-69,9]],[[34273,7113],[-13,-53],[16,-49],[-31,-27],[-4,-46],[69,-35],[-45,-29],[16,-58],[-56,-63]],[[34225,6753],[-1,-115],[35,-58],[-77,-32],[19,-95],[-28,-37],[27,-75],[-111,-22],[-67,0],[-138,-30],[-293,-103],[-54,-38]],[[24108,15045],[-222,19]],[[23974,15399],[50,-62],[202,-97],[36,-93],[34,-18]],[[21464,14582],[-6,3]],[[22247,14825],[0,-1]],[[22327,14809],[51,-73],[32,-75],[-48,-16]],[[22362,14645],[-99,-20],[-64,-36],[-75,-15],[-53,33],[-76,-40],[-81,-14],[16,-54],[44,-31],[127,-26],[18,-54]],[[22119,14388],[-97,0]],[[19362,14640],[141,55],[20,75],[-31,50],[27,44]],[[19721,14824],[88,-34],[29,-57]],[[15262,16459],[-53,42],[-26,202],[-8,142],[0,15],[2,7]],[[15177,16867],[1,-1]],[[15682,16824],[11,0]],[[15693,16824],[19,-66],[72,-12],[42,-77],[-92,-35],[83,-18],[-39,-124]],[[15263,16457],[-1,2]],[[15049,13879],[58,-18],[56,-101],[49,-17]],[[15212,13743],[-157,-69]],[[10609,17120],[7,-1],[18,-1],[24,1],[55,8],[53,18],[53,-6],[168,38],[179,56]],[[11209,17098],[20,-19],[1,-120],[-40,-62],[48,-189]],[[10580,13110],[11,13]],[[10872,13218],[110,-9],[-10,-137],[23,-56],[64,-80],[79,-64]],[[11131,12869],[-12,0]],[[12047,15784],[78,18],[67,-13],[125,-47],[119,80],[147,60]],[[30583,11376],[59,-37],[84,5],[29,44]],[[30755,11388],[131,-35],[91,-50],[52,28]],[[30972,11282],[-1,-1]],[[26062,11057],[-14,6],[-6,3],[-12,6]],[[26004,11084],[38,88],[2,40],[160,177],[48,17]],[[26521,11363],[25,-10]],[[26500,11232],[-9,-5]],[[17631,8720],[28,23],[73,-12],[131,36],[64,-77],[45,42],[-22,34]],[[17950,8766],[116,13]],[[18066,8779],[20,-72],[73,-7],[42,-58],[81,-39],[196,-23],[53,1]],[[18093,8165],[-15,-9]],[[7935,10966],[-30,73],[25,65],[74,69]],[[16675,10892],[-103,27],[-52,-21],[-39,-61],[159,-76],[82,-13],[-43,-63],[-116,44],[-158,28],[-63,-52],[-48,-18],[105,-47],[50,-48],[-90,-2],[-66,-54],[-132,-41],[-86,-17]],[[12970,12441],[44,33]],[[13506,12455],[72,-57],[-34,-41]],[[13484,12168],[-28,-13],[-85,18],[-75,-6],[-195,34]],[[11716,10181],[-27,44],[-60,27],[20,27],[83,35],[-55,71],[-7,35]],[[11918,10565],[43,19],[153,-53],[18,-58],[61,-25],[-42,-61],[-11,-48]],[[17950,8766],[-10,78],[53,72],[121,78],[37,62]],[[18379,8929],[-40,-22],[-106,44],[-71,-13],[-39,-60],[33,-83],[-90,-16]],[[17855,9568],[-1,0]],[[13867,9628],[-81,23],[-150,-42],[-183,17],[-113,29]],[[13340,9655],[10,75],[-14,69],[-201,-22],[16,42],[101,177],[128,69]],[[13920,10036],[22,-82],[-5,-100],[22,-80],[40,-51]],[[8603,10275],[-33,-30]],[[8342,10257],[28,-10],[46,30],[33,0],[22,26]],[[8471,10303],[132,-28]],[[19606,12127],[-7,4]],[[19828,12300],[7,4]],[[18080,16582],[-3,2]],[[17885,16644],[-17,122],[4,75],[38,86],[73,63]],[[18371,16871],[-47,-8],[-11,-60],[15,-53],[-39,-31],[-135,-58],[-74,-79]],[[21389,15472],[23,1]],[[21894,15226],[-210,-76],[-23,-71],[-40,-53],[-80,-7]],[[21571,10429],[62,-78],[-30,-43],[61,-56],[98,7],[100,27],[108,9],[96,-55],[-83,-40],[-5,-67],[-50,-20],[-59,7],[-124,-13],[-126,85],[-109,-34],[-39,3],[-99,90],[-68,37],[-70,4],[83,80],[148,7],[103,44]],[[31706,14385],[68,18],[119,53],[92,-82],[-73,-45],[-80,-102],[-67,5],[-58,-38],[-155,-34]],[[27267,16438],[122,-101],[112,-146],[95,-106]],[[2609,16717],[87,109],[85,41],[119,9],[75,27]],[[2975,16903],[141,-18],[43,7],[60,-61],[-73,-73],[-120,-56]],[[33537,6148],[-4,-110],[-81,-102],[9,-113],[-197,-62],[-71,-41],[-41,-72],[-71,22],[-52,-8],[-44,30],[-126,-24],[-29,42],[2,73],[-80,34],[8,35],[71,31],[-100,106],[-64,41],[-64,-22],[-56,45],[-76,137]],[[32634,6339],[44,-4],[11,46],[61,11],[78,48],[45,-8]],[[31807,6364],[23,-31],[281,40],[64,-9]],[[32340,6176],[25,-20],[-30,-40],[-53,-15],[-2,-32],[-81,-87],[5,-57],[-87,13],[-71,-40],[-72,29],[-85,-44]],[[30573,2127],[-89,15],[-159,-19],[-9,100],[-35,35],[-4,112],[-76,-34],[-21,56],[112,-9],[101,11],[15,-36],[94,68],[111,19],[32,46],[36,8]],[[23869,14768],[38,-75],[15,-63]],[[23568,14588],[-98,-5],[-119,13],[-77,-7]],[[23611,14988],[50,-4],[33,-62],[-18,-18],[64,-61],[90,19],[39,-94]],[[21746,14122],[130,-32],[191,25],[126,-10],[-58,-96],[-55,-37],[18,-66],[185,17]],[[22128,13746],[-2,-2]],[[21714,13468],[-52,-63],[37,-37],[-7,-30],[88,-19],[68,-62],[10,-97],[-137,-22],[-102,92]],[[8232,16167],[33,7],[337,-21],[88,39],[73,-2],[89,58],[92,-21],[38,-26],[65,4]],[[9368,16120],[32,-46],[-4,-46],[-46,-44],[-6,-50],[30,-107],[73,-29],[-47,-49]],[[9400,15749],[-55,-33],[-10,-41],[-70,11],[-72,-11],[-133,0],[-28,-32],[-122,-10],[-54,-18],[41,-38]],[[12475,13067],[62,63]],[[34404,12053],[56,-67],[78,-16]],[[34790,11943],[34,-112],[59,-7],[-82,-56],[-52,6],[-133,-69],[-1,-69],[78,-64]],[[12599,9899],[24,48]],[[12822,10196],[-1,-2]],[[13340,9655],[-47,-66]],[[12964,9595],[-3,-5]],[[12961,9590],[-59,40]],[[8430,11783],[-86,-43],[-62,5],[-67,-27],[-52,25]],[[8163,11743],[-58,35],[-35,45]],[[8010,11992],[79,37],[56,-7],[48,101]],[[8578,11804],[-56,-207]],[[8522,11597],[-68,5],[-97,-56],[-150,-41],[-145,-3],[14,35],[-41,58],[8,42],[87,95],[33,11]],[[15959,5170],[-11,66],[126,114],[35,67],[67,60],[56,30],[87,-19]],[[16319,5488],[12,-26],[83,-47],[34,-35],[73,-27],[5,-71],[46,-2],[108,-114],[64,-3],[-35,-50],[-36,-13]],[[16673,5100],[-65,-24],[-13,-38]],[[16325,8846],[-4,1]],[[16599,9008],[108,-16],[119,-30],[17,27],[80,-6],[-15,-72]],[[17014,8836],[-39,-31],[-76,28],[-73,-1],[-41,-47],[50,-42],[-41,-41],[115,-45],[21,-65]],[[19834,11543],[-91,43],[-117,-30],[-51,24],[-66,-4]],[[19702,11768],[33,14]],[[20535,11584],[-4,-2]],[[19988,16661],[-25,-2]],[[19713,16896],[1,1]],[[23832,7421],[44,-75],[-100,-91],[-75,-27],[49,-32],[-55,-26],[-122,-24],[-98,73],[36,36],[-44,87],[8,76],[41,22],[70,2],[70,-20],[122,23],[54,-24]],[[22181,7687],[27,17],[35,73]],[[22469,7712],[-36,-109],[75,5],[84,-65]],[[29163,13513],[49,38],[11,46],[-65,92],[46,76],[-5,28],[-99,16]],[[28991,13911],[223,-82],[48,45],[83,-31],[64,-39]],[[29625,13550],[98,-312]],[[29723,13238],[-151,-55],[-155,-9],[-163,37],[-1,15],[131,28],[58,73],[-78,72],[-108,-24],[-93,59]],[[33255,12192],[-4,1]],[[33194,12391],[63,-2],[110,32],[41,44],[94,30],[41,-13]],[[33543,12482],[112,-33],[34,-61]],[[26643,12894],[70,57],[-47,84],[-70,30],[16,59],[50,25],[163,33],[65,-66],[79,-4],[57,21],[111,3],[-46,-37],[26,-94],[-11,-60],[-97,-14],[-45,-70],[-81,-5],[-180,21],[-60,17]],[[28546,17466],[36,30]],[[28582,17496],[10,-59],[81,-89],[117,-24],[46,-31],[45,18],[60,-26],[-14,-50],[55,-79],[34,-94],[-59,-34],[34,-58],[-42,-95],[14,-28]],[[2975,16903],[146,56]],[[3331,16416],[-7,-8]],[[1493,15266],[62,5],[59,-67],[92,54],[158,49],[-56,18],[8,67]],[[1657,14926],[-62,27],[38,24],[-6,49],[42,12],[-7,60],[-35,48],[-76,-28],[-104,-105],[-42,-86],[-72,-49],[-44,11],[10,60],[45,61],[-40,62]],[[8001,13595],[-31,32],[7,40],[-92,29],[-96,45]],[[7789,13741],[32,20],[14,68],[51,15]],[[8010,13897],[4,5]],[[8273,13694],[-4,-1]],[[2485,12346],[-27,8],[-55,107],[14,81],[-50,-9],[-53,45],[-51,-8],[-60,49],[5,42],[-35,30],[31,39]],[[32014,6958],[-1,24]],[[32013,6982],[46,-86],[109,13],[56,22],[22,-40],[172,9],[50,-38],[47,-1],[172,45]],[[32687,6906],[14,-9]],[[34835,6855],[-113,-37],[-137,-32],[-287,-9],[-73,-24]],[[31372,1900],[65,20],[27,47],[55,14],[-8,93],[16,34],[49,22],[104,-28]],[[32433,2177],[-17,-27],[37,-102],[-64,-42],[-20,-37],[105,-49],[46,8],[54,-31],[-19,-61],[20,-44],[64,-8],[7,-56],[-108,-63],[-50,33],[-68,-15],[-146,41],[-86,-59],[-40,21],[-11,53],[-92,-26],[-88,-99],[-173,-43],[-88,-12],[-46,65],[-70,-28]],[[25756,5303],[-6,2]],[[25995,5482],[-5,-1]],[[30852,6696],[-8,69],[63,2],[77,49],[-34,41],[58,47],[-3,30],[-109,49],[-111,8],[-6,37],[46,64],[-12,35],[-108,-16],[-68,30],[18,64]],[[31684,7333],[34,-43],[-17,-22],[170,-60],[16,-61],[0,-78],[89,-24],[53,-30],[-16,-33]],[[26092,13607],[-21,1]],[[25934,13652],[2,43],[52,35],[28,54],[-5,42],[-83,41],[-42,44]],[[25941,14167],[12,-2]],[[18017,14776],[12,-5]],[[18122,14713],[-3,-3]],[[18119,14486],[-92,-88],[31,-55],[-55,-46],[-14,-58]],[[19759,13892],[-21,36]],[[20570,13958],[-64,-35],[-64,12],[-83,-33]],[[20203,13889],[-56,80],[-83,-4],[-165,-25],[-140,-48]],[[15251,13684],[-39,59]],[[9885,13883],[-3,-3]],[[9351,13984],[94,-76],[76,24],[30,-33],[74,25],[104,17],[46,48],[89,-75]],[[8580,17400],[-4,11]],[[8400,17771],[59,-8],[73,-82],[71,-22],[47,-54],[48,-10],[48,31],[87,-57],[29,-95],[48,9],[93,-24]],[[10880,14945],[-57,-35]],[[10823,14910],[-45,-36],[-87,-30],[-29,14]],[[10662,14858],[10,35],[-108,70],[-5,29],[44,87],[-72,-3],[-30,45],[59,38],[114,50]],[[10674,15209],[29,-59],[58,-33],[119,-172]],[[30102,9991],[198,26],[42,-76],[117,12]],[[30459,9953],[-36,-83],[129,-31],[104,6],[40,-40],[71,-5],[37,94],[32,23],[61,-19]],[[30897,9898],[1,-1]],[[30696,9627],[4,40],[-83,10],[-210,-20],[-288,-37],[-112,21]],[[30755,11388],[-20,15],[10,69]],[[31003,11561],[15,-11]],[[33967,11306],[2,-2]],[[33053,11013],[-84,67],[4,41],[41,15],[-13,52],[67,29],[-49,34]],[[33196,11292],[12,3]],[[36556,9011],[3,-2]],[[36410,8426],[-12,-31],[-117,-5],[-125,-30],[-128,-47],[-167,-106],[-127,-53]],[[15087,9210],[-15,5]],[[12261,11927],[65,-6],[-11,-35],[73,-37],[-32,-35],[53,-38],[-126,-97],[-44,-13]],[[12107,11652],[-39,42],[-61,-9],[-82,18],[-58,69],[33,83],[-69,40]],[[12168,11984],[46,-69],[47,12]],[[17628,8722],[-44,108],[-58,45],[-9,41]],[[17513,8924],[4,3]],[[10431,11951],[87,13],[92,29],[74,-44],[120,69],[105,98],[84,33]],[[10993,12149],[11,-5]],[[11322,12071],[-93,-147],[-128,-74],[43,-37],[-22,-60],[-140,-35],[3,-29],[-62,-24],[-108,2],[-22,-34],[-81,-23],[-76,15],[-19,101],[-122,27],[-18,30],[59,30],[3,68],[-108,70]],[[18749,8618],[11,33],[-80,23],[-109,54],[-69,7],[24,40],[-35,27],[-38,93],[34,19]],[[18410,10667],[-54,-47],[-86,26],[-118,-4],[7,-53],[-57,5],[-64,-67],[-86,-64],[-51,-2],[-51,52],[44,19],[31,64],[-24,48],[51,51],[-78,29],[-150,-27],[-114,6],[-9,51],[-58,62],[60,52],[-49,38],[20,80],[-25,53],[-52,3],[-82,68]],[[18078,16581],[2,1]],[[23426,7886],[59,-34],[37,-109],[-95,21],[-149,-62]],[[23026,7669],[-82,15],[-29,64]],[[22932,7920],[-1,6]],[[22934,10063],[-17,25],[-100,-20],[-20,19],[-102,-20],[13,41],[-40,44],[-153,-8],[-35,128]],[[22769,10382],[62,24],[71,-164],[44,19],[134,12],[70,-46],[40,-48],[-73,-17],[20,-48]],[[24316,8008],[20,-2]],[[24184,7756],[-58,33],[-43,-12],[-91,90],[-68,31],[-141,35],[-16,17]],[[32524,12416],[-82,68],[-164,55],[-202,-60],[-41,39],[-11,54],[-108,8]],[[31892,12601],[87,-3],[13,59],[66,75],[87,46],[100,74],[108,-3],[31,-79],[48,-71],[87,30],[142,-140],[16,-3]],[[30712,2599],[-139,42],[20,34],[-50,15],[-8,50]],[[31088,2712],[1,1]],[[31089,2713],[1,-7],[1,-29],[-44,-24],[-53,13],[-282,-67]],[[28198,6589],[4,15],[103,79],[8,20],[142,-19]],[[28543,6675],[6,2]],[[17032,13227],[-7,-4]],[[16748,13249],[8,27],[-21,82],[63,82],[32,60]],[[16830,13500],[41,-2]],[[22154,14914],[1,-4]],[[24308,14027],[52,19]],[[24360,14046],[62,2],[51,-28],[81,-5],[80,26],[3,48],[73,10],[60,-14],[63,59],[44,11]],[[24923,13984],[-89,-22],[-54,-55]],[[10713,17517],[-2,4]],[[10664,17678],[-15,210],[-30,76],[75,20],[79,2],[215,-76],[43,18],[138,1],[186,-71],[11,-26],[91,3]],[[11457,17835],[-43,-120],[22,-66],[-30,-36],[-160,-35],[-202,1]],[[10054,15253],[-65,-1],[-44,25],[-120,-44],[-96,7],[-23,70],[105,-11],[53,-46],[55,35],[-97,37],[11,40],[-20,43],[-49,34],[-73,-1],[-47,34],[-14,74],[20,76],[74,24],[39,-31],[64,34],[178,-37],[70,27],[85,-10],[133,-35],[-27,-76],[-68,-54],[-17,-73],[-57,-83],[-36,7],[-34,-65]],[[10228,16514],[-89,-26],[36,-55]],[[9900,16403],[-190,-14]],[[10327,16694],[6,1]],[[30659,11673],[-52,56],[22,14],[-45,52],[-64,6],[-28,30]],[[30492,11831],[58,19],[83,-8],[65,44],[-104,69],[86,56]],[[31113,11841],[-57,-49],[-36,-89]],[[31590,10982],[-140,-53],[-12,43]],[[31512,11086],[39,-53]],[[29922,11829],[37,66],[-26,25],[45,65],[69,38]],[[30235,11851],[-186,40],[-46,-6],[-51,-73]],[[14384,9804],[10,39],[74,42],[-18,46],[54,104],[43,25]],[[14547,10060],[161,-111],[11,-32],[158,-36],[5,-36],[-50,-41]],[[10739,9931],[-77,68],[-69,-31]],[[10783,10073],[75,-37],[-39,-29],[12,-58]],[[12961,9590],[0,-1]],[[12905,9461],[-188,-52]],[[12596,9064],[-20,0]],[[10824,10144],[87,15],[136,6],[289,-20],[101,-42],[48,-4],[18,-41],[-88,-31],[69,-69],[22,-56],[-198,12],[-132,28]],[[18593,11610],[2,-1]],[[18842,15700],[47,-23]],[[27366,14250],[-39,60],[-33,1],[4,89]],[[27178,14646],[173,-2],[60,-14],[83,33],[76,73],[145,57]],[[27978,14660],[5,-4]],[[7157,13532],[0,-1]],[[7440,13423],[83,-68],[3,-33],[81,5],[34,-51],[83,-69]],[[7397,12901],[-69,3],[-71,51],[-40,7],[-55,-58],[-124,-2],[-56,63],[58,48],[101,-37],[78,46],[38,45],[-62,41],[-45,0],[-78,42],[-69,9],[15,71],[-38,39],[21,36]],[[26237,4088],[7,-24]],[[26207,4507],[65,-14],[55,-53],[-31,-25],[50,-39]],[[23922,14630],[61,18],[247,21],[108,42],[9,-60],[112,-94]],[[24459,14557],[56,-81],[54,-2],[19,-80],[195,16],[4,-56],[-34,-74]],[[24753,14280],[-66,-7],[-33,31],[-66,1],[-54,-33],[-63,1],[-107,-87],[4,-62],[-39,-36],[31,-42]],[[14198,12251],[-4,0]],[[14024,12318],[73,27],[35,57],[95,-23],[41,40],[47,8],[27,37],[21,94],[85,88],[-6,39],[136,-40],[3,-25],[206,-84],[103,-16],[62,-45]],[[25166,14953],[-121,32],[-27,-45],[-105,-8]],[[11117,15093],[-32,58],[52,62]],[[11137,15213],[78,47],[18,57],[62,13]],[[11332,15093],[-116,77],[-53,-62],[-46,-15]],[[10341,17210],[149,136],[47,74]],[[11457,17835],[67,-47],[158,-35],[94,-11],[42,18],[286,-41],[20,7]],[[12305,14998],[-40,1],[-17,-61],[-90,-48],[48,-46],[-42,-31],[21,-51],[-114,-6],[-107,-77],[-23,41],[-162,46],[-54,58],[-27,-2]],[[35287,11752],[28,47],[-90,104],[-104,41]],[[35502,12255],[66,4],[166,-9],[67,-48],[34,-64],[-12,-43],[78,-66]],[[29194,12041],[84,-46],[71,-23],[56,-37]],[[29178,11612],[-83,83],[-63,42],[31,26]],[[36500,7893],[147,-16],[-14,98],[62,21],[24,47],[118,-4],[-13,31],[-68,14],[58,36],[40,1],[5,49],[49,1],[60,-37],[121,-148],[18,-36]],[[36677,7561],[-84,-133],[-53,-32],[-97,7],[-88,-18],[-32,-40]],[[31594,12070],[14,-29],[150,-33],[24,-102],[-95,-24],[-83,36],[-55,-1]],[[29477,11067],[-3,2]],[[29785,11207],[0,-2]],[[29973,10851],[-71,-11],[-61,16],[-24,-52],[24,-68],[-1,-109],[80,37],[99,-34]],[[30019,10630],[-335,-86],[-133,-45]],[[29656,11580],[-3,3]],[[29938,11739],[56,-19]],[[30066,11527],[-112,-4],[-99,35],[-34,-37]],[[3452,12576],[2,-4]],[[3939,12712],[117,-101],[97,-49],[-63,-20],[-38,-33],[-85,-36],[5,-65],[51,-34],[6,-34],[-123,-28],[-31,-52],[23,-51],[-12,-74],[-62,-73],[-120,5]],[[8718,11405],[-11,29],[56,65],[8,97],[19,76],[37,62],[48,43],[30,19],[-1,5],[13,3],[7,1]],[[9346,11586],[-124,-60],[-53,2],[-13,-76],[-174,-60],[-160,-46],[-104,59]],[[12689,12011],[-47,-68],[-17,-98],[-69,-25],[-17,32],[-85,61],[-155,61],[-38,-47]],[[12254,12080],[-2,2]],[[16767,4885],[50,9],[138,57],[101,10],[179,-13],[28,10],[164,3],[57,10],[107,-13],[140,25],[-61,-128],[11,-28],[-52,-72],[18,-46],[-88,-35],[-154,-6],[-137,12],[-127,-15],[-41,-17],[-97,-7],[-64,-36],[-85,8]],[[13865,9545],[-54,7],[-122,-30],[7,-40],[-76,-49]],[[13620,9433],[-268,30],[-13,-12]],[[19194,17714],[3,-5]],[[26478,8025],[76,52],[-45,76],[56,71],[-18,56],[179,65],[63,-48],[-92,-67],[54,-22],[59,34],[52,7],[34,-57],[57,-35],[-46,-27],[64,-71],[-48,-44],[-8,-42]],[[28547,16355],[1,-3]],[[7575,13627],[98,78],[61,-24],[55,60]],[[9165,12976],[-38,-28]],[[8487,13306],[61,-38],[121,30],[21,-14],[16,-82],[98,-51],[44,15],[73,-15],[151,-73]],[[32687,6906],[-40,69],[-63,44],[-73,29],[-43,41],[17,82],[106,-9],[2,35],[-51,27]],[[30744,2518],[-48,57],[16,24]],[[31089,2713],[16,14]],[[31369,2430],[-41,-66],[63,-28],[-12,-36],[-98,14],[26,-51],[-51,-97],[-85,-1],[-43,-35],[-20,-55],[-116,-78],[-6,-65]],[[31092,1479],[-1,-1]],[[29441,6702],[0,3]],[[29922,6905],[2,-1]],[[22689,14062],[-92,-56],[-35,-6]],[[22562,14000],[6,28],[-40,62],[-42,34],[-113,-18],[-6,46],[72,45],[-29,62],[-59,44],[-31,59],[16,25]],[[22336,14387],[100,6]],[[22705,14396],[-24,-65],[36,-52],[3,-133],[-31,-84]],[[16574,13611],[38,-54],[80,-35],[80,43],[58,-65]],[[10674,15209],[15,68],[-40,34]],[[11037,15280],[100,-67]],[[11117,15093],[-169,-77],[-68,-71]],[[14864,14237],[-49,79],[23,45],[-117,4],[-36,28],[-91,-12],[-20,26]],[[14709,14589],[4,0]],[[15073,14694],[45,-39],[97,-39],[139,-20]],[[15354,14596],[67,-99],[-13,-47],[137,-98]],[[14463,16541],[110,31],[1,63]],[[15172,16870],[5,-3]],[[15262,16459],[-2,0]],[[9843,15927],[-35,83],[2,33],[-90,25],[-26,98]],[[10450,16019],[-87,7],[-60,-24],[-174,-35],[-286,-40]],[[12507,16391],[-165,-154],[170,-15],[95,-79]],[[30459,9953],[83,75],[8,40],[-50,68]],[[30705,10260],[110,38],[261,-11],[90,67],[27,36],[81,0],[33,-20],[87,16]],[[31625,10031],[-173,-14],[-16,19],[-153,-50],[-133,7],[-46,53],[-124,-26],[22,-22],[-64,-38],[-41,-62]],[[30019,10630],[39,10]],[[29885,10303],[-4,1]],[[29881,10304],[-114,77],[-130,43],[-24,36],[-67,0],[-44,-25],[-48,11]],[[30641,10808],[-7,6]],[[8971,10134],[-49,37],[-97,9],[-12,48],[32,56],[115,72],[68,-7],[40,21],[13,55],[49,-1],[61,-88],[102,0],[-65,-56],[-103,-61],[5,-40],[-41,-76],[-33,-16],[-85,47]],[[18125,5451],[37,-19],[6,-202],[62,-35],[-29,-24],[5,-69],[143,21],[74,-83],[-18,-36],[41,-69],[-39,-39],[19,-68],[-87,-101],[42,-77],[-107,38],[12,32],[-78,15],[-8,-57],[-96,-19],[-1,63],[-78,182],[-46,26],[-25,70],[44,33],[-28,99],[-46,18],[-22,64],[41,159],[82,99]],[[8471,10303],[-70,4],[-34,34],[131,59],[77,17],[-12,62],[-45,21],[32,30],[-128,60],[44,44],[166,67],[93,-296],[-29,-58],[-93,-72]],[[9789,10630],[-214,5],[-79,-18]],[[9700,10919],[-11,-31],[53,-75],[130,35],[42,-8],[39,-51],[-48,-77]],[[24466,6374],[-111,-10],[-49,-20],[-105,8],[-65,109],[-1,77]],[[24563,6599],[30,2]],[[22676,9753],[4,54],[83,41]],[[19219,8109],[43,-3],[36,-228],[-30,-46],[-65,21],[-69,-1],[-81,36],[-84,70],[28,31],[-35,45],[-12,73]],[[25077,8902],[25,9]],[[26866,14271],[46,48],[13,74]],[[27387,14243],[-176,-21],[3,-51],[117,-42]],[[25836,15478],[-33,25]],[[26426,15797],[97,19]],[[26621,15385],[2,-4]],[[29048,13577],[40,-42]],[[29034,13349],[-72,-45],[-42,-83],[-82,-40],[-82,-68],[-94,-6],[-53,32],[-20,97],[57,96]],[[33075,12564],[35,35],[112,63],[127,21],[103,46],[29,-47],[5,-120],[57,-80]],[[6125,18306],[131,76],[52,91],[-30,57],[19,32],[154,92],[113,7],[214,-25],[55,-35],[24,-67],[-16,-32],[25,-85],[-28,-4],[51,-83],[-17,-39],[74,-67]],[[6946,18224],[-74,-56],[-137,-134],[-7,-48],[34,-118],[-64,-18],[29,-116],[-177,-25],[-56,0]],[[1587,13845],[23,6]],[[2314,13564],[-88,11],[-65,-75],[29,-50],[-47,-45],[-63,46],[-76,-29],[36,-55],[-93,-67]],[[1717,13180],[-22,-17],[-171,4],[-148,-6],[-38,58],[-58,35]],[[29577,5246],[88,-31],[90,-6],[29,19],[122,35],[76,-5],[45,-46],[64,-33],[124,12],[76,35],[19,93],[115,84]],[[24840,3130],[-20,78],[22,108],[-2,57]],[[24858,3468],[90,33],[22,38],[72,37],[64,-55],[103,-52],[97,-3]],[[24753,14280],[70,-3]],[[18509,14849],[75,-35],[-33,-34],[-1,-44],[59,-79],[-67,-37],[-130,-39]],[[25756,12669],[-136,-149],[-83,31],[-117,70],[46,44],[-70,46],[43,56],[37,-9],[94,79]],[[23869,14768],[72,-2],[7,53]],[[24805,14669],[-116,-34],[-23,23],[-207,-101]],[[22734,13602],[-11,4]],[[22511,13925],[22,61],[29,14]],[[22689,14062],[54,32],[162,13],[58,31],[111,0],[32,-17],[-23,-43],[49,-55],[103,-41],[7,-34],[68,12],[46,-26],[24,-55]],[[15334,13162],[-45,-73]],[[15693,16824],[13,1]],[[15958,16940],[159,-35],[91,-8],[86,-69],[156,-27],[68,9],[125,129]],[[16644,16933],[47,-29],[7,-38],[-55,-19],[-4,-72],[168,7]],[[9345,17454],[518,33],[4,6]],[[9843,15927],[-48,0],[-138,-122],[-44,-18],[27,-72],[-95,-36],[-84,8],[-61,62]],[[10852,14312],[-128,57],[-159,59],[-36,-16],[-61,-67]],[[10468,14345],[-52,31],[-94,-13],[-32,23],[-61,-4],[-173,50],[-42,47],[-42,6],[33,71]],[[10005,14556],[55,49],[158,70],[276,45],[75,37],[-43,60],[136,41]],[[10823,14910],[103,-47],[115,-123],[-206,-144],[-15,-99],[-51,-23],[69,-37],[70,-19]],[[9853,14504],[99,7],[53,45]],[[10468,14345],[-20,-84],[20,-96]],[[34176,11204],[111,-35]],[[34063,10821],[-3,0]],[[14322,9807],[-80,6],[-112,65],[21,41],[-47,17]],[[14340,10165],[114,-65],[93,-40]],[[13589,9267],[74,101],[-60,43],[17,22]],[[14050,9410],[-94,-168],[-55,-61],[-37,-15]],[[8718,11405],[-66,40],[-89,32],[-50,87],[9,33]],[[8924,11808],[0,-3]],[[11316,10474],[-13,-66],[-293,-76],[-42,40],[143,133],[83,43]],[[9828,10458],[-112,-56],[25,-18],[-95,-38],[-124,-30],[-146,28],[-22,29],[-117,89],[-1,41],[45,86]],[[16818,5170],[8,-127],[-130,-13],[-23,70]],[[16319,5488],[62,3],[66,29],[83,1],[45,72],[88,14],[144,47],[57,-98],[16,-63]],[[10431,11951],[-75,89],[110,103],[48,32],[12,39],[-105,42],[-88,65]],[[10994,12152],[-1,-3]],[[17136,15793],[10,2]],[[17704,15943],[100,-74],[-16,-77],[-57,-52],[-3,-54],[86,-46],[-87,-66],[-190,38],[-74,30],[14,85],[-98,-11],[-151,-72],[-82,-20]],[[26652,8576],[-43,52],[79,44],[212,58],[172,94],[83,36],[99,-86],[29,-53],[-58,-31],[39,-35],[-93,-44]],[[23514,9912],[44,-31],[151,48]],[[23725,9801],[-78,-35],[-40,-42]],[[26029,6494],[69,42],[-49,128],[82,21],[115,49],[85,52],[64,-128],[52,-59],[80,-36],[63,-102],[-76,-34],[-112,18],[-32,-44],[-57,-14],[-48,-50],[-55,10],[-53,38],[-40,82],[-88,27]],[[30540,14801],[0,-1]],[[28582,17496],[30,26]],[[28761,17650],[159,140],[51,-3]],[[29264,17415],[-16,-87],[-34,-57],[37,-158],[208,-25],[19,-21]],[[8178,12425],[-110,49],[-89,1],[-51,27],[-64,58],[-57,88]],[[8505,12555],[-6,-47]],[[29980,676],[79,48],[82,69]],[[30471,778],[15,-30],[-35,-97],[66,-78],[-116,-10],[-13,-39],[-73,-69],[-102,5],[-42,-49]],[[25241,12173],[10,54],[96,49],[40,61],[87,19],[88,1],[39,-45],[11,-50],[65,-31],[-55,-112]],[[21231,12952],[-12,7]],[[20120,14703],[-19,1]],[[20222,14992],[5,-2]],[[19839,13756],[-80,136]],[[22362,14645],[64,-17],[0,-67],[146,8]],[[22336,14387],[-217,1]],[[15354,14596],[57,3],[63,36],[1,48],[-42,23]],[[15803,14697],[-13,-42],[44,-28],[-1,-71],[-136,-60],[-40,-64],[41,-25],[-21,-33],[-78,12],[-46,-36]],[[37438,10016],[126,-14],[113,40],[77,-52],[64,-25],[98,-18],[19,-28],[131,1],[16,-20],[-79,-38],[-5,-61],[-36,-28],[63,-59],[-34,-64],[100,-57],[64,-1],[61,-27],[89,17],[46,-98],[-237,-56],[-14,-20],[-123,-75],[-181,-16],[-63,-56],[-184,-21],[-160,-71],[-112,44],[-96,-16],[-152,94]],[[29881,10304],[-7,-1]],[[29008,10447],[49,26]],[[26332,11695],[-126,12]],[[26063,11895],[10,-21],[137,-70],[58,0],[114,33],[85,-63],[-2,-39]],[[30492,11831],[-43,14],[-63,53]],[[32837,11710],[-22,-69],[-114,-100],[-98,16],[-119,48],[-15,27],[-41,165],[-19,21]],[[32544,12054],[28,-2]],[[17497,5712],[-113,8],[9,-61],[-154,-9],[-41,23],[-35,96],[14,49],[56,14],[75,-13],[-9,132],[-17,75],[114,10],[48,-219],[53,-105]],[[8134,10914],[73,-78],[-8,-33],[49,-123],[-17,-18]],[[10490,11073],[-8,9]],[[10188,11301],[138,19],[66,-35],[88,22],[-26,59],[52,22],[146,-26],[36,-54],[76,32],[30,-77],[-51,-14],[20,-37],[-14,-58]],[[7396,10587],[-50,25],[93,32],[-74,26],[7,85],[32,49],[-60,39],[9,74],[107,18],[22,32],[66,-20],[128,2],[56,-8]],[[20211,9923],[42,25]],[[20318,9564],[-58,40],[-54,88],[37,56]],[[12445,10957],[-32,-27],[-126,57],[-55,-20],[79,-43],[52,13],[65,-41],[-81,-78],[-125,2],[-33,-20],[-129,24],[-23,16]]],"transform":{"scale":[0.0001,0.0000999999999999998],"translate":[2.5413,49.4973]},"objects":{"be_postcodes":{"type":"GeometryCollection","geometries":[{"arcs":[[0,1,2,3,4,5,6,7]],"type":"Polygon","properties":{"postcode":"6730","nl":"Tintigny","fr":"Tintigny"}},{"arcs":[[8,9,10,11,12,13,14]],"type":"Polygon","properties":{"postcode":"9900","nl":"Eeklo","fr":"Eeklo"}},{"arcs":[[15,16,17,18,19]],"type":"Polygon","properties":{"postcode":"8720","nl":"Dentergem","fr":"Dentergem"}},{"arcs":[[20,21,22,23,24,25]],"type":"Polygon","properties":{"postcode":"8560","nl":"Wevelgem","fr":"Wevelgem"}},{"arcs":[[26,27,28,29,30,31,32,33]],"type":"Polygon","properties":{"postcode":"4520","nl":"Wanze","fr":"Wanze"}},{"arcs":[[34,35,36,37,38,39,40]],"type":"Polygon","properties":{"postcode":"4550","nl":"Nandrin","fr":"Nandrin"}},{"arcs":[[41,42,43,44,45,46,47,48,49,50]],"type":"Polygon","properties":{"postcode":"2300","nl":"Turnhout","fr":"Turnhout"}},{"arcs":[[51,52,53,54,55,56,57,58,59]],"type":"Polygon","properties":{"postcode":"3600","nl":"Genk","fr":"Genk"}},{"arcs":[[60,61,62,63,64]],"type":"Polygon","properties":{"postcode":"4219","nl":"Wasseiges","fr":"Wasseiges"}},{"arcs":[[65,66,67,68,69,70,71,72,73,74,75,76]],"type":"Polygon","properties":{"postcode":"7370","nl":"Dour","fr":"Dour"}},{"arcs":[[77,78,79,80,81,82,83]],"type":"Polygon","properties":{"postcode":"9140","nl":"Temse","fr":"Tamise"}},{"arcs":[[84,-62,85,86,87,88,89,90,91]],"type":"Polygon","properties":{"postcode":"5380","nl":"Fernelmont","fr":"Fernelmont"}},{"arcs":[[92,93,94,95,96,97,98,99,100,101,102]],"type":"Polygon","properties":{"postcode":"4610","nl":"Beyne-Heusay","fr":"Beyne-Heusay"}},{"arcs":[[103,104,105,106,107,108,109,110,111,112,113,114]],"type":"Polygon","properties":{"postcode":"7160","nl":"Chapelle-lez-Herlaimont","fr":"Chapelle-lez-Herlaimont"}},{"arcs":[[115,116,117,118,119]],"type":"Polygon","properties":{"postcode":"6990","nl":"Hotton","fr":"Hotton"}},{"arcs":[[120,121,122,123,124]],"type":"Polygon","properties":{"postcode":"2930","nl":"Brasschaat","fr":"Brasschaat"}},{"arcs":[[125,126,127,128,129]],"type":"Polygon","properties":{"postcode":"8830","nl":"Hooglede","fr":"Hooglede"}},{"arcs":[[130,131,132,133,134,135,136,137,138]],"type":"Polygon","properties":{"postcode":"1480","nl":"Tubeke","fr":"Tubize"}},{"arcs":[[139,140,141,142,143,144]],"type":"Polygon","properties":{"postcode":"1325","nl":"Chaumont-Gistoux","fr":"Chaumont-Gistoux"}},{"arcs":[[145,146,147,148,149,150,151]],"type":"Polygon","properties":{"postcode":"3350","nl":"Linter","fr":"Linter"}},{"arcs":[[152,153,154]],"type":"Polygon","properties":{"postcode":"3717","nl":"Herstappe","fr":"Herstappe"}},{"arcs":[[155,156,157,158,159,160,161,162,163,164,165]],"type":"Polygon","properties":{"postcode":"4460","nl":"Grâce-Hollogne","fr":"Grâce-Hollogne"}},{"arcs":[[-164,166,167,168,169,170,171]],"type":"Polygon","properties":{"postcode":"4420","nl":"Saint-Nicolas","fr":"Saint-Nicolas"}},{"arcs":[[172,173,174,175,176,177,178,179,180]],"type":"Polygon","properties":{"postcode":"3080","nl":"Tervuren","fr":"Tervuren"}},{"arcs":[[181,182,183,184,185,-175,186]],"type":"Polygon","properties":{"postcode":"1950","nl":"Kraainem","fr":"Kraainem"}},{"arcs":[[187,188,189,190,191]],"type":"Polygon","properties":{"postcode":"2920","nl":"Kalmthout","fr":"Kalmthout"}},{"arcs":[[192,193,194,195,196,197,198]],"type":"Polygon","properties":{"postcode":"8587","nl":"Spiere-Helkijn","fr":"Espierres-Helchin"}},{"arcs":[[199,200,201,202,-88,203,204,205,206,-27,207,208,209,210,211,212]],"type":"Polygon","properties":{"postcode":"5300","nl":"Andenne","fr":"Andenne"}},{"arcs":[[213,214,215,216,-70,217]],"type":"Polygon","properties":{"postcode":"7350","nl":"Hensies","fr":"Hensies"}},{"arcs":[[218,219,220,221,222,223,224,225]],"type":"Polygon","properties":{"postcode":"9690","nl":"Kluisbergen","fr":"Kluisbergen"}},{"arcs":[[226,227,228,229,230,231,232]],"type":"Polygon","properties":{"postcode":"1082","nl":"Sint-Agatha-Berchem","fr":"Berchem-Sainte-Agathe"}},{"arcs":[[233,234,235,236,237,238,239]],"type":"Polygon","properties":{"postcode":"9070","nl":"Destelbergen","fr":"Destelbergen"}},{"arcs":[[240,241,242,243,244,245,246,247]],"type":"Polygon","properties":{"postcode":"1450","nl":"Chastre","fr":"Chastre"}},{"arcs":[[248,249,250,251,252,253,254,255,256,257,258]],"type":"Polygon","properties":{"postcode":"4950","nl":"Weismes","fr":"Waimes"}},{"arcs":[[259,260,261,262]],"type":"Polygon","properties":{"postcode":"8370","nl":"Blankenberge","fr":"Blankenberge"}},{"arcs":[[263,264,265,266,-140,267,-244]],"type":"Polygon","properties":{"postcode":"1435","nl":"Mont-Saint-Guibert","fr":"Mont-Saint-Guibert"}},{"arcs":[[268,269,270,271,272,273,274,275,276,277,278]],"type":"Polygon","properties":{"postcode":"3130","nl":"Begijnendijk","fr":"Begijnendijk"}},{"arcs":[[279,280,281,282,283,284,285,286]],"type":"Polygon","properties":{"postcode":"1910","nl":"Kampenhout","fr":"Kampenhout"}},{"arcs":[[287,288,289,290,291,292,293,294]],"type":"Polygon","properties":{"postcode":"3950","nl":"Bocholt","fr":"Bocholt"}},{"arcs":[[295,296,297,298,-37]],"type":"Polygon","properties":{"postcode":"4480","nl":"Engis","fr":"Engis"}},{"arcs":[[299,300,301,302,303,304,305,306]],"type":"Polygon","properties":{"postcode":"2980","nl":"Zoersel","fr":"Zoersel"}},{"arcs":[[307,308,309,310,311]],"type":"Polygon","properties":{"postcode":"9290","nl":"Berlare","fr":"Berlare"}},{"arcs":[[312,313,314,315,316,317,318,319,320]],"type":"Polygon","properties":{"postcode":"8730","nl":"Beernem","fr":"Beernem"}},{"arcs":[[321,-259,322,323,324]],"type":"Polygon","properties":{"postcode":"4960","nl":"Malmedy","fr":"Malmedy"}},{"arcs":[[325,-189]],"type":"Polygon","properties":{"postcode":"2910","nl":"Essen","fr":"Essen"}},{"arcs":[[326,327,328,329,330,331]],"type":"Polygon","properties":{"postcode":"5660","nl":"Couvin","fr":"Couvin"}},{"arcs":[[332,333,334,335,336]],"type":"Polygon","properties":{"postcode":"3870","nl":"Heers","fr":"Heers"}},{"arcs":[[337,338,339,340,341]],"type":"Polygon","properties":{"postcode":"3850","nl":"Nieuwerkerken","fr":"Nieuwerkerken"}},{"arcs":[[-52,342,343,344,345,346,347,348]],"type":"Polygon","properties":{"postcode":"3590","nl":"Diepenbeek","fr":"Diepenbeek"}},{"arcs":[[349,350,351,352]],"type":"Polygon","properties":{"postcode":"6927","nl":"Tellin","fr":"Tellin"}},{"arcs":[[353,354,355]],"type":"Polygon","properties":{"postcode":"8660","nl":"De Panne","fr":"La Panne"}},{"arcs":[[356,357,358,359,360,-23]],"type":"Polygon","properties":{"postcode":"8880","nl":"Ledegem","fr":"Ledegem"}},{"arcs":[[361,362,363,364,365,366,367,368,369]],"type":"Polygon","properties":{"postcode":"6567","nl":"Merbes-le-Château","fr":"Merbes-le-Château"}},{"arcs":[[370,371,372,373,-182,374]],"type":"Polygon","properties":{"postcode":"1200","nl":"Sint-Lambrechts-Woluwe","fr":"Woluwe-Saint-Lambert"}},{"arcs":[[375,376,377,-173,378,379]],"type":"Polygon","properties":{"postcode":"1160","nl":"Oudergem","fr":"Auderghem"}},{"arcs":[[380,381,382,383,384]],"type":"Polygon","properties":{"postcode":"5680","nl":"Doische","fr":"Doische"}},{"arcs":[[385,386,387,388,389,390,391]],"type":"Polygon","properties":{"postcode":"7870","nl":"Lens","fr":"Lens"}},{"arcs":[[392,393,394,395,396,397]],"type":"Polygon","properties":{"postcode":"1547","nl":"Bever","fr":"Biévène"}},{"arcs":[[398,399,400,401,402,403,404,405,406,407,408]],"type":"Polygon","properties":{"postcode":"9890","nl":"Gavere","fr":"Gavere"}},{"arcs":[[409,410,411,412,413]],"type":"Polygon","properties":{"postcode":"1367","nl":"Ramillies","fr":"Ramillies"}},{"arcs":[[414,415,-194,416,417,418,419,420,421,422,423,424,425,426]],"type":"Polygon","properties":{"postcode":"7760","nl":"Celles","fr":"Celles"}},{"arcs":[[427,428,429,430,431,432,433,434]],"type":"Polygon","properties":{"postcode":"7390","nl":"Quaregnon","fr":"Quaregnon"}},{"arcs":[[435,436,437,438,439]],"type":"Polygon","properties":{"postcode":"6240","nl":"Farciennes","fr":"Farciennes"}},{"arcs":[[440,441,442,-301,443,444]],"type":"Polygon","properties":{"postcode":"2970","nl":"Schilde","fr":"Schilde"}},{"arcs":[[445,446,447,448,449]],"type":"Polygon","properties":{"postcode":"1410","nl":"Waterloo","fr":"Waterloo"}},{"arcs":[[450,451,452,453,454,455,456]],"type":"Polygon","properties":{"postcode":"6640","nl":"Vaux-sur-Sûre","fr":"Vaux-sur-Sûre"}},{"arcs":[[457,458,459,460,461,462,463,464,465]],"type":"Polygon","properties":{"postcode":"7070","nl":"Le Roeulx","fr":"Le Roeulx"}},{"arcs":[[466,467,468,469,470,471,472,473,474,475,476]],"type":"Polygon","properties":{"postcode":"2820","nl":"Bonheiden","fr":"Bonheiden"}},{"arcs":[[477,478,479,480,-242,481,482,483,484,485,486]],"type":"Polygon","properties":{"postcode":"1495","nl":"Villers-la-Ville","fr":"Villers-la-Ville"}},{"arcs":[[487,488,489,490,491,492,-157,493]],"type":"Polygon","properties":{"postcode":"4357","nl":"Donceel","fr":"Donceel"}},{"arcs":[[494,495,496,497,-153,498,499]],"type":"Polygon","properties":{"postcode":"4367","nl":"Crisnée","fr":"Crisnée"}},{"arcs":[[500,501,502,503]],"type":"Polygon","properties":{"postcode":"2370","nl":"Arendonk","fr":"Arendonk"}},{"arcs":[[504,-41,505,506,507]],"type":"Polygon","properties":{"postcode":"4557","nl":"Tinlot","fr":"Tinlot"}},{"arcs":[[508,509,510,511,512,513,514]],"type":"Polygon","properties":{"postcode":"1620","nl":"Drogenbos","fr":"Drogenbos"}},{"arcs":[[515,516,517,518,519,520,521]],"type":"Polygon","properties":{"postcode":"2310","nl":"Rijkevorsel","fr":"Rijkevorsel"}},{"arcs":[[-136,522,523,524,525,526,527,528,529]],"type":"Polygon","properties":{"postcode":"1440","nl":"Kasteelbrakel","fr":"Braine-le-Château"}},{"arcs":[[-448,530,531,532,533]],"type":"Polygon","properties":{"postcode":"1310","nl":"Terhulpen","fr":"La Hulpe"}},{"arcs":[[534,-294,535,536]],"type":"Polygon","properties":{"postcode":"3640","nl":"Kinrooi","fr":"Kinrooi"}},{"arcs":[[-489,537,538,539,540,-333,541,542]],"type":"Polygon","properties":{"postcode":"4300","nl":"Borgworm","fr":"Waremme"}},{"arcs":[[543,544,-35,-505,545,546]],"type":"Polygon","properties":{"postcode":"4577","nl":"Modave","fr":"Modave"}},{"arcs":[[547,548,549,550,551,552,-436,553,554]],"type":"Polygon","properties":{"postcode":"6200","nl":"Châtelet","fr":"Châtelet"}},{"arcs":[[555,556,557,558,559,560,561,562,563]],"type":"Polygon","properties":{"postcode":"6747","nl":"Saint-Léger","fr":"Saint-Léger"}},{"arcs":[[564,565,566,567,568,569]],"type":"Polygon","properties":{"postcode":"2845","nl":"Niel","fr":"Niel"}},{"arcs":[[570,571,572,-20,573,574,575,576,577,578]],"type":"Polygon","properties":{"postcode":"8710","nl":"Wielsbeke","fr":"Wielsbeke"}},{"arcs":[[579,580,581,582,583,584]],"type":"Polygon","properties":{"postcode":"4920","nl":"Aywaille","fr":"Aywaille"}},{"arcs":[[585,586,587,-208,-34,588,-544,589]],"type":"Polygon","properties":{"postcode":"4500","nl":"Hoei","fr":"Huy"}},{"arcs":[[590,591,592,-514,593,594]],"type":"Polygon","properties":{"postcode":"1630","nl":"Linkebeek","fr":"Linkebeek"}},{"arcs":[[595,596,-504,597,598,599,600]],"type":"Polygon","properties":{"postcode":"2470","nl":"Retie","fr":"Retie"}},{"arcs":[[601,-119,602,603,604,605,606,607,608,609,610]],"type":"Polygon","properties":{"postcode":"6987","nl":"Rendeux","fr":"Rendeux"}},{"arcs":[[611,-522,612,613,614,-303]],"type":"Polygon","properties":{"postcode":"2390","nl":"Malle","fr":"Malle"}},{"arcs":[[615,616,617,618,619,620,621,622]],"type":"Polygon","properties":{"postcode":"8470","nl":"Gistel","fr":"Gistel"}},{"arcs":[[623,624,625,626,627,628,629,-143,630]],"type":"Polygon","properties":{"postcode":"1390","nl":"Graven","fr":"Grez-Doiceau"}},{"arcs":[[631,632,633,-264,-243,-481]],"type":"Polygon","properties":{"postcode":"1490","nl":"Court-Saint-Étienne","fr":"Court-Saint-Étienne"}},{"arcs":[[634,635,636,637,638]],"type":"Polygon","properties":{"postcode":"2547","nl":"Lint","fr":"Lint"}},{"arcs":[[639,640,641,642,643,644]],"type":"Polygon","properties":{"postcode":"2940","nl":"Stabroek","fr":"Stabroek"}},{"arcs":[[-456,645,646,647]],"type":"Polygon","properties":{"postcode":"6637","nl":"Fauvillers","fr":"Fauvillers"}},{"arcs":[[648,649,650,651,-555,652,653,654]],"type":"Polygon","properties":{"postcode":"6280","nl":"Gerpinnes","fr":"Gerpinnes"}},{"arcs":[[655,656,657,658,659,660]],"type":"Polygon","properties":{"postcode":"2260","nl":"Westerlo","fr":"Westerlo"}},{"arcs":[[661,662,663,664,665,666,667,-657]],"type":"Polygon","properties":{"postcode":"2200","nl":"Herentals","fr":"Herentals"}},{"arcs":[[[-45,668,669]],[[670,671,672]],[[673]]],"type":"MultiPolygon","properties":{"postcode":"2387","nl":"Baarle-Hertog","fr":"Baerle-Duc"}},{"arcs":[[-621,674,675,676,677,678]],"type":"Polygon","properties":{"postcode":"8460","nl":"Oudenburg","fr":"Oudenburg"}},{"arcs":[[679,-622,-679,680,681,682,683]],"type":"Polygon","properties":{"postcode":"8480","nl":"Ichtegem","fr":"Ichtegem"}},{"arcs":[[684,685,-676,686]],"type":"Polygon","properties":{"postcode":"8450","nl":"Bredene","fr":"Bredene"}},{"arcs":[[687,-131,688]],"type":"Polygon","properties":{"postcode":"1430","nl":"Rebecq","fr":"Rebecq"}},{"arcs":[[689,690,691,692,693,694,-412,695]],"type":"Polygon","properties":{"postcode":"1370","nl":"Geldenaken","fr":"Jodoigne"}},{"arcs":[[696,697,698,699,700,701,702,703,704,705,-362,706]],"type":"Polygon","properties":{"postcode":"7120","nl":"Estinnes","fr":"Estinnes"}},{"arcs":[[707,708,709,710,711,712,713,714]],"type":"Polygon","properties":{"postcode":"7730","nl":"Estaimpuis","fr":"Estaimpuis"}},{"arcs":[[715,716,717,-285,718,719,720,721,722]],"type":"Polygon","properties":{"postcode":"3020","nl":"Herent","fr":"Herent"}},{"arcs":[[723,724,-371,725,-377,726]],"type":"Polygon","properties":{"postcode":"1040","nl":"Etterbeek","fr":"Etterbeek"}},{"arcs":[[727,728,729,730,-125,731,-442,732]],"type":"Polygon","properties":{"postcode":"2900","nl":"Schoten","fr":"Schoten"}},{"arcs":[[733,734,-444,-300,735,736,737,738]],"type":"Polygon","properties":{"postcode":"2520","nl":"Ranst","fr":"Ranst"}},{"arcs":[[739,740,741,-542,-337,742,-497]],"type":"Polygon","properties":{"postcode":"4360","nl":"Oerle","fr":"Oreye"}},{"arcs":[[[743,744,745,746]],[[747,748]]],"type":"MultiPolygon","properties":{"postcode":"1060","nl":"Sint-Gillis","fr":"Saint-Gilles"}},{"arcs":[[749,750,751,752,753,754,755,756,757,758,759,760]],"type":"Polygon","properties":{"postcode":"4880","nl":"Aubel","fr":"Aubel"}},{"arcs":[[-298,761,-166,762,763,764,765]],"type":"Polygon","properties":{"postcode":"4400","nl":"Flémalle","fr":"Flémalle"}},{"arcs":[[766,767,768,769,770,-546,-508,771,772,773]],"type":"Polygon","properties":{"postcode":"4560","nl":"Clavier","fr":"Clavier"}},{"arcs":[[774,775,776,-115,777,778,779,780,781]],"type":"Polygon","properties":{"postcode":"6150","nl":"Anderlues","fr":"Anderlues"}},{"arcs":[[-284,782,-471,783,784,785,786,787,788,-719]],"type":"Polygon","properties":{"postcode":"3150","nl":"Haacht","fr":"Haacht"}},{"arcs":[[789,790,791,-595,792,793,794,-446,795]],"type":"Polygon","properties":{"postcode":"1640","nl":"Sint-Genesius-Rode","fr":"Rhode-Saint-Genèse"}},{"arcs":[[-668,796,797,-658]],"type":"Polygon","properties":{"postcode":"2250","nl":"Olen","fr":"Olen"}},{"arcs":[[-123,798,-191,799,800,801,802,803]],"type":"Polygon","properties":{"postcode":"2990","nl":"Wuustwezel","fr":"Wuustwezel"}},{"arcs":[[-641,804,-192,-799,-122,805]],"type":"Polygon","properties":{"postcode":"2950","nl":"Kapellen","fr":"Kapellen"}},{"arcs":[[-359,806,807,808,809,810]],"type":"Polygon","properties":{"postcode":"8870","nl":"Izegem","fr":"Izegem"}},{"arcs":[[811,812,813,814,815,816,-774,817,818,-116,819]],"type":"Polygon","properties":{"postcode":"5377","nl":"Somme-Leuze","fr":"Somme-Leuze"}},{"arcs":[[820,821,822,823,824,825,826]],"type":"Polygon","properties":{"postcode":"4990","nl":"Lierneux","fr":"Lierneux"}},{"arcs":[[827,828,829,830,831,832,833,834,835,836,837,838,839,840,841,842,843,844]],"type":"Polygon","properties":{"postcode":"4130","nl":"Esneux","fr":"Esneux"}},{"arcs":[[845,846,847,848,849,-689,-139,850,851,852,853,854,855]],"type":"Polygon","properties":{"postcode":"7090","nl":"'s Gravenbrakel","fr":"Braine-le-Comte"}},{"arcs":[[-614,856,857,858,-666,859]],"type":"Polygon","properties":{"postcode":"2275","nl":"Lille","fr":"Lille"}},{"arcs":[[-277,860,-660,861,862,863,864,865,866,867,868]],"type":"Polygon","properties":{"postcode":"2230","nl":"Herselt","fr":"Herselt"}},{"arcs":[[869,-733,-441,870]],"type":"Polygon","properties":{"postcode":"2110","nl":"Wijnegem","fr":"Wijnegem"}},{"arcs":[[-568,871,872,873,874,875,876]],"type":"Polygon","properties":{"postcode":"2630","nl":"Aartselaar","fr":"Aartselaar"}},{"arcs":[[877,878,879,-684,880,-127,881]],"type":"Polygon","properties":{"postcode":"8610","nl":"Kortemark","fr":"Kortemark"}},{"arcs":[[-295,-535,882,883,884,885,886]],"type":"Polygon","properties":{"postcode":"3960","nl":"Bree","fr":"Bree"}},{"arcs":[[887,-65,888,889,890,891,892,893,894]],"type":"Polygon","properties":{"postcode":"4280","nl":"Hannuit","fr":"Hannut"}},{"arcs":[[895,896,897,898,899,900]],"type":"Polygon","properties":{"postcode":"1090","nl":"Jette","fr":"Jette"}},{"arcs":[[901,902,903,904,905,906,907]],"type":"Polygon","properties":{"postcode":"2450","nl":"Meerhout","fr":"Meerhout"}},{"arcs":[[-604,908,909,910,911,-821,912,913]],"type":"Polygon","properties":{"postcode":"6960","nl":"Manhay","fr":"Manhay"}},{"arcs":[[-223,914,915,916,917,918,919,920,921,922,923,924]],"type":"Polygon","properties":{"postcode":"9700","nl":"Oudenaarde","fr":"Audenarde"}},{"arcs":[[925,926,927,928,929,930,931,932,933,934]],"type":"Polygon","properties":{"postcode":"9340","nl":"Lede","fr":"Lede"}},{"arcs":[[-354,935,936,937]],"type":"Polygon","properties":{"postcode":"8670","nl":"Koksijde","fr":"Koksijde"}},{"arcs":[[938,939,940,941,942,943,944,945,946,947,948,949]],"type":"Polygon","properties":{"postcode":"8980","nl":"Zonnebeke","fr":"Zonnebeke"}},{"arcs":[[-950,950,-21,951,952,953]],"type":"Polygon","properties":{"postcode":"8940","nl":"Wervik","fr":"Wervik"}},{"arcs":[[954,-255,955,956,957,958,959,960,-257]],"type":"Polygon","properties":{"postcode":"4750","nl":"Bütgenbach","fr":"Butgenbach"}},{"arcs":[[-521,961,-43,962,-857,-613]],"type":"Polygon","properties":{"postcode":"2340","nl":"Beerse","fr":"Beerse"}},{"arcs":[[963,-570,964,965]],"type":"Polygon","properties":{"postcode":"2850","nl":"Boom","fr":"Boom"}},{"arcs":[[966,967,968,969,970,971,972]],"type":"Polygon","properties":{"postcode":"9060","nl":"Zelzate","fr":"Zelzate"}},{"arcs":[[973,974,975,976,977,-329]],"type":"Polygon","properties":{"postcode":"5630","nl":"Cerfontaine","fr":"Cerfontaine"}},{"arcs":[[978,979,980,981,982,983,984,985,986,987,988]],"type":"Polygon","properties":{"postcode":"7890","nl":"Elzele","fr":"Ellezelles"}},{"arcs":[[-628,989,990,991,992,993,994,995]],"type":"Polygon","properties":{"postcode":"3360","nl":"Bierbeek","fr":"Bierbeek"}},{"arcs":[[-797,-667,-859,996,-51,997,-596,998]],"type":"Polygon","properties":{"postcode":"2460","nl":"Kasterlee","fr":"Kasterlee"}},{"arcs":[[999,1000,1001,1002,1003,1004,1005,1006,1007,-469]],"type":"Polygon","properties":{"postcode":"2580","nl":"Putte","fr":"Putte"}},{"arcs":[[1008,1009,-84,1010,1011,1012,1013]],"type":"Polygon","properties":{"postcode":"9220","nl":"Hamme","fr":"Hamme"}},{"arcs":[[1014,1015,1016,1017,1018,1019,-879,1020]],"type":"Polygon","properties":{"postcode":"8600","nl":"Diksmuide","fr":"Dixmude"}},{"arcs":[[1021,-213,1022,1023,1024,1025,1026,1027,1028,1029,1030,1031]],"type":"Polygon","properties":{"postcode":"5340","nl":"Gesves","fr":"Gesves"}},{"arcs":[[-180,1032,1033,1034,1035,1036,-624,1037,1038]],"type":"Polygon","properties":{"postcode":"3040","nl":"Huldenberg","fr":"Huldenberg"}},{"arcs":[[1039,1040,1041,1042,1043,1044,1045]],"type":"Polygon","properties":{"postcode":"5555","nl":"Bièvre","fr":"Bièvre"}},{"arcs":[[1046,1047,1048,1049,1050,1051,1052,1053,1054,1055]],"type":"Polygon","properties":{"postcode":"3560","nl":"Lummen","fr":"Lummen"}},{"arcs":[[1056,1057,1058,1059,1060,1061,1062,-32]],"type":"Polygon","properties":{"postcode":"4530","nl":"Villers-le-Bouillet","fr":"Villers-le-Bouillet"}},{"arcs":[[1063,1064,1065,1066,1067,1068,1069,1070,1071]],"type":"Polygon","properties":{"postcode":"1770","nl":"Liedekerke","fr":"Liedekerke"}},{"arcs":[[1072,1073,1074,1075,1076,-744,1077,-511,1078,1079,1080]],"type":"Polygon","properties":{"postcode":"1070","nl":"Anderlecht","fr":"Anderlecht"}},{"arcs":[[1081,1082,1083,1084,1085,1086,-350,1087,1088,1089]],"type":"Polygon","properties":{"postcode":"6890","nl":"Libin","fr":"Libin"}},{"arcs":[[1090,-820,-120,-602,1091,1092,1093,1094,1095,1096,1097]],"type":"Polygon","properties":{"postcode":"6900","nl":"Marche-en-Famenne","fr":"Marche-en-Famenne"}},{"arcs":[[-413,-695,1098,1099,-889,-64,1100]],"type":"Polygon","properties":{"postcode":"1350","nl":"Orp-Jauche","fr":"Orp-Jauche"}},{"arcs":[[1101,-1062,1102,-494,1103]],"type":"Polygon","properties":{"postcode":"4537","nl":"Verlaine","fr":"Verlaine"}},{"arcs":[[-33,-1063,-1102,1104,-296,-36,-545,-589]],"type":"Polygon","properties":{"postcode":"4540","nl":"Amay","fr":"Amay"}},{"arcs":[[1105,1106,1107,1108]],"type":"Polygon","properties":{"postcode":"6470","nl":"Sivry-Rance","fr":"Sivry-Rance"}},{"arcs":[[1109,-230,1110,-900,1111,-1076]],"type":"Polygon","properties":{"postcode":"1080","nl":"Sint-Jans-Molenbeek","fr":"Molenbeek-Saint-Jean"}},{"arcs":[[-875,1112,1113,1114,1115]],"type":"Polygon","properties":{"postcode":"2650","nl":"Edegem","fr":"Edegem"}},{"arcs":[[1116,1117,-882,-126,1118,-947]],"type":"Polygon","properties":{"postcode":"8840","nl":"Staden","fr":"Staden"}},{"arcs":[[[1119,1120]],[[1121,1122,1123,1124]]],"type":"MultiPolygon","properties":{"postcode":"8957","nl":"Mesen","fr":"Messines"}},{"arcs":[[1125,1126,1127]],"type":"Polygon","properties":{"postcode":"3770","nl":"Riemst","fr":"Riemst"}},{"arcs":[[-1052,1128,1129,1130,1131,1132,1133]],"type":"Polygon","properties":{"postcode":"3550","nl":"Heusden-Zolder","fr":"Heusden-Zolder"}},{"arcs":[[1134,-995,1135,1136,1137,1138,1139,1140,1141]],"type":"Polygon","properties":{"postcode":"3370","nl":"Boutersem","fr":"Boutersem"}},{"arcs":[[1142,1143,1144,1145,1146,1147,1148,1149,1150,1151]],"type":"Polygon","properties":{"postcode":"1750","nl":"Lennik","fr":"Lennik"}},{"arcs":[[1152,1153,1154,1155,1156,1157,1158,1159,1160]],"type":"Polygon","properties":{"postcode":"1880","nl":"Kapelle-op-den-Bos","fr":"Kapelle-op-den-Bos"}},{"arcs":[[-1002,1161,1162,1163]],"type":"Polygon","properties":{"postcode":"2590","nl":"Berlaar","fr":"Berlaar"}},{"arcs":[[1164,1165,-312,1166,-927]],"type":"Polygon","properties":{"postcode":"9260","nl":"Wichelen","fr":"Wichelen"}},{"arcs":[[1167,1168,1169,1170]],"type":"Polygon","properties":{"postcode":"8640","nl":"Vleteren","fr":"Vleteren"}},{"arcs":[[1171,1172,-1117,-946,1173,1174,1175,1176]],"type":"Polygon","properties":{"postcode":"8920","nl":"Langemark-Poelkapelle","fr":"Langemark-Poelkapelle"}},{"arcs":[[-890,-1100,1177,1178,1179]],"type":"Polygon","properties":{"postcode":"4287","nl":"Lijsem","fr":"Lincent"}},{"arcs":[[1180,1181,1182,-325,1183,1184,1185]],"type":"Polygon","properties":{"postcode":"4970","nl":"Stavelot","fr":"Stavelot"}},{"arcs":[[-513,1186,1187,1188,1189,-793,-594]],"type":"Polygon","properties":{"postcode":"1180","nl":"Ukkel","fr":"Uccle"}},{"arcs":[[1190,1191,1192,1193,1194,1195,-1114]],"type":"Polygon","properties":{"postcode":"2640","nl":"Mortsel","fr":"Mortsel"}},{"arcs":[[1196,-360,-811,1197,1198,1199]],"type":"Polygon","properties":{"postcode":"8860","nl":"Lendelede","fr":"Lendelede"}},{"arcs":[[1200,1201,1202,1203,1204,1205,1206,1207]],"type":"Polygon","properties":{"postcode":"5170","nl":"Profondeville","fr":"Profondeville"}},{"arcs":[[1208,1209,1210,-883,-537,1211,1212]],"type":"Polygon","properties":{"postcode":"3680","nl":"Maaseik","fr":"Maaseik"}},{"arcs":[[1213,1214,-1047,1215,1216,1217]],"type":"Polygon","properties":{"postcode":"3545","nl":"Halen","fr":"Halen"}},{"arcs":[[-590,-547,-771,1218,1219]],"type":"Polygon","properties":{"postcode":"4570","nl":"Marchin","fr":"Marchin"}},{"arcs":[[-1140,1220,1221,1222,1223,-146,1224,1225,1226,1227,1228]],"type":"Polygon","properties":{"postcode":"3300","nl":"Tienen","fr":"Tirlemont"}},{"arcs":[[-663,1229,1230,1231,1232,1233,1234]],"type":"Polygon","properties":{"postcode":"2270","nl":"Herenthout","fr":"Herenthout"}},{"arcs":[[1235,1236,-1182,1237]],"type":"Polygon","properties":{"postcode":"4900","nl":"Spa","fr":"Spa"}},{"arcs":[[-440,1238,1239,-653,-554]],"type":"Polygon","properties":{"postcode":"6250","nl":"Aiseau-Presles","fr":"Aiseau-Presles"}},{"arcs":[[-22,-951,-949,1240,-357]],"type":"Polygon","properties":{"postcode":"8890","nl":"Moorslede","fr":"Moorslede"}},{"arcs":[[-1207,1241,1242,1243,1244,1245,1246,1247,1248,1249,1250,1251]],"type":"Polygon","properties":{"postcode":"5530","nl":"Yvoir","fr":"Yvoir"}},{"arcs":[[1252,1253,1254,1255,1256,1257,1258]],"type":"Polygon","properties":{"postcode":"6717","nl":"Attert","fr":"Attert"}},{"arcs":[[1259,1260,1261,1262,1263,1264,-289,1265]],"type":"Polygon","properties":{"postcode":"3990","nl":"Peer","fr":"Peer"}},{"arcs":[[-751,1266,1267,1268,1269,1270,1271,1272]],"type":"Polygon","properties":{"postcode":"4890","nl":"Thimister-Clermont","fr":"Thimister-Clermont"}},{"arcs":[[1273,1274,1275,-77,1276]],"type":"Polygon","properties":{"postcode":"7387","nl":"Honnelles","fr":"Honnelles"}},{"arcs":[[1277,1278,1279,1280,1281]],"type":"Polygon","properties":{"postcode":"1745","nl":"Opwijk","fr":"Opwijk"}},{"arcs":[[1282,1283,-1009,1284,-310]],"type":"Polygon","properties":{"postcode":"9240","nl":"Zele","fr":"Zele"}},{"arcs":[[-928,-1167,-311,-1285,-1014,1285,1286,1287]],"type":"Polygon","properties":{"postcode":"9200","nl":"Dendermonde","fr":"Termonde"}},{"arcs":[[1288,1289,-1015,1290,-1172,1291,1292,-1170]],"type":"Polygon","properties":{"postcode":"8647","nl":"Lo-Reninge","fr":"Lo-Reninge"}},{"arcs":[[1293,1294,1295,-262,1296,1297,1298,1299]],"type":"Polygon","properties":{"postcode":"8377","nl":"Zuienkerke","fr":"Zuienkerke"}},{"arcs":[[1300,1301,1302,1303,1304,-318,1305,1306]],"type":"Polygon","properties":{"postcode":"8340","nl":"Damme","fr":"Damme"}},{"arcs":[[-149,1307,1308,1309,1310,1311,1312,1313,1314,1315,1316,1317]],"type":"Polygon","properties":{"postcode":"3440","nl":"Zoutleeuw","fr":"Léau"}},{"arcs":[[-654,-1240,1318,1319,1320,-1202,1321,1322,1323]],"type":"Polygon","properties":{"postcode":"5070","nl":"Fosses-la-Ville","fr":"Fosses-la-Ville"}},{"arcs":[[1324,1325,1326,1327,1328,1329]],"type":"Polygon","properties":{"postcode":"3920","nl":"Lommel","fr":"Lommel"}},{"arcs":[[-784,-470,-1008,1330,1331]],"type":"Polygon","properties":{"postcode":"3140","nl":"Keerbergen","fr":"Keerbergen"}},{"arcs":[[-1066,1332,1333,1334,1335,1336,1337,1338,1339]],"type":"Polygon","properties":{"postcode":"1790","nl":"Affligem","fr":"Affligem"}},{"arcs":[[1340,-501,-597,-998,-50]],"type":"Polygon","properties":{"postcode":"2360","nl":"Oud-Turnhout","fr":"Oud-Turnhout"}},{"arcs":[[-965,-569,-877,1341,1342,1343,1344,1345]],"type":"Polygon","properties":{"postcode":"2840","nl":"Rumst","fr":"Rumst"}},{"arcs":[[-637,1346,-1115,-1196,1347]],"type":"Polygon","properties":{"postcode":"2540","nl":"Hove","fr":"Hove"}},{"arcs":[[-952,-26,1348,1349,1350,1351]],"type":"Polygon","properties":{"postcode":"8930","nl":"Menen","fr":"Menin"}},{"arcs":[[1352,-385,1353,-331]],"type":"Polygon","properties":{"postcode":"5670","nl":"Viroinval","fr":"Viroinval"}},{"arcs":[[1354,1355,1356,1357,-1041,1358]],"type":"Polygon","properties":{"postcode":"5575","nl":"Gedinne","fr":"Gedinne"}},{"arcs":[[1359,1360,1361,1362,1363,-392,1364,1365,1366,1367,1368]],"type":"Polygon","properties":{"postcode":"7050","nl":"Jurbeke","fr":"Jurbise"}},{"arcs":[[-276,1369,1370,1371,1372,-661,-861]],"type":"Polygon","properties":{"postcode":"2235","nl":"Hulshout","fr":"Hulshout"}},{"arcs":[[-1280,1373,-1286,-1013,1374,1375,1376]],"type":"Polygon","properties":{"postcode":"9255","nl":"Buggenhout","fr":"Buggenhout"}},{"arcs":[[-681,-678,1377,1378,1379,-1294,1380,1381,1382]],"type":"Polygon","properties":{"postcode":"8490","nl":"Jabbeke","fr":"Jabbeke"}},{"arcs":[[-540,1383]],"type":"Polygon","properties":{"postcode":"4257","nl":"Berloz","fr":"Berloz"}},{"arcs":[[1384,1385,-8,1386,1387,1388]],"type":"Polygon","properties":{"postcode":"6769","nl":"Meix-devant-Virton","fr":"Meix-devant-Virton"}},{"arcs":[[-1239,-439,1389,1390,1391,1392,-1319]],"type":"Polygon","properties":{"postcode":"5060","nl":"Sambreville","fr":"Sambreville"}},{"arcs":[[-75,1393,-434,1394,1395,1396,1397,1398,1399]],"type":"Polygon","properties":{"postcode":"7080","nl":"Frameries","fr":"Frameries"}},{"arcs":[[1400,1401,-379,-181,-1039,1402,1403,1404,1405,-532]],"type":"Polygon","properties":{"postcode":"3090","nl":"Overijse","fr":"Overijse"}},{"arcs":[[1406,1407,-380,-1402,1408,-794,-1190]],"type":"Polygon","properties":{"postcode":"1170","nl":"Watermaal-Bosvoorde","fr":"Watermael-Boitsfort"}},{"arcs":[[-6,1409,1410,-457,-648,1411,1412,1413,1414,1415]],"type":"Polygon","properties":{"postcode":"6860","nl":"Léglise","fr":"Léglise"}},{"arcs":[[-1358,1416,1417,1418,1419,1420,1421,1422,1423,1424,-1084,1425,1426,-1042]],"type":"Polygon","properties":{"postcode":"6929","nl":"Daverdisse","fr":"Daverdisse"}},{"arcs":[[-1343,1427,-635,1428,1429]],"type":"Polygon","properties":{"postcode":"2570","nl":"Duffel","fr":"Duffel"}},{"arcs":[[-447,-795,-1409,-1401,-531]],"type":"Polygon","properties":{"postcode":"1560","nl":"Hoeilaart","fr":"Hoeilaart"}},{"arcs":[[1430,1431,1432,1433,-1208,-1252,1434,1435,1436,1437]],"type":"Polygon","properties":{"postcode":"5537","nl":"Anhée","fr":"Anhée"}},{"arcs":[[1438,1439,-1128,1440,1441,1442]],"type":"Polygon","properties":{"postcode":"4690","nl":"Bitsingen","fr":"Bassenge"}},{"arcs":[[-772,-507,1443,1444,1445,1446,1447,1448]],"type":"Polygon","properties":{"postcode":"4590","nl":"Ouffet","fr":"Ouffet"}},{"arcs":[[-707,-370,1449]],"type":"Polygon","properties":{"postcode":"6560","nl":"Erquelinnes","fr":"Erquelinnes"}},{"arcs":[[1450,1451,-304,-615,-860,-665,1452]],"type":"Polygon","properties":{"postcode":"2290","nl":"Vorselaar","fr":"Vorselaar"}},{"arcs":[[-862,-659,-798,-999,-601,1453,-902,1454]],"type":"Polygon","properties":{"postcode":"2440","nl":"Geel","fr":"Geel"}},{"arcs":[[-1011,-83,1455,1456,-566,1457,1458,1459,1460,1461]],"type":"Polygon","properties":{"postcode":"2880","nl":"Bornem","fr":"Bornem"}},{"arcs":[[-871,-445,-735,1462,1463,1464,1465,1466]],"type":"Polygon","properties":{"postcode":"2160","nl":"Wommelgem","fr":"Wommelgem"}},{"arcs":[[-810,1467,1468,1469,-1198]],"type":"Polygon","properties":{"postcode":"8770","nl":"Ingelmunster","fr":"Ingelmunster"}},{"arcs":[[1470,1471,-315,1472,1473,1474]],"type":"Polygon","properties":{"postcode":"8020","nl":"Oostkamp","fr":"Oostkamp"}},{"arcs":[[-495,1475,-158,-493,1476]],"type":"Polygon","properties":{"postcode":"4347","nl":"Fexhe-le-Haut-Clocher","fr":"Fexhe-le-Haut-Clocher"}},{"arcs":[[1477,-1089,1478,1479,1480,1481,-452,1482]],"type":"Polygon","properties":{"postcode":"6800","nl":"Libramont-Chevigny","fr":"Libramont-Chevigny"}},{"arcs":[[1483,-1376,1484,-1153,1485]],"type":"Polygon","properties":{"postcode":"1840","nl":"Londerzeel","fr":"Londerzeel"}},{"arcs":[[1486,1487,1488,1489,1490,1491]],"type":"Polygon","properties":{"postcode":"6887","nl":"Herbeumont","fr":"Herbeumont"}},{"arcs":[[-403,1492,1493,1494,1495,1496,1497,1498,1499]],"type":"Polygon","properties":{"postcode":"9860","nl":"Oosterzele","fr":"Oosterzele"}},{"arcs":[[1500,1501,1502,-449,-534,1503,1504,1505,1506,1507,1508,1509,1510,1511,1512,1513,1514,1515,1516]],"type":"Polygon","properties":{"postcode":"1380","nl":"Lasne","fr":"Lasne"}},{"arcs":[[1517,-144,-630,1518,-696,-411,1519]],"type":"Polygon","properties":{"postcode":"1315","nl":"Incourt","fr":"Incourt"}},{"arcs":[[-482,-241,1520,1521,-1392,1522,1523,1524,1525,1526,1527,1528]],"type":"Polygon","properties":{"postcode":"5140","nl":"Sombreffe","fr":"Sombreffe"}},{"arcs":[[-1104,-156,-762,-297,-1105]],"type":"Polygon","properties":{"postcode":"4470","nl":"Saint-Georges-sur-Meuse","fr":"Saint-Georges-sur-Meuse"}},{"arcs":[[-912,1529,-584,1530,-1238,-1181,1531,1532,-822]],"type":"Polygon","properties":{"postcode":"4987","nl":"Stoumont","fr":"Stoumont"}},{"arcs":[[1533,1534,1535,1536,1537,1538,-250,1539,1540,1541,1542,1543,1544]],"type":"Polygon","properties":{"postcode":"4837","nl":"Baelen","fr":"Baelen"}},{"arcs":[[-421,1545,-226,1546,1547]],"type":"Polygon","properties":{"postcode":"7750","nl":"Mont-de-l'Enclus","fr":"Mont-de-l'Enclus"}},{"arcs":[[1548,1549,1550,1551,1552,1553,1554,1555,1556,1557,1558]],"type":"Polygon","properties":{"postcode":"8540","nl":"Deerlijk","fr":"Deerlijk"}},{"arcs":[[-1522,1559,1560,-1320,-1393]],"type":"Polygon","properties":{"postcode":"5190","nl":"Jemeppe-sur-Sambre","fr":"Jemeppe-sur-Sambre"}},{"arcs":[[1561,-1412,-647,1562,-1255]],"type":"Polygon","properties":{"postcode":"6630","nl":"Martelange","fr":"Martelange"}},{"arcs":[[1563,-738,1564,1565,1566,1567,-1232,1568,-1163]],"type":"Polygon","properties":{"postcode":"2560","nl":"Nijlen","fr":"Nijlen"}},{"arcs":[[-639,1569,1570,1571,-739,-1564,-1162,-1001,1572,1573,1574,-1429]],"type":"Polygon","properties":{"postcode":"2500","nl":"Lier","fr":"Lierre"}},{"arcs":[[-1374,-1279,1575,1576,1577,-1287]],"type":"Polygon","properties":{"postcode":"9280","nl":"Lebbeke","fr":"Lebbeke"}},{"arcs":[[-238,1578,1579,-308,-1166,1580]],"type":"Polygon","properties":{"postcode":"9270","nl":"Laarne","fr":"Laarne"}},{"arcs":[[-58,1581,1582,1583,1584]],"type":"Polygon","properties":{"postcode":"3690","nl":"Zutendaal","fr":"Zutendaal"}},{"arcs":[[-726,-375,-187,-174,-378]],"type":"Polygon","properties":{"postcode":"1150","nl":"Sint-Pieters-Woluwe","fr":"Woluwe-Saint-Pierre"}},{"arcs":[[1585,1586,1587,-1247,1588,1589,1590,1591,1592,1593,1594,1595,-812,-1091,1596,1597,1598]],"type":"Polygon","properties":{"postcode":"5590","nl":"Ciney","fr":"Ciney"}},{"arcs":[[-1216,-1056,1599,1600,-339,1601,1602,1603]],"type":"Polygon","properties":{"postcode":"3540","nl":"Herk-de-Stad","fr":"Herck-la-Ville"}},{"arcs":[[-1281,-1377,-1484,1604,1605,1606,1607,1608,1609]],"type":"Polygon","properties":{"postcode":"1785","nl":"Merchtem","fr":"Merchtem"}},{"arcs":[[1610,1611,1612,-404,-1500,1613,1614,1615,1616,1617,1618]],"type":"Polygon","properties":{"postcode":"9620","nl":"Zottegem","fr":"Zottegem"}},{"arcs":[[1619,1620,1621,1622,1623,-538,-488,-1103,-1061]],"type":"Polygon","properties":{"postcode":"4317","nl":"Faimes","fr":"Faimes"}},{"arcs":[[-1531,-583,1624,1625,1626,1627,1628,-1236]],"type":"Polygon","properties":{"postcode":"4910","nl":"Theux","fr":"Theux"}},{"arcs":[[-86,-61,-888,1629,1630,1631,1632,1633,1634,1635,-30,1636,1637,1638]],"type":"Polygon","properties":{"postcode":"4210","nl":"Burdinne","fr":"Burdinne"}},{"arcs":[[1639,1640,1641,1642,1643,1644,1645]],"type":"Polygon","properties":{"postcode":"9170","nl":"Sint-Gillis-Waas","fr":"Sint-Gillis-Waas"}},{"arcs":[[-228,1646,-896,1647]],"type":"Polygon","properties":{"postcode":"1083","nl":"Ganshoren","fr":"Ganshoren"}},{"arcs":[[1648,1649,1650,1651,1652,-873,1653]],"type":"Polygon","properties":{"postcode":"2620","nl":"Hemiksem","fr":"Hemiksem"}},{"arcs":[[-1200,1654,1655,1656,1657,1658,1659]],"type":"Polygon","properties":{"postcode":"8520","nl":"Kuurne","fr":"Kuurne"}},{"arcs":[[-981,1660,1661,1662,1663,1664]],"type":"Polygon","properties":{"postcode":"7880","nl":"Vloesberg","fr":"Flobecq"}},{"arcs":[[1665,1666,1667,1668,1669,1670,1671,1672,-1090,-1478,1673,-1492]],"type":"Polygon","properties":{"postcode":"6880","nl":"Bertrix","fr":"Bertrix"}},{"arcs":[[1674,-1495,1675,-239,-1581,-1165,-926]],"type":"Polygon","properties":{"postcode":"9230","nl":"Wetteren","fr":"Wetteren"}},{"arcs":[[1676,1677,-414,-1101,-63,-85,1678,1679]],"type":"Polygon","properties":{"postcode":"5310","nl":"Éghezée","fr":"Éghezée"}},{"arcs":[[1680,-1213,1681,1682]],"type":"Polygon","properties":{"postcode":"3650","nl":"Dilsen-Stokkem","fr":"Dilsen-Stokkem"}},{"arcs":[[-1133,1683,-54,1684,1685,1686,1687]],"type":"Polygon","properties":{"postcode":"3520","nl":"Zonhoven","fr":"Zonhoven"}},{"arcs":[[1688,1689,-1646,1690,1691]],"type":"Polygon","properties":{"postcode":"9190","nl":"Stekene","fr":"Stekene"}},{"arcs":[[-128,-881,-683,1692,1693,-1471,1694]],"type":"Polygon","properties":{"postcode":"8820","nl":"Torhout","fr":"Torhout"}},{"arcs":[[-1629,1695,1696,1697,1698,1699,1700,-1540,-249,-322,-1183,-1237]],"type":"Polygon","properties":{"postcode":"4845","nl":"Jalhay","fr":"Jalhay"}},{"arcs":[[1701,-435,-1394,-74]],"type":"Polygon","properties":{"postcode":"7340","nl":"Colfontaine","fr":"Colfontaine"}},{"arcs":[[-574,-19,1702,1703,1704,1705,1706,1707,1708]],"type":"Polygon","properties":{"postcode":"9870","nl":"Zulte","fr":"Zulte"}},{"arcs":[[1709,1710,1711,1712,1713,1714,1715,-967,1716,1717,1718]],"type":"Polygon","properties":{"postcode":"9940","nl":"Evergem","fr":"Evergem"}},{"arcs":[[1719,-355,-938,1720,-1017,1721,1722,1723,1724,1725]],"type":"Polygon","properties":{"postcode":"8630","nl":"Veurne","fr":"Furnes"}},{"arcs":[[-1561,1726,1727,1728,-1203,-1321]],"type":"Polygon","properties":{"postcode":"5150","nl":"Floreffe","fr":"Floreffe"}},{"arcs":[[1729,-341,1730,1731,1732,1733,1734,1735]],"type":"Polygon","properties":{"postcode":"3570","nl":"Alken","fr":"Alken"}},{"arcs":[[-921,1736,1737,1738]],"type":"Polygon","properties":{"postcode":"9667","nl":"Horebeke","fr":"Horebeke"}},{"arcs":[[-512,-1078,-747,1739,-1187]],"type":"Polygon","properties":{"postcode":"1190","nl":"Vorst","fr":"Forest"}},{"arcs":[[1740,-1389,1741]],"type":"Polygon","properties":{"postcode":"6767","nl":"Rouvroy","fr":"Rouvroy"}},{"arcs":[[1742,-1469,1743,1744,-16,-573]],"type":"Polygon","properties":{"postcode":"8780","nl":"Oostrozebeke","fr":"Oostrozebeke"}},{"arcs":[[-1241,-948,-1119,-130,1745,1746,1747,1748,-807,-358]],"type":"Polygon","properties":{"postcode":"8800","nl":"Roeselare","fr":"Roulers"}},{"arcs":[[-1359,-1040,1749,1750,1751]],"type":"Polygon","properties":{"postcode":"5550","nl":"Vresse-sur-Semois","fr":"Vresse-sur-Semois"}},{"arcs":[[-222,1752,1753,1754,1755,1756,1757,1758,1759,1760,1761,-915]],"type":"Polygon","properties":{"postcode":"9790","nl":"Wortegem-Petegem","fr":"Wortegem-Petegem"}},{"arcs":[[1762,1763,1764,1765,-287,1766,1767]],"type":"Polygon","properties":{"postcode":"1820","nl":"Steenokkerzeel","fr":"Steenokkerzeel"}},{"arcs":[[-876,-1116,-1347,-636,-1428,-1342]],"type":"Polygon","properties":{"postcode":"2550","nl":"Kontich","fr":"Kontich"}},{"arcs":[[-1284,1768,1769,1770,1771,1772,-78,-1010]],"type":"Polygon","properties":{"postcode":"9250","nl":"Waasmunster","fr":"Waasmunster"}},{"arcs":[[-1020,1773,-623,-680,-880]],"type":"Polygon","properties":{"postcode":"8680","nl":"Koekelare","fr":"Koekelare"}},{"arcs":[[-1291,-1021,-878,-1118,-1173]],"type":"Polygon","properties":{"postcode":"8650","nl":"Houthulst","fr":"Houthulst"}},{"arcs":[[1774,-292,1775,1776]],"type":"Polygon","properties":{"postcode":"3930","nl":"Hamont-Achel","fr":"Hamont-Achel"}},{"arcs":[[1777,1778,1779,1780,1781,1782,-649,1783,1784,1785]],"type":"Polygon","properties":{"postcode":"6120","nl":"Ham-sur-Heure-Nalinnes","fr":"Ham-sur-Heure-Nalinnes"}},{"arcs":[[-229,-1648,-901,-1111]],"type":"Polygon","properties":{"postcode":"1081","nl":"Koekelberg","fr":"Koekelberg"}},{"arcs":[[-520,1786,-671,1787,-669,-44,-962]],"type":"Polygon","properties":{"postcode":"2330","nl":"Merksplas","fr":"Merksplas"}},{"arcs":[[1788,-559,1789,1790,1791]],"type":"Polygon","properties":{"postcode":"6750","nl":"Musson","fr":"Musson"}},{"arcs":[[-567,-1457,1792,1793,-1654,-872]],"type":"Polygon","properties":{"postcode":"2627","nl":"Schelle","fr":"Schelle"}},{"arcs":[[-1695,-1475,1794,1795,-1746,-129]],"type":"Polygon","properties":{"postcode":"8810","nl":"Lichtervelde","fr":"Lichtervelde"}},{"arcs":[[-694,1796,-1226,1797,1798,-1178,-1099]],"type":"Polygon","properties":{"postcode":"1357","nl":"Hélécine","fr":"Hélécine"}},{"arcs":[[-978,1799,1800,1801,-381,-1353,-330]],"type":"Polygon","properties":{"postcode":"5600","nl":"Philippeville","fr":"Philippeville"}},{"arcs":[[1802,-966,-1346,1803,1804,1805,-1154]],"type":"Polygon","properties":{"postcode":"2830","nl":"Willebroek","fr":"Willebroek"}},{"arcs":[[-268,-145,-1518,1806,1807,-245]],"type":"Polygon","properties":{"postcode":"1457","nl":"Walhain","fr":"Walhain"}},{"arcs":[[-1132,1808,1809,-1260,1810,1811,-55,-1684]],"type":"Polygon","properties":{"postcode":"3530","nl":"Houthalen-Helchteren","fr":"Houthalen-Helchteren"}},{"arcs":[[1812,1813,1814,1815,1816,1817,1818,-585,-1530,-911,1819,1820,1821]],"type":"Polygon","properties":{"postcode":"4190","nl":"Ferrières","fr":"Ferrières"}},{"arcs":[[1822,1823,1824,1825,1826,1827,1828]],"type":"Polygon","properties":{"postcode":"8740","nl":"Pittem","fr":"Pittem"}},{"arcs":[[1829,1830,1831,1832,-107,1833]],"type":"Polygon","properties":{"postcode":"7170","nl":"Manage","fr":"Manage"}},{"arcs":[[-186,1834,-176]],"type":"Polygon","properties":{"postcode":"1970","nl":"Wezembeek-Oppem","fr":"Wezembeek-Oppem"}},{"arcs":[[-1088,-353,1835,1836,1837,1838,-1479]],"type":"Polygon","properties":{"postcode":"6870","nl":"Saint-Hubert","fr":"Saint-Hubert"}},{"arcs":[[1839,-1487,-1674,-1483,-451,-1411]],"type":"Polygon","properties":{"postcode":"6840","nl":"Neufchâteau","fr":"Neufchâteau"}},{"arcs":[[-118,1840,1841,-909,-603]],"type":"Polygon","properties":{"postcode":"6997","nl":"Érezée","fr":"Érezée"}},{"arcs":[[-1547,-225,1842,1843,1844,1845,-979,1846,1847]],"type":"Polygon","properties":{"postcode":"9600","nl":"Ronse","fr":"Renaix"}},{"arcs":[[1848,1849,1850,1851,1852,1853,-933,1854,1855]],"type":"Polygon","properties":{"postcode":"9420","nl":"Erpe-Mere","fr":"Erpe-Mere"}},{"arcs":[[1856,1857,1858,1859,1860,-1018,-1721,-937]],"type":"Polygon","properties":{"postcode":"8620","nl":"Nieuwpoort","fr":"Nieuport"}},{"arcs":[[-629,-996,-1135,1861,1862,-690,-1519]],"type":"Polygon","properties":{"postcode":"1320","nl":"Bevekom","fr":"Beauvechain"}},{"arcs":[[-732,-124,-804,1863,-516,-612,-302,-443]],"type":"Polygon","properties":{"postcode":"2960","nl":"Brecht","fr":"Brecht"}},{"arcs":[[-687,-675,-620,1864,1865]],"type":"Polygon","properties":{"postcode":"8400","nl":"Oostende","fr":"Ostende"}},{"arcs":[[-1807,-1520,-410,-1678,1866,1867]],"type":"Polygon","properties":{"postcode":"1360","nl":"Perwijs","fr":"Perwez"}},{"arcs":[[-1607,1868,1869,1870,-898,1871,1872]],"type":"Polygon","properties":{"postcode":"1780","nl":"Wemmel","fr":"Wemmel"}},{"arcs":[[-963,-42,-997,-858]],"type":"Polygon","properties":{"postcode":"2350","nl":"Vosselaar","fr":"Vosselaar"}},{"arcs":[[1873,1874,1875,1876]],"type":"Polygon","properties":{"postcode":"5354","nl":"Ohey","fr":"Ohey"}},{"arcs":[[1877,1878,-1728,1879,1880]],"type":"Polygon","properties":{"postcode":"5020","nl":"Namen","fr":"Namur"}},{"arcs":[[1881,1882,1883,1884,1885,1886,1887]],"type":"Polygon","properties":{"postcode":"5020","nl":"Namen","fr":"Namur"}},{"arcs":[[1888,1889,1890,1891,1892,-1438,1893]],"type":"Polygon","properties":{"postcode":"5522","nl":"Onhaye","fr":"Onhaye"}},{"arcs":[[1894,1895,1896,1897,1898,1899]],"type":"Polygon","properties":{"postcode":"8510","nl":"Kortrijk","fr":"Courtrai"}},{"arcs":[[1900,1901,1902,-1754,1903]],"type":"Polygon","properties":{"postcode":"8572","nl":"Anzegem","fr":"Anzegem"}},{"arcs":[[1904,1905,1906]],"type":"Polygon","properties":{"postcode":"8978","nl":"Poperinge","fr":"Poperinge"}},{"arcs":[[1907,-1419,1908,1909,1910,1911,1912]],"type":"Polygon","properties":{"postcode":"6920","nl":"Wellin","fr":"Wellin"}},{"arcs":[[1913,-1423,1914,1915,1916,1917,1918]],"type":"Polygon","properties":{"postcode":"6920","nl":"Wellin","fr":"Wellin"}},{"arcs":[[-1870,1919,1920,1921,1922]],"type":"Polygon","properties":{"postcode":"1853","nl":"Grimbergen","fr":"Grimbergen"}},{"arcs":[[-1224,1923,1924,1925,1926,-147]],"type":"Polygon","properties":{"postcode":"3471","nl":"Kortenaken","fr":"Kortenaken"}},{"arcs":[[-1139,1927,1928,1929,1930,-1221]],"type":"Polygon","properties":{"postcode":"3211","nl":"Lubbeek","fr":"Lubbeek"}},{"arcs":[[1931,1932,-472,-783,-283]],"type":"Polygon","properties":{"postcode":"3190","nl":"Boortmeerbeek","fr":"Boortmeerbeek"}},{"arcs":[[1933,1934,-1717,-973,1935,1936,1937,1938]],"type":"Polygon","properties":{"postcode":"9032","nl":"Gent","fr":"Gand"}},{"arcs":[[1939,1940,1941,1942,1943,-1711,1944]],"type":"Polygon","properties":{"postcode":"9920","nl":"Lievegem","fr":"Lievegem"}},{"arcs":[[1945,-1689,1946,1947,1948]],"type":"Polygon","properties":{"postcode":"9180","nl":"Lokeren","fr":"Lokeren"}},{"arcs":[[1949,-1940,1950,1951,1952,1953,1954,1955]],"type":"Polygon","properties":{"postcode":"9031","nl":"Gent","fr":"Gand"}},{"arcs":[[1956,1957,1958,-103,1959,1960,1961]],"type":"Polygon","properties":{"postcode":"4624","nl":"Fléron","fr":"Fléron"}},{"arcs":[[1962,1963,1964]],"type":"Polygon","properties":{"postcode":"4162","nl":"Anthisnes","fr":"Anthisnes"}},{"arcs":[[1965,-763,-165,-172,1966,1967]],"type":"Polygon","properties":{"postcode":"4101","nl":"Seraing","fr":"Seraing"}},{"arcs":[[1968,1969,1970,-367,1971,-365,1972,1973,1974,1975,1976,1977]],"type":"Polygon","properties":{"postcode":"6532","nl":"Thuin","fr":"Thuin"}},{"arcs":[[1978,1979,1980,1981,1982]],"type":"Polygon","properties":{"postcode":"7973","nl":"Beloeil","fr":"Beloeil"}},{"arcs":[[1983,-1106]],"type":"Polygon","properties":{"postcode":"6500","nl":"Beaumont","fr":"Beaumont"}},{"arcs":[[1984,1985,1986,1987,-550,1988,1989]],"type":"Polygon","properties":{"postcode":"6061","nl":"Charleroi","fr":"Charleroi"}},{"arcs":[[1990,1991,1992]],"type":"Polygon","properties":{"postcode":"7623","nl":"Brunehaut","fr":"Brunehaut"}},{"arcs":[[1993,1994,1995]],"type":"Polygon","properties":{"postcode":"7602","nl":"Péruwelz","fr":"Péruwelz"}},{"arcs":[[1996,1997,1998,1999,2000]],"type":"Polygon","properties":{"postcode":"6042","nl":"Charleroi","fr":"Charleroi"}},{"arcs":[[2001,-460,2002]],"type":"Polygon","properties":{"postcode":"7061","nl":"Zinnik","fr":"Soignies"}},{"arcs":[[[-748,2003,-727,-376,-1408,2004]],[[-1740,-746,2005,-1188]]],"type":"MultiPolygon","properties":{"postcode":"1050","nl":"Elsene","fr":"Ixelles"}},{"arcs":[[2006,2007,2008]],"type":"Polygon","properties":{"postcode":"1301","nl":"Waver","fr":"Wavre"}},{"arcs":[[2009,2010,2011,2012,2013,-1514,2014,2015]],"type":"Polygon","properties":{"postcode":"1474","nl":"Genepiën","fr":"Genappe"}},{"arcs":[[-1864,-803,2016,2017,2018,2019,2020,2021,2022,2023,2024,2025,2026,2027,2028,2029,2030,2031,2032,-517]],"type":"Polygon","properties":{"postcode":"2320","nl":"Hoogstraten","fr":"Hoogstraten"}},{"arcs":[[-801,2033,2034,2035,2036,2037,2038,2039,2040,2041,2042,2043,2044,2045,2046,2047,2048,2049,2050,2051,2052,2053,2054,2055,2056,2057,2058,2059]],"type":"Polygon","properties":{"postcode":"2321","nl":"Hoogstraten","fr":"Hoogstraten"}},{"arcs":[[2060,-1194,2061,-1466]],"type":"Polygon","properties":{"postcode":"2150","nl":"Antwerpen","fr":"Anvers"}},{"arcs":[[2062,2063,-1590,2064,2065]],"type":"Polygon","properties":{"postcode":"5360","nl":"Hamois","fr":"Hamois"}},{"arcs":[[2066,2067,2068,2069]],"type":"Polygon","properties":{"postcode":"5360","nl":"Hamois","fr":"Hamois"}},{"arcs":[[-1594,2070,2071,-2070,2072,2073,2074]],"type":"Polygon","properties":{"postcode":"5362","nl":"Hamois","fr":"Hamois"}},{"arcs":[[2075,-815,2076,-769,2077,2078]],"type":"Polygon","properties":{"postcode":"5374","nl":"Havelange","fr":"Havelange"}},{"arcs":[[-1356,2079]],"type":"Polygon","properties":{"postcode":"5570","nl":"Beauraing","fr":"Beauraing"}},{"arcs":[[2080,2081,2082,-1910]],"type":"Polygon","properties":{"postcode":"5570","nl":"Beauraing","fr":"Beauraing"}},{"arcs":[[2083,2084,2085,-1129,-1051,2086]],"type":"Polygon","properties":{"postcode":"3580","nl":"Beringen","fr":"Beringen"}},{"arcs":[[2087,2088,2089,2090]],"type":"Polygon","properties":{"postcode":"3722","nl":"Hasselt","fr":"Hasselt"}},{"arcs":[[2091,2092,2093,2094]],"type":"Polygon","properties":{"postcode":"3732","nl":"Bilzen-Hoeselt","fr":"Bilzen-Hoeselt"}},{"arcs":[[-335,2095,2096,2097,2098]],"type":"Polygon","properties":{"postcode":"3840","nl":"Tongeren-Borgloon","fr":"Tongeren-Borgloon"}},{"arcs":[[-682,-1383,2099,2100,-1693]],"type":"Polygon","properties":{"postcode":"8211","nl":"Zedelgem","fr":"Zedelgem"}},{"arcs":[[2101]],"type":"Polygon","properties":{"postcode":"8300","nl":"Knokke-Heist","fr":"Knokke-Heist"}},{"arcs":[[-1350,2102,2103]],"type":"Polygon","properties":{"postcode":"8511","nl":"Kortrijk","fr":"Courtrai"}},{"arcs":[[2104,2105,2106,2107,-1176,2108]],"type":"Polygon","properties":{"postcode":"8904","nl":"Ieper","fr":"Ypres"}},{"arcs":[[2109,2110,2111,2112,2113,2114,2115,2116]],"type":"Polygon","properties":{"postcode":"8908","nl":"Ieper","fr":"Ypres"}},{"arcs":[[2117,-1043,-1427,2118,2119]],"type":"Polygon","properties":{"postcode":"6852","nl":"Paliseul","fr":"Paliseul"}},{"arcs":[[2120,2121,2122,2123,-1838,2124,2125]],"type":"Polygon","properties":{"postcode":"6970","nl":"Tenneville","fr":"Tenneville"}},{"arcs":[[2126,2127,2128,-1763,2129,2130]],"type":"Polygon","properties":{"postcode":"1830","nl":"Machelen","fr":"Machelen"}},{"arcs":[[2131,2132,2133,2134]],"type":"Polygon","properties":{"postcode":"3461","nl":"Bekkevoort","fr":"Bekkevoort"}},{"arcs":[[2135,2136,2137,2138,2139]],"type":"Polygon","properties":{"postcode":"9473","nl":"Denderleeuw","fr":"Denderleeuw"}},{"arcs":[[-1951,-1945,-1710,2140]],"type":"Polygon","properties":{"postcode":"9921","nl":"Lievegem","fr":"Lievegem"}},{"arcs":[[-81,2141,-1649,-1794,2142]],"type":"Polygon","properties":{"postcode":"9150","nl":"Beveren-Kruibeke-Zwijndrecht","fr":"Beveren-Kruibeke-Zwijndrecht"}},{"arcs":[[2143,2144,2145,2146,2147,2148]],"type":"Polygon","properties":{"postcode":"4630","nl":"Soumagne","fr":"Soumagne"}},{"arcs":[[2149,2150,2151,2152,2153,2154]],"type":"Polygon","properties":{"postcode":"4630","nl":"Soumagne","fr":"Soumagne"}},{"arcs":[[2155,2156,2157,2158]],"type":"Polygon","properties":{"postcode":"4760","nl":"Büllingen","fr":"Bullange"}},{"arcs":[[-1271,2159,2160]],"type":"Polygon","properties":{"postcode":"4650","nl":"Herve","fr":"Herve"}},{"arcs":[[2161]],"type":"Polygon","properties":{"postcode":"4650","nl":"Herve","fr":"Herve"}},{"arcs":[[2162,2163,2164,2165,2166,2167]],"type":"Polygon","properties":{"postcode":"4650","nl":"Herve","fr":"Herve"}},{"arcs":[[2168,2169,2170]],"type":"Polygon","properties":{"postcode":"4650","nl":"Herve","fr":"Herve"}},{"arcs":[[2171,2172,2173,2174,-1696,-1628]],"type":"Polygon","properties":{"postcode":"4802","nl":"Verviers","fr":"Verviers"}},{"arcs":[[2175,2176,2177,2178]],"type":"Polygon","properties":{"postcode":"4601","nl":"Wezet","fr":"Visé"}},{"arcs":[[2179,2180,2181,2182,2183,2184,2185]],"type":"Polygon","properties":{"postcode":"4784","nl":"Sankt Vith","fr":"Saint-Vith"}},{"arcs":[[-843,2186,2187,2188]],"type":"Polygon","properties":{"postcode":"4052","nl":"Chaudfontaine","fr":"Chaudfontaine"}},{"arcs":[[2189,2190,2191,-28,-207]],"type":"Polygon","properties":{"postcode":"4218","nl":"Héron","fr":"Héron"}},{"arcs":[[2192,-712,2193,2194]],"type":"Polygon","properties":{"postcode":"7740","nl":"Pecq","fr":"Pecq"}},{"arcs":[[-1987,2195,-1999,2196,2197,2198,-552,2199]],"type":"Polygon","properties":{"postcode":"6060","nl":"Charleroi","fr":"Charleroi"}},{"arcs":[[2200,2201,2202,2203,2204,2205,2206]],"type":"Polygon","properties":{"postcode":"7860","nl":"Lessen","fr":"Lessines"}},{"arcs":[[2207,2208,-111,2209,2210,2211]],"type":"Polygon","properties":{"postcode":"6183","nl":"Courcelles","fr":"Courcelles"}},{"arcs":[[2212,2213,2214,-2198,2215]],"type":"Polygon","properties":{"postcode":"6043","nl":"Charleroi","fr":"Charleroi"}},{"arcs":[[2216,2217]],"type":"Polygon","properties":{"postcode":"7903","nl":"Leuze-en-Hainaut","fr":"Leuze-en-Hainaut"}},{"arcs":[[2218,2219,2220,2221,2222]],"type":"Polygon","properties":{"postcode":"7030","nl":"Bergen","fr":"Mons"}},{"arcs":[[-2074,2223,2224,2225]],"type":"Polygon","properties":{"postcode":"5370","nl":"Havelange","fr":"Havelange"}},{"arcs":[[2226,2227,2228,2229,2230]],"type":"Polygon","properties":{"postcode":"5573","nl":"Beauraing","fr":"Beauraing"}},{"arcs":[[2231,2232,2233,-1586,2234,2235,2236]],"type":"Polygon","properties":{"postcode":"5503","nl":"Dinant","fr":"Dinant"}},{"arcs":[[2237,2238,2239,2240]],"type":"Polygon","properties":{"postcode":"8950","nl":"Heuvelland","fr":"Heuvelland"}},{"arcs":[[-1905,2241,2242]],"type":"Polygon","properties":{"postcode":"8972","nl":"Poperinge","fr":"Poperinge"}},{"arcs":[[-1257,2243]],"type":"Polygon","properties":{"postcode":"6704","nl":"Aarlen","fr":"Arlon"}},{"arcs":[[-5,2244,2245,2246,2247,2248,-1488,-1840,-1410]],"type":"Polygon","properties":{"postcode":"6811","nl":"Chiny","fr":"Chiny"}},{"arcs":[[-2125,-1837,2249,2250,2251]],"type":"Polygon","properties":{"postcode":"6950","nl":"Nassogne","fr":"Nassogne"}},{"arcs":[[-1863,2252,-1141,-1229,2253,2254,2255,-691]],"type":"Polygon","properties":{"postcode":"3320","nl":"Hoegaarden","fr":"Hoegaarden"}},{"arcs":[[-1309,2256,2257,2258,2259,-1218,2260]],"type":"Polygon","properties":{"postcode":"3470","nl":"Kortenaken","fr":"Kortenaken"}},{"arcs":[[-1762,2261,2262,2263,2264,-916]],"type":"Polygon","properties":{"postcode":"9772","nl":"Kruisem","fr":"Kruisem"}},{"arcs":[[2265,2266]],"type":"Polygon","properties":{"postcode":"4720","nl":"Kelmis","fr":"La Calamine"}},{"arcs":[[2267,2268,2269,2270,2271,2272,-253,2273,-251,-1539]],"type":"Polygon","properties":{"postcode":"4700","nl":"Eupen","fr":"Eupen"}},{"arcs":[[2274,2275,2276,2277,-479,2278]],"type":"Polygon","properties":{"postcode":"6210","nl":"Les Bons Villers","fr":"Les Bons Villers"}},{"arcs":[[2279,2280,2281]],"type":"Polygon","properties":{"postcode":"6210","nl":"Les Bons Villers","fr":"Les Bons Villers"}},{"arcs":[[2282,2283,2284,-2280,2285,-2213,2286,2287]],"type":"Polygon","properties":{"postcode":"6041","nl":"Charleroi","fr":"Charleroi"}},{"arcs":[[-217,2288,2289,2290,2291,2292,-71]],"type":"Polygon","properties":{"postcode":"7300","nl":"Boussu","fr":"Boussu"}},{"arcs":[[2293,-2222,2294,2295,2296,-458,2297,2298]],"type":"Polygon","properties":{"postcode":"7021","nl":"Bergen","fr":"Mons"}},{"arcs":[[2299,2300,-698]],"type":"Polygon","properties":{"postcode":"7041","nl":"Quévy","fr":"Quévy"}},{"arcs":[[2301,2302,2303,2304,-2275,2305]],"type":"Polygon","properties":{"postcode":"6238","nl":"Pont-à-Celles","fr":"Pont-à-Celles"}},{"arcs":[[2306,-1274,2307,-68,2308,2309]],"type":"Polygon","properties":{"postcode":"7380","nl":"Quiévrain","fr":"Quiévrain"}},{"arcs":[[2310,2311,2312,-853,2313]],"type":"Polygon","properties":{"postcode":"1404","nl":"Nijvel","fr":"Nivelles"}},{"arcs":[[2314,-526,2315,2316,-796,-450,-1503,2317,2318,2319]],"type":"Polygon","properties":{"postcode":"1420","nl":"Eigenbrakel","fr":"Braine-l'Alleud"}},{"arcs":[[-2278,2320,2321,-2016,2322,-1512,2323,-632,-480]],"type":"Polygon","properties":{"postcode":"1470","nl":"Genepiën","fr":"Genappe"}},{"arcs":[[2324,-2011,2325]],"type":"Polygon","properties":{"postcode":"1470","nl":"Genepiën","fr":"Genappe"}},{"arcs":[[2326,-47,2327,2328,2329,2330]],"type":"Polygon","properties":{"postcode":"2381","nl":"Ravels","fr":"Ravels"}},{"arcs":[[-1878,2331,2332,-1888,2333,2334]],"type":"Polygon","properties":{"postcode":"5000","nl":"Namen","fr":"Namur"}},{"arcs":[[2335,2336,2337,-1097]],"type":"Polygon","properties":{"postcode":"5589","nl":"Rochefort","fr":"Rochefort"}},{"arcs":[[2338,2339,-209,-588,2340,2341,-1876]],"type":"Polygon","properties":{"postcode":"5352","nl":"Ohey","fr":"Ohey"}},{"arcs":[[-1022,2342,-200]],"type":"Polygon","properties":{"postcode":"5101","nl":"Namen","fr":"Namur"}},{"arcs":[[2343,2344,2345,2346]],"type":"Polygon","properties":{"postcode":"5542","nl":"Hastière","fr":"Hastière"}},{"arcs":[[2347,2348,2349,-1882,-2333]],"type":"Polygon","properties":{"postcode":"5002","nl":"Namen","fr":"Namur"}},{"arcs":[[2350,2351,-1683,2352]],"type":"Polygon","properties":{"postcode":"3630","nl":"Maasmechelen","fr":"Maasmechelen"}},{"arcs":[[2353,2354,2355]],"type":"Polygon","properties":{"postcode":"3742","nl":"Bilzen-Hoeselt","fr":"Bilzen-Hoeselt"}},{"arcs":[[-2100,-1382,2356,2357]],"type":"Polygon","properties":{"postcode":"8210","nl":"Zedelgem","fr":"Zedelgem"}},{"arcs":[[2358,2359,-943,2360]],"type":"Polygon","properties":{"postcode":"8902","nl":"Ieper","fr":"Ypres"}},{"arcs":[[2361,2362,2363,2364,-2240]],"type":"Polygon","properties":{"postcode":"8952","nl":"Heuvelland","fr":"Heuvelland"}},{"arcs":[[2365,2366]],"type":"Polygon","properties":{"postcode":"6791","nl":"Aubange","fr":"Aubange"}},{"arcs":[[-5,2244,2245,2246,2247,2248,-1488,-1840,-1410]],"type":"Polygon","properties":{"postcode":"6812","nl":"Chiny","fr":"Chiny"}},{"arcs":[[-2246,2367,-3,2368]],"type":"Polygon","properties":{"postcode":"6813","nl":"Chiny","fr":"Chiny"}},{"arcs":[[2369,-1751,2370,2371,2372,2373,2374]],"type":"Polygon","properties":{"postcode":"6838","nl":"Bouillon","fr":"Bouillon"}},{"arcs":[[-1669,2375,2376,2377,2378,2379]],"type":"Polygon","properties":{"postcode":"6856","nl":"Paliseul","fr":"Paliseul"}},{"arcs":[[-720,-789,2380,2381,2382,2383]],"type":"Polygon","properties":{"postcode":"3018","nl":"Leuven","fr":"Louvain"}},{"arcs":[[-178,2384,2385,2386,2387,2388]],"type":"Polygon","properties":{"postcode":"3078","nl":"Kortenberg","fr":"Kortenberg"}},{"arcs":[[2389,2390,2391,-716,2392]],"type":"Polygon","properties":{"postcode":"3060","nl":"Bertem","fr":"Bertem"}},{"arcs":[[-1616,2393]],"type":"Polygon","properties":{"postcode":"9550","nl":"Herzele","fr":"Herzele"}},{"arcs":[[2394,2395,2396]],"type":"Polygon","properties":{"postcode":"9981","nl":"Sint-Laureins","fr":"Sint-Laureins"}},{"arcs":[[2397,-101,2398,2399,2400,2401,-1961]],"type":"Polygon","properties":{"postcode":"4620","nl":"Fléron","fr":"Fléron"}},{"arcs":[[2402,2403,2404,2405,-2173]],"type":"Polygon","properties":{"postcode":"4800","nl":"Verviers","fr":"Verviers"}},{"arcs":[[2171,2172,2173,2174,-1696,-1628]],"type":"Polygon","properties":{"postcode":"4800","nl":"Verviers","fr":"Verviers"}},{"arcs":[[2406,-1537,2407,2408,2409,2410,-2269]],"type":"Polygon","properties":{"postcode":"4701","nl":"Eupen","fr":"Eupen"}},{"arcs":[[2411,2412,2413,2414,2415]],"type":"Polygon","properties":{"postcode":"6593","nl":"Momignies","fr":"Momignies"}},{"arcs":[[2416,2417,2418,-2217]],"type":"Polygon","properties":{"postcode":"7904","nl":"Leuze-en-Hainaut","fr":"Leuze-en-Hainaut"}},{"arcs":[[-368,-1971,2419]],"type":"Polygon","properties":{"postcode":"6511","nl":"Beaumont","fr":"Beaumont"}},{"arcs":[[2420,2421,2422,2423,2424]],"type":"Polygon","properties":{"postcode":"6030","nl":"Charleroi","fr":"Charleroi"}},{"arcs":[[2425,2426,2427,2428,-1997,2429,2430,2431]],"type":"Polygon","properties":{"postcode":"6030","nl":"Charleroi","fr":"Charleroi"}},{"arcs":[[2432,2433,2434,2435,2436]],"type":"Polygon","properties":{"postcode":"7941","nl":"Brugelette","fr":"Brugelette"}},{"arcs":[[-2241,-2365,2437,-1120,2438,-1124,2439,2440,2441]],"type":"Polygon","properties":{"postcode":"7782","nl":"Komen-Waasten","fr":"Comines-Warneton"}},{"arcs":[[-1978,2442,2443]],"type":"Polygon","properties":{"postcode":"6531","nl":"Thuin","fr":"Thuin"}},{"arcs":[[2444,2445,2446,2447]],"type":"Polygon","properties":{"postcode":"7548","nl":"Doornik","fr":"Tournai"}},{"arcs":[[2448,2449,2450,2451,2452]],"type":"Polygon","properties":{"postcode":"1402","nl":"Nijvel","fr":"Nivelles"}},{"arcs":[[-2449,2453,2454,-1517,2455,-2012,-2325,2456]],"type":"Polygon","properties":{"postcode":"1472","nl":"Genepiën","fr":"Genappe"}},{"arcs":[[2457,2458,-907,2459,2460]],"type":"Polygon","properties":{"postcode":"2430","nl":"Laakdal","fr":"Laakdal"}},{"arcs":[[-468,2461,2462,-1573,-1000]],"type":"Polygon","properties":{"postcode":"2861","nl":"Sint-Katelijne-Waver","fr":"Sint-Katelijne-Waver"}},{"arcs":[[2463,2464,2465]],"type":"Polygon","properties":{"postcode":"5564","nl":"Houyet","fr":"Houyet"}},{"arcs":[[-2347,2466]],"type":"Polygon","properties":{"postcode":"5540","nl":"Hastière","fr":"Hastière"}},{"arcs":[[-56,-1812,2467,2468,-1210,2469,2470]],"type":"Polygon","properties":{"postcode":"3660","nl":"Oudsbergen","fr":"Oudsbergen"}},{"arcs":[[2471,2472,2473,2474,2475,-348,2476,2477,-2088]],"type":"Polygon","properties":{"postcode":"3720","nl":"Hasselt","fr":"Hasselt"}},{"arcs":[[2478,2479,2480,-754]],"type":"Polygon","properties":{"postcode":"3792","nl":"Voeren","fr":"Fourons"}},{"arcs":[[2481,2482,2483,2484,2485]],"type":"Polygon","properties":{"postcode":"8552","nl":"Zwevegem","fr":"Zwevegem"}},{"arcs":[[-809,2486,-1829,2487,2488,-1744,-1468]],"type":"Polygon","properties":{"postcode":"8760","nl":"Tielt","fr":"Tielt"}},{"arcs":[[2489,2490,2491,2492]],"type":"Polygon","properties":{"postcode":"6660","nl":"Houffalize","fr":"Houffalize"}},{"arcs":[[2493,2494,2495,2496]],"type":"Polygon","properties":{"postcode":"6660","nl":"Houffalize","fr":"Houffalize"}},{"arcs":[[2497,2498,2499,2500]],"type":"Polygon","properties":{"postcode":"1654","nl":"Beersel","fr":"Beersel"}},{"arcs":[[-1081,2501,2502,2503,-1148,2504,2505]],"type":"Polygon","properties":{"postcode":"1602","nl":"Sint-Pieters-Leeuw","fr":"Sint-Pieters-Leeuw"}},{"arcs":[[2506,-1614,-1499,2507,2508,2509]],"type":"Polygon","properties":{"postcode":"9520","nl":"Sint-Lievens-Houtem","fr":"Sint-Lievens-Houtem"}},{"arcs":[[-1852,2510,2511,2512,-934,-1854,2513]],"type":"Polygon","properties":{"postcode":"9520","nl":"Sint-Lievens-Houtem","fr":"Sint-Lievens-Houtem"}},{"arcs":[[2514,2515,2516,2517]],"type":"Polygon","properties":{"postcode":"9400","nl":"Ninove","fr":"Ninove"}},{"arcs":[[2518,2519,2520,2521,2522,2523,2524]],"type":"Polygon","properties":{"postcode":"9400","nl":"Ninove","fr":"Ninove"}},{"arcs":[[2525,2526,2527]],"type":"Polygon","properties":{"postcode":"9400","nl":"Ninove","fr":"Ninove"}},{"arcs":[[-1446,2528,2529,-1965,2530,2531,-829,2532,2533,2534]],"type":"Polygon","properties":{"postcode":"4160","nl":"Anthisnes","fr":"Anthisnes"}},{"arcs":[[2535,2536,-1268,2537,2538,2539,2540,-2405]],"type":"Polygon","properties":{"postcode":"4821","nl":"Dison","fr":"Dison"}},{"arcs":[[-387,2541,-2434,2542,2543,2544,2545]],"type":"Polygon","properties":{"postcode":"7940","nl":"Brugelette","fr":"Brugelette"}},{"arcs":[[2546,2547,2548,2549,2550]],"type":"Polygon","properties":{"postcode":"7130","nl":"Binche","fr":"Binche"}},{"arcs":[[2551,2552,-702,2553,-2299,2554]],"type":"Polygon","properties":{"postcode":"7130","nl":"Binche","fr":"Binche"}},{"arcs":[[-1398,2555]],"type":"Polygon","properties":{"postcode":"7024","nl":"Bergen","fr":"Mons"}},{"arcs":[[2556,2557,2558,2559,2560,2561]],"type":"Polygon","properties":{"postcode":"7972","nl":"Beloeil","fr":"Beloeil"}},{"arcs":[[2562,2563]],"type":"Polygon","properties":{"postcode":"7641","nl":"Antoing","fr":"Antoing"}},{"arcs":[[2564,2565,-483,-1529,2566,2567]],"type":"Polygon","properties":{"postcode":"6222","nl":"Fleurus","fr":"Fleurus"}},{"arcs":[[-2277,2568,2569,-2451,2570,-2321]],"type":"Polygon","properties":{"postcode":"1476","nl":"Genepiën","fr":"Genappe"}},{"arcs":[[2571,2572,2573,2574,2575,2576,-643,2577,2578,2579,2580,2581,2582]],"type":"Polygon","properties":{"postcode":"2060","nl":"Antwerpen","fr":"Anvers"}},{"arcs":[[2571,2572,2573,2574,2575,2576,-643,2577,2578,2579,2580,2581,2582]],"type":"Polygon","properties":{"postcode":"2030","nl":"Antwerpen","fr":"Anvers"}},{"arcs":[[-1164,-1569,-1231,2583,2584,2585,2586,2587,-1003]],"type":"Polygon","properties":{"postcode":"2222","nl":"Heist-op-den-Berg","fr":"Heist-op-den-Berg"}},{"arcs":[[-1193,2588,2589,-2580,2590,2591,-728,-870,-1467,-2062]],"type":"Polygon","properties":{"postcode":"2100","nl":"Antwerpen","fr":"Anvers"}},{"arcs":[[-2097,2592,2593]],"type":"Polygon","properties":{"postcode":"3831","nl":"Wellen","fr":"Wellen"}},{"arcs":[[2594,2595,2596,2597,-1901,2598]],"type":"Polygon","properties":{"postcode":"8573","nl":"Anzegem","fr":"Anzegem"}},{"arcs":[[2599,2600,2601]],"type":"Polygon","properties":{"postcode":"6706","nl":"Aarlen","fr":"Arlon"}},{"arcs":[[-1791,2602,2603,2604,2605,2606]],"type":"Polygon","properties":{"postcode":"6792","nl":"Aubange","fr":"Aubange"}},{"arcs":[[2607,2608,2609,-1092,-611,2610,2611,2612,-607,2613,2614]],"type":"Polygon","properties":{"postcode":"6980","nl":"La Roche-en-Ardenne","fr":"La Roche-en-Ardenne"}},{"arcs":[[2615,2616,2617]],"type":"Polygon","properties":{"postcode":"1852","nl":"Grimbergen","fr":"Grimbergen"}},{"arcs":[[2618,-1146,2619,-1069,2620,2621,2622]],"type":"Polygon","properties":{"postcode":"1741","nl":"Ternat","fr":"Ternat"}},{"arcs":[[-2261,-1217,-1604,2623,2624,2625,-1310]],"type":"Polygon","properties":{"postcode":"3450","nl":"Geetbets","fr":"Geetbets"}},{"arcs":[[-1618,2626,2627,2628,2629]],"type":"Polygon","properties":{"postcode":"9570","nl":"Lierde","fr":"Lierde"}},{"arcs":[[2630,2631,2632,2633]],"type":"Polygon","properties":{"postcode":"9570","nl":"Lierde","fr":"Lierde"}},{"arcs":[[-919,2634,-406,2635]],"type":"Polygon","properties":{"postcode":"9636","nl":"Zwalm","fr":"Zwalm"}},{"arcs":[[2636,2637,2638,-236]],"type":"Polygon","properties":{"postcode":"9080","nl":"Lochristi","fr":"Lochristi"}},{"arcs":[[2639,-2628,2640]],"type":"Polygon","properties":{"postcode":"9500","nl":"Geraardsbergen","fr":"Grammont"}},{"arcs":[[2641,2642]],"type":"Polygon","properties":{"postcode":"9500","nl":"Geraardsbergen","fr":"Grammont"}},{"arcs":[[2643,2644,-319,-1305,2645,2646,2647,2648,2649]],"type":"Polygon","properties":{"postcode":"9990","nl":"Maldegem","fr":"Maldegem"}},{"arcs":[[2650,2651,-1626]],"type":"Polygon","properties":{"postcode":"4860","nl":"Pepinster","fr":"Pepinster"}},{"arcs":[[-2406,-2541,2652,-1698,2653,-2174]],"type":"Polygon","properties":{"postcode":"4801","nl":"Verviers","fr":"Verviers"}},{"arcs":[[2265,2266]],"type":"Polygon","properties":{"postcode":"4721","nl":"Kelmis","fr":"La Calamine"}},{"arcs":[[2654,2655,-2186,2656,2657,2658]],"type":"Polygon","properties":{"postcode":"4791","nl":"Burg-Reuland","fr":"Burg-Reuland"}},{"arcs":[[-2433,2659,2660,-2543]],"type":"Polygon","properties":{"postcode":"7942","nl":"Brugelette","fr":"Brugelette"}},{"arcs":[[2661,-114,2662,2663]],"type":"Polygon","properties":{"postcode":"6141","nl":"Fontaine-l'Évêque","fr":"Fontaine-l'Évêque"}},{"arcs":[[-1969,-2444,2664,2665,2666,-1778,2667]],"type":"Polygon","properties":{"postcode":"6536","nl":"Thuin","fr":"Thuin"}},{"arcs":[[2668,2669,-2425,2670,2671,-2427]],"type":"Polygon","properties":{"postcode":"6031","nl":"Charleroi","fr":"Charleroi"}},{"arcs":[[2672,2673,2674,2675]],"type":"Polygon","properties":{"postcode":"7812","nl":"Aat","fr":"Ath"}},{"arcs":[[2676]],"type":"Polygon","properties":{"postcode":"7522","nl":"Doornik","fr":"Tournai"}},{"arcs":[[-2548,2677,2678,2679]],"type":"Polygon","properties":{"postcode":"7134","nl":"Binche","fr":"Binche"}},{"arcs":[[2680,2681,-2219,2682,2683,-699,-2301]],"type":"Polygon","properties":{"postcode":"7022","nl":"Bergen","fr":"Mons"}},{"arcs":[[-1077,-1112,-899,-1871,-1923,2684,-2127,2685,2686,2687,2688,2689,2690,-724,-2004,-749,-2005,-1407,-1189,-2006,-745]],"type":"Polygon","properties":{"postcode":"1000","nl":"Brussel","fr":"Bruxelles"}},{"arcs":[[2691,2692,2693,2694,2695,-1506]],"type":"Polygon","properties":{"postcode":"1330","nl":"Rixensart","fr":"Rixensart"}},{"arcs":[[2696,-2694,2697,2698,-1404,2699,-2007]],"type":"Polygon","properties":{"postcode":"1331","nl":"Rixensart","fr":"Rixensart"}},{"arcs":[[2700,-645,2701,-2576]],"type":"Polygon","properties":{"postcode":"2040","nl":"Antwerpen","fr":"Anvers"}},{"arcs":[[-2581,-2590,2702]],"type":"Polygon","properties":{"postcode":"2140","nl":"Antwerpen","fr":"Anvers"}},{"arcs":[[2703,-1205,2704]],"type":"Polygon","properties":{"postcode":"5100","nl":"Namen","fr":"Namur"}},{"arcs":[[2705,2706,-756,2707,-2480,2708,2709,2710,2711]],"type":"Polygon","properties":{"postcode":"3790","nl":"Voeren","fr":"Fourons"}},{"arcs":[[2712,2713,2714,2715]],"type":"Polygon","properties":{"postcode":"3790","nl":"Voeren","fr":"Fourons"}},{"arcs":[[2716,-1378,-677,-686,2717,2718]],"type":"Polygon","properties":{"postcode":"8420","nl":"De Haan","fr":"De Haan"}},{"arcs":[[2719,2720,-263,-1296]],"type":"Polygon","properties":{"postcode":"8420","nl":"De Haan","fr":"De Haan"}},{"arcs":[[-24,-361,-1197,-1660,2721,2722,2723]],"type":"Polygon","properties":{"postcode":"8501","nl":"Kortrijk","fr":"Courtrai"}},{"arcs":[[2724,-2486,2725,2726,-1556,2727,2728]],"type":"Polygon","properties":{"postcode":"8551","nl":"Zwevegem","fr":"Zwevegem"}},{"arcs":[[-2729,2729,2730,-219,-1546,-420,2731,2732]],"type":"Polygon","properties":{"postcode":"8580","nl":"Avelgem","fr":"Avelgem"}},{"arcs":[[2733,2734,-2110,2735,2736,-2363,2737]],"type":"Polygon","properties":{"postcode":"8956","nl":"Heuvelland","fr":"Heuvelland"}},{"arcs":[[2738,-564,2739,2740,2741,2742,2743]],"type":"Polygon","properties":{"postcode":"6741","nl":"Étalle","fr":"Étalle"}},{"arcs":[[2744,2745,2746]],"type":"Polygon","properties":{"postcode":"6824","nl":"Florenville","fr":"Florenville"}},{"arcs":[[2747,-523,-135,2748,2749,2750]],"type":"Polygon","properties":{"postcode":"1502","nl":"Halle","fr":"Hal"}},{"arcs":[[-278,-869,2751,2752,2753,2754,2755]],"type":"Polygon","properties":{"postcode":"3200","nl":"Aarschot","fr":"Aarschot"}},{"arcs":[[-2499,2756,2757,2758,-2503,2759,-1079,-510,2760,2761]],"type":"Polygon","properties":{"postcode":"1600","nl":"Sint-Pieters-Leeuw","fr":"Sint-Pieters-Leeuw"}},{"arcs":[[2762,2763,-515,-593,2764,2765]],"type":"Polygon","properties":{"postcode":"1650","nl":"Beersel","fr":"Beersel"}},{"arcs":[[2766,2767,2768,2769,-1035,2770,2771]],"type":"Polygon","properties":{"postcode":"3050","nl":"Oud-Heverlee","fr":"Oud-Heverlee"}},{"arcs":[[2772,2773,2774,2775]],"type":"Polygon","properties":{"postcode":"4607","nl":"Dalhem","fr":"Dalhem"}},{"arcs":[[2776,-2659,2777]],"type":"Polygon","properties":{"postcode":"4790","nl":"Burg-Reuland","fr":"Burg-Reuland"}},{"arcs":[[2778,2779,2780,-94,2781,2782]],"type":"Polygon","properties":{"postcode":"4032","nl":"Luik","fr":"Liège"}},{"arcs":[[2783,2784,2785,2786,2787]],"type":"Polygon","properties":{"postcode":"4042","nl":"Herstal","fr":"Herstal"}},{"arcs":[[2788,2789,2790,-2714,2791,-2775,2792]],"type":"Polygon","properties":{"postcode":"4600","nl":"Wezet","fr":"Visé"}},{"arcs":[[2793,2794,-2544,-2661,2795,2796,2797]],"type":"Polygon","properties":{"postcode":"7823","nl":"Aat","fr":"Ath"}},{"arcs":[[2798,2799,2800,2801,-1108,2802,2803,2804,-974,-328]],"type":"Polygon","properties":{"postcode":"6440","nl":"Froidchapelle","fr":"Froidchapelle"}},{"arcs":[[2805,2806,2807,2808,2809,-1991]],"type":"Polygon","properties":{"postcode":"7624","nl":"Brunehaut","fr":"Brunehaut"}},{"arcs":[[2810,-2799,-327,2811]],"type":"Polygon","properties":{"postcode":"6463","nl":"Chimay","fr":"Chimay"}},{"arcs":[[-465,2812]],"type":"Polygon","properties":{"postcode":"7110","nl":"La Louvière","fr":"La Louvière"}},{"arcs":[[-2430,-2001,2813,2814]],"type":"Polygon","properties":{"postcode":"6020","nl":"Charleroi","fr":"Charleroi"}},{"arcs":[[2815,-1990,2816,-548,-652,2817]],"type":"Polygon","properties":{"postcode":"6010","nl":"Charleroi","fr":"Charleroi"}},{"arcs":[[-1973,-364,2818,2819,2820,2821]],"type":"Polygon","properties":{"postcode":"6542","nl":"Lobbes","fr":"Lobbes"}},{"arcs":[[-2804,2822]],"type":"Polygon","properties":{"postcode":"6441","nl":"Froidchapelle","fr":"Froidchapelle"}},{"arcs":[[-2796,-2660,-2437,2823,2824,2825,2826,2827,2828]],"type":"Polygon","properties":{"postcode":"7822","nl":"Aat","fr":"Ath"}},{"arcs":[[2829,2830,-529,2831]],"type":"Polygon","properties":{"postcode":"1461","nl":"Itter","fr":"Ittre"}},{"arcs":[[2832,-2063,2833,2834,-2067,-2072,2835,-1592]],"type":"Polygon","properties":{"postcode":"5363","nl":"Hamois","fr":"Hamois"}},{"arcs":[[2836]],"type":"Polygon","properties":{"postcode":"5621","nl":"Florennes","fr":"Florennes"}},{"arcs":[[2837,2838,2839,-202]],"type":"Polygon","properties":{"postcode":"5024","nl":"Namen","fr":"Namur"}},{"arcs":[[2840,2841,2842,2843]],"type":"Polygon","properties":{"postcode":"5081","nl":"La Bruyère","fr":"La Bruyère"}},{"arcs":[[2844,2845,-1054,2846,2847]],"type":"Polygon","properties":{"postcode":"3510","nl":"Hasselt","fr":"Hasselt"}},{"arcs":[[2848,2849,2850,2851,2852,2853]],"type":"Polygon","properties":{"postcode":"3581","nl":"Beringen","fr":"Beringen"}},{"arcs":[[2854,-1316,2855]],"type":"Polygon","properties":{"postcode":"3806","nl":"Sint-Truiden","fr":"Saint-Trond"}},{"arcs":[[2856,2857]],"type":"Polygon","properties":{"postcode":"3891","nl":"Gingelom","fr":"Gingelom"}},{"arcs":[[-2439,-1121,-2438,-2364,-2737,2858,2859,2860,2861,-1125]],"type":"Polygon","properties":{"postcode":"8953","nl":"Heuvelland","fr":"Heuvelland"}},{"arcs":[[2862,2863,-1480,-1839,-2124]],"type":"Polygon","properties":{"postcode":"6681","nl":"Sainte-Ode","fr":"Sainte-Ode"}},{"arcs":[[2864,2865,-560,-1789,2866,2867,2868]],"type":"Polygon","properties":{"postcode":"6760","nl":"Virton","fr":"Virton"}},{"arcs":[[-2126,-2252,2869,2870,-1093,-2610,2871]],"type":"Polygon","properties":{"postcode":"6951","nl":"Nassogne","fr":"Nassogne"}},{"arcs":[[-1922,2872,2873,2874,-1765,2875,-2128,-2685]],"type":"Polygon","properties":{"postcode":"1800","nl":"Vilvoorde","fr":"Vilvorde"}},{"arcs":[[-398,2876,2877,2878,2879]],"type":"Polygon","properties":{"postcode":"1541","nl":"Pajottegem","fr":"Pajottegem"}},{"arcs":[[2880,-790,-2317,2881,2882,-2501,2883,2884]],"type":"Polygon","properties":{"postcode":"1653","nl":"Beersel","fr":"Beersel"}},{"arcs":[[-2527,2885,2886,-2520,2887,2888]],"type":"Polygon","properties":{"postcode":"9406","nl":"Ninove","fr":"Ninove"}},{"arcs":[[2889,2890,2891,2892,2893,2894]],"type":"Polygon","properties":{"postcode":"9968","nl":"Assenede","fr":"Assenede"}},{"arcs":[[-2517,2895,2896]],"type":"Polygon","properties":{"postcode":"9403","nl":"Ninove","fr":"Ninove"}},{"arcs":[[2897]],"type":"Polygon","properties":{"postcode":"4452","nl":"Juprelle","fr":"Juprelle"}},{"arcs":[[-2538,-1267,-750,2898,2899,2900,2901,-1534,2902]],"type":"Polygon","properties":{"postcode":"4841","nl":"Welkenraedt","fr":"Welkenraedt"}},{"arcs":[[[-491,2903]],[[2904,2905]]],"type":"MultiPolygon","properties":{"postcode":"4350","nl":"Remicourt","fr":"Remicourt"}},{"arcs":[[2906,-2167,2907,-2773,2908]],"type":"Polygon","properties":{"postcode":"4608","nl":"Dalhem","fr":"Dalhem"}},{"arcs":[[2909,2910,2911,2912,2913,2914]],"type":"Polygon","properties":{"postcode":"7534","nl":"Doornik","fr":"Tournai"}},{"arcs":[[2915,2916,2917,2918,2919,-2448,2920,2921,2922,2923]],"type":"Polygon","properties":{"postcode":"7500","nl":"Doornik","fr":"Tournai"}},{"arcs":[[2924,2925,2926,-2675,2927,2928,2929,-2826,2930,2931]],"type":"Polygon","properties":{"postcode":"7803","nl":"Aat","fr":"Ath"}},{"arcs":[[2932,2933,2934,-2929]],"type":"Polygon","properties":{"postcode":"7803","nl":"Aat","fr":"Ath"}},{"arcs":[[2935,-1996,2936]],"type":"Polygon","properties":{"postcode":"7601","nl":"Péruwelz","fr":"Péruwelz"}},{"arcs":[[-2814,-2000,-2196,-1986,2937]],"type":"Polygon","properties":{"postcode":"6000","nl":"Charleroi","fr":"Charleroi"}},{"arcs":[[-1077,-1112,-899,-1871,-1923,2684,-2127,2685,2686,2687,2688,2689,2690,-724,-2004,-749,-2005,-1407,-1189,-2006,-745]],"type":"Polygon","properties":{"postcode":"1020","nl":"Brussel","fr":"Bruxelles"}},{"arcs":[[2571,2572,2573,2574,2575,2576,-643,2577,2578,2579,2580,2581,2582]],"type":"Polygon","properties":{"postcode":"2000","nl":"Antwerpen","fr":"Anvers"}},{"arcs":[[2938,2939,-475,2940,2941]],"type":"Polygon","properties":{"postcode":"2812","nl":"Mechelen","fr":"Malines"}},{"arcs":[[2942,-864,2943,-2458,2944]],"type":"Polygon","properties":{"postcode":"2431","nl":"Laakdal","fr":"Laakdal"}},{"arcs":[[-1195,-2061,-1465,2945,2946,2947,-1570,-638,-1348]],"type":"Polygon","properties":{"postcode":"2530","nl":"Boechout","fr":"Boechout"}},{"arcs":[[2948,2949,2950,2951,2952]],"type":"Polygon","properties":{"postcode":"5524","nl":"Onhaye","fr":"Onhaye"}},{"arcs":[[2953,-2227,2954,-2082,2955]],"type":"Polygon","properties":{"postcode":"5574","nl":"Beauraing","fr":"Beauraing"}},{"arcs":[[2956,-1899,2957,2958,-1558,2959,-2726,-2485]],"type":"Polygon","properties":{"postcode":"8550","nl":"Zwevegem","fr":"Zwevegem"}},{"arcs":[[[2960,-1671,2961,-2379,2962,2963,-1044,-2118,2964]],[[2965,2966]]],"type":"MultiPolygon","properties":{"postcode":"6850","nl":"Paliseul","fr":"Paliseul"}},{"arcs":[[2967,-1337,2968,-1282,-1610,2969]],"type":"Polygon","properties":{"postcode":"1730","nl":"Asse","fr":"Asse"}},{"arcs":[[2970,2971,-2135,2972,2973]],"type":"Polygon","properties":{"postcode":"3381","nl":"Glabbeek","fr":"Glabbeek"}},{"arcs":[[2974,2975,-2772,2976,-2393,-723,2977,2978,2979,2980,-991,2981]],"type":"Polygon","properties":{"postcode":"3000","nl":"Leuven","fr":"Louvain"}},{"arcs":[[2982,-721,-2384,2983,-2979]],"type":"Polygon","properties":{"postcode":"3000","nl":"Leuven","fr":"Louvain"}},{"arcs":[[2984,-271,2985,2986,2987,-786]],"type":"Polygon","properties":{"postcode":"3118","nl":"Rotselaar","fr":"Rotselaar"}},{"arcs":[[2988,2989,2990,-1048,-1215,2991,2992]],"type":"Polygon","properties":{"postcode":"3290","nl":"Diest","fr":"Diest"}},{"arcs":[[2993,-2757,-2498,-2883]],"type":"Polygon","properties":{"postcode":"1501","nl":"Halle","fr":"Hal"}},{"arcs":[[2994,2995,2996]],"type":"Polygon","properties":{"postcode":"9660","nl":"Brakel","fr":"Brakel"}},{"arcs":[[-1843,-224,-925,2997,2998]],"type":"Polygon","properties":{"postcode":"9681","nl":"Maarkedal","fr":"Maarkedal"}},{"arcs":[[2999,3000,3001,3002,3003,3004]],"type":"Polygon","properties":{"postcode":"4432","nl":"Ans","fr":"Ans"}},{"arcs":[[3005,3006,3007,3008]],"type":"Polygon","properties":{"postcode":"4102","nl":"Seraing","fr":"Seraing"}},{"arcs":[[-1533,3009,-823]],"type":"Polygon","properties":{"postcode":"4983","nl":"Trois-Ponts","fr":"Trois-Ponts"}},{"arcs":[[-2531,-1964,3010,3011,-831,3012]],"type":"Polygon","properties":{"postcode":"4161","nl":"Anthisnes","fr":"Anthisnes"}},{"arcs":[[2149,2150,2151,2152,2153,2154]],"type":"Polygon","properties":{"postcode":"4631","nl":"Soumagne","fr":"Soumagne"}},{"arcs":[[3013,3014,3015,-2789,3016,-2176]],"type":"Polygon","properties":{"postcode":"4681","nl":"Oupeye","fr":"Oupeye"}},{"arcs":[[3017,3018,-849]],"type":"Polygon","properties":{"postcode":"7850","nl":"Opzullik","fr":"Silly"}},{"arcs":[[3019,3020,3021,-2290,3022]],"type":"Polygon","properties":{"postcode":"7333","nl":"Saint-Ghislain","fr":"Saint-Ghislain"}},{"arcs":[[3023,3024,3025,3026,3027,3028,-2295,-2221,3029,3030]],"type":"Polygon","properties":{"postcode":"7000","nl":"Bergen","fr":"Mons"}},{"arcs":[[3031,3032,-2412]],"type":"Polygon","properties":{"postcode":"6594","nl":"Momignies","fr":"Momignies"}},{"arcs":[[3033,3034,3035,3036,-108,-1833]],"type":"Polygon","properties":{"postcode":"7180","nl":"Seneffe","fr":"Seneffe"}},{"arcs":[[-2456,-1516,3037,-2013]],"type":"Polygon","properties":{"postcode":"1473","nl":"Genepiën","fr":"Genappe"}},{"arcs":[[3038,3039,3040,3041,-1433,3042]],"type":"Polygon","properties":{"postcode":"5641","nl":"Mettet","fr":"Mettet"}},{"arcs":[[-1885,3043,-1679,-92,3044]],"type":"Polygon","properties":{"postcode":"5022","nl":"Namen","fr":"Namur"}},{"arcs":[[-976,3045]],"type":"Polygon","properties":{"postcode":"5650","nl":"Walcourt","fr":"Walcourt"}},{"arcs":[[3046,3047,3048,-1031,3049,3050,3051]],"type":"Polygon","properties":{"postcode":"5336","nl":"Assesse","fr":"Assesse"}},{"arcs":[[-2085,3052,-2854,3053,-1809,-1131,3054]],"type":"Polygon","properties":{"postcode":"3582","nl":"Beringen","fr":"Beringen"}},{"arcs":[[3055,-2089,-2478,3056,-346,3057]],"type":"Polygon","properties":{"postcode":"3721","nl":"Hasselt","fr":"Hasselt"}},{"arcs":[[3058,-1299,3059,3060,3061]],"type":"Polygon","properties":{"postcode":"8000","nl":"Brugge","fr":"Bruges"}},{"arcs":[[-1655,-1199,-1470,-1743,-572,3062]],"type":"Polygon","properties":{"postcode":"8531","nl":"Harelbeke","fr":"Harelbeke"}},{"arcs":[[3063,3064,3065,3066,-17,-1745,-2489,3067,-1827]],"type":"Polygon","properties":{"postcode":"8700","nl":"Tielt","fr":"Tielt"}},{"arcs":[[3068,-1553,3069,3070,3071,3072,-1707,3073,3074,-1759,3075]],"type":"Polygon","properties":{"postcode":"8790","nl":"Waregem","fr":"Waregem"}},{"arcs":[[3076,3077,3078,3079]],"type":"Polygon","properties":{"postcode":"8954","nl":"Heuvelland","fr":"Heuvelland"}},{"arcs":[[-1388,3080,3081,3082,-1742]],"type":"Polygon","properties":{"postcode":"6762","nl":"Virton","fr":"Virton"}},{"arcs":[[3083,-2606,3084,-2366]],"type":"Polygon","properties":{"postcode":"6790","nl":"Aubange","fr":"Aubange"}},{"arcs":[[3085,3086,3087,-1,-1386,3088]],"type":"Polygon","properties":{"postcode":"6823","nl":"Florenville","fr":"Florenville"}},{"arcs":[[-1087,3089,3090,-1918,3091,-351]],"type":"Polygon","properties":{"postcode":"6921","nl":"Wellin","fr":"Wellin"}},{"arcs":[[-2121,-2872,-2609,3092]],"type":"Polygon","properties":{"postcode":"6971","nl":"Tenneville","fr":"Tenneville"}},{"arcs":[[-2622,3093,-1067,-1340,3094,3095]],"type":"Polygon","properties":{"postcode":"1742","nl":"Ternat","fr":"Ternat"}},{"arcs":[[3096,-1949,3097,3098,-970]],"type":"Polygon","properties":{"postcode":"9185","nl":"Lochristi","fr":"Lochristi"}},{"arcs":[[-1580,3099,3100,-1769,-1283,-309]],"type":"Polygon","properties":{"postcode":"9160","nl":"Lokeren","fr":"Lokeren"}},{"arcs":[[-1952,-2141,-1719,3101,-1934,3102]],"type":"Polygon","properties":{"postcode":"9030","nl":"Gent","fr":"Gand"}},{"arcs":[[3103,-2888,-2519,3104,-2515]],"type":"Polygon","properties":{"postcode":"9401","nl":"Ninove","fr":"Ninove"}},{"arcs":[[3105,3106,3107]],"type":"Polygon","properties":{"postcode":"4342","nl":"Awans","fr":"Awans"}},{"arcs":[[3108,-2679,3109,-1834,-106,3110,3111]],"type":"Polygon","properties":{"postcode":"7140","nl":"Morlanwelz","fr":"Morlanwelz"}},{"arcs":[[3112,3113,3114,-2800,-2811]],"type":"Polygon","properties":{"postcode":"6462","nl":"Chimay","fr":"Chimay"}},{"arcs":[[-553,-2199,-2215,3115,3116,3117,-1525,3118,3119,3120,-437]],"type":"Polygon","properties":{"postcode":"6220","nl":"Fleurus","fr":"Fleurus"}},{"arcs":[[-2563,3121,3122,3123,3124]],"type":"Polygon","properties":{"postcode":"7642","nl":"Antoing","fr":"Antoing"}},{"arcs":[[-528,3125,-2320,3126,3127,3128,-2832]],"type":"Polygon","properties":{"postcode":"1421","nl":"Eigenbrakel","fr":"Braine-l'Alleud"}},{"arcs":[[-1567,3129,-1453,-664,-1235,3130,3131]],"type":"Polygon","properties":{"postcode":"2280","nl":"Grobbendonk","fr":"Grobbendonk"}},{"arcs":[[-519,3132,-2032,3133,3134,3135,-672,-1787]],"type":"Polygon","properties":{"postcode":"2323","nl":"Hoogstraten","fr":"Hoogstraten"}},{"arcs":[[-599,3136]],"type":"Polygon","properties":{"postcode":"2400","nl":"Dessel","fr":"Dessel"}},{"arcs":[[-1568,-3132,3137,-1233]],"type":"Polygon","properties":{"postcode":"2288","nl":"Grobbendonk","fr":"Grobbendonk"}},{"arcs":[[-1566,3138,3139,3140,-1451,-3130]],"type":"Polygon","properties":{"postcode":"2243","nl":"Zandhoven","fr":"Zandhoven"}},{"arcs":[[3141,3142,3143,3144,3145,-477,3146,-2939,3147,3148]],"type":"Polygon","properties":{"postcode":"2800","nl":"Mechelen","fr":"Malines"}},{"arcs":[[-1588,3149,-2233,3150,3151,-1248]],"type":"Polygon","properties":{"postcode":"5502","nl":"Dinant","fr":"Dinant"}},{"arcs":[[3152,-2235,-1599,3153,3154,3155,3156]],"type":"Polygon","properties":{"postcode":"5561","nl":"Houyet","fr":"Houyet"}},{"arcs":[[3157,3158,-2345,3159]],"type":"Polygon","properties":{"postcode":"5543","nl":"Hastière","fr":"Hastière"}},{"arcs":[[-2356,3160,3161]],"type":"Polygon","properties":{"postcode":"3746","nl":"Bilzen-Hoeselt","fr":"Bilzen-Hoeselt"}},{"arcs":[[-1314,3162]],"type":"Polygon","properties":{"postcode":"3803","nl":"Sint-Truiden","fr":"Saint-Trond"}},{"arcs":[[3163,3164,3165,-1734,3166,-2474,3167,-2098,-2594]],"type":"Polygon","properties":{"postcode":"3830","nl":"Wellen","fr":"Wellen"}},{"arcs":[[3168,-1736,3169,-3165]],"type":"Polygon","properties":{"postcode":"3832","nl":"Wellen","fr":"Wellen"}},{"arcs":[[-2851,3170,3171,3172]],"type":"Polygon","properties":{"postcode":"3971","nl":"Leopoldsburg","fr":"Bourg-Léopold"}},{"arcs":[[3173,3174,3175,-2945,-2461,3176,3177,3178,3179,-2989]],"type":"Polygon","properties":{"postcode":"3980","nl":"Tessenderlo-Ham","fr":"Tessenderlo-Ham"}},{"arcs":[[-2599,-1904,-1753,-221,3180]],"type":"Polygon","properties":{"postcode":"8581","nl":"Avelgem","fr":"Avelgem"}},{"arcs":[[3181,3182,3183,3184,3185]],"type":"Polygon","properties":{"postcode":"6723","nl":"Habay","fr":"Habay"}},{"arcs":[[-1179,-1799,3186,-151,3187]],"type":"Polygon","properties":{"postcode":"3400","nl":"Landen","fr":"Landen"}},{"arcs":[[3188,3189,3190,-2758,-2994,-2882,-2316,-525,3191,-2751]],"type":"Polygon","properties":{"postcode":"1500","nl":"Halle","fr":"Hal"}},{"arcs":[[-1143,3192,3193]],"type":"Polygon","properties":{"postcode":"1755","nl":"Pajottegem","fr":"Pajottegem"}},{"arcs":[[-1612,3194]],"type":"Polygon","properties":{"postcode":"9630","nl":"Zwalm","fr":"Zwalm"}},{"arcs":[[-1641,3195]],"type":"Polygon","properties":{"postcode":"9130","nl":"Beveren-Kruibeke-Zwijndrecht","fr":"Beveren-Kruibeke-Zwijndrecht"}},{"arcs":[[3196,-930,3197,3198]],"type":"Polygon","properties":{"postcode":"9308","nl":"Aalst","fr":"Alost"}},{"arcs":[[3199,3200,3201,3202]],"type":"Polygon","properties":{"postcode":"4253","nl":"Geer","fr":"Geer"}},{"arcs":[[3203,-3007,3204,3205,-2779,3206,-838]],"type":"Polygon","properties":{"postcode":"4000","nl":"Luik","fr":"Liège"}},{"arcs":[[3207,-169,3208,3209,3210,3211,3212,3213,3214,3215,-3205,-3006]],"type":"Polygon","properties":{"postcode":"4000","nl":"Luik","fr":"Liège"}},{"arcs":[[3216,3217,-2184]],"type":"Polygon","properties":{"postcode":"4780","nl":"Sankt Vith","fr":"Saint-Vith"}},{"arcs":[[3218,3219,3220,-1184,-324,3221,-2181]],"type":"Polygon","properties":{"postcode":"4780","nl":"Sankt Vith","fr":"Saint-Vith"}},{"arcs":[[3222,-704,3223,-2552,3224,-2551,3225]],"type":"Polygon","properties":{"postcode":"7131","nl":"Binche","fr":"Binche"}},{"arcs":[[-2211,3226,-109,-3037,3227,3228]],"type":"Polygon","properties":{"postcode":"6181","nl":"Courcelles","fr":"Courcelles"}},{"arcs":[[3229,-2002,3230,-846,3231,-462]],"type":"Polygon","properties":{"postcode":"7062","nl":"Zinnik","fr":"Soignies"}},{"arcs":[[-2828,3232,-2207,3233]],"type":"Polygon","properties":{"postcode":"7866","nl":"Lessen","fr":"Lessines"}},{"arcs":[[2571,2572,2573,2574,2575,2576,-643,2577,2578,2579,2580,2581,2582]],"type":"Polygon","properties":{"postcode":"2050","nl":"Antwerpen","fr":"Anvers"}},{"arcs":[[-2329,3234]],"type":"Polygon","properties":{"postcode":"2382","nl":"Ravels","fr":"Ravels"}},{"arcs":[[3235,3236,3237,-1883,-2350]],"type":"Polygon","properties":{"postcode":"5003","nl":"Namen","fr":"Namur"}},{"arcs":[[-247,3238,3239,3240]],"type":"Polygon","properties":{"postcode":"5030","nl":"Gembloux","fr":"Gembloux"}},{"arcs":[[-2953,3241,3242,3243]],"type":"Polygon","properties":{"postcode":"5520","nl":"Onhaye","fr":"Onhaye"}},{"arcs":[[3244,-2950,3245]],"type":"Polygon","properties":{"postcode":"5520","nl":"Onhaye","fr":"Onhaye"}},{"arcs":[[-2857,3246]],"type":"Polygon","properties":{"postcode":"3890","nl":"Gingelom","fr":"Gingelom"}},{"arcs":[[-1756,3247,-1902,-2598,3248,-3076,-1758,3249]],"type":"Polygon","properties":{"postcode":"8570","nl":"Anzegem","fr":"Anzegem"}},{"arcs":[[3250,3251,3252,3253,3254,3255,3256]],"type":"Polygon","properties":{"postcode":"6671","nl":"Gouvy","fr":"Gouvy"}},{"arcs":[[3257,3258,-2865]],"type":"Polygon","properties":{"postcode":"6743","nl":"Étalle","fr":"Étalle"}},{"arcs":[[3259,-2130,3260,3261,3262]],"type":"Polygon","properties":{"postcode":"1930","nl":"Zaventem","fr":"Zaventem"}},{"arcs":[[3263,3264,3265,-274,3266]],"type":"Polygon","properties":{"postcode":"3128","nl":"Tremelo","fr":"Tremelo"}},{"arcs":[[-720,-789,2380,2381,2382,2383]],"type":"Polygon","properties":{"postcode":"3012","nl":"Leuven","fr":"Louvain"}},{"arcs":[[-1037,3267,-2769,3268,3269,-625]],"type":"Polygon","properties":{"postcode":"3051","nl":"Oud-Heverlee","fr":"Oud-Heverlee"}},{"arcs":[[3270,-2749,-134,3271]],"type":"Polygon","properties":{"postcode":"1674","nl":"Pepingen","fr":"Pepingen"}},{"arcs":[[-1222,-1931,3272,3273,3274]],"type":"Polygon","properties":{"postcode":"3384","nl":"Glabbeek","fr":"Glabbeek"}},{"arcs":[[3275,-1136,-994,3276,3277,3278]],"type":"Polygon","properties":{"postcode":"3212","nl":"Lubbeek","fr":"Lubbeek"}},{"arcs":[[3279,3280]],"type":"Polygon","properties":{"postcode":"9451","nl":"Haaltert","fr":"Haaltert"}},{"arcs":[[3281,3282,-1849,3283]],"type":"Polygon","properties":{"postcode":"9551","nl":"Herzele","fr":"Herzele"}},{"arcs":[[3284,3285,3286,3287]],"type":"Polygon","properties":{"postcode":"4728","nl":"Kelmis","fr":"La Calamine"}},{"arcs":[[2161]],"type":"Polygon","properties":{"postcode":"4651","nl":"Herve","fr":"Herve"}},{"arcs":[[3288,3289,-2148,3290,3291,3292]],"type":"Polygon","properties":{"postcode":"4870","nl":"Olne","fr":"Olne"}},{"arcs":[[[-2145,3293,3294]],[[-3291,-2147,3295,-2170,3296]]],"type":"MultiPolygon","properties":{"postcode":"4652","nl":"Herve","fr":"Herve"}},{"arcs":[[3297,3298,3299,3300,3301]],"type":"Polygon","properties":{"postcode":"4682","nl":"Oupeye","fr":"Oupeye"}},{"arcs":[[3302,-841,3303,3304,3305,-1958,3306,-2188]],"type":"Polygon","properties":{"postcode":"4050","nl":"Chaudfontaine","fr":"Chaudfontaine"}},{"arcs":[[3307,-205,3308,-1638,3309,-2191]],"type":"Polygon","properties":{"postcode":"4217","nl":"Héron","fr":"Héron"}},{"arcs":[[3310,-959,3311,-2158,3312,3313]],"type":"Polygon","properties":{"postcode":"4771","nl":"Amel","fr":"Amblève"}},{"arcs":[[-2204,3314,3315,-1663,3316,3317]],"type":"Polygon","properties":{"postcode":"7863","nl":"Lessen","fr":"Lessines"}},{"arcs":[[3318,3319,-2937,-1995,3320,3321,3322,3323]],"type":"Polygon","properties":{"postcode":"7600","nl":"Péruwelz","fr":"Péruwelz"}},{"arcs":[[-2795,3324,-389,3325,-2545]],"type":"Polygon","properties":{"postcode":"7943","nl":"Brugelette","fr":"Brugelette"}},{"arcs":[[-1276,3326,-2310,3327,-66]],"type":"Polygon","properties":{"postcode":"7382","nl":"Quiévrain","fr":"Quiévrain"}},{"arcs":[[-2808,3328,3329,3330,3331,3332]],"type":"Polygon","properties":{"postcode":"7618","nl":"Rumes","fr":"Rumes"}},{"arcs":[[3333,-3030,-2220,-2682]],"type":"Polygon","properties":{"postcode":"7032","nl":"Bergen","fr":"Mons"}},{"arcs":[[3334,3335,-1896,3336,-197,-710,3337]],"type":"Polygon","properties":{"postcode":"7711","nl":"Moeskroen","fr":"Mouscron"}},{"arcs":[[-2688,3338,-373,3339]],"type":"Polygon","properties":{"postcode":"1140","nl":"Evere","fr":"Evere"}},{"arcs":[[-3143,3340,-1155,-1806,3341]],"type":"Polygon","properties":{"postcode":"2811","nl":"Mechelen","fr":"Malines"}},{"arcs":[[3342,3343]],"type":"Polygon","properties":{"postcode":"5646","nl":"Mettet","fr":"Mettet"}},{"arcs":[[-1877,-2342,3344,-586,-1220,3345]],"type":"Polygon","properties":{"postcode":"5353","nl":"Ohey","fr":"Ohey"}},{"arcs":[[3346,-2841,3347,-1867,-1677]],"type":"Polygon","properties":{"postcode":"5031","nl":"Gembloux","fr":"Gembloux"}},{"arcs":[[3348,-2236,-3153]],"type":"Polygon","properties":{"postcode":"5504","nl":"Dinant","fr":"Dinant"}},{"arcs":[[3349,3350,-1330,3351,-1263,3352,3353]],"type":"Polygon","properties":{"postcode":"3941","nl":"Hechtel-Eksel","fr":"Hechtel-Eksel"}},{"arcs":[[-1380,3354,-2719,3355,-2720,-1295]],"type":"Polygon","properties":{"postcode":"8421","nl":"De Haan","fr":"De Haan"}},{"arcs":[[-313,3356,3357,-3066,3358,3359]],"type":"Polygon","properties":{"postcode":"8755","nl":"Wingene","fr":"Wingene"}},{"arcs":[[-3087,3360,3361,-2248,3362]],"type":"Polygon","properties":{"postcode":"6810","nl":"Chiny","fr":"Chiny"}},{"arcs":[[-2745,3363,-1490,3364,3365]],"type":"Polygon","properties":{"postcode":"6821","nl":"Florenville","fr":"Florenville"}},{"arcs":[[3366,3367,3368,3369,3370]],"type":"Polygon","properties":{"postcode":"6831","nl":"Bouillon","fr":"Bouillon"}},{"arcs":[[-2131,-3260,3371,-2686]],"type":"Polygon","properties":{"postcode":"1831","nl":"Machelen","fr":"Machelen"}},{"arcs":[[3372,3373,-1070,-2620,-1145,3374]],"type":"Polygon","properties":{"postcode":"1761","nl":"Roosdaal","fr":"Roosdaal"}},{"arcs":[[3375,3376,-1150,3377]],"type":"Polygon","properties":{"postcode":"1671","nl":"Pepingen","fr":"Pepingen"}},{"arcs":[[3378,-2623,-3096,3379,-1338,-2968,3380]],"type":"Polygon","properties":{"postcode":"1740","nl":"Ternat","fr":"Ternat"}},{"arcs":[[3381,3382,3383,3384]],"type":"Polygon","properties":{"postcode":"3293","nl":"Diest","fr":"Diest"}},{"arcs":[[3385,-2884,-2500,-2762,3386,-2763]],"type":"Polygon","properties":{"postcode":"1651","nl":"Beersel","fr":"Beersel"}},{"arcs":[[3387,-1953,-3103,-1939,3388,3389,3390,3391,3392,3393]],"type":"Polygon","properties":{"postcode":"9000","nl":"Gent","fr":"Gand"}},{"arcs":[[3394,3395,3396,-401]],"type":"Polygon","properties":{"postcode":"9840","nl":"Nazareth-De Pinte","fr":"Nazareth-De Pinte"}},{"arcs":[[3397,-3392,3398,3399,-234,3400]],"type":"Polygon","properties":{"postcode":"9050","nl":"Gent","fr":"Gand"}},{"arcs":[[3401,3402,3403,-2266,3404]],"type":"Polygon","properties":{"postcode":"4851","nl":"Plombières","fr":"Plombières"}},{"arcs":[[3405,-2156,3406,3407]],"type":"Polygon","properties":{"postcode":"4782","nl":"Sankt Vith","fr":"Saint-Vith"}},{"arcs":[[3408,-3000,3409,3410,-161]],"type":"Polygon","properties":{"postcode":"4431","nl":"Ans","fr":"Ans"}},{"arcs":[[3411,3412,3413,3414,3415,3416]],"type":"Polygon","properties":{"postcode":"4653","nl":"Herve","fr":"Herve"}},{"arcs":[[-3294,-2144,3417,-2150,3418,-3412,3419]],"type":"Polygon","properties":{"postcode":"4633","nl":"Soumagne","fr":"Soumagne"}},{"arcs":[[3420,-1983,3421,3422,-1362,3423,3424,3425]],"type":"Polygon","properties":{"postcode":"7332","nl":"Saint-Ghislain","fr":"Saint-Ghislain"}},{"arcs":[[-2304,3426]],"type":"Polygon","properties":{"postcode":"6230","nl":"Pont-à-Celles","fr":"Pont-à-Celles"}},{"arcs":[[3427,3428,3429,3430,3431,-2912]],"type":"Polygon","properties":{"postcode":"7532","nl":"Doornik","fr":"Tournai"}},{"arcs":[[-852,3432,-137,-530,-2831,3433,-2314]],"type":"Polygon","properties":{"postcode":"1460","nl":"Itter","fr":"Ittre"}},{"arcs":[[-2036,-2035,3434,3435,3436,3437,3438,3439,3440]],"type":"Polygon","properties":{"postcode":"2328","nl":"Hoogstraten","fr":"Hoogstraten"}},{"arcs":[[-736,-307,3441,3442,-3140,3443]],"type":"Polygon","properties":{"postcode":"2240","nl":"Zandhoven","fr":"Zandhoven"}},{"arcs":[[-3266,3444,3445,3446,-1370,-275]],"type":"Polygon","properties":{"postcode":"2221","nl":"Heist-op-den-Berg","fr":"Heist-op-den-Berg"}},{"arcs":[[-1909,-1418,3447,-2956,-2081]],"type":"Polygon","properties":{"postcode":"5576","nl":"Beauraing","fr":"Beauraing"}},{"arcs":[[3448,-3158,3449,-383]],"type":"Polygon","properties":{"postcode":"5544","nl":"Hastière","fr":"Hastière"}},{"arcs":[[3450,3451,-3047,3452,3453,-1244]],"type":"Polygon","properties":{"postcode":"5332","nl":"Assesse","fr":"Assesse"}},{"arcs":[[3454,-2465,3455,-2230,3456,3457,3458,3459]],"type":"Polygon","properties":{"postcode":"5563","nl":"Houyet","fr":"Houyet"}},{"arcs":[[-3167,-1733,3460,3461,-2475]],"type":"Polygon","properties":{"postcode":"3501","nl":"Hasselt","fr":"Hasselt"}},{"arcs":[[-2470,-1209,-1681,-2352,3462]],"type":"Polygon","properties":{"postcode":"3668","nl":"As","fr":"As"}},{"arcs":[[3463,3464,-1858,3465]],"type":"Polygon","properties":{"postcode":"8434","nl":"Middelkerke","fr":"Middelkerke"}},{"arcs":[[-1726,3466]],"type":"Polygon","properties":{"postcode":"8691","nl":"Alveringem","fr":"Alveringem"}},{"arcs":[[-2107,3467,-2114,3468,-1171,-1293,3469]],"type":"Polygon","properties":{"postcode":"8906","nl":"Ieper","fr":"Ypres"}},{"arcs":[[-2604,3470,-557,3471]],"type":"Polygon","properties":{"postcode":"6782","nl":"Messancy","fr":"Messancy"}},{"arcs":[[3472,-867,3473,3474,3475,-2753]],"type":"Polygon","properties":{"postcode":"3201","nl":"Aarschot","fr":"Aarschot"}},{"arcs":[[3476,3477,3478,3479,-231,-1110,-1075,3480]],"type":"Polygon","properties":{"postcode":"1700","nl":"Dilbeek","fr":"Dilbeek"}},{"arcs":[[-185,3481,3482,-3262,3483,-2385,-177,-1835]],"type":"Polygon","properties":{"postcode":"1933","nl":"Zaventem","fr":"Zaventem"}},{"arcs":[[3484,3485]],"type":"Polygon","properties":{"postcode":"9120","nl":"Beveren-Kruibeke-Zwijndrecht","fr":"Beveren-Kruibeke-Zwijndrecht"}},{"arcs":[[-408,3486,-917,-2265,3487,3488]],"type":"Polygon","properties":{"postcode":"9750","nl":"Kruisem","fr":"Kruisem"}},{"arcs":[[3489,-2996,3490,-2631]],"type":"Polygon","properties":{"postcode":"9661","nl":"Brakel","fr":"Brakel"}},{"arcs":[[3491,3492,-3394,3493,-3396]],"type":"Polygon","properties":{"postcode":"9052","nl":"Gent","fr":"Gand"}},{"arcs":[[3494,-2633,3495,-2629,-2640]],"type":"Polygon","properties":{"postcode":"9571","nl":"Lierde","fr":"Lierde"}},{"arcs":[[3496,-3292,-3297,-2169]],"type":"Polygon","properties":{"postcode":"4861","nl":"Pepinster","fr":"Pepinster"}},{"arcs":[[3497,-766,3498,3499,3500]],"type":"Polygon","properties":{"postcode":"4121","nl":"Neupré","fr":"Neupré"}},{"arcs":[[3501,3502,-982,-1665,3503,-3315,-2203]],"type":"Polygon","properties":{"postcode":"7862","nl":"Lessen","fr":"Lessines"}},{"arcs":[[3504,-3329,-2807,3505]],"type":"Polygon","properties":{"postcode":"7611","nl":"Rumes","fr":"Rumes"}},{"arcs":[[3506,3507]],"type":"Polygon","properties":{"postcode":"6592","nl":"Momignies","fr":"Momignies"}},{"arcs":[[3508,-3431]],"type":"Polygon","properties":{"postcode":"7533","nl":"Doornik","fr":"Tournai"}},{"arcs":[[3509,-485,3510,-2565,3511]],"type":"Polygon","properties":{"postcode":"6223","nl":"Fleurus","fr":"Fleurus"}},{"arcs":[[3512,3513,-2932,3514,3515,-2435,-2542,-386,-1364]],"type":"Polygon","properties":{"postcode":"7950","nl":"Chièvres","fr":"Chièvres"}},{"arcs":[[3516,3517,3518,3519,-3135,3520,3521,-2029,3522,3523,3524,3525,-2024,3526,-2022,3527,-2020,3528,-2018,3529,-2059,3530,-2057,3531,-2055,3532,-2053,3533,-2051,3534,-2049,3535,-2047,3536,-2045,3537,3538,-2042,3539,-2040,3540,-2038,3541,2035,-3441,3542,-3439]],"type":"Polygon","properties":{"postcode":"2322","nl":"Minderhout","fr":"Minderhout"}},{"arcs":[[-2695,-2697,-2009,3543,3544,3545]],"type":"Polygon","properties":{"postcode":"1300","nl":"Waver","fr":"Wavre"}},{"arcs":[[-3544,-2008,-2700,-1403,-1038,-631,-142,3546]],"type":"Polygon","properties":{"postcode":"1300","nl":"Waver","fr":"Wavre"}},{"arcs":[[-2574,3547]],"type":"Polygon","properties":{"postcode":"2070","nl":"Beveren-Kruibeke-Zwijndrecht","fr":"Beveren-Kruibeke-Zwijndrecht"}},{"arcs":[[3548,-3051,3549,-1029,3550]],"type":"Polygon","properties":{"postcode":"5333","nl":"Assesse","fr":"Assesse"}},{"arcs":[[-3460,3551,3552]],"type":"Polygon","properties":{"postcode":"5560","nl":"Houyet","fr":"Houyet"}},{"arcs":[[3553,3554,-3156,3555]],"type":"Polygon","properties":{"postcode":"5560","nl":"Houyet","fr":"Houyet"}},{"arcs":[[-1801,3556]],"type":"Polygon","properties":{"postcode":"5620","nl":"Florennes","fr":"Florennes"}},{"arcs":[[-2835,3557,-1024,3558,-2068]],"type":"Polygon","properties":{"postcode":"5364","nl":"Hamois","fr":"Hamois"}},{"arcs":[[-3459,3559,-3154,-1598,3560,-3552]],"type":"Polygon","properties":{"postcode":"5562","nl":"Houyet","fr":"Houyet"}},{"arcs":[[-1749,3561,3562,-1823,-2487,-808]],"type":"Polygon","properties":{"postcode":"8850","nl":"Ardooie","fr":"Ardooie"}},{"arcs":[[-1824,-3563,3563,-1747,-1796,3564]],"type":"Polygon","properties":{"postcode":"8851","nl":"Ardooie","fr":"Ardooie"}},{"arcs":[[-2116,3565,-2105,3566,-1174,-945,3567,-2359,3568]],"type":"Polygon","properties":{"postcode":"8900","nl":"Ieper","fr":"Ypres"}},{"arcs":[[-2735,3569,3570,-2111]],"type":"Polygon","properties":{"postcode":"8900","nl":"Ieper","fr":"Ypres"}},{"arcs":[[3571]],"type":"Polygon","properties":{"postcode":"6600","nl":"Bastenaken","fr":"Bastogne"}},{"arcs":[[3572,3573,3574,-3257,3575]],"type":"Polygon","properties":{"postcode":"6673","nl":"Gouvy","fr":"Gouvy"}},{"arcs":[[3576,3577,3578,3579,3580]],"type":"Polygon","properties":{"postcode":"6687","nl":"Bastenaken","fr":"Bastogne"}},{"arcs":[[3581,-913,-827,3582,-3252,3583]],"type":"Polygon","properties":{"postcode":"6690","nl":"Vielsalm","fr":"Vielsalm"}},{"arcs":[[-3254,3584,3585,-3219,-2180,-2656,3586]],"type":"Polygon","properties":{"postcode":"6690","nl":"Vielsalm","fr":"Vielsalm"}},{"arcs":[[3587,3588,-2601]],"type":"Polygon","properties":{"postcode":"6780","nl":"Messancy","fr":"Messancy"}},{"arcs":[[-3367,3589,3590]],"type":"Polygon","properties":{"postcode":"6836","nl":"Bouillon","fr":"Bouillon"}},{"arcs":[[3591,-2615,3592,3593]],"type":"Polygon","properties":{"postcode":"6984","nl":"La Roche-en-Ardenne","fr":"La Roche-en-Ardenne"}},{"arcs":[[-3339,-2687,-3372,-3263,-3483,3594,-183,-374]],"type":"Polygon","properties":{"postcode":"1932","nl":"Zaventem","fr":"Zaventem"}},{"arcs":[[-2879,3595,3596]],"type":"Polygon","properties":{"postcode":"1540","nl":"Pajottegem","fr":"Pajottegem"}},{"arcs":[[3597,3598,-13,3599,-1713,3600,-1943,3601]],"type":"Polygon","properties":{"postcode":"9950","nl":"Lievegem","fr":"Lievegem"}},{"arcs":[[3602,-2528]],"type":"Polygon","properties":{"postcode":"9404","nl":"Ninove","fr":"Ninove"}},{"arcs":[[3603,-9,3604,3605,-2650]],"type":"Polygon","properties":{"postcode":"9991","nl":"Maldegem","fr":"Maldegem"}},{"arcs":[[3606,-1937,3607,-971,-3099,3608]],"type":"Polygon","properties":{"postcode":"9042","nl":"Gent","fr":"Gand"}},{"arcs":[[3609,3610,-2397,3611,3612]],"type":"Polygon","properties":{"postcode":"9982","nl":"Sint-Laureins","fr":"Sint-Laureins"}},{"arcs":[[3613,3614,3615,-2651,-1625,-582]],"type":"Polygon","properties":{"postcode":"4141","nl":"Sprimont","fr":"Sprimont"}},{"arcs":[[-2901,3616,-1536,3617]],"type":"Polygon","properties":{"postcode":"4840","nl":"Welkenraedt","fr":"Welkenraedt"}},{"arcs":[[-2155,3618,3619,-3413,-3419]],"type":"Polygon","properties":{"postcode":"4632","nl":"Soumagne","fr":"Soumagne"}},{"arcs":[[[-3416,3620,3621,-2164,3622]],[[-3620,3623,-3414]]],"type":"MultiPolygon","properties":{"postcode":"4670","nl":"Blegny","fr":"Blegny"}},{"arcs":[[-3016,3624,-3302,3625,-1442,3626,-2790]],"type":"Polygon","properties":{"postcode":"4684","nl":"Oupeye","fr":"Oupeye"}},{"arcs":[[3627,-1699,-2653,-2540,3628,3629,-1543,3630,3631]],"type":"Polygon","properties":{"postcode":"4830","nl":"Limburg","fr":"Limbourg"}},{"arcs":[[-1635,3632,3633,-1058,3634]],"type":"Polygon","properties":{"postcode":"4260","nl":"Braives","fr":"Braives"}},{"arcs":[[-1631,3635]],"type":"Polygon","properties":{"postcode":"4260","nl":"Braives","fr":"Braives"}},{"arcs":[[3636,3637,-2919]],"type":"Polygon","properties":{"postcode":"7503","nl":"Doornik","fr":"Tournai"}},{"arcs":[[-3516,3638,-2824,-2436]],"type":"Polygon","properties":{"postcode":"7811","nl":"Aat","fr":"Ath"}},{"arcs":[[-3330,-3505,3639,3640,3641]],"type":"Polygon","properties":{"postcode":"7610","nl":"Rumes","fr":"Rumes"}},{"arcs":[[3642,3643,3644,-3335,3645,-708]],"type":"Polygon","properties":{"postcode":"7712","nl":"Moeskroen","fr":"Mouscron"}},{"arcs":[[-1831,3646]],"type":"Polygon","properties":{"postcode":"7100","nl":"La Louvière","fr":"La Louvière"}},{"arcs":[[-3112,3647,-104,-777,3648]],"type":"Polygon","properties":{"postcode":"7141","nl":"Morlanwelz","fr":"Morlanwelz"}},{"arcs":[[-1077,-1112,-899,-1871,-1923,2684,-2127,2685,2686,2687,2688,2689,2690,-724,-2004,-749,-2005,-1407,-1189,-2006,-745]],"type":"Polygon","properties":{"postcode":"1130","nl":"Brussel","fr":"Bruxelles"}},{"arcs":[[-2453,3649,-3128,3650,-2454]],"type":"Polygon","properties":{"postcode":"1401","nl":"Nijvel","fr":"Nivelles"}},{"arcs":[[3651,3652,-1005,3653,-2587,3654,-2585,3655,-1372,3656,-3446]],"type":"Polygon","properties":{"postcode":"2220","nl":"Heist-op-den-Berg","fr":"Heist-op-den-Berg"}},{"arcs":[[-2331,-502,-1341,-49,3657]],"type":"Polygon","properties":{"postcode":"2380","nl":"Ravels","fr":"Ravels"}},{"arcs":[[-1893,3658,-3039,3659,-1431]],"type":"Polygon","properties":{"postcode":"5644","nl":"Mettet","fr":"Mettet"}},{"arcs":[[3660]],"type":"Polygon","properties":{"postcode":"3700","nl":"Tongeren-Borgloon","fr":"Tongeren-Borgloon"}},{"arcs":[[3661,-3080,3662,-3570,-2734,3663]],"type":"Polygon","properties":{"postcode":"8958","nl":"Heuvelland","fr":"Heuvelland"}},{"arcs":[[3664,-3588,-2600]],"type":"Polygon","properties":{"postcode":"6781","nl":"Messancy","fr":"Messancy"}},{"arcs":[[3665,3666,-3594,3667,3668,-2495,3669,-3580]],"type":"Polygon","properties":{"postcode":"6983","nl":"La Roche-en-Ardenne","fr":"La Roche-en-Ardenne"}},{"arcs":[[3670,-233,3671,-3479]],"type":"Polygon","properties":{"postcode":"1702","nl":"Dilbeek","fr":"Dilbeek"}},{"arcs":[[3672,3673,3674,-3148,-2942,3675]],"type":"Polygon","properties":{"postcode":"1981","nl":"Zemst","fr":"Zemst"}},{"arcs":[[-1716,3676,-2895,3677,3678,-968]],"type":"Polygon","properties":{"postcode":"9960","nl":"Assenede","fr":"Assenede"}},{"arcs":[[3679,-2510,3680,-2511,-1851,3681,-3282]],"type":"Polygon","properties":{"postcode":"9552","nl":"Herzele","fr":"Herzele"}},{"arcs":[[-2906,3682,-741,3683]],"type":"Polygon","properties":{"postcode":"4351","nl":"Remicourt","fr":"Remicourt"}},{"arcs":[[-98,3684,3685,3686,3687,-2153,3688]],"type":"Polygon","properties":{"postcode":"4671","nl":"Blegny","fr":"Blegny"}},{"arcs":[[-1977,3689,-1975,3690,3691,3692,3693,-2665,-2443]],"type":"Polygon","properties":{"postcode":"6530","nl":"Thuin","fr":"Thuin"}},{"arcs":[[-366,-1972]],"type":"Polygon","properties":{"postcode":"6530","nl":"Thuin","fr":"Thuin"}},{"arcs":[[3694,3695,3696]],"type":"Polygon","properties":{"postcode":"7604","nl":"Péruwelz","fr":"Péruwelz"}},{"arcs":[[3697]],"type":"Polygon","properties":{"postcode":"7040","nl":"Quévy","fr":"Quévy"}},{"arcs":[[3698,-2431,-2815,-2938,-1985,-2816,3699,-650,-1783]],"type":"Polygon","properties":{"postcode":"6001","nl":"Charleroi","fr":"Charleroi"}},{"arcs":[[-3018,-848,3700]],"type":"Polygon","properties":{"postcode":"7060","nl":"Zinnik","fr":"Soignies"}},{"arcs":[[3701,-2923,3702,-3123]],"type":"Polygon","properties":{"postcode":"7521","nl":"Doornik","fr":"Tournai"}},{"arcs":[[3703,-2860,3704,-941,3705,3706]],"type":"Polygon","properties":{"postcode":"7781","nl":"Komen-Waasten","fr":"Comines-Warneton"}},{"arcs":[[-3703,-2922,3707,3708,-3124]],"type":"Polygon","properties":{"postcode":"7536","nl":"Doornik","fr":"Tournai"}},{"arcs":[[-3707,3709,-939,-954,3710]],"type":"Polygon","properties":{"postcode":"7780","nl":"Komen-Waasten","fr":"Comines-Warneton"}},{"arcs":[[3711,-2446,3712,-3429]],"type":"Polygon","properties":{"postcode":"7531","nl":"Doornik","fr":"Tournai"}},{"arcs":[[3713,3714,-1508,3715,-3545,-3547,-141,-267,3716]],"type":"Polygon","properties":{"postcode":"1340","nl":"Ottignies-Louvain-la-Neuve","fr":"Ottignies-Louvain-la-Neuve"}},{"arcs":[[-1507,-2696,-3546,-3716]],"type":"Polygon","properties":{"postcode":"1342","nl":"Ottignies-Louvain-la-Neuve","fr":"Ottignies-Louvain-la-Neuve"}},{"arcs":[[3713,3714,-1508,3715,-3545,-3547,-141,-267,3716]],"type":"Polygon","properties":{"postcode":"1348","nl":"Ottignies-Louvain-la-Neuve","fr":"Ottignies-Louvain-la-Neuve"}},{"arcs":[[-2582,-2703,-2589,-1192,3717]],"type":"Polygon","properties":{"postcode":"2600","nl":"Antwerpen","fr":"Anvers"}},{"arcs":[[-599,3136]],"type":"Polygon","properties":{"postcode":"2480","nl":"Dessel","fr":"Dessel"}},{"arcs":[[-2079,3718,-767,-817,3719]],"type":"Polygon","properties":{"postcode":"5372","nl":"Havelange","fr":"Havelange"}},{"arcs":[[3720,3721,-90,3722,-2839,3723]],"type":"Polygon","properties":{"postcode":"5021","nl":"Namen","fr":"Namur"}},{"arcs":[[3724,3725,3726,3727]],"type":"Polygon","properties":{"postcode":"3621","nl":"Lanaken","fr":"Lanaken"}},{"arcs":[[3728,3729,-575,-1709,3730,-3072]],"type":"Polygon","properties":{"postcode":"8793","nl":"Waregem","fr":"Waregem"}},{"arcs":[[3731,3732,-2863,-2123,3733,-3666,-3579,3734]],"type":"Polygon","properties":{"postcode":"6686","nl":"Bastenaken","fr":"Bastogne"}},{"arcs":[[-3370,3735,3736,3737,-2377,3738]],"type":"Polygon","properties":{"postcode":"6834","nl":"Bouillon","fr":"Bouillon"}},{"arcs":[[3739,-1421,3740,-1913,3741,-1916]],"type":"Polygon","properties":{"postcode":"6924","nl":"Wellin","fr":"Wellin"}},{"arcs":[[3742,-1821]],"type":"Polygon","properties":{"postcode":"6941","nl":"Durbuy","fr":"Durbuy"}},{"arcs":[[-2337,3743]],"type":"Polygon","properties":{"postcode":"6953","nl":"Nassogne","fr":"Nassogne"}},{"arcs":[[-2885,-3386,-2766,3744,-591,-792,3745]],"type":"Polygon","properties":{"postcode":"1652","nl":"Beersel","fr":"Beersel"}},{"arcs":[[3746,-2767,-2976,3747]],"type":"Polygon","properties":{"postcode":"3054","nl":"Oud-Heverlee","fr":"Oud-Heverlee"}},{"arcs":[[-2524,3748,-1072,3749,-3373,3750,3751]],"type":"Polygon","properties":{"postcode":"1760","nl":"Roosdaal","fr":"Roosdaal"}},{"arcs":[[-1033,-179,-2389,3752,-2391,3753]],"type":"Polygon","properties":{"postcode":"3061","nl":"Bertem","fr":"Bertem"}},{"arcs":[[3754,3755]],"type":"Polygon","properties":{"postcode":"9932","nl":"Lievegem","fr":"Lievegem"}},{"arcs":[[-1846,3756,3757,3758,-1738,3759,-1661,-980]],"type":"Polygon","properties":{"postcode":"9688","nl":"Maarkedal","fr":"Maarkedal"}},{"arcs":[[-3681,-2509,3760,-1497,3761,-2512]],"type":"Polygon","properties":{"postcode":"9521","nl":"Sint-Lievens-Houtem","fr":"Sint-Lievens-Houtem"}},{"arcs":[[3762,-2899,-761,3763,3764,-3402,3765]],"type":"Polygon","properties":{"postcode":"4850","nl":"Plombières","fr":"Plombières"}},{"arcs":[[-2530,3766,-1444,-506,-40,3767,-833,3768,-3011,-1963]],"type":"Polygon","properties":{"postcode":"4163","nl":"Anthisnes","fr":"Anthisnes"}},{"arcs":[[-3622,3769,-2165]],"type":"Polygon","properties":{"postcode":"4606","nl":"Dalhem","fr":"Dalhem"}},{"arcs":[[3770,3771,3772,3773,-3203]],"type":"Polygon","properties":{"postcode":"4254","nl":"Geer","fr":"Geer"}},{"arcs":[[-2559,3774,-2673,3775,-2926,3776,3777]],"type":"Polygon","properties":{"postcode":"7802","nl":"Aat","fr":"Ath"}},{"arcs":[[3778,-854,-2313,3779,-3035]],"type":"Polygon","properties":{"postcode":"7181","nl":"Seneffe","fr":"Seneffe"}},{"arcs":[[-2672,3780,-2288,3781,-2428]],"type":"Polygon","properties":{"postcode":"6044","nl":"Charleroi","fr":"Charleroi"}},{"arcs":[[-2289,-216,3782,3783,-1979,-3421,3784,-3023]],"type":"Polygon","properties":{"postcode":"7334","nl":"Saint-Ghislain","fr":"Saint-Ghislain"}},{"arcs":[[-2689,-3340,-372,-725,-2691,3785]],"type":"Polygon","properties":{"postcode":"1030","nl":"Schaarbeek","fr":"Schaerbeek"}},{"arcs":[[-2579,3786,3787,-730,3788,-2591]],"type":"Polygon","properties":{"postcode":"2170","nl":"Antwerpen","fr":"Anvers"}},{"arcs":[[3789,-1242,-1206,-2704,3790,-3048,-3452]],"type":"Polygon","properties":{"postcode":"5330","nl":"Assesse","fr":"Assesse"}},{"arcs":[[-1589,-1246,3791,-3453,-3052,-3549,3792,-1027,3793,3794,-2065]],"type":"Polygon","properties":{"postcode":"5330","nl":"Assesse","fr":"Assesse"}},{"arcs":[[-2464,3795,-1911,-2083,-2955,-2231,-3456]],"type":"Polygon","properties":{"postcode":"5572","nl":"Beauraing","fr":"Beauraing"}},{"arcs":[[-1584,-3725,3796]],"type":"Polygon","properties":{"postcode":"3620","nl":"Lanaken","fr":"Lanaken"}},{"arcs":[[-3177,-2460,-906,3797,3798]],"type":"Polygon","properties":{"postcode":"3945","nl":"Tessenderlo-Ham","fr":"Tessenderlo-Ham"}},{"arcs":[[-1860,3799,-3464,3800,3801,3802,3803,-617,3804]],"type":"Polygon","properties":{"postcode":"8433","nl":"Middelkerke","fr":"Middelkerke"}},{"arcs":[[-3064,-1826,3805,-1473,-314,-3360,3806]],"type":"Polygon","properties":{"postcode":"8750","nl":"Wingene","fr":"Wingene"}},{"arcs":[[3807,-825,3808,3809,-3220,-3586]],"type":"Polygon","properties":{"postcode":"6698","nl":"Vielsalm","fr":"Vielsalm"}},{"arcs":[[-3738,3810,-2967,3811,-2963,-2378]],"type":"Polygon","properties":{"postcode":"6851","nl":"Paliseul","fr":"Paliseul"}},{"arcs":[[3812,3813,3814,3815,-2755,3816]],"type":"Polygon","properties":{"postcode":"3221","nl":"Holsbeek","fr":"Holsbeek"}},{"arcs":[[3817,-1925,3818,-3274,3819,-2971]],"type":"Polygon","properties":{"postcode":"3380","nl":"Glabbeek","fr":"Glabbeek"}},{"arcs":[[-1797,-693,3820,-2255,3821,-1227]],"type":"Polygon","properties":{"postcode":"3321","nl":"Hoegaarden","fr":"Hoegaarden"}},{"arcs":[[-2764,-3387,-2761,-509]],"type":"Polygon","properties":{"postcode":"1601","nl":"Sint-Pieters-Leeuw","fr":"Sint-Pieters-Leeuw"}},{"arcs":[[-1704,3822]],"type":"Polygon","properties":{"postcode":"9800","nl":"Deinze","fr":"Deinze"}},{"arcs":[[3823,3824,-1334,3825,-2139,3826]],"type":"Polygon","properties":{"postcode":"9320","nl":"Aalst","fr":"Alost"}},{"arcs":[[-2887,3827,-3281,3828,-2137,3829,-2521]],"type":"Polygon","properties":{"postcode":"9450","nl":"Haaltert","fr":"Haaltert"}},{"arcs":[[3830,3831,3832,-2784]],"type":"Polygon","properties":{"postcode":"4450","nl":"Juprelle","fr":"Juprelle"}},{"arcs":[[3830,3831,3832,-2784]],"type":"Polygon","properties":{"postcode":"4453","nl":"Juprelle","fr":"Juprelle"}},{"arcs":[[3833,-3107,3834,-499,-155,3835]],"type":"Polygon","properties":{"postcode":"4340","nl":"Awans","fr":"Awans"}},{"arcs":[[3836,-1185,-3221,-3810]],"type":"Polygon","properties":{"postcode":"4980","nl":"Trois-Ponts","fr":"Trois-Ponts"}},{"arcs":[[-2782,-93,-1959,-3306,3837]],"type":"Polygon","properties":{"postcode":"4051","nl":"Chaudfontaine","fr":"Chaudfontaine"}},{"arcs":[[3838,-759,3839,3840,-3403,-3765]],"type":"Polygon","properties":{"postcode":"4852","nl":"Plombières","fr":"Plombières"}},{"arcs":[[3841,-779,3842,-2664,3843,-2422,3844,3845]],"type":"Polygon","properties":{"postcode":"6140","nl":"Fontaine-l'Évêque","fr":"Fontaine-l'Évêque"}},{"arcs":[[3846,3847,-3708,-2921,-2447,-3712,-3428,-2911,3848,3849]],"type":"Polygon","properties":{"postcode":"7530","nl":"Doornik","fr":"Tournai"}},{"arcs":[[-2798,3850]],"type":"Polygon","properties":{"postcode":"7830","nl":"Opzullik","fr":"Silly"}},{"arcs":[[-3443,3851,-305,-1452,-3141]],"type":"Polygon","properties":{"postcode":"2242","nl":"Zandhoven","fr":"Zandhoven"}},{"arcs":[[3852,-3798,-905,3853]],"type":"Polygon","properties":{"postcode":"2491","nl":"Balen","fr":"Balen"}},{"arcs":[[-3343,3854,-1323,3855,-3041,3856]],"type":"Polygon","properties":{"postcode":"5640","nl":"Mettet","fr":"Mettet"}},{"arcs":[[3857,-2472,-2091,3858]],"type":"Polygon","properties":{"postcode":"3723","nl":"Hasselt","fr":"Hasselt"}},{"arcs":[[3859,-59,3860,-3161,-2355,3861,3862]],"type":"Polygon","properties":{"postcode":"3740","nl":"Bilzen-Hoeselt","fr":"Bilzen-Hoeselt"}},{"arcs":[[3863,-2497,3864,3865]],"type":"Polygon","properties":{"postcode":"6666","nl":"Houffalize","fr":"Houffalize"}},{"arcs":[[-2371,-1750,-1046,3866,3867,3868]],"type":"Polygon","properties":{"postcode":"6830","nl":"Bouillon","fr":"Bouillon"}},{"arcs":[[-2375,3869,-3368,-3591,3870,-1667,3871,3872]],"type":"Polygon","properties":{"postcode":"6830","nl":"Bouillon","fr":"Bouillon"}},{"arcs":[[3873,3874,-1157,3875,-3149,-3675,3876,3877]],"type":"Polygon","properties":{"postcode":"1980","nl":"Zemst","fr":"Zemst"}},{"arcs":[[3878,3879,-2874,3880,-3878]],"type":"Polygon","properties":{"postcode":"1980","nl":"Zemst","fr":"Zemst"}},{"arcs":[[3881,3882,3883,-3175,3884,-3383,3885]],"type":"Polygon","properties":{"postcode":"3271","nl":"Scherpenheuvel-Zichem","fr":"Montaigu-Zichem"}},{"arcs":[[-133,3886,-3193,-1152,3887,-3376,3888,-3190,3889,-3272]],"type":"Polygon","properties":{"postcode":"1670","nl":"Pepingen","fr":"Pepingen"}},{"arcs":[[3890,3891,-2132,-2972,-3820,-3273,-1930]],"type":"Polygon","properties":{"postcode":"3391","nl":"Tielt-Winge","fr":"Tielt-Winge"}},{"arcs":[[-1622,3892,3893,3894,-3772,3895]],"type":"Polygon","properties":{"postcode":"4263","nl":"Braives","fr":"Braives"}},{"arcs":[[-3287,3896,3897,3898]],"type":"Polygon","properties":{"postcode":"4730","nl":"Raeren","fr":"Raeren"}},{"arcs":[[-2411,3899,3900,-2272,3901,-2270],[3902]],"type":"Polygon","properties":{"postcode":"4730","nl":"Raeren","fr":"Raeren"}},{"arcs":[[3903,-1813,3904,-1448,3905,-1817,3906,3907]],"type":"Polygon","properties":{"postcode":"4180","nl":"Hamoir","fr":"Hamoir"}},{"arcs":[[-3833,3908,-1439,3909,-3300,3910,3911,-2785]],"type":"Polygon","properties":{"postcode":"4458","nl":"Juprelle","fr":"Juprelle"}},{"arcs":[[3912,3913,-2179,3914,3915,-3687]],"type":"Polygon","properties":{"postcode":"4602","nl":"Wezet","fr":"Visé"}},{"arcs":[[-3896,-3771,-3202,3916,-1623]],"type":"Polygon","properties":{"postcode":"4252","nl":"Geer","fr":"Geer"}},{"arcs":[[-214,3917,3918,3919,3920]],"type":"Polygon","properties":{"postcode":"7320","nl":"Bernissart","fr":"Bernissart"}},{"arcs":[[3921,3922,3923,-487,3924,-3512,-2568,3925,-1527,3926,-3117]],"type":"Polygon","properties":{"postcode":"6221","nl":"Fleurus","fr":"Fleurus"}},{"arcs":[[2416,2417,2418,-2217]],"type":"Polygon","properties":{"postcode":"7900","nl":"Leuze-en-Hainaut","fr":"Leuze-en-Hainaut"}},{"arcs":[[3927,3928,3929,-3847]],"type":"Polygon","properties":{"postcode":"7643","nl":"Antoing","fr":"Antoing"}},{"arcs":[[3930,-1980,-3784]],"type":"Polygon","properties":{"postcode":"7322","nl":"Bernissart","fr":"Bernissart"}},{"arcs":[[-1974,-2822,3931,-3691]],"type":"Polygon","properties":{"postcode":"6540","nl":"Lobbes","fr":"Lobbes"}},{"arcs":[[-423,3932]],"type":"Polygon","properties":{"postcode":"7910","nl":"Frasnes-lez-Anvaing","fr":"Frasnes-lez-Anvaing"}},{"arcs":[[-1365,-391,3933]],"type":"Polygon","properties":{"postcode":"7063","nl":"Zinnik","fr":"Soignies"}},{"arcs":[[3934,-2302,3935,-3923,3936,-2281,-2285]],"type":"Polygon","properties":{"postcode":"6211","nl":"Les Bons Villers","fr":"Les Bons Villers"}},{"arcs":[[-2801,-3115,3937,3938]],"type":"Polygon","properties":{"postcode":"6461","nl":"Chimay","fr":"Chimay"}},{"arcs":[[-3319,3939]],"type":"Polygon","properties":{"postcode":"7608","nl":"Péruwelz","fr":"Péruwelz"}},{"arcs":[[-2690,-3786]],"type":"Polygon","properties":{"postcode":"1210","nl":"Sint-Joost-ten-Node","fr":"Saint-Josse-ten-Noode"}},{"arcs":[[3940,-1344,-1430,-1575,3941,-2462,-467,-3146]],"type":"Polygon","properties":{"postcode":"2860","nl":"Sint-Katelijne-Waver","fr":"Sint-Katelijne-Waver"}},{"arcs":[[-904,3942,-1325,-3351,3943,-3172,3944,-3854]],"type":"Polygon","properties":{"postcode":"2490","nl":"Balen","fr":"Balen"}},{"arcs":[[3945,3946,3947,-1685,-53,-349,-2476,-3462,3948]],"type":"Polygon","properties":{"postcode":"3500","nl":"Hasselt","fr":"Hasselt"}},{"arcs":[[3949,-886,3950,-884,-1211,-2469]],"type":"Polygon","properties":{"postcode":"3670","nl":"Oudsbergen","fr":"Oudsbergen"}},{"arcs":[[-2357,-1381,-1300,-3059,3951]],"type":"Polygon","properties":{"postcode":"8200","nl":"Brugge","fr":"Bruges"}},{"arcs":[[-1301,3952,3953]],"type":"Polygon","properties":{"postcode":"8301","nl":"Knokke-Heist","fr":"Knokke-Heist"}},{"arcs":[[-3061,3954,-1306,-317,3955]],"type":"Polygon","properties":{"postcode":"8310","nl":"Brugge","fr":"Bruges"}},{"arcs":[[-2733,3956,-418,3957,-2482,-2725]],"type":"Polygon","properties":{"postcode":"8582","nl":"Avelgem","fr":"Avelgem"}},{"arcs":[[-454,3958,-3735,-3578,3959]],"type":"Polygon","properties":{"postcode":"6688","nl":"Bastenaken","fr":"Bastogne"}},{"arcs":[[3960,-561,-2866,-3259,3961,-3182,3962,-2741,3963]],"type":"Polygon","properties":{"postcode":"6740","nl":"Étalle","fr":"Étalle"}},{"arcs":[[3964,-3361,-3086,3965,-2746,-3366]],"type":"Polygon","properties":{"postcode":"6820","nl":"Florenville","fr":"Florenville"}},{"arcs":[[-3872,3966]],"type":"Polygon","properties":{"postcode":"6820","nl":"Florenville","fr":"Florenville"}},{"arcs":[[-3870,-2374,3967,3968,-3736,-3369]],"type":"Polygon","properties":{"postcode":"6832","nl":"Bouillon","fr":"Bouillon"}},{"arcs":[[-819,3969,-1841,-117]],"type":"Polygon","properties":{"postcode":"6940","nl":"Durbuy","fr":"Durbuy"}},{"arcs":[[-2133,-3892,3970,3971,3972]],"type":"Polygon","properties":{"postcode":"3390","nl":"Tielt-Winge","fr":"Tielt-Winge"}},{"arcs":[[-1605,-1486,-1161,3973,3974]],"type":"Polygon","properties":{"postcode":"1861","nl":"Meise","fr":"Meise"}},{"arcs":[[-1608,-1873,3975]],"type":"Polygon","properties":{"postcode":"1731","nl":"Asse","fr":"Asse"}},{"arcs":[[3976,-3401,-240,-1676,-1494,3977]],"type":"Polygon","properties":{"postcode":"9090","nl":"Merelbeke-Melle","fr":"Merelbeke-Melle"}},{"arcs":[[3978]],"type":"Polygon","properties":{"postcode":"9506","nl":"Geraardsbergen","fr":"Grammont"}},{"arcs":[[3979,3980,3981,3982,-2644,-3606,3983]],"type":"Polygon","properties":{"postcode":"9910","nl":"Aalter","fr":"Aalter"}},{"arcs":[[3984,3985,3986,3987,-3014,-3914]],"type":"Polygon","properties":{"postcode":"4683","nl":"Oupeye","fr":"Oupeye"}},{"arcs":[[3288,3289,-2148,3290,3291,3292]],"type":"Polygon","properties":{"postcode":"4877","nl":"Olne","fr":"Olne"}},{"arcs":[[3988,-3908,3989,-1815]],"type":"Polygon","properties":{"postcode":"4181","nl":"Hamoir","fr":"Hamoir"}},{"arcs":[[3990,3991,-3911,-3299,3992,-3987]],"type":"Polygon","properties":{"postcode":"4680","nl":"Oupeye","fr":"Oupeye"}},{"arcs":[[-2400,3993,-99,-3689,-2152,3994]],"type":"Polygon","properties":{"postcode":"4621","nl":"Fléron","fr":"Fléron"}},{"arcs":[[-2424,3995,-2212,-3229,3996,-2283,-3781,-2671]],"type":"Polygon","properties":{"postcode":"6180","nl":"Courcelles","fr":"Courcelles"}},{"arcs":[[3997,3998,-2820]],"type":"Polygon","properties":{"postcode":"6543","nl":"Lobbes","fr":"Lobbes"}},{"arcs":[[-1351,-2104,3999,-3644,4000]],"type":"Polygon","properties":{"postcode":"7700","nl":"Moeskroen","fr":"Mouscron"}},{"arcs":[[-3331,-3642,4001,4002,4003,-2917,4004]],"type":"Polygon","properties":{"postcode":"7504","nl":"Doornik","fr":"Tournai"}},{"arcs":[[-2915,4005,4006]],"type":"Polygon","properties":{"postcode":"7906","nl":"Leuze-en-Hainaut","fr":"Leuze-en-Hainaut"}},{"arcs":[[-714,4007]],"type":"Polygon","properties":{"postcode":"7520","nl":"Doornik","fr":"Tournai"}},{"arcs":[[4008,-1461,4009,4010]],"type":"Polygon","properties":{"postcode":"2890","nl":"Puurs-Sint-Amands","fr":"Puurs-Sint-Amands"}},{"arcs":[[-1875,4011,-211,4012,-2339]],"type":"Polygon","properties":{"postcode":"5350","nl":"Ohey","fr":"Ohey"}},{"arcs":[[4013,-1551,4014,4015,4016,-577,4017,-3729,-3071]],"type":"Polygon","properties":{"postcode":"8792","nl":"Waregem","fr":"Waregem"}},{"arcs":[[4018,-3576,-3256,4019,4020]],"type":"Polygon","properties":{"postcode":"6670","nl":"Gouvy","fr":"Gouvy"}},{"arcs":[[-2750,-3271,-3890,-3189]],"type":"Polygon","properties":{"postcode":"1673","nl":"Pepingen","fr":"Pepingen"}},{"arcs":[[-3883,4021,-3474,-866,4022]],"type":"Polygon","properties":{"postcode":"3272","nl":"Scherpenheuvel-Zichem","fr":"Montaigu-Zichem"}},{"arcs":[[-788,4023,-2987,4024,-269,4025,4026,4027,-2381]],"type":"Polygon","properties":{"postcode":"3110","nl":"Rotselaar","fr":"Rotselaar"}},{"arcs":[[-2875,-3880,4028,-3673,4029,-280,-1766]],"type":"Polygon","properties":{"postcode":"1982","nl":"Zemst","fr":"Zemst"}},{"arcs":[[4030,4031,-1645,4032,4033,-1772,4034]],"type":"Polygon","properties":{"postcode":"9111","nl":"Sint-Niklaas","fr":"Saint-Nicolas"}},{"arcs":[[-2522,-3830,-2136,4035,4036]],"type":"Polygon","properties":{"postcode":"9472","nl":"Denderleeuw","fr":"Denderleeuw"}},{"arcs":[[-12,4037,-2891,4038,-1714,-3600]],"type":"Polygon","properties":{"postcode":"9971","nl":"Kaprijke","fr":"Kaprijke"}},{"arcs":[[-2999,4039,-923,4040,-3758,4041,-1844]],"type":"Polygon","properties":{"postcode":"9680","nl":"Maarkedal","fr":"Maarkedal"}},{"arcs":[[-3390,4042,-2637,-235,-3400]],"type":"Polygon","properties":{"postcode":"9040","nl":"Gent","fr":"Gand"}},{"arcs":[[4043,4044,-96,4045,-2780,-3206,-3216]],"type":"Polygon","properties":{"postcode":"4030","nl":"Luik","fr":"Liège"}},{"arcs":[[4046,-1633,4047,-3894,4048,-1620,-1060,4049,-3633]],"type":"Polygon","properties":{"postcode":"4261","nl":"Braives","fr":"Braives"}},{"arcs":[[-2666,-3694,4050,4051,4052,-1780,4053]],"type":"Polygon","properties":{"postcode":"6534","nl":"Thuin","fr":"Thuin"}},{"arcs":[[-4004,4054,-3637,-2918]],"type":"Polygon","properties":{"postcode":"7501","nl":"Doornik","fr":"Tournai"}},{"arcs":[[-463,-3232,-856,4055]],"type":"Polygon","properties":{"postcode":"7191","nl":"Écaussinnes","fr":"Écaussinnes"}},{"arcs":[[-2205,-3318,4056,-2643,4057,-394,4058]],"type":"Polygon","properties":{"postcode":"7864","nl":"Lessen","fr":"Lessines"}},{"arcs":[[2924,2925,2926,-2675,2927,2928,2929,-2826,2930,2931]],"type":"Polygon","properties":{"postcode":"7800","nl":"Aat","fr":"Ath"}},{"arcs":[[-1982,4059,-2561,4060,-3422]],"type":"Polygon","properties":{"postcode":"7970","nl":"Beloeil","fr":"Beloeil"}},{"arcs":[[4061,-3845,-2421,-2670,4062,-4052]],"type":"Polygon","properties":{"postcode":"6111","nl":"Montigny-le-Tilleul","fr":"Montigny-le-Tilleul"}},{"arcs":[[-2423,-3844,-2663,-113,4063,-2208,-3996]],"type":"Polygon","properties":{"postcode":"6182","nl":"Courcelles","fr":"Courcelles"}},{"arcs":[[4064,4065,-1369,4066,-3026]],"type":"Polygon","properties":{"postcode":"7011","nl":"Bergen","fr":"Mons"}},{"arcs":[[4067,-1992,-2810,4068,4069]],"type":"Polygon","properties":{"postcode":"7621","nl":"Brunehaut","fr":"Brunehaut"}},{"arcs":[[4070,-1504,-533,-1406,4071,-2698,-2693]],"type":"Polygon","properties":{"postcode":"1332","nl":"Rixensart","fr":"Rixensart"}},{"arcs":[[2571,2572,2573,2574,2575,2576,-643,2577,2578,2579,2580,2581,2582]],"type":"Polygon","properties":{"postcode":"2018","nl":"Antwerpen","fr":"Anvers"}},{"arcs":[[4072,-1651,4073,-2572,4074]],"type":"Polygon","properties":{"postcode":"2660","nl":"Antwerpen","fr":"Anvers"}},{"arcs":[[-1331,-1007,4075,-3652,-3445,-3265,4076]],"type":"Polygon","properties":{"postcode":"2223","nl":"Heist-op-den-Berg","fr":"Heist-op-den-Berg"}},{"arcs":[[-2347,2466]],"type":"Polygon","properties":{"postcode":"5541","nl":"Hastière","fr":"Hastière"}},{"arcs":[[-3240,4077]],"type":"Polygon","properties":{"postcode":"5032","nl":"Gembloux","fr":"Gembloux"}},{"arcs":[[-3727,4078]],"type":"Polygon","properties":{"postcode":"3631","nl":"Maasmechelen","fr":"Maasmechelen"}},{"arcs":[[-3173,-3944,-3350,4079,-2852]],"type":"Polygon","properties":{"postcode":"3970","nl":"Leopoldsburg","fr":"Bourg-Léopold"}},{"arcs":[[4080,4081,-3802]],"type":"Polygon","properties":{"postcode":"8430","nl":"Middelkerke","fr":"Middelkerke"}},{"arcs":[[-4019,4082,-2490,4083,-3573]],"type":"Polygon","properties":{"postcode":"6662","nl":"Houffalize","fr":"Houffalize"}},{"arcs":[[-3581,-3670,-2494,-3864,4084,-2492,4085]],"type":"Polygon","properties":{"postcode":"6663","nl":"Houffalize","fr":"Houffalize"}},{"arcs":[[4086,-3184]],"type":"Polygon","properties":{"postcode":"6724","nl":"Habay","fr":"Habay"}},{"arcs":[[4087,-3972,4088,-3817,-2754,-3476,4089]],"type":"Polygon","properties":{"postcode":"3202","nl":"Aarschot","fr":"Aarschot"}},{"arcs":[[-2984,-2383,4090,-3277,-993,4091,-2980]],"type":"Polygon","properties":{"postcode":"3010","nl":"Leuven","fr":"Louvain"}},{"arcs":[[-3748,-2975,4092]],"type":"Polygon","properties":{"postcode":"3052","nl":"Oud-Heverlee","fr":"Oud-Heverlee"}},{"arcs":[[-3357,-321,4093,-3982,4094,4095]],"type":"Polygon","properties":{"postcode":"9880","nl":"Aalter","fr":"Aalter"}},{"arcs":[[-2632,-3491,-2995,4096,-1619,-2630,-3496]],"type":"Polygon","properties":{"postcode":"9572","nl":"Lierde","fr":"Lierde"}},{"arcs":[[-3617,-2900,-3763,4097,-3285,4098,-2408]],"type":"Polygon","properties":{"postcode":"4710","nl":"Lontzen","fr":"Lontzen"}},{"arcs":[[4099,-3425,4100,-1360,-4066,4101,-431,4102,4103,-3021]],"type":"Polygon","properties":{"postcode":"7331","nl":"Saint-Ghislain","fr":"Saint-Ghislain"}},{"arcs":[[4104,4105,-2195,4106,-195,-416]],"type":"Polygon","properties":{"postcode":"7742","nl":"Pecq","fr":"Pecq"}},{"arcs":[[-4105,-415,4107,4108]],"type":"Polygon","properties":{"postcode":"7743","nl":"Pecq","fr":"Pecq"}},{"arcs":[[-2413,-3033,4109,4110,4111]],"type":"Polygon","properties":{"postcode":"6590","nl":"Momignies","fr":"Momignies"}},{"arcs":[[-3998,-2819,-363,-706,4112,-3226,-2550,4113,-775,4114]],"type":"Polygon","properties":{"postcode":"7133","nl":"Binche","fr":"Binche"}},{"arcs":[[4115,-1510,4116,-3714,4117,-265,-634]],"type":"Polygon","properties":{"postcode":"1341","nl":"Ottignies-Louvain-la-Neuve","fr":"Ottignies-Louvain-la-Neuve"}},{"arcs":[[-1572,4118,-2947,4119,-1463,-734]],"type":"Polygon","properties":{"postcode":"2531","nl":"Boechout","fr":"Boechout"}},{"arcs":[[4120]],"type":"Polygon","properties":{"postcode":"5500","nl":"Dinant","fr":"Dinant"}},{"arcs":[[4121,-1891,4122,-2951,-3245]],"type":"Polygon","properties":{"postcode":"5521","nl":"Onhaye","fr":"Onhaye"}},{"arcs":[[-2095,4123,-344,4124,-3863,4125,4126]],"type":"Polygon","properties":{"postcode":"3730","nl":"Bilzen-Hoeselt","fr":"Bilzen-Hoeselt"}},{"arcs":[[-3840,-758,4127,-2706,4128,4129]],"type":"Polygon","properties":{"postcode":"3791","nl":"Voeren","fr":"Fourons"}},{"arcs":[[4130]],"type":"Polygon","properties":{"postcode":"3800","nl":"Sint-Truiden","fr":"Saint-Trond"}},{"arcs":[[-1329,4131,4132,-1264,-3352]],"type":"Polygon","properties":{"postcode":"3900","nl":"Pelt","fr":"Pelt"}},{"arcs":[[4080,4081,-3802]],"type":"Polygon","properties":{"postcode":"8431","nl":"Middelkerke","fr":"Middelkerke"}},{"arcs":[[-3803,-4082,4133,-1865,-619,4134]],"type":"Polygon","properties":{"postcode":"8432","nl":"Middelkerke","fr":"Middelkerke"}},{"arcs":[[-1724,4135,-1722,-1016,-1290,4136]],"type":"Polygon","properties":{"postcode":"8690","nl":"Alveringem","fr":"Alveringem"}},{"arcs":[[4137,4138,-579,4139,-4016,4140,-1549]],"type":"Polygon","properties":{"postcode":"8791","nl":"Waregem","fr":"Waregem"}},{"arcs":[[4141,-3664,-2738,-2362,-2239]],"type":"Polygon","properties":{"postcode":"8951","nl":"Heuvelland","fr":"Heuvelland"}},{"arcs":[[-3866,4142,4143,4144,-3574,-4084,-2493,-4085]],"type":"Polygon","properties":{"postcode":"6661","nl":"Houffalize","fr":"Houffalize"}},{"arcs":[[-4020,-3255,-3587,-2655,-2777,4145]],"type":"Polygon","properties":{"postcode":"6672","nl":"Gouvy","fr":"Gouvy"}},{"arcs":[[-2744,4146,-1259,4147]],"type":"Polygon","properties":{"postcode":"6700","nl":"Aarlen","fr":"Arlon"}},{"arcs":[[-1425,4148,-1919,-3091,4149,-1085]],"type":"Polygon","properties":{"postcode":"6922","nl":"Wellin","fr":"Wellin"}},{"arcs":[[4150,-605,-914,4151,-4143,-3865,-2496,-3669]],"type":"Polygon","properties":{"postcode":"6982","nl":"La Roche-en-Ardenne","fr":"La Roche-en-Ardenne"}},{"arcs":[[-338,4152,-1312,4153,-2625,4154,-1602]],"type":"Polygon","properties":{"postcode":"3454","nl":"Geetbets","fr":"Geetbets"}},{"arcs":[[-1606,-3975,4155,-1159,4156,-2616,4157,-1920,-1869]],"type":"Polygon","properties":{"postcode":"1860","nl":"Meise","fr":"Meise"}},{"arcs":[[4158,-1767,-286,-718,4159,-2387,4160]],"type":"Polygon","properties":{"postcode":"3071","nl":"Kortenberg","fr":"Kortenberg"}},{"arcs":[[4161,-4036,-2140,-3826,-1333,-1065]],"type":"Polygon","properties":{"postcode":"9470","nl":"Denderleeuw","fr":"Denderleeuw"}},{"arcs":[[-2263,4162,-1760,-3075,4163]],"type":"Polygon","properties":{"postcode":"9771","nl":"Kruisem","fr":"Kruisem"}},{"arcs":[[4164,-1303,4165,-2647]],"type":"Polygon","properties":{"postcode":"9992","nl":"Maldegem","fr":"Maldegem"}},{"arcs":[[4166,4167,4168,4169]],"type":"Polygon","properties":{"postcode":"9831","nl":"Sint-Martens-Latem","fr":"Sint-Martens-Latem"}},{"arcs":[[-2534,4170,4171,4172,-580,-1819,4173]],"type":"Polygon","properties":{"postcode":"4170","nl":"Comblain-au-Pont","fr":"Comblain-au-Pont"}},{"arcs":[[4174,-3214,4175,-3685,-97,-4045]],"type":"Polygon","properties":{"postcode":"4020","nl":"Luik","fr":"Liège"}},{"arcs":[[-2539,-2903,-1545,4176,-3629]],"type":"Polygon","properties":{"postcode":"4831","nl":"Limburg","fr":"Limbourg"}},{"arcs":[[4177,-2160,-1270,4178,-2536,-2404]],"type":"Polygon","properties":{"postcode":"4820","nl":"Dison","fr":"Dison"}},{"arcs":[[-2182,-3222,-323,-258,-961,4179,-3314,4180]],"type":"Polygon","properties":{"postcode":"4770","nl":"Amel","fr":"Amblève"}},{"arcs":[[-701,4181,-2683,-2223,-2294,-2554]],"type":"Polygon","properties":{"postcode":"7031","nl":"Bergen","fr":"Mons"}},{"arcs":[[4182,-2934,4183,-985,4184]],"type":"Polygon","properties":{"postcode":"7804","nl":"Aat","fr":"Ath"}},{"arcs":[[-4051,-3693,4185,-781,4186,-3846,-4062]],"type":"Polygon","properties":{"postcode":"6142","nl":"Fontaine-l'Évêque","fr":"Fontaine-l'Évêque"}},{"arcs":[[4187,4188,-987,4189]],"type":"Polygon","properties":{"postcode":"7911","nl":"Frasnes-lez-Anvaing","fr":"Frasnes-lez-Anvaing"}},{"arcs":[[-2432,-3699,-1782,4190]],"type":"Polygon","properties":{"postcode":"6032","nl":"Charleroi","fr":"Charleroi"}},{"arcs":[[-1077,-1112,-899,-1871,-1923,2684,-2127,2685,2686,2687,2688,2689,2690,-724,-2004,-749,-2005,-1407,-1189,-2006,-745]],"type":"Polygon","properties":{"postcode":"1120","nl":"Brussel","fr":"Bruxelles"}},{"arcs":[[-2311,-3434,-2830,-3129,-3650,-2452,-2570,4191]],"type":"Polygon","properties":{"postcode":"1400","nl":"Nijvel","fr":"Nivelles"}},{"arcs":[[-2571,-2450,-2457,-2326,-2010,-2322]],"type":"Polygon","properties":{"postcode":"1471","nl":"Genepiën","fr":"Genappe"}},{"arcs":[[2571,2572,2573,2574,2575,2576,-643,2577,2578,2579,2580,2581,2582]],"type":"Polygon","properties":{"postcode":"2020","nl":"Antwerpen","fr":"Anvers"}},{"arcs":[[-1653,4192,-4075,-2583,-3718,-1191,-1113,-874]],"type":"Polygon","properties":{"postcode":"2610","nl":"Antwerpen","fr":"Anvers"}},{"arcs":[[4193,-3243,4194,-1889,4195,-1436]],"type":"Polygon","properties":{"postcode":"5523","nl":"Onhaye","fr":"Onhaye"}},{"arcs":[[-3237,4196,-2843,4197]],"type":"Polygon","properties":{"postcode":"5080","nl":"La Bruyère","fr":"La Bruyère"}},{"arcs":[[-1250,4198,-3151,-2232,4199]],"type":"Polygon","properties":{"postcode":"5501","nl":"Dinant","fr":"Dinant"}},{"arcs":[[4200,-2716,4201,-2710]],"type":"Polygon","properties":{"postcode":"3798","nl":"Voeren","fr":"Fourons"}},{"arcs":[[4202,-1415,4203,4204]],"type":"Polygon","properties":{"postcode":"6721","nl":"Habay","fr":"Habay"}},{"arcs":[[-2870,-2251,4205,-1095,4206]],"type":"Polygon","properties":{"postcode":"6952","nl":"Nassogne","fr":"Nassogne"}},{"arcs":[[-3093,-2608,-3592,-3667,-3734,-2122]],"type":"Polygon","properties":{"postcode":"6972","nl":"Tenneville","fr":"Tenneville"}},{"arcs":[[4207,-1073,-2506,4208,4209,-3477]],"type":"Polygon","properties":{"postcode":"1701","nl":"Dilbeek","fr":"Dilbeek"}},{"arcs":[[3476,3477,3478,3479,-231,-1110,-1075,3480]],"type":"Polygon","properties":{"postcode":"1701","nl":"Dilbeek","fr":"Dilbeek"}},{"arcs":[[-785,-1332,-4077,-3264,4210,-272,-2985]],"type":"Polygon","properties":{"postcode":"3120","nl":"Tremelo","fr":"Tremelo"}},{"arcs":[[-3818,-2974,4211,4212,-2258,4213,-1926]],"type":"Polygon","properties":{"postcode":"3472","nl":"Kortenaken","fr":"Kortenaken"}},{"arcs":[[4214,-3613,4215,4216,-2893]],"type":"Polygon","properties":{"postcode":"9988","nl":"Sint-Laureins","fr":"Sint-Laureins"}},{"arcs":[[4217]],"type":"Polygon","properties":{"postcode":"9850","nl":"Deinze","fr":"Deinze"}},{"arcs":[[4218,-3755,4219,-3984,-3605,-15,4220,-3598]],"type":"Polygon","properties":{"postcode":"9931","nl":"Lievegem","fr":"Lievegem"}},{"arcs":[[4221,4222,-3991,-3986,4223,-3212]],"type":"Polygon","properties":{"postcode":"4040","nl":"Herstal","fr":"Herstal"}},{"arcs":[[-3289,4224,-1962,-2402,4225]],"type":"Polygon","properties":{"postcode":"4623","nl":"Fléron","fr":"Fléron"}},{"arcs":[[-3003,4226,-3831,-2788,4227]],"type":"Polygon","properties":{"postcode":"4451","nl":"Juprelle","fr":"Juprelle"}},{"arcs":[[-3776,-2676,-2927]],"type":"Polygon","properties":{"postcode":"7801","nl":"Aat","fr":"Ath"}},{"arcs":[[-3029,4228,4229,-2296]],"type":"Polygon","properties":{"postcode":"7034","nl":"Bergen","fr":"Mons"}},{"arcs":[[-3919,4230,-3323,4231]],"type":"Polygon","properties":{"postcode":"7603","nl":"Péruwelz","fr":"Péruwelz"}},{"arcs":[[-2291,-3022,-4104,4232,-429,4233]],"type":"Polygon","properties":{"postcode":"7330","nl":"Saint-Ghislain","fr":"Saint-Ghislain"}},{"arcs":[[-73,4234,-2292,-4234,-428,-1702]],"type":"Polygon","properties":{"postcode":"7301","nl":"Boussu","fr":"Boussu"}},{"arcs":[[-3920,-4232,-3322,4235]],"type":"Polygon","properties":{"postcode":"7321","nl":"Bernissart","fr":"Bernissart"}},{"arcs":[[-2429,-3782,-2287,-2216,-2197,-1998]],"type":"Polygon","properties":{"postcode":"6040","nl":"Charleroi","fr":"Charleroi"}},{"arcs":[[-2319,4236,-1501,-2455,-3651,-3127]],"type":"Polygon","properties":{"postcode":"1428","nl":"Eigenbrakel","fr":"Braine-l'Alleud"}},{"arcs":[[-3342,-1805,4237,-3144]],"type":"Polygon","properties":{"postcode":"2801","nl":"Mechelen","fr":"Malines"}},{"arcs":[[4238,-2848,4239,-1687,4240,-3947]],"type":"Polygon","properties":{"postcode":"3511","nl":"Hasselt","fr":"Hasselt"}},{"arcs":[[-2723,4241,-1658,4242,-2958,-1898,4243]],"type":"Polygon","properties":{"postcode":"8500","nl":"Kortrijk","fr":"Courtrai"}},{"arcs":[[-1673,4244,-2965,-2120,4245,-1082]],"type":"Polygon","properties":{"postcode":"6853","nl":"Paliseul","fr":"Paliseul"}},{"arcs":[[2974,2975,-2772,2976,-2393,-723,2977,2978,2979,2980,-991,2981]],"type":"Polygon","properties":{"postcode":"3001","nl":"Leuven","fr":"Louvain"}},{"arcs":[[-4212,-2973,-2134,-3973,4246,4247,4248]],"type":"Polygon","properties":{"postcode":"3460","nl":"Bekkevoort","fr":"Bekkevoort"}},{"arcs":[[-2878,4249,-396,4250,-3596]],"type":"Polygon","properties":{"postcode":"1570","nl":"Pajottegem","fr":"Pajottegem"}},{"arcs":[[-3384,-3885,-3174,-2993,4251]],"type":"Polygon","properties":{"postcode":"3294","nl":"Diest","fr":"Diest"}},{"arcs":[[4252,4253,-1954,-3388,-3493,4254]],"type":"Polygon","properties":{"postcode":"9051","nl":"Gent","fr":"Gand"}},{"arcs":[[-11,4255,-3610,-4215,-2892,-4038]],"type":"Polygon","properties":{"postcode":"9970","nl":"Kaprijke","fr":"Kaprijke"}},{"arcs":[[-2894,-4217,4256,-3678]],"type":"Polygon","properties":{"postcode":"9961","nl":"Assenede","fr":"Assenede"}},{"arcs":[[-3494,-3393,-3398,-3977,4257]],"type":"Polygon","properties":{"postcode":"9820","nl":"Merelbeke-Melle","fr":"Merelbeke-Melle"}},{"arcs":[[-3900,-2410,4258,-3898,4259]],"type":"Polygon","properties":{"postcode":"4731","nl":"Raeren","fr":"Raeren"}},{"arcs":[[-3108,-3834,4260,-3001,-3409,-160,4261]],"type":"Polygon","properties":{"postcode":"4099","nl":"Awans","fr":"Awans"}},{"arcs":[[-2657,-2185,-3218,4262,-3408,4263]],"type":"Polygon","properties":{"postcode":"4783","nl":"Sankt Vith","fr":"Saint-Vith"}},{"arcs":[[-3915,-2178,4264]],"type":"Polygon","properties":{"postcode":"4672","nl":"Blegny","fr":"Blegny"}},{"arcs":[[4265,-1968,4266,-170,-3208,-3009,4267,4268,-3499,-765]],"type":"Polygon","properties":{"postcode":"4100","nl":"Seraing","fr":"Seraing"}},{"arcs":[[-167,-163,4269,-3410,-3005,4270,-3210,4271]],"type":"Polygon","properties":{"postcode":"4430","nl":"Ans","fr":"Ans"}},{"arcs":[[4272,-1122,-2862,4273,-2441]],"type":"Polygon","properties":{"postcode":"7784","nl":"Komen-Waasten","fr":"Comines-Warneton"}},{"arcs":[[4274,-425,4275]],"type":"Polygon","properties":{"postcode":"7543","nl":"Doornik","fr":"Tournai"}},{"arcs":[[4276,-4185,-984,4277,-3502,-2202]],"type":"Polygon","properties":{"postcode":"7861","nl":"Lessen","fr":"Lessines"}},{"arcs":[[-2415,4278]],"type":"Polygon","properties":{"postcode":"6596","nl":"Momignies","fr":"Momignies"}},{"arcs":[[-432,-4102,-4065,-3025,4279,4280]],"type":"Polygon","properties":{"postcode":"7012","nl":"Bergen","fr":"Mons"}},{"arcs":[[-3515,-2931,-2825,-3639]],"type":"Polygon","properties":{"postcode":"7810","nl":"Aat","fr":"Ath"}},{"arcs":[[-642,-806,-121,4281,-3787,-2578]],"type":"Polygon","properties":{"postcode":"2180","nl":"Antwerpen","fr":"Anvers"}},{"arcs":[[-1875,4011,-211,4012,-2339]],"type":"Polygon","properties":{"postcode":"5351","nl":"Ohey","fr":"Ohey"}},{"arcs":[[-813,-1596,4282]],"type":"Polygon","properties":{"postcode":"5361","nl":"Hamois","fr":"Hamois"}},{"arcs":[[-2853,-4080,-3354,4283,-1261,-1810,-3054]],"type":"Polygon","properties":{"postcode":"3940","nl":"Hechtel-Eksel","fr":"Hechtel-Eksel"}},{"arcs":[[-4243,-1657,4284,-4138,-1559,-2959]],"type":"Polygon","properties":{"postcode":"8530","nl":"Harelbeke","fr":"Harelbeke"}},{"arcs":[[-2596,4285,-2730,-2728,-1555,4286]],"type":"Polygon","properties":{"postcode":"8553","nl":"Zwevegem","fr":"Zwevegem"}},{"arcs":[[-4145,4287,-3584,-3251,-3575]],"type":"Polygon","properties":{"postcode":"6674","nl":"Gouvy","fr":"Gouvy"}},{"arcs":[[-3254,3584,3585,-3219,-2180,-2656,3586]],"type":"Polygon","properties":{"postcode":"6692","nl":"Vielsalm","fr":"Vielsalm"}},{"arcs":[[4288,-4205,4289,-1413,-1562,-1254,4290,-2742,-3963,-3186]],"type":"Polygon","properties":{"postcode":"6720","nl":"Habay","fr":"Habay"}},{"arcs":[[-3964,-2740,-563,4291]],"type":"Polygon","properties":{"postcode":"6742","nl":"Étalle","fr":"Étalle"}},{"arcs":[[4292,-609,4293,-2612]],"type":"Polygon","properties":{"postcode":"6986","nl":"La Roche-en-Ardenne","fr":"La Roche-en-Ardenne"}},{"arcs":[[4294,4295,4296,-3814,4297]],"type":"Polygon","properties":{"postcode":"3220","nl":"Holsbeek","fr":"Holsbeek"}},{"arcs":[[-2619,-3379,4298,-4209,-2505,-1147]],"type":"Polygon","properties":{"postcode":"1703","nl":"Dilbeek","fr":"Dilbeek"}},{"arcs":[[-4170,4299,-1956,4300,-4253,4301]],"type":"Polygon","properties":{"postcode":"9830","nl":"Sint-Martens-Latem","fr":"Sint-Martens-Latem"}},{"arcs":[[4302,-1855,-932,4303,-3199,4304,4305,-3824]],"type":"Polygon","properties":{"postcode":"9300","nl":"Aalst","fr":"Alost"}},{"arcs":[[-3101,4306,-1947,-1692,4307,-4031,4308,-1770]],"type":"Polygon","properties":{"postcode":"9112","nl":"Sint-Niklaas","fr":"Saint-Nicolas"}},{"arcs":[[4309,-3980,-4220,-3756,-4219,-3602,-1942,4310]],"type":"Polygon","properties":{"postcode":"9930","nl":"Lievegem","fr":"Lievegem"}},{"arcs":[[-3389,-1938,-3607,4311,-2638,-4043]],"type":"Polygon","properties":{"postcode":"9041","nl":"Gent","fr":"Gand"}},{"arcs":[[4312,-845,4313,-3615,4314,-4172]],"type":"Polygon","properties":{"postcode":"4140","nl":"Sprimont","fr":"Sprimont"}},{"arcs":[[-3500,-4269,4315,-836,4316,4317]],"type":"Polygon","properties":{"postcode":"4122","nl":"Neupré","fr":"Neupré"}},{"arcs":[[-3305,4318,-839,-3207,-2783,-3838]],"type":"Polygon","properties":{"postcode":"4053","nl":"Chaudfontaine","fr":"Chaudfontaine"}},{"arcs":[[-3690,-1976]],"type":"Polygon","properties":{"postcode":"6533","nl":"Thuin","fr":"Thuin"}},{"arcs":[[-4063,-2669,-2426,-4191,-1781,-4053]],"type":"Polygon","properties":{"postcode":"6110","nl":"Montigny-le-Tilleul","fr":"Montigny-le-Tilleul"}},{"arcs":[[4319]],"type":"Polygon","properties":{"postcode":"7622","nl":"Brunehaut","fr":"Brunehaut"}},{"arcs":[[-3938,-3114,4320]],"type":"Polygon","properties":{"postcode":"6464","nl":"Chimay","fr":"Chimay"}},{"arcs":[[-4070,4321]],"type":"Polygon","properties":{"postcode":"7620","nl":"Brunehaut","fr":"Brunehaut"}},{"arcs":[[-3696,4322,-3928,-3850,4323]],"type":"Polygon","properties":{"postcode":"7538","nl":"Doornik","fr":"Tournai"}},{"arcs":[[-2241,-2365,2437,-1120,2438,-1124,2439,2440,2441]],"type":"Polygon","properties":{"postcode":"7783","nl":"Komen-Waasten","fr":"Comines-Warneton"}},{"arcs":[[4324,-3554,4325,-3457,-2229]],"type":"Polygon","properties":{"postcode":"5571","nl":"Beauraing","fr":"Beauraing"}},{"arcs":[[-1881,4326,-2348,-2332]],"type":"Polygon","properties":{"postcode":"5001","nl":"Namen","fr":"Namur"}},{"arcs":[[-1785,4327]],"type":"Polygon","properties":{"postcode":"5651","nl":"Walcourt","fr":"Walcourt"}},{"arcs":[[-3795,4328,-1025,-3558,-2834,-2066]],"type":"Polygon","properties":{"postcode":"5334","nl":"Assesse","fr":"Assesse"}},{"arcs":[[-340,-1601,4329,-2845,-4239,-3946,4330,-1731]],"type":"Polygon","properties":{"postcode":"3512","nl":"Hasselt","fr":"Hasselt"}},{"arcs":[[4331,-3179,4332,-2849,-3053,-2084,4333,-1049,-2991]],"type":"Polygon","properties":{"postcode":"3583","nl":"Beringen","fr":"Beringen"}},{"arcs":[[-3859,-2090,-3056,4334,-2093,4335]],"type":"Polygon","properties":{"postcode":"3724","nl":"Hasselt","fr":"Hasselt"}},{"arcs":[[-4129,-2712,4336]],"type":"Polygon","properties":{"postcode":"3793","nl":"Voeren","fr":"Fourons"}},{"arcs":[[-261,4337,4338,-1297]],"type":"Polygon","properties":{"postcode":"8380","nl":"Brugge","fr":"Bruges"}},{"arcs":[[-1906,-2243,4339,-1168,-3469,-2113,4340,-3078,4341]],"type":"Polygon","properties":{"postcode":"8970","nl":"Poperinge","fr":"Poperinge"}},{"arcs":[[-1482,4342,-3732,-3959,-453]],"type":"Polygon","properties":{"postcode":"6680","nl":"Sainte-Ode","fr":"Sainte-Ode"}},{"arcs":[[-2373,4343,-3868,4344,-3968]],"type":"Polygon","properties":{"postcode":"6833","nl":"Bouillon","fr":"Bouillon"}},{"arcs":[[-2259,-4213,-4249,4345]],"type":"Polygon","properties":{"postcode":"3473","nl":"Kortenaken","fr":"Kortenaken"}},{"arcs":[[-4157,-1158,-3875,4346,-2617]],"type":"Polygon","properties":{"postcode":"1851","nl":"Grimbergen","fr":"Grimbergen"}},{"arcs":[[-1317,-2855,4347]],"type":"Polygon","properties":{"postcode":"3404","nl":"Landen","fr":"Landen"}},{"arcs":[[-4088,4348,-3886,-3382,4349,-4247]],"type":"Polygon","properties":{"postcode":"3270","nl":"Scherpenheuvel-Zichem","fr":"Montaigu-Zichem"}},{"arcs":[[-1928,-1138,4350,-3279,4351,-4295,4352]],"type":"Polygon","properties":{"postcode":"3210","nl":"Lubbeek","fr":"Lubbeek"}},{"arcs":[[-2516,-3105,-2525,-3752,4353,-2896]],"type":"Polygon","properties":{"postcode":"9402","nl":"Ninove","fr":"Ninove"}},{"arcs":[[-1773,-4034,4354,-1643,4355,-3485,4356,-79]],"type":"Polygon","properties":{"postcode":"9100","nl":"Sint-Niklaas","fr":"Saint-Nicolas"}},{"arcs":[[-3604,-2649,4357,-2395,-3611,-4256,-10]],"type":"Polygon","properties":{"postcode":"9980","nl":"Sint-Laureins","fr":"Sint-Laureins"}},{"arcs":[[4358,-4095,-3981,-4310]],"type":"Polygon","properties":{"postcode":"9881","nl":"Aalter","fr":"Aalter"}},{"arcs":[[-399,4359,4360,4361,-4168,4362]],"type":"Polygon","properties":{"postcode":"9810","nl":"Nazareth-De Pinte","fr":"Nazareth-De Pinte"}},{"arcs":[[-3074,-1706,4363,-4361,4364,-3488,-2264,-4164]],"type":"Polygon","properties":{"postcode":"9770","nl":"Kruisem","fr":"Kruisem"}},{"arcs":[[-3632,4365,-1541,-1701,4366]],"type":"Polygon","properties":{"postcode":"4834","nl":"Limburg","fr":"Limbourg"}},{"arcs":[[-4171,-2533,-828,-4313]],"type":"Polygon","properties":{"postcode":"4171","nl":"Comblain-au-Pont","fr":"Comblain-au-Pont"}},{"arcs":[[-3028,4367,-1367,4368,-4229]],"type":"Polygon","properties":{"postcode":"7020","nl":"Bergen","fr":"Mons"}},{"arcs":[[-1396,4369,-4280,-3024,4370]],"type":"Polygon","properties":{"postcode":"7033","nl":"Bergen","fr":"Mons"}},{"arcs":[[4371,-4108,-427,4372,-4275]],"type":"Polygon","properties":{"postcode":"7542","nl":"Doornik","fr":"Tournai"}},{"arcs":[[-2557,4373]],"type":"Polygon","properties":{"postcode":"7971","nl":"Beloeil","fr":"Beloeil"}},{"arcs":[[-463,-3232,-856,4055]],"type":"Polygon","properties":{"postcode":"7190","nl":"Écaussinnes","fr":"Écaussinnes"}},{"arcs":[[-3929,-4323,-3695,4374]],"type":"Polygon","properties":{"postcode":"7640","nl":"Antoing","fr":"Antoing"}},{"arcs":[[4375,-4111,4376,-3507]],"type":"Polygon","properties":{"postcode":"6591","nl":"Momignies","fr":"Momignies"}},{"arcs":[[4377,-1847,-989,4378,-4188]],"type":"Polygon","properties":{"postcode":"7912","nl":"Frasnes-lez-Anvaing","fr":"Frasnes-lez-Anvaing"}},{"arcs":[[-4011,4379,-1459,4380]],"type":"Polygon","properties":{"postcode":"2870","nl":"Puurs-Sint-Amands","fr":"Puurs-Sint-Amands"}},{"arcs":[[-2225,4381]],"type":"Polygon","properties":{"postcode":"5376","nl":"Havelange","fr":"Havelange"}},{"arcs":[[-1887,4382,-3721,4383,-2334]],"type":"Polygon","properties":{"postcode":"5004","nl":"Namen","fr":"Namur"}},{"arcs":[[4384]],"type":"Polygon","properties":{"postcode":"5580","nl":"Rochefort","fr":"Rochefort"}},{"arcs":[[4385,-1582,-57,-2471,-3463,-2351]],"type":"Polygon","properties":{"postcode":"3665","nl":"As","fr":"As"}},{"arcs":[[4386,-1327,4387,-1777,4388,-290,-1265,-4133]],"type":"Polygon","properties":{"postcode":"3910","nl":"Pelt","fr":"Pelt"}},{"arcs":[[4389,-1900,-2957,-2484,4390,-199]],"type":"Polygon","properties":{"postcode":"8554","nl":"Zwevegem","fr":"Zwevegem"}},{"arcs":[[-417,-193,-4391,-2483,-3958]],"type":"Polygon","properties":{"postcode":"8583","nl":"Avelgem","fr":"Avelgem"}},{"arcs":[[-3082,4391,-2868,4392]],"type":"Polygon","properties":{"postcode":"6761","nl":"Virton","fr":"Virton"}},{"arcs":[[-892,4393]],"type":"Polygon","properties":{"postcode":"3401","nl":"Landen","fr":"Landen"}},{"arcs":[[-1921,-4158,-2618,-4347,-3874,-3881,-2873]],"type":"Polygon","properties":{"postcode":"1850","nl":"Grimbergen","fr":"Grimbergen"}},{"arcs":[[-627,4394,-3269,-2768,-3747,-4093,-2982,-990]],"type":"Polygon","properties":{"postcode":"3053","nl":"Oud-Heverlee","fr":"Oud-Heverlee"}},{"arcs":[[4395,-281,-4030,-3676,-2941,-474,4396,-1932]],"type":"Polygon","properties":{"postcode":"3191","nl":"Boortmeerbeek","fr":"Boortmeerbeek"}},{"arcs":[[4397,-4161,-2386]],"type":"Polygon","properties":{"postcode":"3070","nl":"Kortenberg","fr":"Kortenberg"}},{"arcs":[[-4027,4398,-3815,-4297,4399]],"type":"Polygon","properties":{"postcode":"3111","nl":"Rotselaar","fr":"Rotselaar"}},{"arcs":[[-1335,-3825,-4306,4400,-1577,4401]],"type":"Polygon","properties":{"postcode":"9310","nl":"Aalst","fr":"Alost"}},{"arcs":[[-957,4402]],"type":"Polygon","properties":{"postcode":"4761","nl":"Büllingen","fr":"Bullange"}},{"arcs":[[3203,-3007,3204,3205,-2779,3206,-838]],"type":"Polygon","properties":{"postcode":"4031","nl":"Luik","fr":"Liège"}},{"arcs":[[-3501,-4318,4403,-834,-3768,-39,4404]],"type":"Polygon","properties":{"postcode":"4120","nl":"Neupré","fr":"Neupré"}},{"arcs":[[-2409,-4099,-3288,-3899,-4259]],"type":"Polygon","properties":{"postcode":"4711","nl":"Lontzen","fr":"Lontzen"}},{"arcs":[[4405,-894,4406,-3200,-3774]],"type":"Polygon","properties":{"postcode":"4250","nl":"Geer","fr":"Geer"}},{"arcs":[[4407,-2786,-3912,-3992,-4223]],"type":"Polygon","properties":{"postcode":"4041","nl":"Herstal","fr":"Herstal"}},{"arcs":[[-1273,4408,-2168,-2907,4409,-752]],"type":"Polygon","properties":{"postcode":"4654","nl":"Herve","fr":"Herve"}},{"arcs":[[4274,-425,4275]],"type":"Polygon","properties":{"postcode":"7540","nl":"Doornik","fr":"Tournai"}},{"arcs":[[4410]],"type":"Polygon","properties":{"postcode":"6460","nl":"Chimay","fr":"Chimay"}},{"arcs":[[-3332,-4005,-2916,4411]],"type":"Polygon","properties":{"postcode":"7506","nl":"Doornik","fr":"Tournai"}},{"arcs":[[-2418,4412,-4006,-2914,4413]],"type":"Polygon","properties":{"postcode":"7901","nl":"Leuze-en-Hainaut","fr":"Leuze-en-Hainaut"}},{"arcs":[[4414,-4002,-3641]],"type":"Polygon","properties":{"postcode":"7502","nl":"Doornik","fr":"Tournai"}},{"arcs":[[-3120,4415,-1523,-1391,4416]],"type":"Polygon","properties":{"postcode":"6224","nl":"Fleurus","fr":"Fleurus"}},{"arcs":[[-3777,-2925,-3514,4417]],"type":"Polygon","properties":{"postcode":"7951","nl":"Chièvres","fr":"Chièvres"}}]}}}