{"type":"FeatureCollection", "features": [
{"type":"Feature","geometry":{"type":"Polygon","coordinates":[[[5.41652,49.62956],[5.44867,49.63927],[5.45201,49.63266],[5.47304,49.63114],[5.48244,49.63379],[5.52108,49.63364],[5.52862,49.62714],[5.5305,49.61936],[5.53898,49.63146],[5.53277,49.64542],[5.53336,49.65699],[5.54766,49.6575],[5.5502,49.66982],[5.54599,49.67598],[5.55664,49.68355],[5.53738,49.69749],[5.51968,49.70265],[5.52022,49.7087],[5.50986,49.71281],[5.51011,49.72479],[5.50094,49.73439],[5.48281,49.7436],[5.47815,49.75197],[5.46819,49.7567],[5.44946,49.77406],[5.44799,49.78141],[5.43997,49.78327],[5.43216,49.78186],[5.43162,49.78139],[5.42745,49.77797],[5.42507,49.77599],[5.42517,49.77583],[5.42518,49.7757],[5.42488,49.77475],[5.42456,49.77425],[5.42454,49.77418],[5.42439,49.77284],[5.42506,49.77255],[5.42569,49.77257],[5.42619,49.77282],[5.42645,49.77248],[5.4268,49.77181],[5.42816,49.7712],[5.43012,49.77113],[5.42777,49.76793],[5.41734,49.76358],[5.41879,49.76251],[5.42083,49.76095],[5.43008,49.75932],[5.43507,49.75662],[5.45755,49.74433],[5.44838,49.7324],[5.44778,49.73032],[5.44724,49.72823],[5.44734,49.72822],[5.45782,49.72662],[5.46224,49.72586],[5.46778,49.72221],[5.46686,49.7206],[5.46832,49.72038],[5.46965,49.71661],[5.47002,49.71673],[5.47069,49.71709],[5.47115,49.7176],[5.47438,49.71621],[5.47533,49.71607],[5.47502,49.71586],[5.4748,49.71574],[5.47431,49.71553],[5.47514,49.71419],[5.47718,49.71367],[5.47835,49.71309],[5.47881,49.71239],[5.47919,49.71266],[5.48071,49.71072],[5.4805,49.70937],[5.4802,49.70854],[5.47999,49.70803],[5.4802,49.70803],[5.4807,49.70557],[5.48058,49.7052],[5.48099,49.70534],[5.48184,49.70473],[5.48143,49.70403],[5.47703,49.70319],[5.47455,49.70515],[5.47153,49.70355],[5.47146,49.70394],[5.47128,49.70442],[5.47125,49.70464],[5.47107,49.70507],[5.47023,49.70506],[5.4693,49.70456],[5.46915,49.70441],[5.46872,49.70393],[5.46828,49.70259],[5.46822,49.70158],[5.46831,49.70139],[5.46865,49.70101],[5.46853,49.70064],[5.46807,49.69785],[5.46776,49.69776],[5.46737,49.69753],[5.46711,49.69726],[5.46573,49.69659],[5.46107,49.69637],[5.45718,49.69129],[5.45108,49.69102],[5.45081,49.69078],[5.44938,49.69059],[5.4489,49.69043],[5.44866,49.69026],[5.44727,49.68859],[5.44752,49.6673],[5.43422,49.66098],[5.41644,49.66103],[5.42455,49.64658],[5.4225,49.64415],[5.42045,49.64162],[5.42034,49.64145],[5.419,49.6352],[5.41652,49.62956]]]},"properties":{"postcode":"6730","nl":"Tintigny","fr":"Tintigny"}},
{"type":"Feature","geometry":{"type":"Polygon","coordinates":[[[3.54506,51.16228],[3.57035,51.16977],[3.5706,51.16944],[3.5709,51.16914],[3.57182,51.16844],[3.57348,51.16694],[3.57428,51.16673],[3.57519,51.1669],[3.58464,51.1701],[3.58435,51.17099],[3.58393,51.1722],[3.58363,51.17259],[3.58384,51.17258],[3.58725,51.17269],[3.59003,51.17274],[3.59004,51.17272],[3.59178,51.17276],[3.59369,51.17281],[3.60817,51.1727],[3.60843,51.17355],[3.60828,51.17415],[3.60877,51.18245],[3.60901,51.18492],[3.60894,51.18586],[3.6046,51.20384],[3.60587,51.20371],[3.60412,51.20564],[3.60364,51.20592],[3.60256,51.20678],[3.60202,51.20842],[3.6022,51.2093],[3.60242,51.20946],[3.6023,51.20982],[3.59965,51.21349],[3.59453,51.21394],[3.59369,51.21584],[3.59351,51.21588],[3.59256,51.21562],[3.59152,51.21536],[3.59083,51.21565],[3.58919,51.21806],[3.51627,51.21878],[3.51559,51.21862],[3.51527,51.21852],[3.51418,51.21808],[3.50932,51.2159],[3.50893,51.21572],[3.50878,51.2156],[3.5084,51.21545],[3.51597,51.20274],[3.51799,51.20054],[3.52428,51.19592],[3.52479,51.19553],[3.52629,51.19362],[3.52664,51.1925],[3.52668,51.19216],[3.5267,51.19178],[3.52765,51.18535],[3.53096,51.18145],[3.53466,51.17712],[3.53855,51.17252],[3.54506,51.16228]]]},"properties":{"postcode":"9900","nl":"Eeklo","fr":"Eeklo"}},
{"type":"Feature","geometry":{"type":"Polygon","coordinates":[[[3.37366,50.94385],[3.38313,50.93879],[3.39052,50.92941],[3.41166,50.92168],[3.42431,50.92639],[3.43018,50.93293],[3.45069,50.92869],[3.45618,50.93672],[3.43963,50.93822],[3.45429,50.94938],[3.44419,50.95199],[3.42171,50.94883],[3.4134,50.95829],[3.44413,50.96662],[3.42672,50.97584],[3.42639,50.98146],[3.41042,50.98167],[3.39635,50.97785],[3.38596,50.9779],[3.38257,50.98109],[3.3801,50.98069],[3.37959,50.98112],[3.37933,50.98136],[3.3771,50.98123],[3.3763,50.98079],[3.37558,50.98046],[3.37522,50.98031],[3.37499,50.98013],[3.3692,50.97942],[3.36681,50.97795],[3.36819,50.97566],[3.36803,50.97559],[3.36875,50.97444],[3.36245,50.96934],[3.36242,50.96929],[3.36232,50.9689],[3.36173,50.96841],[3.36203,50.96798],[3.36118,50.96641],[3.36081,50.96404],[3.3611,50.96386],[3.36241,50.96367],[3.36416,50.9638],[3.3748,50.96039],[3.36618,50.94782],[3.37366,50.94385]]]},"properties":{"postcode":"8720","nl":"Dentergem","fr":"Dentergem"}},
{"type":"Feature","geometry":{"type":"Polygon","coordinates":[[[3.10485,50.83219],[3.11322,50.82812],[3.12526,50.82879],[3.13884,50.8197],[3.14985,50.82106],[3.15163,50.80958],[3.14392,50.80263],[3.14729,50.7941],[3.1696,50.79654],[3.20867,50.80706],[3.22094,50.80949],[3.22109,50.81972],[3.2102,50.83369],[3.21599,50.83246],[3.21638,50.83277],[3.21912,50.83495],[3.22243,50.84492],[3.20882,50.86572],[3.20708,50.86533],[3.20393,50.86496],[3.20313,50.86514],[3.1925,50.85975],[3.17347,50.85699],[3.16486,50.86506],[3.14958,50.85909],[3.13254,50.84762],[3.13021,50.84275],[3.10841,50.83705],[3.10237,50.83812],[3.10485,50.83219]]]},"properties":{"postcode":"8560","nl":"Wevelgem","fr":"Wevelgem"}},
{"type":"Feature","geometry":{"type":"Polygon","coordinates":[[[5.1446,50.50872],[5.19135,50.51864],[5.19566,50.5233],[5.21837,50.53193],[5.24924,50.53902],[5.26247,50.53829],[5.26559,50.55189],[5.25638,50.55922],[5.25606,50.56589],[5.23973,50.58259],[5.20821,50.57508],[5.19531,50.5707],[5.18398,50.57591],[5.16691,50.57904],[5.15124,50.5678],[5.13314,50.56276],[5.14269,50.55185],[5.13515,50.54616],[5.14169,50.54456],[5.14546,50.54358],[5.14801,50.54259],[5.14662,50.54168],[5.14804,50.54167],[5.15097,50.54015],[5.15222,50.54129],[5.15981,50.54047],[5.16068,50.54044],[5.16216,50.54052],[5.16427,50.54065],[5.1716,50.53671],[5.16891,50.53114],[5.16706,50.5304],[5.16235,50.52849],[5.16178,50.52821],[5.15475,50.5208],[5.14316,50.51615],[5.13931,50.51526],[5.13982,50.51374],[5.13989,50.51352],[5.14035,50.51338],[5.14056,50.51311],[5.14093,50.51299],[5.1421,50.51222],[5.14218,50.51214],[5.1446,50.50872]]]},"properties":{"postcode":"4520","nl":"Wanze","fr":"Wanze"}},
{"type":"Feature","geometry":{"type":"Polygon","coordinates":[[[5.34367,50.48844],[5.35749,50.49535],[5.35827,50.49939],[5.38797,50.5059],[5.40801,50.489],[5.43157,50.49787],[5.44134,50.49519],[5.44387,50.49579],[5.44552,50.49429],[5.44661,50.49492],[5.45008,50.49688],[5.44924,50.50081],[5.45196,50.50367],[5.45398,50.50454],[5.45411,50.50465],[5.45539,50.50551],[5.45596,50.50599],[5.45676,50.50629],[5.45754,50.50627],[5.45757,50.50618],[5.45965,50.50631],[5.45955,50.50659],[5.46303,50.50734],[5.4634,50.5094],[5.46281,50.51158],[5.46366,50.51229],[5.46223,50.51539],[5.46282,50.51597],[5.4645,50.51654],[5.46631,50.5167],[5.46776,50.51647],[5.46925,50.51662],[5.46945,50.51641],[5.46957,50.51638],[5.47114,50.51692],[5.47132,50.51714],[5.47192,50.51761],[5.47218,50.51759],[5.47228,50.51754],[5.47242,50.51774],[5.47243,50.51797],[5.47262,50.51801],[5.47341,50.51853],[5.47351,50.51888],[5.47416,50.51921],[5.47421,50.51925],[5.4742,50.51944],[5.47446,50.51944],[5.47489,50.51958],[5.47502,50.51991],[5.47554,50.51997],[5.47689,50.52099],[5.47694,50.52115],[5.47685,50.5214],[5.47694,50.52147],[5.4769,50.52156],[5.47175,50.52406],[5.45835,50.52738],[5.44848,50.52188],[5.44721,50.52427],[5.44636,50.525],[5.44567,50.52572],[5.4457,50.52607],[5.4456,50.52675],[5.44599,50.5293],[5.44196,50.53257],[5.44023,50.53468],[5.43964,50.53553],[5.43939,50.53599],[5.43927,50.53631],[5.43922,50.53639],[5.43905,50.53651],[5.44058,50.5417],[5.43655,50.53516],[5.41849,50.54055],[5.40125,50.53998],[5.38236,50.53574],[5.37402,50.53971],[5.36154,50.53431],[5.34327,50.5357],[5.33943,50.52552],[5.35109,50.51006],[5.35062,50.50484],[5.33427,50.4944],[5.34367,50.48844]]]},"properties":{"postcode":"4550","nl":"Nandrin","fr":"Nandrin"}},
{"type":"Feature","geometry":{"type":"Polygon","coordinates":[[[4.91067,51.2869],[4.91733,51.27773],[4.92969,51.27027],[4.94899,51.2624],[4.95507,51.27478],[4.97236,51.27784],[4.98104,51.28298],[4.98484,51.29038],[4.97505,51.29349],[4.9757,51.30222],[4.96827,51.31093],[4.9701,51.33187],[4.96218,51.33871],[4.97402,51.36309],[4.97471,51.36452],[4.9755,51.36612],[4.9816,51.37867],[4.97386,51.38289],[4.96389,51.38565],[4.93846,51.39258],[4.93048,51.39474],[4.93023,51.39482],[4.9279,51.39545],[4.92786,51.39544],[4.91385,51.39508],[4.90488,51.39365],[4.93319,51.36715],[4.90104,51.34374],[4.89596,51.33648],[4.88873,51.32583],[4.91098,51.31633],[4.90755,51.30957],[4.91418,51.30363],[4.91067,51.2869]]]},"properties":{"postcode":"2300","nl":"Turnhout","fr":"Turnhout"}},
{"type":"Feature","geometry":{"type":"Polygon","coordinates":[[[5.47917,50.92262],[5.4917,50.91482],[5.50149,50.91347],[5.50409,50.91333],[5.50701,50.91313],[5.50808,50.91308],[5.5085,50.91304],[5.50855,50.91306],[5.5191,50.91528],[5.52823,50.91396],[5.53283,50.91741],[5.53446,50.91863],[5.54081,50.92346],[5.54306,50.92509],[5.5472,50.95901],[5.59516,50.97734],[5.57658,50.98212],[5.5716,50.98485],[5.57149,50.98502],[5.56028,50.99097],[5.54853,51.00023],[5.54777,51.00073],[5.54494,51.00291],[5.54341,51.00406],[5.54243,51.00482],[5.5289,51.01888],[5.51828,51.01881],[5.49507,51.02063],[5.46564,51.00101],[5.43035,50.98319],[5.42368,50.97464],[5.40133,50.96756],[5.39393,50.96495],[5.39366,50.96483],[5.3918,50.96375],[5.38776,50.96149],[5.3848,50.9594],[5.38501,50.95925],[5.3882,50.95691],[5.39159,50.95528],[5.3923,50.95495],[5.39428,50.95401],[5.39581,50.95396],[5.39839,50.95406],[5.40057,50.95433],[5.41357,50.94451],[5.41436,50.94407],[5.41494,50.9437],[5.42811,50.95003],[5.44594,50.94365],[5.47037,50.931],[5.47917,50.92262]]]},"properties":{"postcode":"3600","nl":"Genk","fr":"Genk"}},
{"type":"Feature","geometry":{"type":"Polygon","coordinates":[[[5.06188,50.60252],[5.05462,50.60766],[5.0472,50.62147],[5.05662,50.62906],[5.05671,50.64201],[5.02613,50.64645],[5.01471,50.63338],[5.0039,50.63832],[4.9942,50.63691],[4.98811,50.64543],[4.98334,50.6423],[4.9819,50.63452],[4.98794,50.62584],[4.9793,50.61859],[5.00033,50.61041],[4.99906,50.60012],[5.01858,50.59081],[5.02867,50.5887],[5.0301,50.59244],[5.05207,50.58966],[5.06188,50.60252]]]},"properties":{"postcode":"4219","nl":"Wasseiges","fr":"Wasseiges"}},
{"type":"Feature","geometry":{"type":"Polygon","coordinates":[[[3.74399,50.37786],[3.77016,50.37279],[3.78176,50.37426],[3.81034,50.3596],[3.83811,50.35426],[3.84356,50.35332],[3.85238,50.36689],[3.83999,50.37641],[3.842,50.38311],[3.83502,50.38492],[3.82989,50.39489],[3.82108,50.39785],[3.82089,50.39835],[3.82014,50.39873],[3.81959,50.3986],[3.81704,50.39743],[3.81289,50.39491],[3.80816,50.40153],[3.79894,50.40375],[3.79688,50.40309],[3.79534,50.40258],[3.791,50.40848],[3.77675,50.40747],[3.77573,50.40754],[3.77516,50.40759],[3.7738,50.40862],[3.76768,50.41124],[3.76575,50.41331],[3.76547,50.41346],[3.76498,50.41377],[3.76396,50.41421],[3.75897,50.41872],[3.75871,50.41978],[3.72785,50.41326],[3.72644,50.39657],[3.74399,50.37786]]]},"properties":{"postcode":"7370","nl":"Dour","fr":"Dour"}},
{"type":"Feature","geometry":{"type":"Polygon","coordinates":[[[4.14169,51.10519],[4.16379,51.11145],[4.17337,51.10964],[4.17578,51.10117],[4.18964,51.10607],[4.21324,51.12174],[4.22494,51.12073],[4.2435,51.11509],[4.26055,51.11706],[4.28592,51.12375],[4.28413,51.12931],[4.28006,51.12944],[4.27945,51.13251],[4.27901,51.13261],[4.27861,51.13276],[4.27779,51.13313],[4.27678,51.13285],[4.27667,51.133],[4.2747,51.13548],[4.26754,51.14421],[4.26035,51.1385],[4.24829,51.1405],[4.24814,51.14139],[4.24804,51.14186],[4.24807,51.14227],[4.24779,51.14301],[4.24545,51.1473],[4.23776,51.1589],[4.23759,51.15928],[4.23711,51.16068],[4.23598,51.16363],[4.2357,51.16461],[4.22289,51.17538],[4.19958,51.1613],[4.19934,51.16131],[4.19902,51.16126],[4.19833,51.16137],[4.19731,51.16096],[4.1969,51.16078],[4.19486,51.16041],[4.19445,51.16095],[4.19275,51.16045],[4.19177,51.16019],[4.19094,51.15998],[4.19084,51.15994],[4.1912,51.15329],[4.19121,51.15309],[4.19131,51.15294],[4.19169,51.15271],[4.19185,51.15206],[4.18963,51.15102],[4.19021,51.14528],[4.18499,51.14367],[4.18183,51.14289],[4.17721,51.14183],[4.17461,51.14064],[4.17445,51.14027],[4.17438,51.13949],[4.17436,51.13896],[4.17489,51.138],[4.1742,51.13768],[4.16874,51.13831],[4.16667,51.13921],[4.16597,51.13935],[4.16163,51.13858],[4.15844,51.13678],[4.15453,51.13553],[4.15341,51.13501],[4.15117,51.13393],[4.14837,51.13301],[4.13163,51.12968],[4.1348,51.1196],[4.13014,51.10782],[4.14169,51.10519]]]},"properties":{"postcode":"9140","nl":"Temse","fr":"Tamise"}},
{"type":"Feature","geometry":{"type":"Polygon","coordinates":[[[4.91896,50.52606],[4.91966,50.51101],[4.92102,50.50988],[4.92185,50.50913],[4.92228,50.50877],[4.92568,50.50699],[4.93417,50.50638],[4.93778,50.50491],[4.94258,50.51106],[4.94269,50.51673],[4.94793,50.52173],[4.97216,50.51045],[4.98935,50.51492],[5.00528,50.51555],[5.01299,50.51145],[5.02834,50.51818],[5.02549,50.52313],[5.03425,50.53178],[5.05404,50.54255],[5.04691,50.55076],[5.05112,50.55534],[5.04857,50.56111],[5.03355,50.57058],[5.02867,50.5887],[5.01858,50.59081],[4.99906,50.60012],[5.00033,50.61041],[4.9793,50.61859],[4.96373,50.60565],[4.97149,50.59643],[4.97145,50.58922],[4.95656,50.58113],[4.93243,50.56144],[4.93064,50.55166],[4.93988,50.53707],[4.93511,50.53387],[4.92349,50.52815],[4.92183,50.52739],[4.92001,50.52654],[4.91896,50.52606]]]},"properties":{"postcode":"5380","nl":"Fernelmont","fr":"Fernelmont"}},
{"type":"Feature","geometry":{"type":"Polygon","coordinates":[[[5.64604,50.61157],[5.64678,50.61212],[5.64806,50.61179],[5.64919,50.61161],[5.6594,50.6154],[5.66833,50.61292],[5.67085,50.61391],[5.67186,50.61447],[5.67316,50.61532],[5.67325,50.61554],[5.66906,50.61618],[5.66881,50.61619],[5.66883,50.6163],[5.67051,50.6178],[5.67325,50.61882],[5.66949,50.62246],[5.66996,50.6227],[5.67308,50.62393],[5.67316,50.62417],[5.67276,50.62538],[5.67276,50.62579],[5.67174,50.62678],[5.67497,50.62995],[5.69072,50.62613],[5.68852,50.62814],[5.68764,50.62882],[5.68678,50.62956],[5.6864,50.62985],[5.68591,50.63026],[5.68551,50.63065],[5.68489,50.63111],[5.68301,50.63234],[5.68222,50.63768],[5.68194,50.63792],[5.68132,50.63799],[5.67625,50.63976],[5.67436,50.64055],[5.67309,50.64148],[5.67181,50.64255],[5.66821,50.64619],[5.66487,50.64607],[5.65679,50.65091],[5.65536,50.64752],[5.65366,50.64555],[5.6521,50.64489],[5.65185,50.64496],[5.65161,50.64498],[5.6513,50.64498],[5.6513,50.64492],[5.65073,50.64391],[5.65123,50.64368],[5.65164,50.64369],[5.6517,50.64361],[5.65155,50.6435],[5.65138,50.64304],[5.6524,50.64287],[5.65303,50.64312],[5.65354,50.64335],[5.65399,50.64361],[5.65521,50.64346],[5.6551,50.64217],[5.65687,50.64098],[5.66167,50.63631],[5.66214,50.63512],[5.66177,50.63445],[5.66144,50.63459],[5.66092,50.63492],[5.66077,50.63496],[5.66069,50.63504],[5.6604,50.63524],[5.65869,50.6339],[5.65873,50.63353],[5.65873,50.63331],[5.65867,50.63269],[5.65843,50.63267],[5.65706,50.63292],[5.65671,50.63215],[5.65679,50.63194],[5.65678,50.63185],[5.65683,50.63171],[5.65676,50.63148],[5.65688,50.6307],[5.65712,50.63014],[5.65501,50.62995],[5.65262,50.62926],[5.65257,50.62992],[5.65032,50.63002],[5.64955,50.63114],[5.64952,50.63142],[5.64947,50.63161],[5.64948,50.63176],[5.64751,50.63116],[5.64416,50.63036],[5.64548,50.62942],[5.63901,50.6252],[5.64099,50.62267],[5.64115,50.62111],[5.64009,50.62053],[5.6381,50.62048],[5.63742,50.6192],[5.63773,50.61892],[5.63789,50.61874],[5.63845,50.61824],[5.64074,50.61549],[5.64604,50.61157]]]},"properties":{"postcode":"4610","nl":"Beyne-Heusay","fr":"Beyne-Heusay"}},
{"type":"Feature","geometry":{"type":"Polygon","coordinates":[[[4.26315,50.42538],[4.26457,50.4251],[4.26508,50.42501],[4.26672,50.42481],[4.26693,50.42466],[4.2685,50.42457],[4.28459,50.42802],[4.29379,50.42483],[4.29799,50.43207],[4.30077,50.43348],[4.30224,50.43419],[4.3035,50.43483],[4.30365,50.43569],[4.30358,50.43621],[4.30347,50.43673],[4.30346,50.43696],[4.30349,50.4373],[4.30355,50.43766],[4.31675,50.44143],[4.32153,50.44458],[4.32212,50.44483],[4.32239,50.44486],[4.32261,50.44493],[4.32261,50.4453],[4.32252,50.44602],[4.32233,50.44672],[4.32273,50.44828],[4.32281,50.44841],[4.32309,50.44879],[4.32507,50.45134],[4.32523,50.45162],[4.32544,50.45232],[4.32556,50.4525],[4.32639,50.4536],[4.3268,50.45413],[4.32643,50.45415],[4.32599,50.45403],[4.32569,50.45389],[4.32526,50.45367],[4.32509,50.4536],[4.3238,50.45316],[4.31931,50.45263],[4.29881,50.44702],[4.29822,50.447],[4.29777,50.44697],[4.29588,50.44696],[4.29388,50.44774],[4.29385,50.44806],[4.29374,50.44818],[4.29372,50.44858],[4.29354,50.44889],[4.29377,50.4492],[4.29341,50.44994],[4.29369,50.45127],[4.2944,50.45129],[4.29422,50.45238],[4.29633,50.45503],[4.2964,50.45508],[4.2968,50.45659],[4.29722,50.45889],[4.29706,50.45918],[4.29653,50.4605],[4.29643,50.46082],[4.29674,50.46135],[4.29776,50.46253],[4.29762,50.46317],[4.29731,50.46451],[4.29717,50.46479],[4.29733,50.46759],[4.29774,50.47124],[4.29998,50.47814],[4.29854,50.48211],[4.30128,50.48644],[4.30409,50.48779],[4.3068,50.49014],[4.30875,50.4912],[4.29879,50.49625],[4.29415,50.50338],[4.2921,50.50523],[4.28876,50.50668],[4.28784,50.50689],[4.28697,50.50704],[4.2869,50.50682],[4.28672,50.50647],[4.28632,50.50582],[4.28666,50.50506],[4.28394,50.50295],[4.28338,50.50222],[4.28324,50.50208],[4.28306,50.50186],[4.28308,50.5016],[4.28324,50.50096],[4.2827,50.49904],[4.28316,50.49694],[4.28172,50.49631],[4.2647,50.48676],[4.26769,50.47156],[4.26723,50.46805],[4.26839,50.46665],[4.26843,50.4636],[4.26969,50.45936],[4.26979,50.4593],[4.27003,50.459],[4.27474,50.45603],[4.27623,50.45551],[4.27798,50.45441],[4.27878,50.45363],[4.27935,50.45327],[4.28027,50.45285],[4.28143,50.4523],[4.28284,50.45146],[4.28127,50.45086],[4.27944,50.4507],[4.27759,50.45032],[4.27774,50.44937],[4.27843,50.44456],[4.2785,50.44384],[4.27803,50.44378],[4.27553,50.44351],[4.2744,50.44342],[4.27388,50.4433],[4.27291,50.44292],[4.27219,50.44295],[4.27139,50.44281],[4.27147,50.44262],[4.2722,50.44172],[4.27248,50.44142],[4.27146,50.44098],[4.27111,50.43831],[4.27052,50.43837],[4.26884,50.43877],[4.26828,50.43609],[4.26794,50.43572],[4.26764,50.43534],[4.2662,50.43416],[4.26819,50.43251],[4.268,50.43037],[4.26816,50.42992],[4.26818,50.42941],[4.2683,50.42913],[4.2686,50.42877],[4.26866,50.42863],[4.26831,50.42835],[4.26807,50.42834],[4.26787,50.42836],[4.26722,50.42812],[4.26689,50.42774],[4.26611,50.42769],[4.26492,50.42709],[4.26315,50.42538]]]},"properties":{"postcode":"7160","nl":"Chapelle-lez-Herlaimont","fr":"Chapelle-lez-Herlaimont"}},
{"type":"Feature","geometry":{"type":"Polygon","coordinates":[[[5.37542,50.27847],[5.36953,50.27302],[5.38737,50.25764],[5.39012,50.25156],[5.3718,50.24214],[5.38143,50.23546],[5.39928,50.24414],[5.41032,50.2311],[5.4178,50.23177],[5.43217,50.21893],[5.44208,50.21631],[5.44243,50.22609],[5.45136,50.22712],[5.45297,50.23586],[5.46665,50.23856],[5.5026,50.25247],[5.50049,50.26036],[5.4937,50.27045],[5.48137,50.27854],[5.48213,50.28818],[5.46501,50.29613],[5.45463,50.29678],[5.44766,50.30171],[5.44529,50.30243],[5.44105,50.30303],[5.44195,50.30346],[5.44186,50.30361],[5.42076,50.30838],[5.41593,50.30699],[5.41314,50.30525],[5.41161,50.30489],[5.41151,50.30488],[5.41095,50.30488],[5.41095,50.305],[5.41016,50.30541],[5.40648,50.30803],[5.40812,50.30994],[5.41316,50.31312],[5.41019,50.31784],[5.40022,50.3143],[5.38658,50.31662],[5.39597,50.28985],[5.37542,50.27847]]]},"properties":{"postcode":"6990","nl":"Hotton","fr":"Hotton"}},
{"type":"Feature","geometry":{"type":"Polygon","coordinates":[[[4.4607,51.26868],[4.48027,51.27213],[4.49097,51.27984],[4.51716,51.2896],[4.53934,51.30251],[4.5491,51.30412],[4.55874,51.30732],[4.55526,51.31703],[4.54086,51.33754],[4.51894,51.3509],[4.48492,51.33411],[4.46457,51.31941],[4.46741,51.30655],[4.44022,51.29759],[4.4607,51.26868]]]},"properties":{"postcode":"2930","nl":"Brasschaat","fr":"Brasschaat"}},
{"type":"Feature","geometry":{"type":"Polygon","coordinates":[[[3.08202,50.95727],[3.08156,50.96204],[3.09743,50.96454],[3.11224,50.97147],[3.12405,50.98337],[3.14994,50.99365],[3.1377,51.00772],[3.12405,51.01646],[3.10324,51.0147],[3.09815,51.0188],[3.08278,51.01353],[3.06977,51.01546],[3.06508,51.00725],[3.03734,51.00509],[3.01948,50.99938],[3.02783,50.99114],[3.03533,50.96893],[3.04871,50.9573],[3.05526,50.96128],[3.08202,50.95727]]]},"properties":{"postcode":"8830","nl":"Hooglede","fr":"Hooglede"}},
{"type":"Feature","geometry":{"type":"Polygon","coordinates":[[[4.17735,50.66338],[4.19903,50.65227],[4.22069,50.65867],[4.23115,50.65812],[4.23141,50.65872],[4.23199,50.65911],[4.23252,50.65956],[4.23311,50.66015],[4.23406,50.66094],[4.23396,50.6613],[4.23404,50.66152],[4.23462,50.66196],[4.23473,50.66201],[4.23546,50.66227],[4.23693,50.66304],[4.23621,50.66359],[4.23319,50.67256],[4.23175,50.67231],[4.23126,50.67277],[4.23078,50.67302],[4.23046,50.67321],[4.22855,50.67386],[4.22324,50.6738],[4.223,50.67478],[4.22283,50.67496],[4.22259,50.67516],[4.22224,50.6758],[4.22206,50.67674],[4.22235,50.67685],[4.22274,50.67693],[4.22318,50.67709],[4.22307,50.67783],[4.22222,50.6775],[4.2221,50.67748],[4.22194,50.67751],[4.2218,50.6776],[4.22172,50.67787],[4.2222,50.67874],[4.2225,50.67902],[4.22298,50.6791],[4.22319,50.67909],[4.22358,50.67899],[4.22409,50.67883],[4.2247,50.67872],[4.22599,50.67873],[4.22699,50.67867],[4.22852,50.67864],[4.2295,50.6787],[4.2327,50.67856],[4.23534,50.67823],[4.23693,50.6779],[4.23748,50.67771],[4.23761,50.67768],[4.23749,50.67909],[4.243,50.68499],[4.2454,50.68792],[4.24582,50.68881],[4.24629,50.68953],[4.23123,50.69889],[4.22744,50.69945],[4.22069,50.70204],[4.20483,50.70897],[4.20282,50.70846],[4.19875,50.70818],[4.19695,50.70812],[4.18753,50.70822],[4.18338,50.70771],[4.17209,50.72162],[4.17193,50.7216],[4.1715,50.72174],[4.16992,50.72214],[4.16895,50.72247],[4.16836,50.72276],[4.16778,50.72332],[4.16484,50.72341],[4.15635,50.72907],[4.15285,50.72476],[4.15152,50.72528],[4.15072,50.72565],[4.14802,50.72645],[4.14855,50.7274],[4.14861,50.72823],[4.14731,50.72807],[4.14471,50.72829],[4.14239,50.72897],[4.14138,50.72321],[4.13417,50.71618],[4.13094,50.71339],[4.1454,50.70462],[4.14305,50.69834],[4.14923,50.69236],[4.17094,50.68673],[4.16876,50.68044],[4.1771,50.67011],[4.17735,50.66338]]]},"properties":{"postcode":"1480","nl":"Tubeke","fr":"Tubize"}},
{"type":"Feature","geometry":{"type":"Polygon","coordinates":[[[4.66629,50.65249],[4.68689,50.6542],[4.70633,50.66325],[4.71846,50.66061],[4.72586,50.66397],[4.74236,50.66159],[4.75398,50.67187],[4.732,50.68219],[4.73663,50.69274],[4.76668,50.69474],[4.77011,50.69959],[4.75901,50.71019],[4.7424,50.71168],[4.73471,50.70544],[4.71898,50.70778],[4.7079,50.71652],[4.69649,50.71668],[4.67389,50.70943],[4.66227,50.72331],[4.64155,50.71997],[4.64175,50.70542],[4.63352,50.68863],[4.62511,50.68419],[4.62617,50.682],[4.62701,50.68028],[4.62789,50.67857],[4.63289,50.67129],[4.63715,50.66754],[4.6391,50.66626],[4.64122,50.66506],[4.6518,50.66165],[4.66629,50.65249]]]},"properties":{"postcode":"1325","nl":"Chaumont-Gistoux","fr":"Chaumont-Gistoux"}},
{"type":"Feature","geometry":{"type":"Polygon","coordinates":[[[5.01269,50.79479],[5.04365,50.78965],[5.04036,50.78193],[5.04139,50.78152],[5.04187,50.78143],[5.04352,50.78127],[5.04459,50.78077],[5.0465,50.78016],[5.04831,50.77947],[5.05199,50.77742],[5.05456,50.7762],[5.05511,50.77603],[5.05595,50.77709],[5.05507,50.77745],[5.06797,50.78296],[5.07797,50.79384],[5.07312,50.80409],[5.08544,50.8112],[5.08451,50.81542],[5.06527,50.83539],[5.06969,50.84759],[5.05957,50.86068],[5.03417,50.85601],[5.02089,50.85802],[4.99842,50.84617],[5.01354,50.84136],[5.01951,50.82163],[4.9978,50.81811],[4.99218,50.8147],[4.99879,50.80315],[5.01269,50.79479]]]},"properties":{"postcode":"3350","nl":"Linter","fr":"Linter"}},
{"type":"Feature","geometry":{"type":"Polygon","coordinates":[[[5.43174,50.71972],[5.43106,50.73199],[5.42439,50.73543],[5.41628,50.72282],[5.43174,50.71972]]]},"properties":{"postcode":"3717","nl":"Herstappe","fr":"Herstappe"}},
{"type":"Feature","geometry":{"type":"Polygon","coordinates":[[[5.38049,50.61388],[5.40714,50.61691],[5.43534,50.62803],[5.46184,50.62939],[5.47629,50.62114],[5.48431,50.62714],[5.49668,50.62197],[5.5079,50.62858],[5.51165,50.64922],[5.50747,50.65286],[5.50496,50.65408],[5.5069,50.65531],[5.50638,50.65573],[5.50564,50.65609],[5.50286,50.6583],[5.49955,50.65929],[5.48769,50.66041],[5.48619,50.6603],[5.48453,50.66019],[5.4845,50.66016],[5.47447,50.65954],[5.47023,50.65919],[5.46612,50.65903],[5.46467,50.65914],[5.46271,50.65899],[5.46274,50.65893],[5.46258,50.65888],[5.45949,50.65872],[5.45721,50.65844],[5.44036,50.66078],[5.43561,50.65159],[5.42368,50.64932],[5.40879,50.64213],[5.38923,50.63918],[5.37367,50.6464],[5.34946,50.63336],[5.37113,50.62282],[5.38049,50.61388]]]},"properties":{"postcode":"4460","nl":"Grâce-Hollogne","fr":"Grâce-Hollogne"}},
{"type":"Feature","geometry":{"type":"Polygon","coordinates":[[[5.5079,50.62858],[5.50817,50.62793],[5.50834,50.62761],[5.50905,50.6268],[5.50999,50.62758],[5.51097,50.62757],[5.51111,50.62776],[5.51324,50.62752],[5.51329,50.62718],[5.51355,50.62681],[5.51386,50.62649],[5.51401,50.62637],[5.51959,50.62677],[5.5216,50.62815],[5.52177,50.62817],[5.52185,50.62811],[5.52263,50.62653],[5.52284,50.62607],[5.52301,50.62565],[5.5231,50.62548],[5.52327,50.62528],[5.52342,50.62513],[5.5234,50.62505],[5.52317,50.62495],[5.52048,50.62405],[5.52038,50.62399],[5.51976,50.62379],[5.51946,50.62371],[5.5196,50.62331],[5.51959,50.62289],[5.52001,50.62178],[5.52206,50.6216],[5.52058,50.62029],[5.52023,50.61968],[5.51978,50.61784],[5.52053,50.61772],[5.52158,50.6175],[5.52444,50.6165],[5.525,50.61624],[5.52574,50.61584],[5.52898,50.61367],[5.52936,50.61333],[5.53019,50.61247],[5.53524,50.61833],[5.5361,50.61905],[5.53653,50.6194],[5.53869,50.61889],[5.54024,50.62001],[5.54192,50.61956],[5.54308,50.61953],[5.54303,50.61931],[5.54393,50.61905],[5.54795,50.61934],[5.54925,50.62093],[5.54934,50.62116],[5.54513,50.63144],[5.5434,50.63248],[5.54206,50.63295],[5.542,50.63291],[5.54175,50.63303],[5.54108,50.63319],[5.53994,50.63344],[5.5393,50.63335],[5.53863,50.63379],[5.53935,50.63428],[5.53188,50.64482],[5.52048,50.65137],[5.51165,50.64922],[5.5079,50.62858]]]},"properties":{"postcode":"4420","nl":"Saint-Nicolas","fr":"Saint-Nicolas"}},
{"type":"Feature","geometry":{"type":"Polygon","coordinates":[[[4.48049,50.79428],[4.49228,50.79843],[4.5321,50.80258],[4.54126,50.80159],[4.56763,50.80877],[4.58657,50.81839],[4.5804,50.82983],[4.57973,50.83039],[4.57491,50.8344],[4.57325,50.83573],[4.55591,50.84635],[4.55366,50.85015],[4.5527,50.85118],[4.55229,50.85175],[4.54618,50.85337],[4.55069,50.85579],[4.54273,50.86343],[4.53976,50.8646],[4.53781,50.86645],[4.53525,50.8678],[4.53445,50.8676],[4.53424,50.86784],[4.53408,50.86783],[4.53356,50.86775],[4.5323,50.86752],[4.5317,50.86757],[4.53054,50.8672],[4.53132,50.86607],[4.53182,50.86586],[4.53245,50.86563],[4.53297,50.8654],[4.53326,50.8653],[4.53203,50.86384],[4.52923,50.86298],[4.52787,50.86288],[4.5277,50.86333],[4.52653,50.86316],[4.52759,50.86113],[4.52765,50.861],[4.52856,50.85926],[4.52764,50.8591],[4.52703,50.85895],[4.53064,50.85349],[4.52989,50.85039],[4.53075,50.84993],[4.53156,50.84942],[4.53167,50.8494],[4.53402,50.84781],[4.53639,50.84444],[4.53619,50.84418],[4.53581,50.84349],[4.53574,50.84301],[4.5331,50.84081],[4.53225,50.84036],[4.5317,50.8401],[4.5314,50.83998],[4.52887,50.83889],[4.52575,50.83729],[4.52165,50.83485],[4.52027,50.83482],[4.51786,50.8343],[4.51709,50.83444],[4.50963,50.83841],[4.5016,50.82598],[4.48737,50.82761],[4.49291,50.82144],[4.47673,50.8204],[4.45466,50.81842],[4.44718,50.8083],[4.48049,50.79428]]]},"properties":{"postcode":"3080","nl":"Tervuren","fr":"Tervuren"}},
{"type":"Feature","geometry":{"type":"Polygon","coordinates":[[[4.46178,50.84879],[4.46574,50.83554],[4.47673,50.8204],[4.49291,50.82144],[4.48737,50.82761],[4.48467,50.83354],[4.47041,50.84094],[4.48099,50.85498],[4.4807,50.86086],[4.4759,50.86216],[4.47467,50.86551],[4.46748,50.86419],[4.46739,50.86435],[4.46721,50.86444],[4.46717,50.86459],[4.46754,50.86569],[4.46299,50.86573],[4.46245,50.86511],[4.4622,50.86505],[4.46125,50.86526],[4.4621,50.86673],[4.45619,50.86535],[4.45077,50.86702],[4.44892,50.86422],[4.45094,50.86379],[4.45101,50.86368],[4.45231,50.86352],[4.45255,50.85847],[4.45599,50.85653],[4.4585,50.85361],[4.45796,50.85347],[4.45725,50.85331],[4.45787,50.85277],[4.45807,50.85274],[4.45877,50.85261],[4.46116,50.8519],[4.46178,50.84879]]]},"properties":{"postcode":"1950","nl":"Kraainem","fr":"Kraainem"}},
{"type":"Feature","geometry":{"type":"Polygon","coordinates":[[[4.41981,51.36441],[4.44965,51.36148],[4.47479,51.35248],[4.50733,51.35803],[4.50691,51.37324],[4.51929,51.37462],[4.51343,51.39904],[4.50929,51.40315],[4.53541,51.42303],[4.5299,51.44952],[4.53303,51.45356],[4.51002,51.45084],[4.49403,51.43134],[4.49498,51.42278],[4.46446,51.41549],[4.43952,51.41918],[4.42969,51.4236],[4.39521,51.42689],[4.38362,51.42107],[4.39161,51.40817],[4.43169,51.37499],[4.41981,51.36441]]]},"properties":{"postcode":"2920","nl":"Kalmthout","fr":"Kalmthout"}},
{"type":"Feature","geometry":{"type":"Polygon","coordinates":[[[3.40308,50.74162],[3.38395,50.74813],[3.35982,50.73743],[3.33835,50.7396],[3.34039,50.73238],[3.33383,50.73261],[3.33185,50.7311],[3.32984,50.73159],[3.3294,50.73108],[3.32904,50.73103],[3.32906,50.73083],[3.32832,50.73006],[3.32676,50.72733],[3.32675,50.72716],[3.32668,50.72689],[3.32603,50.72554],[3.32394,50.7224],[3.3606,50.70957],[3.36071,50.71325],[3.3615,50.7148],[3.36307,50.71563],[3.36333,50.71582],[3.36384,50.71625],[3.3643,50.71675],[3.36576,50.71808],[3.36603,50.71847],[3.36542,50.72143],[3.36626,50.72217],[3.36829,50.72345],[3.36889,50.72577],[3.37287,50.72755],[3.3935,50.72924],[3.40308,50.74162]]]},"properties":{"postcode":"8587","nl":"Spiere-Helkijn","fr":"Espierres-Helchin"}},
{"type":"Feature","geometry":{"type":"Polygon","coordinates":[[[4.96666,50.45161],[4.96701,50.45174],[4.96744,50.45187],[4.96724,50.45276],[4.97109,50.45422],[4.98769,50.45204],[4.99496,50.4558],[5.01482,50.45107],[5.03182,50.45724],[5.06633,50.45786],[5.07192,50.46242],[5.08667,50.4588],[5.10021,50.44749],[5.11883,50.45277],[5.11846,50.4536],[5.11909,50.45462],[5.12182,50.45628],[5.12209,50.45627],[5.12244,50.45645],[5.12358,50.45652],[5.12377,50.45675],[5.12469,50.45709],[5.1248,50.45724],[5.12537,50.45748],[5.12556,50.45767],[5.12599,50.45781],[5.12741,50.45916],[5.12842,50.45881],[5.12978,50.4591],[5.13172,50.45957],[5.13442,50.46074],[5.1387,50.46068],[5.13926,50.46068],[5.14411,50.46078],[5.14447,50.4608],[5.15059,50.46291],[5.15241,50.46373],[5.1532,50.46411],[5.15513,50.46512],[5.15722,50.46578],[5.15826,50.46627],[5.16395,50.46761],[5.16374,50.47034],[5.15749,50.47276],[5.15554,50.47878],[5.1467,50.48655],[5.13354,50.48935],[5.12898,50.50266],[5.1446,50.50872],[5.14218,50.51214],[5.11731,50.50352],[5.11276,50.50682],[5.1115,50.50649],[5.1113,50.50682],[5.11109,50.50707],[5.11078,50.50729],[5.10938,50.50713],[5.10891,50.50699],[5.10885,50.50713],[5.10885,50.50726],[5.1087,50.50772],[5.10849,50.50805],[5.1041,50.50733],[5.10383,50.50811],[5.10311,50.5083],[5.10249,50.50836],[5.10144,50.50842],[5.10108,50.50955],[5.10063,50.51009],[5.10029,50.51074],[5.10071,50.51268],[5.09889,50.5125],[5.0984,50.51234],[5.09785,50.51214],[5.09477,50.51517],[5.09552,50.51606],[5.09743,50.51653],[5.09697,50.51701],[5.09633,50.51773],[5.0953,50.51849],[5.09378,50.51878],[5.09464,50.51893],[5.09518,50.51911],[5.09727,50.51973],[5.09638,50.52183],[5.09636,50.52192],[5.0937,50.52404],[5.09131,50.52437],[5.09006,50.52576],[5.09175,50.52669],[5.09245,50.52583],[5.09495,50.52655],[5.09406,50.5273],[5.0924,50.52925],[5.09236,50.5293],[5.08531,50.52941],[5.0793,50.52968],[5.07469,50.52988],[5.03425,50.53178],[5.02549,50.52313],[5.02834,50.51818],[5.01299,50.51145],[5.00528,50.51555],[4.98935,50.51492],[4.97216,50.51045],[4.9647,50.5069],[4.96706,50.50571],[4.96932,50.50452],[4.9723,50.50328],[4.97245,50.50317],[4.9821,50.5002],[4.98435,50.49665],[4.98343,50.49544],[4.98318,50.4955],[4.98306,50.49546],[4.98213,50.49458],[4.98155,50.49368],[4.98414,50.48965],[4.98295,50.48872],[4.98268,50.48802],[4.98295,50.48768],[4.98306,50.48757],[4.98326,50.48745],[4.98186,50.48468],[4.97942,50.48183],[4.97796,50.48034],[4.97778,50.48019],[4.97741,50.48001],[4.97699,50.47989],[4.97513,50.47792],[4.97497,50.4772],[4.96227,50.47091],[4.96605,50.46581],[4.9702,50.4639],[4.96832,50.4627],[4.96754,50.46006],[4.96699,50.45955],[4.96692,50.45943],[4.96658,50.45918],[4.96547,50.45689],[4.96398,50.45708],[4.96228,50.45537],[4.96217,50.45493],[4.96186,50.45463],[4.96309,50.45346],[4.96408,50.45253],[4.96666,50.45161]]]},"properties":{"postcode":"5300","nl":"Andenne","fr":"Andenne"}},
{"type":"Feature","geometry":{"type":"Polygon","coordinates":[[[3.75871,50.41978],[3.76083,50.42029],[3.76298,50.42067],[3.76281,50.42096],[3.76362,50.4213],[3.76718,50.42236],[3.76742,50.42195],[3.77014,50.42238],[3.77002,50.42289],[3.77498,50.42319],[3.77495,50.42406],[3.77822,50.42429],[3.77875,50.42432],[3.78114,50.42469],[3.78116,50.4257],[3.77835,50.42579],[3.77732,50.4258],[3.77469,50.44031],[3.77431,50.44036],[3.77259,50.44052],[3.77021,50.44042],[3.76957,50.44144],[3.76886,50.4417],[3.76795,50.44144],[3.76717,50.44181],[3.76764,50.44242],[3.76776,50.44263],[3.7678,50.44279],[3.7675,50.44446],[3.7653,50.44429],[3.76496,50.44432],[3.76397,50.44451],[3.76237,50.44462],[3.76053,50.4455],[3.75771,50.44449],[3.7551,50.44548],[3.75495,50.44543],[3.7544,50.44505],[3.75388,50.44505],[3.75208,50.44589],[3.73972,50.44252],[3.72673,50.44326],[3.67716,50.46143],[3.66005,50.46416],[3.66304,50.44155],[3.66842,50.43922],[3.66899,50.42293],[3.6851,50.42107],[3.69939,50.42227],[3.72785,50.41326],[3.75871,50.41978]]]},"properties":{"postcode":"7350","nl":"Hensies","fr":"Hensies"}},
{"type":"Feature","geometry":{"type":"Polygon","coordinates":[[[3.45905,50.76463],[3.47791,50.75942],[3.49719,50.7576],[3.53358,50.76482],[3.54067,50.7629],[3.56542,50.76255],[3.57388,50.7592],[3.58476,50.76466],[3.58597,50.76484],[3.58713,50.76484],[3.57811,50.78171],[3.58376,50.79403],[3.58167,50.79933],[3.58132,50.79944],[3.58055,50.79979],[3.57824,50.80128],[3.57234,50.79845],[3.56179,50.7905],[3.55633,50.80012],[3.54109,50.81129],[3.52335,50.80534],[3.52308,50.80512],[3.52235,50.80437],[3.5215,50.80334],[3.52057,50.80165],[3.52016,50.80055],[3.51969,50.79934],[3.51806,50.79715],[3.5173,50.79657],[3.5166,50.79609],[3.5145,50.79506],[3.50978,50.79411],[3.50909,50.79409],[3.50564,50.79403],[3.50277,50.79369],[3.49943,50.79276],[3.49766,50.79194],[3.49595,50.791],[3.48867,50.78592],[3.48663,50.78402],[3.48513,50.78173],[3.48437,50.78068],[3.48398,50.78023],[3.47442,50.77566],[3.45905,50.76463]]]},"properties":{"postcode":"9690","nl":"Kluisbergen","fr":"Kluisbergen"}},
{"type":"Feature","geometry":{"type":"Polygon","coordinates":[[[4.29153,50.87528],[4.29158,50.87442],[4.28971,50.87374],[4.28916,50.87361],[4.289,50.87346],[4.28879,50.8735],[4.28863,50.87344],[4.28827,50.87332],[4.28585,50.8714],[4.28548,50.87083],[4.28557,50.8706],[4.2855,50.87052],[4.2855,50.87022],[4.28402,50.86885],[4.28117,50.86705],[4.28096,50.86709],[4.28064,50.86723],[4.28006,50.86682],[4.27926,50.86571],[4.27926,50.86545],[4.27942,50.86541],[4.27963,50.86516],[4.27947,50.86499],[4.27922,50.86485],[4.28034,50.85991],[4.28401,50.85831],[4.28697,50.85747],[4.28753,50.85691],[4.28838,50.85757],[4.28936,50.85662],[4.28984,50.85587],[4.30409,50.85803],[4.30704,50.86424],[4.31406,50.86714],[4.29153,50.87528]]]},"properties":{"postcode":"1082","nl":"Sint-Agatha-Berchem","fr":"Berchem-Sainte-Agathe"}},
{"type":"Feature","geometry":{"type":"Polygon","coordinates":[[[3.84313,51.05759],[3.84036,51.07032],[3.8418,51.08246],[3.83519,51.08173],[3.83391,51.08167],[3.83336,51.08162],[3.83178,51.0816],[3.8294,51.0811],[3.82229,51.07903],[3.81796,51.07812],[3.8179,51.07777],[3.81776,51.07753],[3.81754,51.07738],[3.80637,51.0721],[3.80109,51.07026],[3.79985,51.06975],[3.7997,51.06968],[3.79928,51.06952],[3.76578,51.06259],[3.76558,51.06237],[3.76488,51.06155],[3.76469,51.06135],[3.76264,51.05995],[3.76146,51.05908],[3.76001,51.05794],[3.7593,51.05729],[3.75927,51.05724],[3.75738,51.05175],[3.75885,51.05144],[3.75946,51.05127],[3.75992,51.05125],[3.7625,51.05085],[3.76632,51.05147],[3.76695,51.04979],[3.772,51.05015],[3.77676,51.04987],[3.7786,51.04964],[3.7863,51.04792],[3.79003,51.04622],[3.79009,51.04617],[3.79179,51.0446],[3.79301,51.04266],[3.79338,51.0405],[3.7931,51.03872],[3.79275,51.038],[3.79224,51.03726],[3.78943,51.034],[3.78921,51.032],[3.7889,51.03089],[3.78865,51.03033],[3.78853,51.03002],[3.78746,51.02828],[3.7882,51.02071],[3.78883,51.02014],[3.78974,51.01942],[3.79022,51.01906],[3.79082,51.01851],[3.79509,51.01125],[3.79562,51.01071],[3.79717,51.00936],[3.79901,51.00814],[3.80855,51.00239],[3.81697,50.99969],[3.82704,50.99469],[3.82863,50.99401],[3.82972,50.99369],[3.82361,51.00335],[3.82467,51.01937],[3.82719,51.03312],[3.83693,51.04112],[3.83245,51.05235],[3.84313,51.05759]]]},"properties":{"postcode":"9070","nl":"Destelbergen","fr":"Destelbergen"}},
{"type":"Feature","geometry":{"type":"Polygon","coordinates":[[[4.62762,50.56432],[4.64502,50.56026],[4.66256,50.56476],[4.67312,50.5709],[4.66205,50.57647],[4.65683,50.58588],[4.65686,50.60146],[4.64911,50.6104],[4.66317,50.61671],[4.65089,50.62879],[4.64254,50.62591],[4.63349,50.62938],[4.63409,50.61708],[4.62171,50.60676],[4.58921,50.6113],[4.57399,50.59806],[4.58504,50.59844],[4.57929,50.58809],[4.57922,50.57551],[4.5733,50.56859],[4.57515,50.56084],[4.58989,50.56333],[4.60209,50.56931],[4.61788,50.56957],[4.62762,50.56432]]]},"properties":{"postcode":"1450","nl":"Chastre","fr":"Chastre"}},
{"type":"Feature","geometry":{"type":"Polygon","coordinates":[[[6.06302,50.51904],[6.06675,50.51272],[6.08727,50.49538],[6.09609,50.47694],[6.09543,50.46934],[6.08811,50.46379],[6.09061,50.45353],[6.08691,50.4487],[6.0752,50.44898],[6.07582,50.43947],[6.09314,50.43688],[6.07739,50.42967],[6.08071,50.42003],[6.06895,50.39504],[6.07665,50.39121],[6.07046,50.38381],[6.08462,50.37428],[6.0976,50.37859],[6.11364,50.38004],[6.11383,50.38001],[6.11422,50.37965],[6.11479,50.37932],[6.11666,50.37907],[6.11645,50.37836],[6.11727,50.3774],[6.11751,50.37695],[6.11774,50.3764],[6.12418,50.37868],[6.12513,50.3817],[6.12387,50.38323],[6.12351,50.38401],[6.12326,50.3843],[6.12309,50.38455],[6.1234,50.3847],[6.12382,50.38482],[6.124,50.38485],[6.12437,50.38481],[6.12596,50.38547],[6.12919,50.38583],[6.13011,50.38668],[6.13025,50.38695],[6.13077,50.38729],[6.13082,50.38742],[6.13496,50.38868],[6.13677,50.38875],[6.1376,50.38883],[6.13822,50.38898],[6.14521,50.39228],[6.14824,50.39194],[6.14889,50.39202],[6.1513,50.39233],[6.15187,50.3924],[6.15267,50.39251],[6.15289,50.39253],[6.15329,50.3929],[6.15385,50.39324],[6.15462,50.39378],[6.15592,50.39457],[6.15727,50.39548],[6.16062,50.39892],[6.17047,50.40223],[6.17071,50.40333],[6.17157,50.40455],[6.17451,50.40436],[6.17533,50.40328],[6.17519,50.40286],[6.17509,50.4026],[6.17512,50.40257],[6.1755,50.40256],[6.17566,50.40149],[6.17725,50.40089],[6.17676,50.40304],[6.17779,50.40309],[6.178,50.40316],[6.17813,50.40327],[6.1784,50.4034],[6.17855,50.40341],[6.17891,50.40364],[6.18174,50.40469],[6.17822,50.41329],[6.16281,50.42223],[6.15117,50.42527],[6.14849,50.43513],[6.15475,50.43838],[6.15328,50.4622],[6.14822,50.47159],[6.14476,50.49223],[6.1308,50.49801],[6.1391,50.50783],[6.15309,50.51399],[6.19216,50.52091],[6.20656,50.52174],[6.20722,50.52203],[6.188,50.54045],[6.1781,50.54152],[6.17852,50.55394],[6.17466,50.55793],[6.18935,50.56603],[6.18053,50.56765],[6.16925,50.56974],[6.1675,50.57005],[6.16571,50.57039],[6.16511,50.56031],[6.16491,50.55739],[6.16463,50.55712],[6.16375,50.55689],[6.16147,50.55574],[6.16059,50.55505],[6.16029,50.55458],[6.16013,50.55403],[6.15844,50.55295],[6.15629,50.55205],[6.14497,50.54823],[6.13752,50.54804],[6.13879,50.54056],[6.12662,50.5295],[6.10331,50.5209],[6.09062,50.52293],[6.07318,50.51966],[6.06302,50.51904]]]},"properties":{"postcode":"4950","nl":"Weismes","fr":"Waimes"}},
{"type":"Feature","geometry":{"type":"Polygon","coordinates":[[[3.16926,51.29061],[3.1657,51.29604],[3.1659,51.29608],[3.16698,51.29641],[3.16743,51.2967],[3.16759,51.29688],[3.16771,51.29707],[3.16788,51.2972],[3.174,51.30027],[3.17297,51.30382],[3.17361,51.30531],[3.17368,51.30551],[3.17369,51.3057],[3.17356,51.30664],[3.17351,51.30682],[3.17336,51.30714],[3.1725,51.30886],[3.17233,51.30909],[3.17192,51.30949],[3.1717,51.31014],[3.17164,51.31053],[3.17166,51.31061],[3.17388,51.31512],[3.17387,51.3153],[3.17355,51.31581],[3.17356,51.31586],[3.17708,51.31882],[3.17675,51.31908],[3.17584,51.31985],[3.17569,51.31999],[3.17209,51.32297],[3.16711,51.3218],[3.16098,51.32031],[3.15598,51.31911],[3.15381,51.32795],[3.10771,51.31503],[3.1152,51.30685],[3.11525,51.30662],[3.11519,51.30629],[3.11514,51.30615],[3.11418,51.30507],[3.11447,51.30341],[3.11424,51.30238],[3.11427,51.30196],[3.11422,51.30168],[3.11048,51.30014],[3.10972,51.29997],[3.10853,51.29975],[3.10825,51.29956],[3.10791,51.2995],[3.10713,51.29723],[3.10726,51.29696],[3.10777,51.29651],[3.1075,51.29526],[3.10518,51.29085],[3.11448,51.27682],[3.12547,51.27636],[3.13346,51.28096],[3.14921,51.28216],[3.15884,51.28891],[3.16926,51.29061]]]},"properties":{"postcode":"8370","nl":"Blankenberge","fr":"Blankenberge"}},
{"type":"Feature","geometry":{"type":"Polygon","coordinates":[[[4.78924,51.03895],[4.77509,51.03522],[4.76902,51.03094],[4.7635,51.02719],[4.76163,51.02596],[4.76031,51.02508],[4.75965,51.02462],[4.75954,51.02454],[4.75935,51.02428],[4.75914,51.0241],[4.75869,51.02381],[4.75828,51.02329],[4.75549,51.02373],[4.75312,51.02411],[4.7552,51.02234],[4.75609,51.02177],[4.75628,51.02176],[4.75689,51.0214],[4.75806,51.02047],[4.75903,51.01939],[4.75926,51.01899],[4.7594,51.01868],[4.76038,51.01738],[4.76118,51.01643],[4.76161,51.01595],[4.75756,51.014],[4.75835,51.0134],[4.75936,51.01264],[4.7594,51.01264],[4.76226,51.0105],[4.7635,51.00992],[4.76633,51.00967],[4.76758,51.00942],[4.7681,51.00913],[4.76912,51.0085],[4.76939,51.00832],[4.77071,51.00128],[4.77435,50.99692],[4.77315,50.9933],[4.77218,50.99305],[4.77112,50.99274],[4.76984,50.99232],[4.766,50.99066],[4.75672,50.9888],[4.75677,50.98826],[4.75674,50.98753],[4.75657,50.98628],[4.75658,50.98451],[4.75691,50.98237],[4.75712,50.98244],[4.75763,50.98269],[4.75824,50.98286],[4.76614,50.98151],[4.76655,50.98083],[4.76623,50.98023],[4.76598,50.9797],[4.766,50.97965],[4.76644,50.97921],[4.76701,50.97954],[4.76692,50.97991],[4.76729,50.97999],[4.76833,50.97982],[4.76913,50.98018],[4.77057,50.97918],[4.77231,50.97863],[4.77225,50.97805],[4.77358,50.97811],[4.77396,50.97823],[4.775,50.97868],[4.77558,50.97889],[4.77742,50.9788],[4.77689,50.97967],[4.78066,50.97865],[4.78504,50.98032],[4.79777,50.97916],[4.80064,50.98054],[4.80069,50.98071],[4.80075,50.98108],[4.80071,50.98144],[4.80051,50.98234],[4.80043,50.9825],[4.80022,50.98278],[4.80399,50.98628],[4.80602,50.9876],[4.80668,50.98744],[4.80687,50.98737],[4.80743,50.98706],[4.80803,50.9872],[4.80778,50.9877],[4.80744,50.98789],[4.8073,50.98801],[4.80739,50.98832],[4.80871,50.98894],[4.80912,50.98921],[4.80966,50.9896],[4.81132,50.99147],[4.80942,50.99259],[4.80905,50.99678],[4.80876,50.99832],[4.80854,50.9989],[4.80815,50.99994],[4.80179,51.00617],[4.80324,51.01078],[4.80981,51.01077],[4.81127,51.01938],[4.79901,51.02853],[4.78924,51.03895]]]},"properties":{"postcode":"3130","nl":"Begijnendijk","fr":"Begijnendijk"}},
{"type":"Feature","geometry":{"type":"Polygon","coordinates":[[[4.5174,50.9557],[4.51783,50.94373],[4.51301,50.93233],[4.52182,50.92259],[4.53414,50.91747],[4.53261,50.90976],[4.53362,50.90945],[4.53464,50.90931],[4.54032,50.90987],[4.54112,50.91188],[4.5442,50.9118],[4.54494,50.9115],[4.54487,50.9124],[4.5491,50.91319],[4.55443,50.91368],[4.55515,50.91287],[4.55646,50.91228],[4.57698,50.91707],[4.58128,50.91841],[4.58341,50.9192],[4.5855,50.92039],[4.58586,50.92047],[4.58598,50.92062],[4.58609,50.92064],[4.58626,50.92074],[4.58652,50.92055],[4.58721,50.92044],[4.58851,50.91974],[4.59254,50.9209],[4.59234,50.92106],[4.59227,50.92118],[4.59241,50.92123],[4.59231,50.92131],[4.59249,50.92141],[4.5924,50.92277],[4.59221,50.92325],[4.58922,50.92605],[4.58926,50.92624],[4.58904,50.92634],[4.58884,50.92647],[4.58925,50.92662],[4.58999,50.92963],[4.59389,50.93263],[4.60404,50.93487],[4.61809,50.93609],[4.61698,50.94477],[4.61885,50.95425],[4.6113,50.95564],[4.60843,50.95736],[4.60521,50.95795],[4.60414,50.95855],[4.60382,50.95888],[4.6039,50.95911],[4.59241,50.9653],[4.569,50.95842],[4.56735,50.95916],[4.56727,50.9591],[4.56689,50.95897],[4.56696,50.95863],[4.56618,50.95863],[4.56539,50.95948],[4.56552,50.95992],[4.56532,50.95998],[4.56529,50.96005],[4.56662,50.96325],[4.56374,50.96413],[4.56224,50.96491],[4.56151,50.96571],[4.561,50.96622],[4.5605,50.96678],[4.55989,50.96724],[4.55957,50.96713],[4.55869,50.96749],[4.55799,50.96752],[4.55504,50.96757],[4.55331,50.96762],[4.5502,50.96771],[4.54633,50.96798],[4.54493,50.96806],[4.54456,50.96807],[4.54317,50.96795],[4.54196,50.96748],[4.54124,50.96719],[4.54063,50.96695],[4.53994,50.96668],[4.53984,50.96667],[4.53132,50.97023],[4.52745,50.96545],[4.52587,50.96546],[4.52358,50.96577],[4.52205,50.9662],[4.52174,50.96533],[4.52163,50.96447],[4.52153,50.96394],[4.52112,50.9608],[4.52089,50.95975],[4.52042,50.95902],[4.51972,50.95818],[4.5174,50.9557]]]},"properties":{"postcode":"1910","nl":"Kampenhout","fr":"Kampenhout"}},
{"type":"Feature","geometry":{"type":"Polygon","coordinates":[[[5.54648,51.13056],[5.57884,51.15219],[5.57406,51.15893],[5.60244,51.16925],[5.6149,51.17689],[5.639,51.17912],[5.65819,51.18446],[5.65804,51.18474],[5.64974,51.19361],[5.65273,51.19766],[5.6367,51.20277],[5.56031,51.22291],[5.52475,51.21474],[5.49797,51.21341],[5.49041,51.20623],[5.48917,51.20077],[5.48825,51.19861],[5.48793,51.19821],[5.48777,51.19807],[5.48735,51.19778],[5.48625,51.19617],[5.48624,51.19557],[5.48628,51.19498],[5.48613,51.19428],[5.48409,51.19219],[5.48389,51.19178],[5.48339,51.19124],[5.47981,51.18979],[5.47913,51.18943],[5.47775,51.18851],[5.47744,51.18822],[5.48848,51.1775],[5.5336,51.1741],[5.54762,51.14998],[5.53233,51.14634],[5.54648,51.13056]]]},"properties":{"postcode":"3950","nl":"Bocholt","fr":"Bocholt"}},
{"type":"Feature","geometry":{"type":"Polygon","coordinates":[[[5.34327,50.5357],[5.36154,50.53431],[5.37402,50.53971],[5.38236,50.53574],[5.40125,50.53998],[5.41849,50.54055],[5.43655,50.53516],[5.44058,50.5417],[5.42273,50.55657],[5.42913,50.56442],[5.41564,50.57953],[5.41359,50.588],[5.40489,50.59303],[5.39443,50.58978],[5.37675,50.57941],[5.3796,50.57014],[5.34618,50.56077],[5.33352,50.55245],[5.34327,50.5357]]]},"properties":{"postcode":"4480","nl":"Engis","fr":"Engis"}},
{"type":"Feature","geometry":{"type":"Polygon","coordinates":[[[4.64387,51.21892],[4.65202,51.22932],[4.65447,51.2341],[4.66997,51.24267],[4.67233,51.24283],[4.67627,51.24315],[4.68234,51.24168],[4.69542,51.24268],[4.69586,51.24058],[4.69634,51.24053],[4.69678,51.24031],[4.69721,51.24023],[4.69832,51.23989],[4.70397,51.23932],[4.71543,51.24133],[4.71458,51.24287],[4.7144,51.2432],[4.74147,51.24856],[4.74214,51.24501],[4.74267,51.24527],[4.74219,51.24998],[4.7344,51.25456],[4.72715,51.26755],[4.72458,51.27995],[4.71521,51.28584],[4.6783,51.27707],[4.65642,51.27602],[4.64466,51.27249],[4.63435,51.2937],[4.63314,51.29387],[4.62938,51.28606],[4.60769,51.25385],[4.61429,51.25309],[4.62006,51.24116],[4.61552,51.2361],[4.63259,51.22677],[4.63997,51.22015],[4.64209,51.21949],[4.64387,51.21892]]]},"properties":{"postcode":"2980","nl":"Zoersel","fr":"Zoersel"}},
{"type":"Feature","geometry":{"type":"Polygon","coordinates":[[[3.9381,51.03426],[3.94339,51.02981],[3.93301,51.01497],[3.94035,51.00964],[3.95591,51.00869],[3.96348,51.02092],[3.9807,51.02352],[3.97698,51.01225],[3.98132,51.00684],[3.99904,51.00411],[4.01272,51.00558],[4.03882,51.01759],[4.04076,51.03263],[4.0268,51.04148],[4.00824,51.03893],[4.0132,51.05052],[4.00937,51.05623],[3.9805,51.05149],[3.97996,51.06016],[3.97389,51.06581],[3.97348,51.06804],[3.97272,51.07098],[3.97208,51.07289],[3.97151,51.07393],[3.94609,51.07245],[3.93785,51.07191],[3.93158,51.07155],[3.92815,51.07129],[3.9381,51.03426]]]},"properties":{"postcode":"9290","nl":"Berlare","fr":"Berlare"}},
{"type":"Feature","geometry":{"type":"Polygon","coordinates":[[[3.30212,51.09935],[3.32117,51.10403],[3.322,51.10361],[3.32348,51.10286],[3.32617,51.1015],[3.32662,51.10123],[3.32679,51.10108],[3.32713,51.1009],[3.33136,51.09888],[3.33347,51.10067],[3.33522,51.10215],[3.33597,51.10185],[3.33827,51.10323],[3.34134,51.10506],[3.34706,51.10531],[3.35022,51.1065],[3.34936,51.10782],[3.35346,51.10859],[3.35417,51.10935],[3.35486,51.1101],[3.35493,51.11221],[3.35748,51.11237],[3.35914,51.11295],[3.3625,51.11359],[3.36445,51.11399],[3.36616,51.11432],[3.367,51.11449],[3.36798,51.11468],[3.3762,51.11797],[3.38975,51.13085],[3.40294,51.14713],[3.40102,51.15127],[3.40642,51.15698],[3.40941,51.15864],[3.41036,51.15951],[3.41099,51.15986],[3.40866,51.16104],[3.40673,51.15967],[3.40652,51.15985],[3.40439,51.16227],[3.40042,51.16691],[3.39599,51.1728],[3.38761,51.18119],[3.38708,51.18392],[3.38672,51.18702],[3.38667,51.18736],[3.3855,51.18745],[3.38335,51.18763],[3.37526,51.19008],[3.37528,51.1903],[3.37483,51.19043],[3.37443,51.19052],[3.36527,51.18684],[3.36024,51.1919],[3.36019,51.19194],[3.35967,51.19294],[3.35953,51.19351],[3.3593,51.19371],[3.34554,51.19342],[3.32897,51.19447],[3.30752,51.1977],[3.29353,51.1956],[3.28962,51.20066],[3.28047,51.19759],[3.28951,51.18497],[3.28283,51.17853],[3.27286,51.17946],[3.29559,51.15968],[3.27394,51.12712],[3.28364,51.12301],[3.28607,51.10861],[3.29461,51.10649],[3.29822,51.10244],[3.30223,51.10071],[3.30219,51.09996],[3.30212,51.09935]]]},"properties":{"postcode":"8730","nl":"Beernem","fr":"Beernem"}},
{"type":"Feature","geometry":{"type":"Polygon","coordinates":[[[6.00532,50.49631],[6.01521,50.48217],[6.01294,50.4679],[6.02337,50.45715],[6.01853,50.44778],[6.00879,50.44445],[5.99845,50.44643],[5.97134,50.44314],[5.96965,50.44059],[5.99051,50.4133],[5.98117,50.39908],[5.97832,50.38834],[5.99089,50.38471],[5.99779,50.38787],[6.01462,50.37591],[6.03045,50.36871],[6.02193,50.35064],[6.02251,50.35075],[6.03511,50.35284],[6.05423,50.3526],[6.05847,50.35179],[6.0583,50.35261],[6.06274,50.35184],[6.06792,50.35095],[6.06888,50.35079],[6.06972,50.35066],[6.07179,50.35032],[6.07471,50.35189],[6.07839,50.35382],[6.07761,50.35418],[6.07821,50.3545],[6.07856,50.35475],[6.07887,50.35507],[6.07895,50.35602],[6.0793,50.35638],[6.08237,50.35753],[6.08375,50.3577],[6.0845,50.35791],[6.085,50.35852],[6.08519,50.35874],[6.08598,50.36033],[6.08658,50.36097],[6.08864,50.36203],[6.08626,50.36573],[6.09173,50.36803],[6.09636,50.37196],[6.09779,50.3725],[6.09887,50.37263],[6.09958,50.37297],[6.10842,50.37888],[6.10924,50.37898],[6.10959,50.37907],[6.11008,50.37927],[6.11226,50.37975],[6.11326,50.37976],[6.11355,50.37981],[6.11362,50.37988],[6.11364,50.38004],[6.0976,50.37859],[6.08462,50.37428],[6.07046,50.38381],[6.07665,50.39121],[6.06895,50.39504],[6.08071,50.42003],[6.07739,50.42967],[6.09314,50.43688],[6.07582,50.43947],[6.0752,50.44898],[6.08691,50.4487],[6.09061,50.45353],[6.08811,50.46379],[6.09543,50.46934],[6.09609,50.47694],[6.08727,50.49538],[6.06675,50.51272],[6.06302,50.51904],[6.02195,50.50377],[6.00532,50.49631]]]},"properties":{"postcode":"4960","nl":"Malmedy","fr":"Malmedy"}},
{"type":"Feature","geometry":{"type":"Polygon","coordinates":[[[4.39521,51.42689],[4.42969,51.4236],[4.43952,51.41918],[4.46446,51.41549],[4.49498,51.42278],[4.49403,51.43134],[4.51002,51.45084],[4.53303,51.45356],[4.54816,51.47331],[4.53819,51.4824],[4.48678,51.47734],[4.47651,51.47827],[4.46671,51.47201],[4.44243,51.46863],[4.38527,51.44954],[4.39668,51.44195],[4.39521,51.42689]]]},"properties":{"postcode":"2910","nl":"Essen","fr":"Essen"}},
{"type":"Feature","geometry":{"type":"Polygon","coordinates":[[[4.40068,50.12285],[4.39598,50.11776],[4.39432,50.11667],[4.39392,50.11649],[4.39382,50.1165],[4.39369,50.11644],[4.39352,50.11642],[4.3926,50.11593],[4.39161,50.11575],[4.39158,50.11548],[4.39045,50.11495],[4.38999,50.11449],[4.38972,50.1143],[4.38973,50.11423],[4.38967,50.11411],[4.38923,50.11384],[4.38895,50.11371],[4.3889,50.11354],[4.38871,50.11358],[4.38859,50.11355],[4.3884,50.11342],[4.38562,50.10901],[4.38584,50.10782],[4.38634,50.10739],[4.38642,50.10722],[4.38655,50.10702],[4.38927,50.09975],[4.39029,50.09538],[4.38948,50.09219],[4.3942,50.08114],[4.39381,50.07977],[4.39343,50.07897],[4.39251,50.07711],[4.39012,50.06715],[4.39573,50.05819],[4.3956,50.05786],[4.3952,50.05713],[4.39447,50.05631],[4.39206,50.05408],[4.39257,50.05379],[4.38972,50.05154],[4.40094,50.05101],[4.40957,50.04525],[4.40671,50.03892],[4.41539,50.0106],[4.41321,50.00082],[4.42393,49.98254],[4.43512,49.97253],[4.44586,49.95391],[4.43894,49.94614],[4.44549,49.93718],[4.48116,49.94815],[4.51122,49.94651],[4.52477,49.95375],[4.54139,49.96948],[4.56456,49.97038],[4.57349,49.97993],[4.60031,49.98628],[4.6054,49.98908],[4.59835,50.00109],[4.60194,50.0181],[4.58552,50.01536],[4.57194,50.00888],[4.56346,50.02421],[4.55212,50.03502],[4.54959,50.04395],[4.54177,50.05095],[4.54348,50.06234],[4.53024,50.06646],[4.53287,50.08005],[4.54095,50.08709],[4.53892,50.09186],[4.52757,50.1137],[4.50519,50.11168],[4.48964,50.12564],[4.48906,50.13499],[4.47645,50.13931],[4.4651,50.13456],[4.4463,50.13432],[4.44281,50.12964],[4.40068,50.12285]]]},"properties":{"postcode":"5660","nl":"Couvin","fr":"Couvin"}},
{"type":"Feature","geometry":{"type":"Polygon","coordinates":[[[5.3091,50.71802],[5.30809,50.72381],[5.33369,50.73549],[5.35029,50.74639],[5.36803,50.74697],[5.37605,50.74204],[5.38959,50.74797],[5.39985,50.75488],[5.40031,50.76231],[5.3788,50.77417],[5.36632,50.78312],[5.36521,50.78357],[5.36235,50.78482],[5.36163,50.78512],[5.36129,50.78531],[5.35954,50.78269],[5.35966,50.77981],[5.34815,50.77943],[5.34743,50.7792],[5.34718,50.77908],[5.34691,50.77892],[5.34701,50.77884],[5.3448,50.77765],[5.34383,50.77693],[5.34123,50.7763],[5.34086,50.77539],[5.31902,50.78675],[5.308,50.78285],[5.29565,50.79131],[5.27963,50.79187],[5.28667,50.78092],[5.27302,50.77677],[5.26778,50.7535],[5.24465,50.74996],[5.23436,50.73506],[5.23691,50.72722],[5.24113,50.71672],[5.26299,50.71684],[5.27631,50.72903],[5.3091,50.71802]]]},"properties":{"postcode":"3870","nl":"Heers","fr":"Heers"}},
{"type":"Feature","geometry":{"type":"Polygon","coordinates":[[[5.18668,50.89375],[5.18561,50.88896],[5.17922,50.88614],[5.1784,50.88351],[5.17905,50.88238],[5.17984,50.88154],[5.17917,50.87915],[5.17681,50.87658],[5.17325,50.87405],[5.17317,50.87402],[5.17273,50.87409],[5.17261,50.87407],[5.17224,50.8737],[5.17094,50.87312],[5.17105,50.87286],[5.17108,50.8726],[5.16961,50.87237],[5.16205,50.8758],[5.16195,50.87603],[5.16179,50.87601],[5.16176,50.8761],[5.16191,50.87616],[5.16178,50.87627],[5.16187,50.87676],[5.15508,50.87951],[5.15498,50.87905],[5.15488,50.87836],[5.1547,50.87799],[5.15444,50.87595],[5.15527,50.87093],[5.15436,50.86418],[5.1543,50.86408],[5.15413,50.86389],[5.15392,50.86357],[5.15338,50.86262],[5.1522,50.86139],[5.15152,50.86117],[5.1509,50.86118],[5.14843,50.86051],[5.14856,50.86007],[5.14922,50.86004],[5.149,50.8596],[5.14925,50.85908],[5.1493,50.85886],[5.16552,50.85576],[5.18057,50.85846],[5.18755,50.85441],[5.20273,50.85542],[5.20826,50.86226],[5.2083,50.87407],[5.22424,50.87382],[5.2364,50.8655],[5.24273,50.86703],[5.25016,50.88165],[5.26359,50.89171],[5.25307,50.89269],[5.25003,50.89329],[5.24997,50.89341],[5.24953,50.89387],[5.2492,50.89425],[5.24867,50.89426],[5.24591,50.89415],[5.24101,50.89393],[5.23232,50.89382],[5.23238,50.89442],[5.23008,50.89623],[5.22885,50.89694],[5.22839,50.89706],[5.22786,50.89715],[5.2261,50.89739],[5.22514,50.89979],[5.22803,50.91033],[5.21153,50.90916],[5.19654,50.89994],[5.2011,50.89252],[5.19439,50.89351],[5.19465,50.89423],[5.19207,50.89454],[5.19149,50.89416],[5.18787,50.89388],[5.18668,50.89375]]]},"properties":{"postcode":"3850","nl":"Nieuwerkerken","fr":"Nieuwerkerken"}},
{"type":"Feature","geometry":{"type":"Polygon","coordinates":[[[5.41494,50.9437],[5.40818,50.94007],[5.39834,50.93652],[5.39366,50.93561],[5.39335,50.9356],[5.39294,50.93573],[5.39248,50.93567],[5.39124,50.93523],[5.39075,50.93508],[5.38972,50.93481],[5.38884,50.93451],[5.38723,50.93423],[5.38541,50.93401],[5.38474,50.93395],[5.38408,50.93392],[5.37612,50.93159],[5.37326,50.9288],[5.37684,50.92687],[5.3747,50.92365],[5.37468,50.92353],[5.37479,50.92344],[5.37501,50.92335],[5.3748,50.92332],[5.37475,50.92318],[5.37516,50.92307],[5.37507,50.92279],[5.37509,50.92245],[5.37522,50.92155],[5.37607,50.92041],[5.3809,50.91668],[5.36518,50.90548],[5.36821,50.89846],[5.36873,50.89811],[5.36953,50.8976],[5.37034,50.89703],[5.37362,50.89452],[5.36912,50.89093],[5.36975,50.88332],[5.38202,50.87926],[5.38809,50.88035],[5.38899,50.88021],[5.38931,50.88011],[5.38964,50.87996],[5.3934,50.87986],[5.39581,50.88061],[5.39867,50.87926],[5.39922,50.87923],[5.39991,50.87892],[5.40046,50.87879],[5.40056,50.87872],[5.40069,50.87836],[5.40135,50.87776],[5.40267,50.87681],[5.40421,50.87598],[5.40433,50.87567],[5.40547,50.87514],[5.40593,50.87469],[5.40639,50.87473],[5.40656,50.87467],[5.4065,50.8744],[5.4069,50.87426],[5.40704,50.87409],[5.40956,50.87614],[5.42155,50.87761],[5.43573,50.88215],[5.43696,50.88128],[5.43791,50.88092],[5.43964,50.88046],[5.44139,50.87994],[5.44169,50.87986],[5.44234,50.87964],[5.44402,50.87917],[5.44514,50.87865],[5.44688,50.87772],[5.44822,50.87705],[5.44926,50.87655],[5.44845,50.88269],[5.44053,50.88737],[5.45205,50.90153],[5.45683,50.90993],[5.47917,50.92262],[5.47037,50.931],[5.44594,50.94365],[5.42811,50.95003],[5.41494,50.9437]]]},"properties":{"postcode":"3590","nl":"Diepenbeek","fr":"Diepenbeek"}},
{"type":"Feature","geometry":{"type":"Polygon","coordinates":[[[5.23069,50.031],[5.23238,50.04294],[5.24337,50.04966],[5.25022,50.05928],[5.26481,50.06251],[5.27644,50.07235],[5.29548,50.07521],[5.31662,50.08557],[5.29426,50.09428],[5.28766,50.10067],[5.26331,50.10858],[5.23644,50.11018],[5.22687,50.10218],[5.20018,50.09679],[5.18863,50.1008],[5.15861,50.09789],[5.16049,50.09213],[5.16085,50.08828],[5.16073,50.08729],[5.16043,50.08469],[5.1594,50.08401],[5.15926,50.08389],[5.15856,50.08344],[5.16928,50.07255],[5.17003,50.06723],[5.17025,50.06696],[5.17049,50.06673],[5.17062,50.0665],[5.17089,50.06325],[5.17818,50.04507],[5.17906,50.03628],[5.19731,50.03821],[5.21013,50.03597],[5.22829,50.02579],[5.23069,50.031]]]},"properties":{"postcode":"6927","nl":"Tellin","fr":"Tellin"}},
{"type":"Feature","geometry":{"type":"Polygon","coordinates":[[[2.6018,51.11377],[2.56337,51.1002],[2.54133,51.09388],[2.56285,51.06493],[2.56589,51.04614],[2.57298,51.05097],[2.60186,51.05865],[2.62153,51.06228],[2.6332,51.06702],[2.6345,51.07856],[2.62499,51.0847],[2.6018,51.11377]]]},"properties":{"postcode":"8660","nl":"De Panne","fr":"La Panne"}},
{"type":"Feature","geometry":{"type":"Polygon","coordinates":[[[3.13254,50.84762],[3.14958,50.85909],[3.16486,50.86506],[3.17347,50.85699],[3.1925,50.85975],[3.20313,50.86514],[3.20393,50.86496],[3.20708,50.86533],[3.20882,50.86572],[3.20873,50.86607],[3.20695,50.86983],[3.20626,50.87371],[3.18821,50.8915],[3.17483,50.89213],[3.15031,50.88702],[3.11765,50.89035],[3.09555,50.87403],[3.10846,50.85278],[3.11964,50.85475],[3.13254,50.84762]]]},"properties":{"postcode":"8880","nl":"Ledegem","fr":"Ledegem"}},
{"type":"Feature","geometry":{"type":"Polygon","coordinates":[[[4.13256,50.33055],[4.15115,50.32075],[4.16338,50.32277],[4.18577,50.30977],[4.19683,50.31135],[4.19949,50.30054],[4.20887,50.28772],[4.21999,50.2812],[4.2258,50.28286],[4.2394,50.28256],[4.23999,50.28253],[4.24354,50.28227],[4.24463,50.28221],[4.25392,50.28198],[4.25671,50.28246],[4.25764,50.28307],[4.25778,50.283],[4.25852,50.28338],[4.25868,50.2836],[4.26145,50.28426],[4.26305,50.28847],[4.26323,50.2884],[4.26326,50.28851],[4.26348,50.28863],[4.26407,50.28883],[4.26563,50.2902],[4.26531,50.29037],[4.26637,50.29124],[4.26708,50.29172],[4.26746,50.29201],[4.26706,50.29213],[4.26633,50.29237],[4.2657,50.2926],[4.26343,50.29355],[4.25775,50.29442],[4.25786,50.29584],[4.25709,50.29645],[4.25517,50.29748],[4.25198,50.2936],[4.25033,50.2943],[4.24903,50.29279],[4.238,50.30123],[4.23905,50.30259],[4.23816,50.30298],[4.23753,50.30363],[4.23712,50.30478],[4.23971,50.30465],[4.24069,50.30584],[4.23725,50.31483],[4.22992,50.31801],[4.22453,50.31935],[4.22182,50.31897],[4.22069,50.31903],[4.22015,50.31908],[4.21854,50.31941],[4.21759,50.3197],[4.2168,50.32011],[4.21584,50.32178],[4.21612,50.32207],[4.2174,50.32316],[4.21775,50.32361],[4.21784,50.32379],[4.21787,50.32394],[4.21871,50.32409],[4.21618,50.32699],[4.21588,50.32694],[4.21548,50.32701],[4.2149,50.32697],[4.21361,50.32676],[4.21352,50.32662],[4.21339,50.32656],[4.21337,50.32646],[4.21248,50.32634],[4.21145,50.32589],[4.21061,50.32537],[4.21046,50.32561],[4.20604,50.32907],[4.19035,50.32953],[4.19022,50.33047],[4.18998,50.33191],[4.18898,50.33462],[4.18867,50.33841],[4.18766,50.33927],[4.18319,50.34864],[4.18579,50.35103],[4.18586,50.3516],[4.18593,50.35189],[4.18623,50.35267],[4.18655,50.35315],[4.18677,50.3534],[4.1801,50.3625],[4.17988,50.36282],[4.17965,50.3629],[4.17856,50.36274],[4.17847,50.36474],[4.15931,50.36675],[4.14979,50.36068],[4.15288,50.34507],[4.14712,50.34428],[4.13256,50.33055]]]},"properties":{"postcode":"6567","nl":"Merbes-le-Château","fr":"Merbes-le-Château"}},
{"type":"Feature","geometry":{"type":"Polygon","coordinates":[[[4.40756,50.83887],[4.4548,50.83988],[4.46178,50.84879],[4.46116,50.8519],[4.45877,50.85261],[4.45807,50.85274],[4.45787,50.85277],[4.4538,50.85348],[4.4521,50.85354],[4.45116,50.85346],[4.45042,50.85352],[4.44782,50.85432],[4.44629,50.85512],[4.44596,50.85547],[4.44597,50.85576],[4.44606,50.85602],[4.44633,50.85624],[4.44605,50.85688],[4.44501,50.85814],[4.42663,50.86287],[4.42504,50.86117],[4.42406,50.86013],[4.422,50.85702],[4.41584,50.85422],[4.41178,50.85204],[4.41211,50.85174],[4.41112,50.85114],[4.41105,50.85077],[4.40996,50.8507],[4.40005,50.84365],[4.4006,50.84311],[4.40111,50.84229],[4.40147,50.84134],[4.40109,50.8406],[4.40215,50.84042],[4.40253,50.84031],[4.40756,50.83887]]]},"properties":{"postcode":"1200","nl":"Sint-Lambrechts-Woluwe","fr":"Woluwe-Saint-Lambert"}},
{"type":"Feature","geometry":{"type":"Polygon","coordinates":[[[4.39804,50.81329],[4.39841,50.81347],[4.3988,50.81364],[4.39964,50.81395],[4.4013,50.81406],[4.40362,50.81485],[4.40632,50.81502],[4.40636,50.81238],[4.41437,50.81322],[4.42847,50.81001],[4.42923,50.80389],[4.45532,50.79197],[4.47027,50.78976],[4.48049,50.79428],[4.44718,50.8083],[4.45466,50.81842],[4.44064,50.82057],[4.42717,50.8259],[4.41778,50.82162],[4.40436,50.82704],[4.39934,50.82486],[4.39728,50.82609],[4.39704,50.82624],[4.39605,50.82574],[4.3971,50.82502],[4.39824,50.82424],[4.40176,50.82184],[4.40244,50.82137],[4.40266,50.81801],[4.39856,50.81694],[4.398,50.81701],[4.39713,50.81724],[4.3971,50.81627],[4.39521,50.81771],[4.39419,50.81726],[4.39804,50.81329]]]},"properties":{"postcode":"1160","nl":"Oudergem","fr":"Auderghem"}},
{"type":"Feature","geometry":{"type":"Polygon","coordinates":[[[4.59186,50.10895],[4.60951,50.10761],[4.6228,50.09216],[4.64685,50.10593],[4.66715,50.10925],[4.67869,50.11407],[4.69226,50.11058],[4.70979,50.10936],[4.71959,50.10179],[4.75172,50.11191],[4.76283,50.13446],[4.76217,50.13641],[4.77976,50.14149],[4.78801,50.14485],[4.79038,50.14583],[4.79637,50.14829],[4.79459,50.14908],[4.76871,50.15088],[4.76848,50.15117],[4.7683,50.15145],[4.76705,50.15273],[4.76495,50.15682],[4.75895,50.15882],[4.75782,50.15941],[4.75686,50.1602],[4.75566,50.16091],[4.75236,50.1618],[4.75519,50.1651],[4.75618,50.16671],[4.75693,50.1681],[4.75735,50.16798],[4.7584,50.16773],[4.7604,50.1672],[4.76264,50.16648],[4.76641,50.16591],[4.76755,50.1663],[4.76789,50.16643],[4.76985,50.16697],[4.77751,50.16847],[4.79945,50.17841],[4.78672,50.18606],[4.78057,50.19963],[4.76899,50.19887],[4.74398,50.20957],[4.73358,50.20995],[4.7276,50.20158],[4.71432,50.19756],[4.71007,50.189],[4.71873,50.18756],[4.71525,50.17435],[4.72122,50.16472],[4.7291,50.163],[4.72936,50.1547],[4.70188,50.14949],[4.69092,50.14507],[4.66725,50.15798],[4.64836,50.1526],[4.6407,50.15378],[4.61544,50.14902],[4.60288,50.13212],[4.58492,50.12314],[4.59186,50.10895]]]},"properties":{"postcode":"5680","nl":"Doische","fr":"Doische"}},
{"type":"Feature","geometry":{"type":"Polygon","coordinates":[[[3.82666,50.55044],[3.82732,50.5502],[3.82816,50.54984],[3.82953,50.54873],[3.83017,50.54916],[3.83215,50.54829],[3.85425,50.55132],[3.85896,50.54532],[3.89084,50.54084],[3.90989,50.54246],[3.92726,50.55183],[3.94162,50.54224],[3.95294,50.54003],[3.95822,50.54973],[3.97399,50.54775],[3.97543,50.54729],[3.97575,50.54794],[3.97788,50.55221],[3.97939,50.55515],[3.97072,50.56854],[3.9683,50.58398],[3.95225,50.58706],[3.95379,50.60662],[3.94559,50.61453],[3.93513,50.61482],[3.9296,50.60837],[3.9161,50.61637],[3.90424,50.6156],[3.90878,50.60868],[3.91174,50.60267],[3.90592,50.59404],[3.89765,50.58786],[3.90914,50.58276],[3.89545,50.57825],[3.87891,50.5694],[3.87254,50.57686],[3.86687,50.57789],[3.86751,50.57989],[3.86353,50.58085],[3.86338,50.5797],[3.86301,50.57972],[3.86306,50.58213],[3.86225,50.58218],[3.85732,50.58225],[3.84377,50.58152],[3.83931,50.58195],[3.83614,50.58213],[3.83572,50.58211],[3.8304,50.56734],[3.83174,50.5653],[3.83229,50.5647],[3.83247,50.56446],[3.83307,50.56375],[3.83788,50.56124],[3.83597,50.55808],[3.83348,50.55609],[3.83277,50.55566],[3.83178,50.55528],[3.83213,50.55489],[3.83216,50.55469],[3.83216,50.55437],[3.83208,50.55338],[3.8323,50.5518],[3.83354,50.55168],[3.83301,50.55061],[3.83155,50.55071],[3.83157,50.55095],[3.82666,50.55044]]]},"properties":{"postcode":"7870","nl":"Lens","fr":"Lens"}},
{"type":"Feature","geometry":{"type":"Polygon","coordinates":[[[3.95878,50.68958],[3.97116,50.70219],[3.9713,50.70248],[3.97156,50.7032],[3.97183,50.70373],[3.97251,50.70556],[3.97326,50.70689],[3.97417,50.71075],[3.96442,50.71844],[3.96215,50.72204],[3.96117,50.72237],[3.96066,50.72244],[3.95891,50.72263],[3.95828,50.72273],[3.95346,50.72058],[3.9499,50.71973],[3.95006,50.71937],[3.94931,50.71926],[3.94857,50.71918],[3.94728,50.71904],[3.94563,50.71995],[3.94373,50.72892],[3.93659,50.73082],[3.91868,50.72782],[3.91482,50.7303],[3.90601,50.72905],[3.90355,50.73119],[3.89572,50.73304],[3.89568,50.73302],[3.89394,50.72991],[3.89693,50.72921],[3.89499,50.72663],[3.89455,50.72451],[3.89473,50.72395],[3.89464,50.72375],[3.89197,50.71804],[3.89074,50.71547],[3.88895,50.71292],[3.91348,50.69875],[3.91209,50.69119],[3.92924,50.69495],[3.93548,50.69062],[3.95878,50.68958]]]},"properties":{"postcode":"1547","nl":"Bever","fr":"Biévène"}},
{"type":"Feature","geometry":{"type":"Polygon","coordinates":[[[3.74939,50.93452],[3.73156,50.93568],[3.72492,50.94145],[3.71198,50.94507],[3.70354,50.95212],[3.69642,50.95042],[3.68288,50.95487],[3.67039,50.95391],[3.65999,50.95644],[3.64817,50.95137],[3.64969,50.9391],[3.64139,50.93755],[3.63594,50.93759],[3.63387,50.93871],[3.63362,50.93881],[3.63316,50.93889],[3.63214,50.93905],[3.62654,50.92851],[3.62682,50.92826],[3.62721,50.92801],[3.62846,50.92701],[3.63236,50.92485],[3.62623,50.92421],[3.62396,50.92012],[3.6418,50.91618],[3.64515,50.90909],[3.66126,50.90934],[3.67308,50.9145],[3.69143,50.90546],[3.70185,50.91171],[3.72534,50.91187],[3.72796,50.90238],[3.74704,50.90791],[3.75567,50.91381],[3.74598,50.91713],[3.73318,50.91425],[3.734,50.92378],[3.74939,50.93452]]]},"properties":{"postcode":"9890","nl":"Gavere","fr":"Gavere"}},
{"type":"Feature","geometry":{"type":"Polygon","coordinates":[[[4.85243,50.61539],[4.88864,50.62199],[4.90065,50.6225],[4.92929,50.6274],[4.94102,50.63605],[4.94111,50.6434],[4.92442,50.65649],[4.9353,50.66781],[4.92238,50.678],[4.91303,50.69119],[4.91845,50.6962],[4.91165,50.70187],[4.89961,50.70288],[4.88187,50.69792],[4.86678,50.70038],[4.86187,50.68982],[4.86652,50.6857],[4.8496,50.6778],[4.85167,50.66952],[4.84008,50.66082],[4.83104,50.6468],[4.84202,50.63565],[4.8417,50.62284],[4.85243,50.61539]]]},"properties":{"postcode":"1367","nl":"Ramillies","fr":"Ramillies"}},
{"type":"Feature","geometry":{"type":"Polygon","coordinates":[[[3.36542,50.72143],[3.37495,50.71518],[3.37638,50.71452],[3.37836,50.71437],[3.37794,50.7139],[3.3803,50.71277],[3.38808,50.70881],[3.39938,50.70079],[3.39888,50.70048],[3.39867,50.70033],[3.39862,50.70026],[3.39823,50.70004],[3.39774,50.69979],[3.39732,50.69946],[3.39723,50.69949],[3.39704,50.69945],[3.39419,50.69762],[3.39089,50.69833],[3.39068,50.69823],[3.39035,50.69802],[3.38929,50.69715],[3.38668,50.69461],[3.38625,50.69309],[3.38711,50.69289],[3.3874,50.69282],[3.3873,50.68935],[3.38692,50.68214],[3.38632,50.68111],[3.38531,50.68008],[3.38469,50.67974],[3.38407,50.67863],[3.38412,50.67719],[3.38429,50.6767],[3.38458,50.67626],[3.38455,50.67607],[3.38429,50.67563],[3.38538,50.67545],[3.38762,50.67563],[3.38777,50.67562],[3.38794,50.67573],[3.39426,50.67571],[3.4057,50.68264],[3.4189,50.68878],[3.43559,50.68208],[3.43549,50.68186],[3.43502,50.68123],[3.43445,50.6799],[3.43376,50.67881],[3.43388,50.67831],[3.43364,50.67802],[3.43374,50.67776],[3.43369,50.67764],[3.43434,50.6762],[3.44474,50.67375],[3.44705,50.67131],[3.44775,50.67106],[3.44817,50.67103],[3.44885,50.67102],[3.44938,50.67096],[3.44971,50.67086],[3.45035,50.67058],[3.45186,50.67005],[3.45291,50.66999],[3.45337,50.66996],[3.45361,50.6699],[3.46241,50.66627],[3.46247,50.66583],[3.4624,50.66561],[3.46234,50.66525],[3.46066,50.66372],[3.46092,50.66143],[3.46223,50.66155],[3.46364,50.66106],[3.46856,50.65936],[3.46882,50.65904],[3.47004,50.658],[3.47162,50.6575],[3.47268,50.65722],[3.47388,50.65687],[3.47464,50.65656],[3.47509,50.65632],[3.47418,50.65583],[3.475,50.65531],[3.47589,50.65593],[3.47691,50.65529],[3.48539,50.65372],[3.49347,50.65642],[3.50252,50.65198],[3.52593,50.65884],[3.53331,50.66556],[3.51764,50.67676],[3.51751,50.67886],[3.51578,50.67973],[3.5161,50.68039],[3.51647,50.68068],[3.51725,50.68136],[3.51114,50.68681],[3.51077,50.68694],[3.50932,50.68745],[3.50881,50.68765],[3.50996,50.68872],[3.50902,50.68941],[3.50913,50.68948],[3.50931,50.68971],[3.50941,50.6899],[3.5093,50.68995],[3.50887,50.6907],[3.50863,50.69102],[3.50834,50.69135],[3.48755,50.70358],[3.48318,50.71151],[3.46453,50.71992],[3.47961,50.72799],[3.48873,50.73874],[3.47773,50.74019],[3.45336,50.75812],[3.43857,50.75862],[3.43611,50.75756],[3.43568,50.75626],[3.43852,50.75572],[3.43691,50.75433],[3.43426,50.75489],[3.43368,50.75537],[3.43325,50.7563],[3.43304,50.75654],[3.43189,50.75672],[3.43105,50.75622],[3.43075,50.75565],[3.43068,50.75538],[3.43118,50.75446],[3.43147,50.75434],[3.43172,50.75428],[3.43298,50.75404],[3.43349,50.75383],[3.43361,50.75342],[3.43285,50.75285],[3.43275,50.75274],[3.43254,50.75223],[3.43344,50.75104],[3.43461,50.75046],[3.43484,50.75032],[3.43498,50.75013],[3.43348,50.74865],[3.43182,50.74838],[3.43147,50.74856],[3.43083,50.74906],[3.43016,50.74915],[3.42632,50.74778],[3.42682,50.74711],[3.42683,50.74695],[3.42671,50.74681],[3.42661,50.74675],[3.42631,50.74668],[3.42483,50.74644],[3.4227,50.74599],[3.4205,50.74583],[3.41888,50.74589],[3.41778,50.746],[3.4144,50.74674],[3.41189,50.74694],[3.41155,50.74698],[3.411,50.747],[3.40554,50.74635],[3.40308,50.74162],[3.3935,50.72924],[3.37287,50.72755],[3.36889,50.72577],[3.36829,50.72345],[3.36626,50.72217],[3.36542,50.72143]]]},"properties":{"postcode":"7760","nl":"Celles","fr":"Celles"}},
{"type":"Feature","geometry":{"type":"Polygon","coordinates":[[[3.84275,50.43425],[3.84323,50.4341],[3.8454,50.43348],[3.84728,50.43451],[3.8505,50.43327],[3.84656,50.42778],[3.85307,50.42441],[3.8628,50.41924],[3.86934,50.41138],[3.87535,50.42078],[3.88357,50.42054],[3.88051,50.43738],[3.87627,50.43893],[3.86843,50.45534],[3.86813,50.45522],[3.86776,50.45519],[3.86735,50.45532],[3.86713,50.45565],[3.86674,50.45595],[3.86498,50.45617],[3.85915,50.45671],[3.85897,50.45665],[3.85826,50.45623],[3.85797,50.45597],[3.8553,50.45585],[3.85361,50.45467],[3.85335,50.45571],[3.85321,50.45592],[3.85279,50.45596],[3.85182,50.45627],[3.85068,50.45644],[3.84924,50.45768],[3.84388,50.45825],[3.83973,50.45761],[3.83843,50.4583],[3.83701,50.45767],[3.83773,50.45676],[3.83769,50.45665],[3.83743,50.45628],[3.83743,50.45534],[3.83629,50.45515],[3.83597,50.45463],[3.83565,50.45449],[3.83545,50.45447],[3.83521,50.4545],[3.83224,50.45437],[3.83191,50.45422],[3.83137,50.45367],[3.83093,50.45349],[3.82876,50.45375],[3.82932,50.45073],[3.83024,50.44602],[3.82922,50.44481],[3.8318,50.44344],[3.83229,50.44368],[3.83247,50.44324],[3.83405,50.44329],[3.83793,50.44411],[3.84275,50.43425]]]},"properties":{"postcode":"7390","nl":"Quaregnon","fr":"Quaregnon"}},
{"type":"Feature","geometry":{"type":"Polygon","coordinates":[[[4.53414,50.42186],[4.53836,50.42331],[4.56138,50.41432],[4.56765,50.41744],[4.55866,50.42827],[4.58044,50.43512],[4.57826,50.43837],[4.57265,50.44214],[4.55728,50.44964],[4.54911,50.44621],[4.53967,50.45066],[4.53177,50.45066],[4.53001,50.45066],[4.52986,50.45068],[4.5298,50.45112],[4.52788,50.45082],[4.52773,50.45072],[4.52768,50.45048],[4.52742,50.45035],[4.52735,50.45027],[4.52744,50.45021],[4.52733,50.45009],[4.52743,50.44997],[4.52744,50.44951],[4.52626,50.44897],[4.52624,50.44871],[4.52574,50.44834],[4.52542,50.4481],[4.52528,50.44805],[4.52497,50.44787],[4.5245,50.44754],[4.52381,50.44697],[4.52371,50.44653],[4.52325,50.44608],[4.52311,50.4457],[4.52315,50.44563],[4.52298,50.44557],[4.51752,50.44326],[4.52736,50.43709],[4.52053,50.43171],[4.52575,50.42306],[4.53414,50.42186]]]},"properties":{"postcode":"6240","nl":"Farciennes","fr":"Farciennes"}},
{"type":"Feature","geometry":{"type":"Polygon","coordinates":[[[4.54613,51.22003],[4.56228,51.22135],[4.57404,51.22061],[4.60758,51.22888],[4.61552,51.2361],[4.62006,51.24116],[4.61429,51.25309],[4.60769,51.25385],[4.62938,51.28606],[4.63314,51.29387],[4.60001,51.29206],[4.60154,51.28226],[4.5884,51.28177],[4.58696,51.29156],[4.55316,51.27583],[4.54683,51.27565],[4.54464,51.26119],[4.53506,51.24566],[4.52939,51.2423],[4.54438,51.23264],[4.55306,51.23141],[4.54613,51.22003]]]},"properties":{"postcode":"2970","nl":"Schilde","fr":"Schilde"}},
{"type":"Feature","geometry":{"type":"Polygon","coordinates":[[[4.35845,50.71612],[4.35509,50.71136],[4.35956,50.70586],[4.36348,50.7032],[4.36466,50.70284],[4.36606,50.70114],[4.36631,50.70077],[4.3854,50.70518],[4.38566,50.70513],[4.38593,50.70506],[4.38897,50.70408],[4.39582,50.7012],[4.39307,50.69107],[4.39225,50.68953],[4.39199,50.68859],[4.39164,50.68794],[4.39123,50.68682],[4.39101,50.68631],[4.40013,50.68125],[4.40148,50.68107],[4.40265,50.68074],[4.40525,50.6796],[4.41142,50.68016],[4.41167,50.6801],[4.41198,50.67993],[4.42453,50.67347],[4.43574,50.68142],[4.41616,50.69305],[4.43228,50.70019],[4.42965,50.70767],[4.44066,50.71561],[4.43116,50.7247],[4.42382,50.72517],[4.42413,50.73587],[4.41425,50.73513],[4.39631,50.73387],[4.37186,50.7295],[4.37273,50.71622],[4.35845,50.71612]]]},"properties":{"postcode":"1410","nl":"Waterloo","fr":"Waterloo"}},
{"type":"Feature","geometry":{"type":"Polygon","coordinates":[[[5.52934,49.87011],[5.54459,49.86696],[5.55445,49.87078],[5.57524,49.86818],[5.58412,49.87595],[5.62676,49.89265],[5.65659,49.90039],[5.68598,49.91769],[5.69596,49.92969],[5.69666,49.9386],[5.70922,49.94202],[5.71348,49.95781],[5.70356,49.96545],[5.68859,49.96834],[5.68962,49.97439],[5.68132,49.98449],[5.66767,49.99248],[5.65286,49.99001],[5.64027,50.00582],[5.62742,50.00916],[5.62493,50.00901],[5.62344,50.01028],[5.62314,50.01069],[5.62252,50.01177],[5.60946,50.00696],[5.6123,50.00266],[5.61196,50.00229],[5.61087,50.0012],[5.60447,49.99773],[5.60254,49.99445],[5.60144,49.99407],[5.60064,49.99381],[5.5976,49.99235],[5.59777,49.99216],[5.59708,49.99161],[5.59643,49.99079],[5.59418,49.98901],[5.59063,49.98752],[5.59006,49.98795],[5.5891,49.98791],[5.58653,49.98658],[5.58639,49.98647],[5.58627,49.98626],[5.58624,49.98592],[5.58633,49.98542],[5.58668,49.98419],[5.58875,49.98347],[5.58685,49.98207],[5.58704,49.98145],[5.58609,49.9812],[5.58542,49.98109],[5.58659,49.97625],[5.58122,49.96943],[5.57855,49.96605],[5.57881,49.96571],[5.57894,49.96516],[5.57905,49.96495],[5.57908,49.96476],[5.57606,49.95918],[5.57141,49.9593],[5.57027,49.95881],[5.56938,49.95968],[5.5686,49.96023],[5.56789,49.95966],[5.56719,49.9591],[5.56678,49.95835],[5.56729,49.95752],[5.56465,49.95693],[5.56426,49.95673],[5.56205,49.95539],[5.56008,49.96066],[5.54929,49.96635],[5.54247,49.96225],[5.55289,49.95346],[5.54928,49.9488],[5.53199,49.94536],[5.52432,49.94009],[5.52798,49.93118],[5.49515,49.90303],[5.50245,49.8989],[5.5115,49.88712],[5.52843,49.88048],[5.52934,49.87011]]]},"properties":{"postcode":"6640","nl":"Vaux-sur-Sûre","fr":"Vaux-sur-Sûre"}},
{"type":"Feature","geometry":{"type":"Polygon","coordinates":[[[4.07559,50.46528],[4.09302,50.46369],[4.10211,50.46801],[4.10594,50.47212],[4.10719,50.47276],[4.10877,50.47382],[4.10914,50.47403],[4.10943,50.47414],[4.10957,50.47424],[4.10884,50.47846],[4.10841,50.47905],[4.10807,50.47917],[4.10787,50.48007],[4.10832,50.48096],[4.1085,50.48153],[4.10896,50.48151],[4.1098,50.48307],[4.1099,50.48354],[4.10985,50.48357],[4.10977,50.48377],[4.10978,50.48409],[4.11016,50.48453],[4.11024,50.48469],[4.10964,50.48497],[4.10983,50.48832],[4.1092,50.48886],[4.10988,50.49027],[4.11043,50.49246],[4.11677,50.49388],[4.1202,50.49463],[4.12539,50.49569],[4.12927,50.49642],[4.13297,50.49711],[4.13908,50.50936],[4.14926,50.51598],[4.16692,50.51739],[4.17789,50.51382],[4.18641,50.52477],[4.17664,50.52859],[4.16017,50.54096],[4.14088,50.5468],[4.13555,50.54569],[4.13502,50.54522],[4.13467,50.54604],[4.13383,50.54582],[4.13069,50.54499],[4.13067,50.54499],[4.11693,50.53192],[4.07975,50.5313],[4.0798,50.53121],[4.07976,50.53106],[4.07915,50.53089],[4.07713,50.52985],[4.07479,50.52877],[4.07382,50.52733],[4.07254,50.5265],[4.07148,50.52569],[4.07113,50.52545],[4.0733,50.51053],[4.06739,50.50728],[4.06671,50.50722],[4.06635,50.50725],[4.06563,50.50728],[4.06432,50.50738],[4.06384,50.5074],[4.06134,50.50711],[4.05379,50.50702],[4.05091,50.50676],[4.04874,50.5058],[4.04672,50.50421],[4.04116,50.50342],[4.03988,50.49775],[4.04348,50.49502],[4.04584,50.48969],[4.04799,50.4861],[4.05652,50.4799],[4.06101,50.47376],[4.05868,50.47086],[4.07612,50.46778],[4.07764,50.46751],[4.0784,50.4674],[4.07975,50.46724],[4.08194,50.46717],[4.08152,50.46548],[4.07884,50.46641],[4.07823,50.46643],[4.07667,50.46675],[4.07633,50.46643],[4.07634,50.46617],[4.0762,50.46586],[4.07559,50.46528]]]},"properties":{"postcode":"7070","nl":"Le Roeulx","fr":"Le Roeulx"}},
{"type":"Feature","geometry":{"type":"Polygon","coordinates":[[[4.56649,51.04087],[4.56299,51.04246],[4.56019,51.04133],[4.55944,51.04191],[4.56062,51.04249],[4.55977,51.04315],[4.55876,51.04263],[4.5577,51.04318],[4.55733,51.04296],[4.55627,51.04254],[4.55559,51.04225],[4.55503,51.04196],[4.55437,51.04158],[4.54496,51.04298],[4.53491,51.04553],[4.53426,51.04424],[4.53077,51.04579],[4.52978,51.0469],[4.5257,51.04606],[4.52197,51.04509],[4.52014,51.04495],[4.51583,51.04189],[4.51602,51.03395],[4.50504,51.03047],[4.5051,51.02978],[4.50577,51.02924],[4.5057,51.02914],[4.50515,51.02898],[4.50367,51.0292],[4.50345,51.02817],[4.50489,51.02838],[4.50545,51.02528],[4.50569,51.02526],[4.50624,51.02548],[4.50731,51.02548],[4.51145,51.02544],[4.51256,51.02491],[4.51302,51.02453],[4.51324,51.02431],[4.51339,51.02422],[4.51445,51.02364],[4.51623,51.02291],[4.51901,51.02374],[4.52027,51.02385],[4.52034,51.02391],[4.52016,51.02424],[4.52212,51.02393],[4.52232,51.02386],[4.52275,51.02364],[4.52381,51.02332],[4.52664,51.02277],[4.52832,51.02065],[4.52909,51.02042],[4.52991,51.02039],[4.53067,51.02038],[4.53083,51.02036],[4.53407,51.0197],[4.5364,51.01736],[4.53642,51.01633],[4.53569,51.01602],[4.53562,51.01592],[4.53566,51.01563],[4.53678,51.01335],[4.53928,51.01096],[4.5408,51.01006],[4.54097,51.00975],[4.54141,51.00957],[4.54193,51.00943],[4.54223,51.00938],[4.54351,51.0081],[4.54651,51.00708],[4.55157,51.00344],[4.55924,51.00122],[4.56004,51.00088],[4.56044,51.00074],[4.56067,51.00073],[4.5609,51.00077],[4.56168,51.00098],[4.56367,51.00118],[4.56506,51.00104],[4.56644,50.99961],[4.56247,50.99846],[4.56232,50.99832],[4.56207,50.99787],[4.56218,50.99747],[4.56301,50.99735],[4.56333,50.99738],[4.56364,50.99672],[4.56354,50.99652],[4.56387,50.99627],[4.56415,50.99623],[4.56425,50.99619],[4.56482,50.99579],[4.56806,50.99448],[4.57133,50.99443],[4.5714,50.99467],[4.57183,50.99541],[4.57095,50.99623],[4.57161,50.99817],[4.57447,50.99618],[4.57787,50.99602],[4.57955,50.99511],[4.57971,50.99489],[4.58046,50.99397],[4.5798,50.99367],[4.58163,50.99297],[4.58568,50.99146],[4.58618,50.99195],[4.58727,50.99307],[4.58796,50.99385],[4.59225,50.99339],[4.60071,50.99456],[4.6057,51.01129],[4.62913,51.01044],[4.6347,51.0172],[4.6252,51.03124],[4.59683,51.03438],[4.58373,51.03064],[4.57715,51.03576],[4.56354,51.0357],[4.56553,51.03888],[4.56758,51.03998],[4.56644,51.04085],[4.56649,51.04087]]]},"properties":{"postcode":"2820","nl":"Bonheiden","fr":"Bonheiden"}},
{"type":"Feature","geometry":{"type":"Polygon","coordinates":[[[4.53134,50.596],[4.5312,50.59571],[4.53097,50.59532],[4.53094,50.59493],[4.53061,50.59465],[4.53023,50.59374],[4.52879,50.59249],[4.52819,50.59263],[4.52777,50.59223],[4.52675,50.59025],[4.51359,50.58648],[4.50006,50.5745],[4.49258,50.57234],[4.48531,50.5804],[4.48108,50.57651],[4.47129,50.57535],[4.46555,50.5741],[4.46533,50.57452],[4.46513,50.57497],[4.4627,50.57451],[4.46181,50.57365],[4.45629,50.57261],[4.45777,50.56288],[4.46549,50.56318],[4.46666,50.56281],[4.47164,50.56204],[4.47448,50.56123],[4.47029,50.55878],[4.47103,50.55713],[4.4703,50.55692],[4.47089,50.55614],[4.47114,50.55564],[4.47131,50.55496],[4.47208,50.55371],[4.47296,50.5542],[4.4749,50.55499],[4.47732,50.55086],[4.47609,50.55043],[4.47384,50.55005],[4.46997,50.54841],[4.46855,50.54783],[4.46742,50.54733],[4.46692,50.54715],[4.46353,50.53374],[4.4635,50.53136],[4.46454,50.53077],[4.4655,50.52967],[4.46596,50.52929],[4.46736,50.52776],[4.4686,50.53083],[4.47432,50.53613],[4.48407,50.53362],[4.50351,50.53964],[4.50574,50.5293],[4.50795,50.52715],[4.51093,50.52745],[4.51187,50.52637],[4.512,50.52625],[4.51249,50.52566],[4.51271,50.5254],[4.51645,50.52641],[4.52681,50.52895],[4.52643,50.52937],[4.52832,50.53012],[4.52843,50.53009],[4.52947,50.53047],[4.52986,50.53058],[4.53153,50.53195],[4.53503,50.53122],[4.53943,50.53234],[4.54098,50.53276],[4.54294,50.53324],[4.54304,50.53329],[4.54371,50.53346],[4.54549,50.53392],[4.5469,50.53427],[4.55174,50.53548],[4.57747,50.54236],[4.57735,50.54288],[4.57715,50.54513],[4.57722,50.54592],[4.57619,50.55086],[4.57445,50.55632],[4.57515,50.56084],[4.5733,50.56859],[4.57922,50.57551],[4.57929,50.58809],[4.58504,50.59844],[4.57399,50.59806],[4.56018,50.60025],[4.55448,50.59631],[4.53679,50.60046],[4.53134,50.596]]]},"properties":{"postcode":"1495","nl":"Villers-la-Ville","fr":"Villers-la-Ville"}},
{"type":"Feature","geometry":{"type":"Polygon","coordinates":[[[5.28139,50.63716],[5.30269,50.62544],[5.31917,50.62636],[5.34946,50.63336],[5.37367,50.6464],[5.37581,50.65541],[5.35315,50.66685],[5.34841,50.67163],[5.33558,50.6658],[5.30546,50.67491],[5.29353,50.65608],[5.28447,50.65655],[5.28677,50.64599],[5.28139,50.63716]]]},"properties":{"postcode":"4357","nl":"Donceel","fr":"Donceel"}},
{"type":"Feature","geometry":{"type":"Polygon","coordinates":[[[5.42735,50.68508],[5.42438,50.71225],[5.43174,50.71972],[5.41628,50.72282],[5.40229,50.72805],[5.39447,50.73484],[5.36854,50.73115],[5.37233,50.71549],[5.36305,50.70622],[5.36343,50.69941],[5.39676,50.69205],[5.42735,50.68508]]]},"properties":{"postcode":"4367","nl":"Crisnée","fr":"Crisnée"}},
{"type":"Feature","geometry":{"type":"Polygon","coordinates":[[[5.04941,51.29663],[5.07262,51.29718],[5.09794,51.29459],[5.11927,51.29549],[5.14041,51.29125],[5.13435,51.3155],[5.13169,51.34704],[5.11656,51.36113],[5.07118,51.39349],[5.05364,51.3707],[5.05072,51.3653],[5.04612,51.35668],[5.04434,51.35339],[5.04401,51.35273],[5.02947,51.32542],[5.0398,51.30944],[5.0519,51.30348],[5.04941,51.29663]]]},"properties":{"postcode":"2370","nl":"Arendonk","fr":"Arendonk"}},
{"type":"Feature","geometry":{"type":"Polygon","coordinates":[[[5.33328,50.45487],[5.36125,50.46146],[5.37821,50.44772],[5.38426,50.44664],[5.39646,50.45069],[5.41347,50.44983],[5.41663,50.45672],[5.42728,50.46106],[5.42854,50.47122],[5.4406,50.48128],[5.43792,50.48625],[5.43791,50.48657],[5.43795,50.48718],[5.43791,50.48886],[5.43781,50.48995],[5.44552,50.49429],[5.44387,50.49579],[5.44134,50.49519],[5.43157,50.49787],[5.40801,50.489],[5.38797,50.5059],[5.35827,50.49939],[5.35749,50.49535],[5.34367,50.48844],[5.33884,50.4806],[5.30971,50.46949],[5.30959,50.4581],[5.31761,50.45139],[5.33328,50.45487]]]},"properties":{"postcode":"4557","nl":"Tinlot","fr":"Tinlot"}},
{"type":"Feature","geometry":{"type":"Polygon","coordinates":[[[4.30037,50.81286],[4.30073,50.81192],[4.30063,50.81176],[4.30032,50.81151],[4.30035,50.81111],[4.30071,50.81083],[4.30066,50.81069],[4.30026,50.81059],[4.30009,50.8105],[4.30109,50.80713],[4.29648,50.80072],[4.29233,50.79831],[4.29164,50.79804],[4.2912,50.79785],[4.28854,50.79636],[4.29107,50.79654],[4.2914,50.79667],[4.29302,50.79651],[4.29412,50.79638],[4.29629,50.79609],[4.29714,50.79588],[4.29772,50.7957],[4.29817,50.79554],[4.29836,50.79543],[4.29874,50.79575],[4.29923,50.7956],[4.29906,50.79536],[4.29909,50.79525],[4.29969,50.79506],[4.30112,50.79507],[4.30181,50.79495],[4.30216,50.79506],[4.30229,50.79495],[4.30264,50.79483],[4.30308,50.79478],[4.30365,50.79474],[4.30713,50.78917],[4.30968,50.78884],[4.31164,50.78812],[4.31274,50.78899],[4.31292,50.78842],[4.31332,50.78798],[4.31344,50.78777],[4.3134,50.78766],[4.31251,50.78666],[4.3122,50.78648],[4.31206,50.78642],[4.3113,50.78615],[4.31095,50.78571],[4.31094,50.78504],[4.3109,50.78472],[4.31112,50.78413],[4.31096,50.78345],[4.31049,50.78316],[4.3095,50.78367],[4.30926,50.78379],[4.30899,50.78385],[4.30873,50.78378],[4.3086,50.78301],[4.30863,50.7827],[4.30869,50.78256],[4.30864,50.78243],[4.30814,50.7822],[4.3078,50.78212],[4.30801,50.78187],[4.30921,50.78142],[4.30938,50.78144],[4.3098,50.78144],[4.31034,50.78146],[4.3106,50.78139],[4.3137,50.78004],[4.32571,50.7797],[4.32576,50.7799],[4.31758,50.79513],[4.3118,50.79751],[4.30205,50.80422],[4.30645,50.81244],[4.30037,50.81286]]]},"properties":{"postcode":"1620","nl":"Drogenbos","fr":"Drogenbos"}},
{"type":"Feature","geometry":{"type":"Polygon","coordinates":[[[4.71813,51.32684],[4.77587,51.31264],[4.80846,51.34452],[4.81703,51.35045],[4.81607,51.36162],[4.82336,51.36638],[4.82778,51.38127],[4.8017,51.38692],[4.77461,51.38598],[4.77238,51.38692],[4.77128,51.38751],[4.77034,51.38823],[4.76913,51.38884],[4.76874,51.38851],[4.76811,51.3883],[4.76762,51.38763],[4.76375,51.38694],[4.76247,51.38778],[4.76218,51.38741],[4.75654,51.38828],[4.75637,51.38818],[4.75627,51.38803],[4.75606,51.38796],[4.75518,51.38781],[4.7406,51.38562],[4.73671,51.38602],[4.73178,51.38445],[4.73097,51.38355],[4.72826,51.38404],[4.71848,51.37571],[4.7235,51.35751],[4.71813,51.32684]]]},"properties":{"postcode":"2310","nl":"Rijkevorsel","fr":"Rijkevorsel"}},
{"type":"Feature","geometry":{"type":"Polygon","coordinates":[[[4.23761,50.67768],[4.23811,50.67651],[4.23807,50.67514],[4.23823,50.67223],[4.23829,50.67138],[4.23836,50.67097],[4.24387,50.66298],[4.25774,50.65883],[4.27023,50.66215],[4.27116,50.66203],[4.27158,50.662],[4.27344,50.66189],[4.27554,50.66114],[4.2786,50.66032],[4.2791,50.66015],[4.28441,50.66596],[4.28775,50.66537],[4.28822,50.66593],[4.28862,50.66627],[4.28908,50.66676],[4.29171,50.6666],[4.29547,50.66688],[4.29685,50.66698],[4.2978,50.66706],[4.29843,50.6671],[4.29895,50.66717],[4.30104,50.66738],[4.30273,50.66752],[4.30337,50.66756],[4.31225,50.66102],[4.31403,50.66412],[4.31518,50.66449],[4.31559,50.66313],[4.31604,50.66151],[4.3161,50.66134],[4.31846,50.66161],[4.31941,50.66204],[4.31988,50.66263],[4.32025,50.66296],[4.32281,50.66461],[4.32468,50.66573],[4.32505,50.666],[4.3254,50.6662],[4.32554,50.66625],[4.32897,50.67232],[4.3295,50.67427],[4.32993,50.6752],[4.33006,50.6758],[4.33112,50.67868],[4.3313,50.67974],[4.33147,50.68016],[4.3322,50.68069],[4.33322,50.68139],[4.33342,50.68156],[4.33348,50.6817],[4.33363,50.68196],[4.33328,50.68227],[4.33318,50.68313],[4.33264,50.68432],[4.33274,50.68636],[4.33304,50.6874],[4.33318,50.68766],[4.33321,50.68782],[4.32355,50.68976],[4.31289,50.69508],[4.31176,50.69599],[4.3102,50.69733],[4.30895,50.69831],[4.30291,50.69937],[4.294,50.6951],[4.29035,50.69408],[4.28447,50.69809],[4.28286,50.69797],[4.28195,50.69832],[4.28092,50.69839],[4.28034,50.69861],[4.27925,50.69887],[4.27468,50.69921],[4.27445,50.70012],[4.2706,50.6996],[4.27092,50.69878],[4.26888,50.69872],[4.26409,50.69977],[4.26383,50.70002],[4.26291,50.70014],[4.26158,50.70043],[4.24629,50.68953],[4.24582,50.68881],[4.2454,50.68792],[4.243,50.68499],[4.23749,50.67909],[4.23761,50.67768]]]},"properties":{"postcode":"1440","nl":"Kasteelbrakel","fr":"Braine-le-Château"}},
{"type":"Feature","geometry":{"type":"Polygon","coordinates":[[[4.44066,50.71561],[4.45413,50.72221],[4.46886,50.71995],[4.47729,50.72415],[4.47939,50.7249],[4.481,50.72547],[4.48357,50.72641],[4.48816,50.72756],[4.49987,50.73299],[4.50328,50.73189],[4.50516,50.73154],[4.50574,50.73169],[4.50676,50.73145],[4.50717,50.73156],[4.50893,50.73126],[4.50925,50.7313],[4.4918,50.74324],[4.50155,50.7538],[4.49419,50.7571],[4.48549,50.75182],[4.4711,50.75171],[4.4636,50.75512],[4.43829,50.74159],[4.42413,50.73587],[4.42382,50.72517],[4.43116,50.7247],[4.44066,50.71561]]]},"properties":{"postcode":"1310","nl":"Terhulpen","fr":"La Hulpe"}},
{"type":"Feature","geometry":{"type":"Polygon","coordinates":[[[5.71848,51.12692],[5.73771,51.12999],[5.76042,51.12635],[5.77063,51.12183],[5.78717,51.11994],[5.81418,51.12085],[5.82877,51.13033],[5.84011,51.13084],[5.84678,51.14138],[5.85577,51.14462],[5.83635,51.15368],[5.8386,51.15708],[5.82436,51.16783],[5.81572,51.16278],[5.77764,51.1513],[5.77948,51.15938],[5.76956,51.16908],[5.77672,51.17848],[5.76715,51.18369],[5.74009,51.18655],[5.708,51.18205],[5.68941,51.18542],[5.65804,51.18474],[5.65819,51.18446],[5.67555,51.17634],[5.68335,51.16693],[5.70365,51.15488],[5.71251,51.14581],[5.70601,51.13851],[5.71848,51.12692]]]},"properties":{"postcode":"3640","nl":"Kinrooi","fr":"Kinrooi"}},
{"type":"Feature","geometry":{"type":"Polygon","coordinates":[[[5.30546,50.67491],[5.29359,50.67635],[5.29766,50.69965],[5.304,50.70397],[5.3091,50.71802],[5.27631,50.72903],[5.26299,50.71684],[5.24113,50.71672],[5.23691,50.72722],[5.22898,50.7178],[5.23126,50.70076],[5.23536,50.69577],[5.22584,50.68367],[5.21376,50.6836],[5.21917,50.67398],[5.22691,50.67017],[5.24015,50.67795],[5.25065,50.67066],[5.28048,50.66395],[5.28447,50.65655],[5.29353,50.65608],[5.30546,50.67491]]]},"properties":{"postcode":"4300","nl":"Borgworm","fr":"Waremme"}},
{"type":"Feature","geometry":{"type":"Polygon","coordinates":[[[5.24277,50.49654],[5.25327,50.49314],[5.26698,50.48077],[5.26566,50.47161],[5.28441,50.4587],[5.28071,50.44976],[5.27138,50.44305],[5.27064,50.43692],[5.29064,50.41956],[5.3043,50.42553],[5.33091,50.43367],[5.32787,50.44311],[5.33328,50.45487],[5.31761,50.45139],[5.30959,50.4581],[5.30971,50.46949],[5.33884,50.4806],[5.34367,50.48844],[5.33427,50.4944],[5.35062,50.50484],[5.35109,50.51006],[5.33943,50.52552],[5.32376,50.51695],[5.2991,50.50182],[5.28844,50.5043],[5.27916,50.50028],[5.26369,50.50253],[5.24277,50.49654]]]},"properties":{"postcode":"4577","nl":"Modave","fr":"Modave"}},
{"type":"Feature","geometry":{"type":"Polygon","coordinates":[[[4.4859,50.37806],[4.50315,50.36806],[4.51568,50.37086],[4.53269,50.36944],[4.55755,50.3712],[4.56302,50.37679],[4.56279,50.39103],[4.55334,50.4044],[4.53835,50.40614],[4.53145,50.41516],[4.53414,50.42186],[4.52575,50.42306],[4.52053,50.43171],[4.52736,50.43709],[4.51752,50.44326],[4.51741,50.44325],[4.51741,50.44339],[4.51722,50.44334],[4.5169,50.44343],[4.51667,50.44358],[4.51628,50.44366],[4.51471,50.44266],[4.51138,50.44183],[4.50837,50.43968],[4.50654,50.43917],[4.50395,50.43806],[4.50348,50.43816],[4.50217,50.43823],[4.50257,50.43674],[4.50734,50.42869],[4.50243,50.42615],[4.50219,50.42584],[4.50211,50.42554],[4.50224,50.42506],[4.50069,50.42413],[4.50039,50.42265],[4.49794,50.42123],[4.4888,50.41574],[4.50118,50.40011],[4.5001,50.3995],[4.49606,50.3978],[4.49434,50.39693],[4.49442,50.39677],[4.49465,50.39593],[4.48964,50.39443],[4.48622,50.39376],[4.48383,50.39331],[4.4827,50.3931],[4.48716,50.38689],[4.48833,50.38571],[4.48937,50.38493],[4.49012,50.3844],[4.49105,50.38373],[4.49149,50.38328],[4.49187,50.38272],[4.49292,50.38172],[4.49402,50.38095],[4.48935,50.37951],[4.48819,50.37906],[4.48705,50.37857],[4.4859,50.37806]]]},"properties":{"postcode":"6200","nl":"Châtelet","fr":"Châtelet"}},
{"type":"Feature","geometry":{"type":"Polygon","coordinates":[[[5.70504,49.60649],[5.70979,49.61043],[5.72859,49.61176],[5.73023,49.61475],[5.73038,49.61493],[5.7308,49.61516],[5.73112,49.61548],[5.73207,49.61676],[5.73318,49.61742],[5.73347,49.61754],[5.73443,49.61799],[5.73529,49.61826],[5.73656,49.61979],[5.73615,49.62056],[5.73512,49.62003],[5.73368,49.62009],[5.73292,49.62047],[5.73421,49.621],[5.7352,49.62152],[5.73581,49.62182],[5.73639,49.62208],[5.73691,49.62151],[5.73683,49.62197],[5.73672,49.62246],[5.73656,49.62328],[5.73961,49.62669],[5.73951,49.6358],[5.73533,49.64096],[5.70588,49.6458],[5.69363,49.64579],[5.6787,49.63489],[5.67745,49.63413],[5.67717,49.63395],[5.6767,49.6337],[5.67583,49.63317],[5.67471,49.63259],[5.6729,49.63105],[5.67301,49.63043],[5.67285,49.63051],[5.67177,49.63154],[5.67173,49.63209],[5.67212,49.63273],[5.67238,49.63333],[5.67211,49.63428],[5.67097,49.63483],[5.67032,49.63513],[5.66829,49.63568],[5.6675,49.63644],[5.66697,49.63749],[5.66438,49.63725],[5.66395,49.637],[5.66391,49.63684],[5.66378,49.63673],[5.66358,49.63664],[5.66219,49.63791],[5.66034,49.63958],[5.65903,49.64079],[5.65822,49.64152],[5.65733,49.64165],[5.65708,49.6417],[5.65306,49.64338],[5.65289,49.64384],[5.65279,49.64389],[5.65047,49.64516],[5.65039,49.64505],[5.65028,49.64513],[5.65012,49.64471],[5.64957,49.64396],[5.6492,49.64285],[5.64895,49.64233],[5.64483,49.64047],[5.64309,49.64009],[5.64231,49.6401],[5.64146,49.63982],[5.6407,49.63773],[5.64123,49.63597],[5.64173,49.63532],[5.64228,49.63486],[5.64253,49.63449],[5.64381,49.63361],[5.645,49.63162],[5.62905,49.62695],[5.63084,49.61921],[5.62965,49.61908],[5.62735,49.61875],[5.62703,49.61867],[5.62659,49.61851],[5.62587,49.61823],[5.62556,49.61816],[5.62557,49.61811],[5.62447,49.61825],[5.61978,49.61761],[5.61613,49.61021],[5.62459,49.60276],[5.62271,49.598],[5.64903,49.58819],[5.65396,49.5907],[5.66777,49.58653],[5.68193,49.59099],[5.67744,49.59737],[5.69293,49.6074],[5.70504,49.60649]]]},"properties":{"postcode":"6747","nl":"Saint-Léger","fr":"Saint-Léger"}},
{"type":"Feature","geometry":{"type":"Polygon","coordinates":[[[4.34023,51.0951],[4.36319,51.10621],[4.35958,51.10954],[4.35375,51.11395],[4.31213,51.11525],[4.31084,51.10517],[4.32786,51.10156],[4.34023,51.0951]]]},"properties":{"postcode":"2845","nl":"Niel","fr":"Niel"}},
{"type":"Feature","geometry":{"type":"Polygon","coordinates":[[[3.31404,50.90514],[3.31355,50.90426],[3.31343,50.90411],[3.3119,50.90231],[3.31182,50.90225],[3.31017,50.89941],[3.31036,50.89926],[3.31087,50.89891],[3.31147,50.89845],[3.312,50.89808],[3.31276,50.89749],[3.31379,50.8976],[3.32109,50.88948],[3.32366,50.88709],[3.32696,50.8843],[3.32792,50.88345],[3.32992,50.88172],[3.33148,50.88039],[3.33502,50.88171],[3.33704,50.88264],[3.33796,50.88316],[3.33836,50.8834],[3.33912,50.88391],[3.33958,50.88425],[3.34029,50.88482],[3.34149,50.88599],[3.3423,50.88697],[3.34276,50.88764],[3.34307,50.88815],[3.34406,50.89042],[3.34103,50.89299],[3.34121,50.89319],[3.34163,50.89361],[3.34205,50.89397],[3.34285,50.8945],[3.34574,50.89592],[3.35746,50.8983],[3.35974,50.89861],[3.3618,50.89888],[3.36598,50.89946],[3.3695,50.89993],[3.37795,50.90108],[3.37945,50.90129],[3.38092,50.90154],[3.38215,50.90176],[3.39046,50.90378],[3.39346,50.90476],[3.39431,50.90506],[3.39512,50.90536],[3.39599,50.9057],[3.39685,50.90605],[3.39825,50.90664],[3.40021,50.90739],[3.40435,50.90931],[3.40699,50.91051],[3.4196,50.91095],[3.42713,50.91191],[3.43098,50.92012],[3.42431,50.92639],[3.41166,50.92168],[3.39052,50.92941],[3.38313,50.93879],[3.37366,50.94385],[3.37618,50.94008],[3.34731,50.9208],[3.34396,50.91411],[3.31404,50.90514]]]},"properties":{"postcode":"8710","nl":"Wielsbeke","fr":"Wielsbeke"}},
{"type":"Feature","geometry":{"type":"Polygon","coordinates":[[[5.62396,50.46017],[5.63107,50.44619],[5.64955,50.42902],[5.64447,50.4206],[5.65595,50.41595],[5.66019,50.39576],[5.67185,50.40297],[5.6983,50.39961],[5.70259,50.40391],[5.70969,50.43391],[5.73397,50.43929],[5.7405,50.44485],[5.75283,50.44275],[5.76959,50.4347],[5.79298,50.43523],[5.73876,50.49555],[5.75875,50.49052],[5.76592,50.51692],[5.7631,50.52149],[5.76223,50.52122],[5.76133,50.52096],[5.75898,50.52043],[5.75547,50.51909],[5.74973,50.51862],[5.74318,50.51701],[5.74217,50.51654],[5.74195,50.51643],[5.74145,50.5161],[5.73705,50.51538],[5.73175,50.51785],[5.73132,50.51896],[5.73113,50.51919],[5.73098,50.5193],[5.72418,50.51624],[5.72424,50.51599],[5.72391,50.51509],[5.72314,50.51358],[5.7229,50.5133],[5.72245,50.5127],[5.72212,50.51212],[5.72154,50.51159],[5.72088,50.50923],[5.72096,50.50876],[5.72056,50.50802],[5.72059,50.50771],[5.72053,50.50755],[5.71947,50.50581],[5.71666,50.50228],[5.71608,50.50197],[5.71572,50.50171],[5.71505,50.50096],[5.71499,50.50034],[5.7094,50.49713],[5.70535,50.49703],[5.6909,50.48583],[5.68289,50.48653],[5.67037,50.47658],[5.65794,50.48004],[5.63633,50.48182],[5.63388,50.48508],[5.63157,50.48733],[5.63107,50.48703],[5.63121,50.48686],[5.6314,50.48658],[5.63173,50.48601],[5.63199,50.48547],[5.63288,50.4835],[5.63571,50.48023],[5.63316,50.47901],[5.63209,50.47722],[5.63209,50.47699],[5.63191,50.47664],[5.63142,50.47619],[5.63038,50.47474],[5.6275,50.47258],[5.62695,50.47226],[5.62675,50.47223],[5.6263,50.47198],[5.62592,50.46693],[5.62735,50.4632],[5.62425,50.46256],[5.62379,50.46139],[5.62398,50.46034],[5.62396,50.46017]]]},"properties":{"postcode":"4920","nl":"Aywaille","fr":"Aywaille"}},
{"type":"Feature","geometry":{"type":"Polygon","coordinates":[[[5.19687,50.47902],[5.20101,50.48681],[5.21841,50.50474],[5.23474,50.50657],[5.24277,50.49654],[5.26369,50.50253],[5.27916,50.50028],[5.28844,50.5043],[5.2991,50.50182],[5.32376,50.51695],[5.31635,50.51765],[5.30096,50.5325],[5.26247,50.53829],[5.24924,50.53902],[5.21837,50.53193],[5.19566,50.5233],[5.19135,50.51864],[5.1446,50.50872],[5.12898,50.50266],[5.13354,50.48935],[5.1467,50.48655],[5.15554,50.47878],[5.15749,50.47276],[5.16374,50.47034],[5.16395,50.46761],[5.16699,50.46801],[5.17238,50.46934],[5.17952,50.47597],[5.19016,50.47602],[5.19042,50.47631],[5.19167,50.47777],[5.19687,50.47902]]]},"properties":{"postcode":"4500","nl":"Hoei","fr":"Huy"}},
{"type":"Feature","geometry":{"type":"Polygon","coordinates":[[[4.35599,50.75712],[4.36728,50.76324],[4.36373,50.77137],[4.34718,50.77548],[4.33121,50.77551],[4.32576,50.7799],[4.32571,50.7797],[4.32492,50.77052],[4.32453,50.77035],[4.32378,50.77014],[4.32292,50.76973],[4.32201,50.76944],[4.32259,50.76781],[4.32494,50.76826],[4.32476,50.7676],[4.32643,50.76864],[4.32741,50.76912],[4.32985,50.76804],[4.3313,50.76704],[4.331,50.76693],[4.33092,50.76657],[4.33179,50.76617],[4.33812,50.7633],[4.33825,50.76204],[4.33921,50.76146],[4.33962,50.76118],[4.34,50.76098],[4.34128,50.76067],[4.34182,50.76006],[4.34482,50.76022],[4.35217,50.75626],[4.35512,50.757],[4.35544,50.75706],[4.35599,50.75712]]]},"properties":{"postcode":"1630","nl":"Linkebeek","fr":"Linkebeek"}},
{"type":"Feature","geometry":{"type":"Polygon","coordinates":[[[5.02262,51.24197],[5.02928,51.24197],[5.02355,51.22316],[5.04213,51.21847],[5.05628,51.22348],[5.07812,51.24867],[5.07828,51.24862],[5.07836,51.24846],[5.07867,51.24859],[5.07909,51.24838],[5.08049,51.24839],[5.08162,51.24805],[5.08507,51.24773],[5.08777,51.2478],[5.11682,51.26138],[5.12237,51.25984],[5.12759,51.26019],[5.13043,51.26191],[5.1399,51.26454],[5.14979,51.26716],[5.15527,51.26865],[5.15905,51.26971],[5.14753,51.29086],[5.14041,51.29125],[5.11927,51.29549],[5.09794,51.29459],[5.07262,51.29718],[5.04941,51.29663],[5.02914,51.28905],[5.01898,51.27603],[5.03225,51.26248],[5.03196,51.25145],[5.02262,51.24197]]]},"properties":{"postcode":"2470","nl":"Retie","fr":"Retie"}},
{"type":"Feature","geometry":{"type":"Polygon","coordinates":[[[5.47315,50.16364],[5.47449,50.16379],[5.47625,50.16421],[5.47674,50.16442],[5.47684,50.16451],[5.47721,50.16464],[5.47757,50.16448],[5.48456,50.16921],[5.48524,50.17114],[5.48636,50.17231],[5.48639,50.17254],[5.48643,50.17271],[5.48652,50.17285],[5.48667,50.17381],[5.49112,50.17897],[5.49659,50.18057],[5.49736,50.18093],[5.49806,50.18135],[5.4982,50.18154],[5.49842,50.18153],[5.49915,50.18192],[5.50013,50.18258],[5.50405,50.18349],[5.51988,50.18613],[5.52315,50.18606],[5.52432,50.18586],[5.52449,50.18578],[5.52483,50.18571],[5.52568,50.18587],[5.52579,50.18605],[5.52666,50.1865],[5.52884,50.1871],[5.53353,50.18783],[5.53367,50.18768],[5.53393,50.18756],[5.53481,50.18735],[5.53673,50.18835],[5.53731,50.18871],[5.53743,50.18882],[5.53772,50.18902],[5.53793,50.18918],[5.53963,50.18973],[5.54017,50.19043],[5.53954,50.19888],[5.55073,50.20695],[5.57274,50.21138],[5.58461,50.20198],[5.60015,50.21498],[5.61215,50.22001],[5.606,50.22597],[5.57859,50.24059],[5.57559,50.24693],[5.56039,50.24774],[5.54344,50.25554],[5.52958,50.25776],[5.51638,50.26506],[5.50049,50.26036],[5.5026,50.25247],[5.46665,50.23856],[5.45297,50.23586],[5.45136,50.22712],[5.44243,50.22609],[5.44208,50.21631],[5.44405,50.21007],[5.46043,50.19634],[5.46303,50.18363],[5.46936,50.17795],[5.46671,50.16929],[5.47232,50.16549],[5.47194,50.16471],[5.47268,50.16469],[5.47301,50.16394],[5.47315,50.16364]]]},"properties":{"postcode":"6987","nl":"Rendeux","fr":"Rendeux"}},
{"type":"Feature","geometry":{"type":"Polygon","coordinates":[[[4.63435,51.2937],[4.64466,51.27249],[4.65642,51.27602],[4.6783,51.27707],[4.71521,51.28584],[4.72458,51.27995],[4.72715,51.26755],[4.7344,51.25456],[4.74219,51.24998],[4.74267,51.24527],[4.74889,51.24325],[4.76131,51.2512],[4.7751,51.26776],[4.77636,51.27315],[4.76872,51.289],[4.77587,51.31264],[4.71813,51.32684],[4.68902,51.32248],[4.65079,51.31303],[4.63634,51.30198],[4.63435,51.2937]]]},"properties":{"postcode":"2390","nl":"Malle","fr":"Malle"}},
{"type":"Feature","geometry":{"type":"Polygon","coordinates":[[[2.90678,51.12093],[2.90931,51.1277],[2.92604,51.12964],[2.94212,51.11039],[2.98205,51.12882],[2.99955,51.14455],[2.99758,51.1593],[2.9833,51.17173],[2.97469,51.17248],[2.97158,51.18066],[2.94068,51.17904],[2.93774,51.19021],[2.92849,51.19719],[2.90178,51.18469],[2.9127,51.17509],[2.91177,51.17451],[2.91186,51.17419],[2.91231,51.17362],[2.91239,51.17347],[2.91863,51.16885],[2.91866,51.16847],[2.9185,51.16774],[2.91859,51.167],[2.9211,51.16594],[2.92277,51.16479],[2.92286,51.16465],[2.92307,51.16467],[2.92329,51.16461],[2.91936,51.15849],[2.92213,51.15543],[2.92071,51.15481],[2.91892,51.15507],[2.91795,51.15508],[2.91683,51.15521],[2.91647,51.15527],[2.91603,51.15531],[2.91333,51.15484],[2.91303,51.15473],[2.91255,51.15452],[2.91178,51.15425],[2.91113,51.15391],[2.90893,51.15361],[2.90801,51.15354],[2.90712,51.15341],[2.90678,51.15337],[2.90515,51.15307],[2.90473,51.15295],[2.90457,51.15288],[2.89968,51.15072],[2.89272,51.14546],[2.88592,51.14393],[2.88562,51.1439],[2.88509,51.14389],[2.8846,51.14403],[2.88269,51.14646],[2.87865,51.14565],[2.87841,51.14552],[2.87815,51.14535],[2.87568,51.14269],[2.87553,51.14168],[2.87568,51.14084],[2.87564,51.14009],[2.87444,51.13893],[2.87409,51.13854],[2.87377,51.13822],[2.87376,51.13809],[2.87425,51.13664],[2.87472,51.13618],[2.87505,51.13588],[2.8754,51.1354],[2.87601,51.13501],[2.88176,51.13502],[2.89196,51.1298],[2.90678,51.12093]]]},"properties":{"postcode":"8470","nl":"Gistel","fr":"Gistel"}},
{"type":"Feature","geometry":{"type":"Polygon","coordinates":[[[4.62028,50.74343],[4.62396,50.74094],[4.62486,50.73986],[4.62603,50.73965],[4.62556,50.73899],[4.62558,50.73795],[4.62508,50.73719],[4.62493,50.7369],[4.62546,50.73446],[4.62568,50.7342],[4.62695,50.73296],[4.62707,50.73266],[4.62693,50.73169],[4.62687,50.73151],[4.62765,50.73092],[4.62824,50.73004],[4.63145,50.73013],[4.63333,50.73044],[4.63375,50.73053],[4.63422,50.7306],[4.63512,50.73081],[4.63555,50.73026],[4.64185,50.7334],[4.64444,50.73139],[4.64424,50.73116],[4.64397,50.731],[4.64416,50.73074],[4.64454,50.73063],[4.64537,50.73014],[4.64478,50.72954],[4.64405,50.72921],[4.64343,50.7282],[4.64393,50.72737],[4.63879,50.72433],[4.64114,50.722],[4.64108,50.72152],[4.64248,50.72074],[4.64155,50.71997],[4.66227,50.72331],[4.67389,50.70943],[4.69649,50.71668],[4.7079,50.71652],[4.71898,50.70778],[4.73471,50.70544],[4.7424,50.71168],[4.75025,50.72297],[4.74093,50.73467],[4.7434,50.7475],[4.74307,50.75501],[4.73185,50.75954],[4.7213,50.77043],[4.70539,50.77791],[4.69885,50.78938],[4.69123,50.7918],[4.69112,50.79193],[4.69011,50.79134],[4.68752,50.79086],[4.68695,50.79191],[4.68724,50.79239],[4.68744,50.79257],[4.68772,50.79277],[4.67443,50.79401],[4.67356,50.79209],[4.66896,50.79294],[4.6675,50.79277],[4.66699,50.79204],[4.65937,50.79328],[4.64192,50.79877],[4.647,50.79035],[4.64323,50.77889],[4.63628,50.77234],[4.64617,50.76089],[4.65543,50.75746],[4.64355,50.74595],[4.62028,50.74343]]]},"properties":{"postcode":"1390","nl":"Graven","fr":"Grez-Doiceau"}},
{"type":"Feature","geometry":{"type":"Polygon","coordinates":[[[4.53134,50.596],[4.53679,50.60046],[4.55448,50.59631],[4.56018,50.60025],[4.57399,50.59806],[4.58921,50.6113],[4.59417,50.61934],[4.59199,50.62652],[4.59813,50.63746],[4.59948,50.63707],[4.59943,50.6377],[4.60012,50.63889],[4.60253,50.64054],[4.60366,50.64229],[4.6055,50.64384],[4.60533,50.64392],[4.6062,50.64461],[4.60435,50.64725],[4.60358,50.64782],[4.60507,50.6492],[4.60586,50.65113],[4.60594,50.65124],[4.60686,50.65242],[4.60774,50.65347],[4.61058,50.65491],[4.60791,50.65474],[4.60515,50.65414],[4.60362,50.65399],[4.60283,50.65373],[4.6015,50.6537],[4.60101,50.65379],[4.60079,50.6539],[4.60055,50.65381],[4.59824,50.65418],[4.59706,50.6534],[4.59679,50.6533],[4.5967,50.65322],[4.59638,50.65308],[4.59622,50.65305],[4.59506,50.65301],[4.58565,50.64927],[4.58213,50.65024],[4.58117,50.65066],[4.57956,50.65147],[4.5699,50.65797],[4.56738,50.65753],[4.56604,50.65607],[4.56571,50.65495],[4.5658,50.65477],[4.5664,50.65475],[4.5659,50.65435],[4.53807,50.64759],[4.54024,50.63421],[4.52978,50.6259],[4.53624,50.61545],[4.51905,50.6082],[4.53134,50.596]]]},"properties":{"postcode":"1490","nl":"Court-Saint-Étienne","fr":"Court-Saint-Étienne"}},
{"type":"Feature","geometry":{"type":"Polygon","coordinates":[[[4.50707,51.11674],[4.52041,51.12369],[4.52239,51.12791],[4.52609,51.12922],[4.52725,51.12961],[4.52621,51.13105],[4.51984,51.13446],[4.5187,51.13479],[4.51872,51.13455],[4.51868,51.13433],[4.51838,51.13389],[4.51488,51.13434],[4.51314,51.13384],[4.51278,51.13541],[4.51058,51.13497],[4.51005,51.13486],[4.49671,51.1306],[4.48577,51.14076],[4.47219,51.14183],[4.48652,51.11564],[4.50707,51.11674]]]},"properties":{"postcode":"2547","nl":"Lint","fr":"Lint"}},
{"type":"Feature","geometry":{"type":"Polygon","coordinates":[[[4.39471,51.35586],[4.36989,51.35668],[4.32875,51.33725],[4.34732,51.33036],[4.35044,51.31994],[4.35992,51.31055],[4.36096,51.31011],[4.36282,51.30943],[4.36653,51.30816],[4.39798,51.29723],[4.39864,51.29742],[4.39997,51.29781],[4.40234,51.2985],[4.4038,51.29952],[4.40452,51.3],[4.41048,51.30214],[4.41691,51.30677],[4.39171,51.33059],[4.40606,51.33781],[4.39471,51.35586]]]},"properties":{"postcode":"2940","nl":"Stabroek","fr":"Stabroek"}},
{"type":"Feature","geometry":{"type":"Polygon","coordinates":[[[5.65659,49.90039],[5.63544,49.8764],[5.63733,49.86622],[5.63398,49.83178],[5.66314,49.83164],[5.69596,49.82713],[5.70054,49.82048],[5.70194,49.82987],[5.71642,49.84503],[5.71919,49.85472],[5.74223,49.85778],[5.74618,49.8541],[5.75492,49.8565],[5.75683,49.86482],[5.77167,49.87182],[5.78275,49.87186],[5.783,49.87911],[5.77062,49.88681],[5.73568,49.8969],[5.73998,49.90421],[5.73907,49.91323],[5.72434,49.91637],[5.72052,49.93369],[5.70922,49.94202],[5.69666,49.9386],[5.69596,49.92969],[5.68598,49.91769],[5.65659,49.90039]]]},"properties":{"postcode":"6637","nl":"Fauvillers","fr":"Fauvillers"}},
{"type":"Feature","geometry":{"type":"Polygon","coordinates":[[[4.47495,50.32751],[4.50446,50.32902],[4.5052,50.32167],[4.52805,50.31514],[4.56778,50.32297],[4.58846,50.3213],[4.59378,50.32675],[4.59363,50.33969],[4.58236,50.34164],[4.58874,50.34978],[4.58256,50.35492],[4.58415,50.3639],[4.59375,50.37433],[4.56904,50.36897],[4.55755,50.3712],[4.53269,50.36944],[4.51568,50.37086],[4.50315,50.36806],[4.4859,50.37806],[4.48586,50.37802],[4.48563,50.37816],[4.48503,50.37883],[4.48308,50.37843],[4.48185,50.37738],[4.48067,50.37679],[4.4793,50.37612],[4.47834,50.377],[4.47586,50.37849],[4.46222,50.37632],[4.46216,50.37603],[4.46233,50.3759],[4.46245,50.37546],[4.46193,50.37462],[4.46178,50.37292],[4.4576,50.36828],[4.45894,50.36199],[4.46506,50.34925],[4.47665,50.3369],[4.47495,50.32751]]]},"properties":{"postcode":"6280","nl":"Gerpinnes","fr":"Gerpinnes"}},
{"type":"Feature","geometry":{"type":"Polygon","coordinates":[[[4.81161,51.08857],[4.81537,51.07623],[4.82797,51.07593],[4.83218,51.06381],[4.85232,51.07121],[4.86488,51.07116],[4.91351,51.08106],[4.92411,51.08914],[4.93842,51.09125],[4.93074,51.10186],[4.94722,51.10867],[4.93963,51.1172],[4.93837,51.12734],[4.94743,51.13478],[4.90415,51.14708],[4.88551,51.1454],[4.86344,51.13638],[4.85035,51.13599],[4.84704,51.11866],[4.83207,51.11137],[4.82632,51.103],[4.81665,51.10394],[4.81161,51.08857]]]},"properties":{"postcode":"2260","nl":"Westerlo","fr":"Westerlo"}},
{"type":"Feature","geometry":{"type":"Polygon","coordinates":[[[4.81665,51.10394],[4.82632,51.103],[4.83207,51.11137],[4.84704,51.11866],[4.85035,51.13599],[4.85099,51.14235],[4.8407,51.14654],[4.84317,51.15525],[4.86683,51.16608],[4.86753,51.17705],[4.87421,51.18115],[4.86894,51.19039],[4.88064,51.19578],[4.86316,51.20825],[4.85827,51.21597],[4.84461,51.20936],[4.8326,51.20706],[4.7938,51.20113],[4.7896,51.19895],[4.80021,51.18702],[4.78932,51.18292],[4.78715,51.18443],[4.78483,51.18424],[4.78444,51.184],[4.78462,51.18376],[4.78468,51.18363],[4.78169,51.18044],[4.7828,51.17997],[4.78311,51.17993],[4.78366,51.17982],[4.78376,51.17981],[4.79307,51.17283],[4.79275,51.17277],[4.78895,51.17209],[4.78731,51.17182],[4.78731,51.17064],[4.78802,51.17025],[4.78891,51.16876],[4.78904,51.16861],[4.78912,51.1684],[4.78817,51.16805],[4.78736,51.16778],[4.78642,51.1674],[4.78593,51.16701],[4.78649,51.16625],[4.78679,51.16585],[4.78551,51.16627],[4.78454,51.16495],[4.78378,51.16433],[4.78369,51.16402],[4.78369,51.16387],[4.77563,51.16139],[4.79253,51.16191],[4.80285,51.1563],[4.8102,51.14312],[4.79996,51.13974],[4.79699,51.13277],[4.78587,51.12434],[4.80851,51.1072],[4.81665,51.10394]]]},"properties":{"postcode":"2200","nl":"Herentals","fr":"Herentals"}},
{"type":"Feature","geometry":{"type":"MultiPolygon","coordinates":[[[[4.91385,51.39508],[4.9098,51.40743],[4.88303,51.41637],[4.86736,51.40911],[4.8846,51.4],[4.89675,51.40105],[4.90488,51.39365],[4.91385,51.39508]]],[[[4.93997,51.43612],[4.93427,51.44211],[4.92237,51.44266],[4.91798,51.43522],[4.92768,51.43142],[4.93997,51.43612]]]]},"properties":{"postcode":"2387","nl":"Baarle-Hertog","fr":"Baerle-Duc"}},
{"type":"Feature","geometry":{"type":"Polygon","coordinates":[[[2.99955,51.14455],[3.01906,51.15155],[3.03572,51.15182],[3.03282,51.16211],[3.05005,51.16372],[3.05282,51.17555],[3.04723,51.19407],[3.05808,51.20186],[3.04656,51.21967],[3.04363,51.22038],[3.04347,51.22048],[3.04332,51.22067],[3.04298,51.22084],[3.04172,51.22114],[3.04141,51.22117],[3.04092,51.22119],[3.03641,51.22084],[3.02816,51.22446],[3.01124,51.22079],[3.01143,51.22016],[3.01166,51.2198],[3.01235,51.21897],[3.00834,51.21651],[2.99861,51.21445],[2.98103,51.19398],[2.96616,51.18705],[2.94513,51.192],[2.93774,51.19021],[2.94068,51.17904],[2.97158,51.18066],[2.97469,51.17248],[2.9833,51.17173],[2.99758,51.1593],[2.99955,51.14455]]]},"properties":{"postcode":"8460","nl":"Oudenburg","fr":"Oudenburg"}},
{"type":"Feature","geometry":{"type":"Polygon","coordinates":[[[3.01453,51.06997],[3.02048,51.0561],[3.04355,51.06063],[3.06081,51.08393],[3.05519,51.09274],[3.06641,51.10243],[3.06483,51.11136],[3.05776,51.12009],[3.0649,51.13926],[3.06674,51.13992],[3.06812,51.14043],[3.06868,51.14195],[3.07576,51.14432],[3.07857,51.14536],[3.07848,51.14558],[3.05968,51.15517],[3.05005,51.16372],[3.03282,51.16211],[3.03572,51.15182],[3.01906,51.15155],[2.99955,51.14455],[2.98205,51.12882],[2.99703,51.11476],[3.00037,51.10363],[2.99517,51.10014],[2.99839,51.0844],[3.01453,51.06997]]]},"properties":{"postcode":"8480","nl":"Ichtegem","fr":"Ichtegem"}},
{"type":"Feature","geometry":{"type":"Polygon","coordinates":[[[2.93998,51.24582],[2.96438,51.21896],[2.98915,51.22303],[2.99861,51.21445],[3.00834,51.21651],[3.01235,51.21897],[3.01166,51.2198],[3.01143,51.22016],[3.01124,51.22079],[3.0092,51.22253],[3.00867,51.22256],[3.00739,51.22244],[3.00649,51.22265],[3.00531,51.2237],[3.00504,51.22447],[3.0051,51.22475],[3.00517,51.22488],[3.00334,51.22566],[3.00172,51.22542],[3.00162,51.2257],[3.00179,51.22604],[3.00191,51.22649],[3.00192,51.22669],[3.00183,51.22699],[3.00064,51.22683],[3.00059,51.22775],[3.00058,51.22783],[2.99953,51.22856],[2.99919,51.2284],[2.99892,51.22854],[2.99728,51.25053],[2.99388,51.25349],[2.99301,51.2546],[2.99077,51.25674],[2.98427,51.26359],[2.98331,51.26319],[2.97391,51.25908],[2.9574,51.25236],[2.93998,51.24582]]]},"properties":{"postcode":"8450","nl":"Bredene","fr":"Bredene"}},
{"type":"Feature","geometry":{"type":"Polygon","coordinates":[[[4.09185,50.66905],[4.1003,50.66294],[4.09629,50.65179],[4.09913,50.64132],[4.10827,50.63295],[4.11692,50.63485],[4.1327,50.62932],[4.14528,50.63369],[4.14711,50.63926],[4.162,50.6482],[4.17735,50.66338],[4.1771,50.67011],[4.16876,50.68044],[4.17094,50.68673],[4.14923,50.69236],[4.14305,50.69834],[4.1454,50.70462],[4.13094,50.71339],[4.13417,50.71618],[4.11705,50.7127],[4.11013,50.70593],[4.09464,50.70328],[4.09961,50.69245],[4.09185,50.66905]]]},"properties":{"postcode":"1430","nl":"Rebecq","fr":"Rebecq"}},
{"type":"Feature","geometry":{"type":"Polygon","coordinates":[[[4.77447,50.73987],[4.77782,50.737],[4.8083,50.73514],[4.80254,50.72511],[4.78889,50.71785],[4.80546,50.69757],[4.81426,50.69674],[4.82412,50.6886],[4.84117,50.68376],[4.8496,50.6778],[4.86652,50.6857],[4.86187,50.68982],[4.86678,50.70038],[4.88187,50.69792],[4.89961,50.70288],[4.91165,50.70187],[4.92136,50.70897],[4.93576,50.71152],[4.94424,50.72005],[4.94612,50.738],[4.93248,50.73843],[4.92565,50.7428],[4.91969,50.74778],[4.90652,50.74947],[4.90673,50.75067],[4.90713,50.75115],[4.90758,50.75167],[4.90815,50.75235],[4.90935,50.75439],[4.91121,50.75575],[4.90914,50.75639],[4.90738,50.76486],[4.90741,50.76497],[4.90737,50.76516],[4.90662,50.76558],[4.9054,50.76588],[4.90762,50.76817],[4.90828,50.76889],[4.90856,50.76916],[4.90828,50.76952],[4.9072,50.76915],[4.90521,50.76852],[4.90366,50.76819],[4.90285,50.7682],[4.90269,50.76814],[4.90227,50.76807],[4.89958,50.76912],[4.89975,50.77261],[4.8963,50.77078],[4.89467,50.77074],[4.89364,50.76942],[4.89294,50.76903],[4.89292,50.76887],[4.89305,50.76862],[4.89354,50.76809],[4.89328,50.76795],[4.89284,50.76794],[4.89276,50.76733],[4.8928,50.76699],[4.89276,50.76683],[4.89278,50.76654],[4.89264,50.76631],[4.89253,50.76628],[4.89216,50.76624],[4.89202,50.76618],[4.89193,50.76583],[4.89163,50.76559],[4.89099,50.7657],[4.89091,50.76568],[4.8899,50.76505],[4.88918,50.76526],[4.88781,50.76399],[4.88674,50.76367],[4.8864,50.76336],[4.88575,50.76296],[4.88561,50.7628],[4.88553,50.76277],[4.88228,50.7633],[4.87791,50.76569],[4.87717,50.76617],[4.87754,50.76646],[4.87679,50.76682],[4.86096,50.76386],[4.85401,50.76695],[4.84816,50.76761],[4.84659,50.768],[4.84551,50.76678],[4.84373,50.76599],[4.84222,50.76505],[4.84179,50.7648],[4.84122,50.76452],[4.84014,50.76396],[4.83861,50.76318],[4.83745,50.76285],[4.83516,50.76276],[4.83432,50.76374],[4.8337,50.76443],[4.83324,50.7649],[4.83305,50.76513],[4.83123,50.77052],[4.81262,50.7582],[4.80812,50.75136],[4.78902,50.75793],[4.77988,50.74998],[4.77447,50.73987]]]},"properties":{"postcode":"1370","nl":"Geldenaken","fr":"Jodoigne"}},
{"type":"Feature","geometry":{"type":"Polygon","coordinates":[[[4.04277,50.34009],[4.05064,50.34627],[4.07104,50.34969],[4.09188,50.3321],[4.13256,50.33055],[4.14712,50.34428],[4.15288,50.34507],[4.14979,50.36068],[4.15931,50.36675],[4.17847,50.36474],[4.17856,50.36274],[4.17965,50.3629],[4.17988,50.36282],[4.1801,50.3625],[4.1855,50.37717],[4.18569,50.37754],[4.18309,50.37885],[4.18252,50.37892],[4.18143,50.37902],[4.18084,50.37921],[4.1797,50.37985],[4.1792,50.38014],[4.17569,50.38132],[4.17375,50.38186],[4.17341,50.38199],[4.16764,50.38677],[4.15835,50.39031],[4.151,50.39118],[4.14993,50.39159],[4.14805,50.39202],[4.14686,50.39229],[4.14307,50.39476],[4.13446,50.39675],[4.13396,50.3968],[4.13356,50.39653],[4.13317,50.39622],[4.13294,50.39608],[4.13195,50.39557],[4.12957,50.3959],[4.12841,50.39638],[4.12793,50.39657],[4.12727,50.39685],[4.12696,50.39707],[4.12764,50.39759],[4.12718,50.39803],[4.12803,50.39944],[4.12555,50.4007],[4.12641,50.4016],[4.12595,50.40174],[4.12753,50.40365],[4.12737,50.40375],[4.12869,50.40444],[4.12973,50.40501],[4.12892,50.4056],[4.13014,50.40688],[4.12897,50.41097],[4.1316,50.41228],[4.13004,50.41479],[4.13151,50.41483],[4.13233,50.41483],[4.13171,50.41605],[4.1313,50.41718],[4.13363,50.41956],[4.12179,50.42264],[4.11385,50.4247],[4.11025,50.42601],[4.10609,50.42655],[4.0774,50.42854],[4.07491,50.42878],[4.05857,50.43049],[4.05865,50.42666],[4.06033,50.42626],[4.06104,50.42451],[4.0591,50.42121],[4.05792,50.4215],[4.05654,50.42182],[4.0542,50.41904],[4.05356,50.41939],[4.05224,50.41778],[4.04849,50.41878],[4.04806,50.41838],[4.04742,50.41731],[4.04948,50.41701],[4.04903,50.41603],[4.05003,50.41578],[4.04934,50.41417],[4.05082,50.41376],[4.04869,50.41178],[4.05037,50.41071],[4.04745,50.40909],[4.04535,50.4093],[4.04752,50.40732],[4.04045,50.39502],[4.04211,50.39389],[4.04495,50.39194],[4.04539,50.39171],[4.04497,50.39135],[4.04549,50.38873],[4.04749,50.38459],[4.04775,50.38468],[4.04841,50.38483],[4.0493,50.38488],[4.05044,50.38323],[4.05169,50.38228],[4.05329,50.3813],[4.05363,50.38106],[4.05029,50.3799],[4.0491,50.37944],[4.04973,50.37854],[4.0499,50.37835],[4.05016,50.37776],[4.05108,50.37713],[4.05165,50.37637],[4.05213,50.37609],[4.05241,50.37586],[4.05504,50.36999],[4.05063,50.36684],[4.04766,50.36606],[4.04755,50.36601],[4.04607,50.36525],[4.04815,50.3638],[4.05131,50.36168],[4.04604,50.35882],[4.02892,50.3591],[4.03343,50.34709],[4.04277,50.34009]]]},"properties":{"postcode":"7120","nl":"Estinnes","fr":"Estinnes"}},
{"type":"Feature","geometry":{"type":"Polygon","coordinates":[[[3.32394,50.7224],[3.32375,50.72217],[3.32168,50.72166],[3.32081,50.72127],[3.31994,50.72045],[3.31704,50.72046],[3.3166,50.72095],[3.31631,50.72114],[3.31601,50.72127],[3.31103,50.71849],[3.30459,50.71889],[3.30263,50.71766],[3.30329,50.71731],[3.30392,50.71679],[3.30413,50.7168],[3.30487,50.71628],[3.30488,50.71488],[3.30217,50.71639],[3.3003,50.71531],[3.29999,50.71551],[3.29891,50.71651],[3.29749,50.71719],[3.29753,50.71751],[3.2967,50.71784],[3.29599,50.71807],[3.2951,50.71835],[3.29445,50.71856],[3.29426,50.7186],[3.29189,50.72004],[3.29093,50.72101],[3.28545,50.71728],[3.27617,50.71871],[3.27509,50.71818],[3.27381,50.71802],[3.27328,50.71803],[3.27285,50.71809],[3.27093,50.71768],[3.27061,50.71748],[3.27034,50.71734],[3.2701,50.71731],[3.2692,50.71734],[3.26891,50.71727],[3.26799,50.71682],[3.2675,50.71663],[3.25073,50.71438],[3.2461,50.71258],[3.26105,50.70134],[3.26151,50.69141],[3.25284,50.68976],[3.2612,50.679],[3.24121,50.66884],[3.24007,50.65863],[3.24639,50.65264],[3.24702,50.65328],[3.24958,50.65488],[3.25018,50.65436],[3.25196,50.65501],[3.25593,50.65775],[3.27005,50.65802],[3.27651,50.66238],[3.27749,50.66268],[3.27747,50.66279],[3.27841,50.66298],[3.27897,50.66318],[3.28111,50.66353],[3.28121,50.66348],[3.28141,50.6631],[3.28299,50.66335],[3.28372,50.6636],[3.28597,50.66384],[3.28657,50.66473],[3.28757,50.66484],[3.28816,50.66504],[3.28881,50.66523],[3.289,50.6654],[3.28928,50.66518],[3.28938,50.66538],[3.28979,50.66574],[3.29001,50.66601],[3.29118,50.66662],[3.29156,50.66639],[3.29264,50.66713],[3.29373,50.66749],[3.29423,50.66798],[3.29489,50.66842],[3.29508,50.66849],[3.29542,50.66856],[3.30547,50.661],[3.31072,50.66359],[3.3192,50.66035],[3.31754,50.65935],[3.31938,50.65772],[3.32069,50.65791],[3.32097,50.65792],[3.32277,50.65841],[3.32363,50.65692],[3.32915,50.65759],[3.32983,50.65629],[3.33583,50.65626],[3.336,50.66589],[3.33254,50.67426],[3.32854,50.67291],[3.32594,50.67349],[3.32522,50.67378],[3.32499,50.67381],[3.32491,50.67389],[3.32224,50.67731],[3.32002,50.68145],[3.32003,50.68221],[3.32037,50.6824],[3.32026,50.68284],[3.3203,50.683],[3.32053,50.68306],[3.32054,50.68315],[3.31778,50.68662],[3.31656,50.68723],[3.31641,50.68671],[3.31638,50.6864],[3.31457,50.68588],[3.31182,50.68789],[3.31111,50.68822],[3.30959,50.68887],[3.30914,50.68858],[3.30658,50.68942],[3.30537,50.6894],[3.30445,50.68948],[3.30396,50.68957],[3.30338,50.68972],[3.30312,50.6898],[3.30648,50.69417],[3.32624,50.70551],[3.32925,50.71235],[3.32394,50.7224]]]},"properties":{"postcode":"7730","nl":"Estaimpuis","fr":"Estaimpuis"}},
{"type":"Feature","geometry":{"type":"Polygon","coordinates":[[[4.60404,50.93487],[4.60513,50.93037],[4.6051,50.93026],[4.60487,50.93005],[4.60479,50.92987],[4.60394,50.92917],[4.60307,50.92801],[4.6037,50.92609],[4.60373,50.92532],[4.60392,50.92504],[4.60363,50.9248],[4.60342,50.92384],[4.60348,50.92299],[4.60305,50.92284],[4.603,50.92277],[4.60301,50.92153],[4.60303,50.92137],[4.60361,50.92047],[4.603,50.92011],[4.60222,50.91967],[4.60435,50.91554],[4.60526,50.91452],[4.60616,50.91433],[4.6068,50.91409],[4.60841,50.91355],[4.61039,50.91029],[4.61083,50.90884],[4.6111,50.9066],[4.61105,50.90639],[4.61111,50.90633],[4.61107,50.90622],[4.60611,50.90346],[4.60497,50.90242],[4.60484,50.90214],[4.60465,50.9018],[4.60406,50.90142],[4.60128,50.89963],[4.59858,50.89285],[4.60873,50.88918],[4.62104,50.89096],[4.64889,50.8826],[4.64903,50.88142],[4.64929,50.87934],[4.64939,50.87847],[4.6681,50.87988],[4.66869,50.88031],[4.66996,50.88108],[4.6707,50.8814],[4.67109,50.88162],[4.6711,50.8819],[4.67092,50.88253],[4.67089,50.88302],[4.67159,50.8837],[4.67217,50.88453],[4.67265,50.88509],[4.67316,50.88558],[4.67341,50.88553],[4.67451,50.88688],[4.67519,50.88769],[4.67655,50.88903],[4.67722,50.88957],[4.67759,50.88986],[4.67816,50.89022],[4.67942,50.89093],[4.68166,50.89192],[4.68236,50.89218],[4.68476,50.89312],[4.68838,50.89452],[4.69314,50.89935],[4.69159,50.90371],[4.69522,50.91077],[4.69408,50.91598],[4.6945,50.91614],[4.69595,50.91654],[4.69379,50.91882],[4.68522,50.92665],[4.67118,50.93596],[4.67083,50.93579],[4.66995,50.93518],[4.67092,50.93207],[4.64518,50.92452],[4.63759,50.93839],[4.63784,50.94556],[4.61698,50.94477],[4.61809,50.93609],[4.60404,50.93487]]]},"properties":{"postcode":"3020","nl":"Herent","fr":"Herent"}},
{"type":"Feature","geometry":{"type":"Polygon","coordinates":[[[4.40005,50.84365],[4.39891,50.84467],[4.39603,50.84341],[4.39609,50.84325],[4.3949,50.84096],[4.39333,50.83794],[4.38026,50.84001],[4.38068,50.83944],[4.38076,50.83911],[4.38066,50.83791],[4.38024,50.83726],[4.38003,50.83707],[4.37983,50.83697],[4.37961,50.83683],[4.37917,50.83613],[4.37899,50.83403],[4.37998,50.83008],[4.38956,50.82247],[4.39605,50.82574],[4.39704,50.82624],[4.39728,50.82609],[4.39934,50.82486],[4.40436,50.82704],[4.41219,50.83046],[4.40756,50.83887],[4.40253,50.84031],[4.40215,50.84042],[4.40109,50.8406],[4.40147,50.84134],[4.40111,50.84229],[4.4006,50.84311],[4.40005,50.84365]]]},"properties":{"postcode":"1040","nl":"Etterbeek","fr":"Etterbeek"}},
{"type":"Feature","geometry":{"type":"Polygon","coordinates":[[[4.4815,51.23807],[4.49959,51.23584],[4.51527,51.23721],[4.52939,51.2423],[4.53506,51.24566],[4.54464,51.26119],[4.54683,51.27565],[4.54108,51.28309],[4.55298,51.28982],[4.5491,51.30412],[4.53934,51.30251],[4.51716,51.2896],[4.49097,51.27984],[4.48027,51.27213],[4.4607,51.26868],[4.46278,51.2673],[4.4642,51.2599],[4.46386,51.25914],[4.46346,51.2575],[4.46374,51.25397],[4.46626,51.25006],[4.46291,51.24884],[4.4594,51.24759],[4.45602,51.24569],[4.456,51.24562],[4.45618,51.24532],[4.45659,51.24475],[4.45567,51.24389],[4.45537,51.24364],[4.45702,51.23873],[4.45804,51.23795],[4.45937,51.23822],[4.46181,51.23791],[4.46707,51.23881],[4.47163,51.2373],[4.47836,51.23736],[4.47914,51.2378],[4.47918,51.23786],[4.47921,51.23807],[4.47959,51.23801],[4.4805,51.23841],[4.4815,51.23807]]]},"properties":{"postcode":"2900","nl":"Schoten","fr":"Schoten"}},
{"type":"Feature","geometry":{"type":"Polygon","coordinates":[[[4.56488,51.16574],[4.57037,51.1533],[4.57915,51.14822],[4.60119,51.15487],[4.62811,51.16564],[4.63637,51.17518],[4.62683,51.18435],[4.6308,51.18963],[4.62234,51.20049],[4.63296,51.21354],[4.6333,51.21372],[4.63385,51.21399],[4.63517,51.21458],[4.63579,51.21495],[4.63865,51.21603],[4.64024,51.21646],[4.64136,51.21686],[4.6421,51.21712],[4.64238,51.21724],[4.6427,51.21733],[4.64282,51.21743],[4.64306,51.21768],[4.64387,51.21892],[4.64209,51.21949],[4.63997,51.22015],[4.63259,51.22677],[4.61552,51.2361],[4.60758,51.22888],[4.57404,51.22061],[4.56228,51.22135],[4.55011,51.21703],[4.55201,51.21018],[4.54085,51.20918],[4.54379,51.20183],[4.53842,51.19387],[4.53567,51.19254],[4.53343,51.19154],[4.53133,51.1906],[4.53008,51.19004],[4.5335,51.18496],[4.53998,51.18486],[4.54581,51.18354],[4.54523,51.18235],[4.54809,51.18264],[4.5505,51.18258],[4.55259,51.18127],[4.55196,51.17937],[4.55158,51.17864],[4.55147,51.17848],[4.55105,51.17797],[4.55168,51.17794],[4.55173,51.17787],[4.55173,51.17765],[4.55218,51.17704],[4.55292,51.17664],[4.55445,51.17673],[4.55719,51.17547],[4.5582,51.17525],[4.55912,51.17504],[4.55895,51.17482],[4.55819,51.17404],[4.55798,51.17376],[4.55828,51.17299],[4.56332,51.17255],[4.56346,51.17143],[4.56368,51.17066],[4.56394,51.16994],[4.56498,51.16766],[4.56488,51.16574]]]},"properties":{"postcode":"2520","nl":"Ranst","fr":"Ranst"}},
{"type":"Feature","geometry":{"type":"Polygon","coordinates":[[[5.36343,50.69941],[5.36305,50.70622],[5.37233,50.71549],[5.36854,50.73115],[5.39447,50.73484],[5.38959,50.74797],[5.37605,50.74204],[5.36803,50.74697],[5.35029,50.74639],[5.33369,50.73549],[5.30809,50.72381],[5.3091,50.71802],[5.304,50.70397],[5.34861,50.70132],[5.36343,50.69941]]]},"properties":{"postcode":"4360","nl":"Oerle","fr":"Oreye"}},
{"type":"Feature","geometry":{"type":"Polygon","coordinates":[[[5.91882,50.67626],[5.92124,50.6776],[5.92178,50.67819],[5.92207,50.6784],[5.92237,50.67853],[5.92176,50.67876],[5.9212,50.679],[5.92061,50.67933],[5.92027,50.67959],[5.91947,50.68022],[5.91923,50.68039],[5.91855,50.68082],[5.91744,50.68142],[5.91535,50.68258],[5.91509,50.68273],[5.91472,50.683],[5.91422,50.68347],[5.91334,50.68446],[5.91311,50.68469],[5.90915,50.68838],[5.90366,50.69281],[5.90193,50.69379],[5.90126,50.69418],[5.90092,50.6944],[5.89963,50.6954],[5.8951,50.703],[5.88806,50.7089],[5.88414,50.70968],[5.88337,50.70986],[5.88289,50.70998],[5.88199,50.71025],[5.88142,50.71049],[5.87927,50.71153],[5.8758,50.71322],[5.87525,50.71348],[5.86679,50.71648],[5.86628,50.71662],[5.86562,50.71671],[5.86395,50.71704],[5.86129,50.71744],[5.85956,50.71748],[5.85842,50.71751],[5.85262,50.71667],[5.85144,50.71673],[5.8488,50.71679],[5.8485,50.71678],[5.84799,50.71681],[5.8478,50.71678],[5.84621,50.71661],[5.84452,50.71643],[5.84171,50.71617],[5.83643,50.71466],[5.82268,50.71368],[5.81987,50.71398],[5.8187,50.71431],[5.80657,50.71134],[5.79846,50.70246],[5.80462,50.69689],[5.80851,50.69478],[5.80914,50.69434],[5.81064,50.69325],[5.81176,50.69082],[5.81264,50.69013],[5.81412,50.68995],[5.81516,50.69012],[5.81559,50.69023],[5.81722,50.69051],[5.82243,50.68972],[5.83081,50.68397],[5.83551,50.68509],[5.83572,50.68505],[5.83583,50.68496],[5.83624,50.68474],[5.83642,50.6848],[5.83671,50.68502],[5.83736,50.68525],[5.83742,50.68569],[5.83963,50.6858],[5.842,50.68482],[5.86425,50.68856],[5.87453,50.69771],[5.88363,50.69516],[5.90188,50.68565],[5.90623,50.68093],[5.91525,50.67904],[5.91672,50.67822],[5.91808,50.6769],[5.91837,50.67667],[5.91882,50.67626]]]},"properties":{"postcode":"4880","nl":"Aubel","fr":"Aubel"}},
{"type":"Feature","geometry":{"type":"Polygon","coordinates":[[[5.42913,50.56442],[5.43171,50.56511],[5.43502,50.56451],[5.43522,50.56435],[5.43561,50.56416],[5.43586,50.56404],[5.43656,50.56324],[5.43797,50.56257],[5.439,50.56341],[5.44076,50.5628],[5.44403,50.56091],[5.44779,50.56136],[5.44959,50.55987],[5.4499,50.55936],[5.45104,50.55865],[5.45163,50.55833],[5.45217,50.55808],[5.45301,50.55765],[5.45755,50.55745],[5.45856,50.55716],[5.45999,50.55707],[5.46185,50.55876],[5.46133,50.55992],[5.4614,50.56038],[5.46117,50.56109],[5.46296,50.56667],[5.46379,50.56705],[5.46427,50.56703],[5.46495,50.56731],[5.46492,50.56745],[5.46497,50.56754],[5.46583,50.56781],[5.46645,50.5679],[5.46649,50.56772],[5.46741,50.56754],[5.46827,50.56754],[5.47163,50.56782],[5.47776,50.56863],[5.48334,50.57069],[5.48319,50.57107],[5.48354,50.57125],[5.48362,50.57144],[5.48358,50.57168],[5.48321,50.57187],[5.48302,50.57221],[5.48222,50.57238],[5.48187,50.57388],[5.48251,50.57445],[5.48308,50.57455],[5.48224,50.57737],[5.48178,50.57761],[5.48145,50.57799],[5.48138,50.5781],[5.48125,50.57821],[5.47971,50.57814],[5.47901,50.57826],[5.47863,50.57837],[5.47792,50.57839],[5.47722,50.57926],[5.47186,50.57865],[5.46992,50.58212],[5.47329,50.58598],[5.47504,50.58668],[5.4763,50.58753],[5.47636,50.58769],[5.47703,50.58812],[5.47731,50.58808],[5.47754,50.58813],[5.47866,50.58874],[5.47877,50.58913],[5.47896,50.58926],[5.47923,50.58933],[5.48068,50.5943],[5.48049,50.59439],[5.47974,50.59468],[5.47869,50.59542],[5.48038,50.59813],[5.48151,50.59918],[5.4848,50.60149],[5.48593,50.60217],[5.48756,50.60307],[5.489,50.604],[5.48632,50.60614],[5.48495,50.60793],[5.48616,50.60888],[5.48623,50.60892],[5.48545,50.60948],[5.48529,50.60959],[5.48335,50.6108],[5.4835,50.61088],[5.48272,50.61189],[5.48259,50.61222],[5.48196,50.61277],[5.48211,50.61291],[5.48252,50.61381],[5.48255,50.61414],[5.48244,50.61498],[5.48239,50.61591],[5.48242,50.61621],[5.48235,50.61639],[5.48046,50.61857],[5.47908,50.61893],[5.47639,50.61964],[5.47564,50.62034],[5.47598,50.62075],[5.47598,50.62089],[5.47629,50.62114],[5.46184,50.62939],[5.43534,50.62803],[5.40714,50.61691],[5.38049,50.61388],[5.39443,50.58978],[5.40489,50.59303],[5.41359,50.588],[5.41564,50.57953],[5.42913,50.56442]]]},"properties":{"postcode":"4400","nl":"Flémalle","fr":"Flémalle"}},
{"type":"Feature","geometry":{"type":"Polygon","coordinates":[[[5.34645,50.38651],[5.35854,50.38726],[5.36836,50.37986],[5.38256,50.38681],[5.39294,50.37944],[5.39555,50.38366],[5.41552,50.39542],[5.42727,50.40011],[5.42792,50.40638],[5.421,50.41296],[5.40669,50.41224],[5.4065,50.42566],[5.42193,50.43061],[5.42011,50.44005],[5.38426,50.44664],[5.37821,50.44772],[5.36125,50.46146],[5.33328,50.45487],[5.32787,50.44311],[5.33091,50.43367],[5.3043,50.42553],[5.29064,50.41956],[5.27064,50.43692],[5.25597,50.43543],[5.23719,50.42703],[5.22118,50.41728],[5.23719,50.40296],[5.2539,50.40029],[5.26002,50.40342],[5.28726,50.3946],[5.27915,50.38929],[5.28105,50.37824],[5.29716,50.36498],[5.30876,50.37117],[5.30882,50.37113],[5.30908,50.37123],[5.31904,50.37303],[5.33734,50.38051],[5.33741,50.38056],[5.34339,50.38484],[5.34537,50.38628],[5.34645,50.38651]]]},"properties":{"postcode":"4560","nl":"Clavier","fr":"Clavier"}},
{"type":"Feature","geometry":{"type":"Polygon","coordinates":[[[4.26315,50.42538],[4.26261,50.42527],[4.26115,50.42499],[4.2594,50.42467],[4.25853,50.42442],[4.25263,50.42389],[4.24585,50.41152],[4.2331,50.40625],[4.24022,50.40035],[4.23785,50.39461],[4.23656,50.39306],[4.23305,50.38947],[4.23273,50.38899],[4.23215,50.38845],[4.2327,50.38826],[4.23389,50.38814],[4.23491,50.38774],[4.23556,50.3872],[4.23784,50.38595],[4.23863,50.38231],[4.25125,50.37991],[4.27823,50.38654],[4.29128,50.39225],[4.29227,50.41739],[4.29379,50.42483],[4.28459,50.42802],[4.2685,50.42457],[4.26693,50.42466],[4.26672,50.42481],[4.26508,50.42501],[4.26457,50.4251],[4.26315,50.42538]]]},"properties":{"postcode":"6150","nl":"Anderlues","fr":"Anderlues"}},
{"type":"Feature","geometry":{"type":"Polygon","coordinates":[[[4.61698,50.94477],[4.63784,50.94556],[4.63759,50.93839],[4.64518,50.92452],[4.67092,50.93207],[4.66995,50.93518],[4.67083,50.93579],[4.67118,50.93596],[4.67463,50.93747],[4.67601,50.93848],[4.67647,50.93914],[4.67641,50.93945],[4.6771,50.93968],[4.67815,50.94007],[4.67885,50.94035],[4.67907,50.94035],[4.67985,50.94031],[4.68013,50.9402],[4.6808,50.94071],[4.68256,50.94133],[4.68239,50.9416],[4.68947,50.94407],[4.68479,50.95509],[4.68155,50.95559],[4.67924,50.95736],[4.67876,50.95878],[4.6776,50.95927],[4.67724,50.96009],[4.67765,50.96038],[4.67761,50.96055],[4.67371,50.96279],[4.67376,50.96335],[4.67247,50.9635],[4.67219,50.96341],[4.67155,50.96339],[4.67126,50.96333],[4.67084,50.96361],[4.67066,50.9638],[4.67056,50.964],[4.67019,50.96494],[4.67447,50.96593],[4.67545,50.96611],[4.676,50.96624],[4.67546,50.9671],[4.67515,50.96831],[4.6751,50.96975],[4.6753,50.97011],[4.67555,50.97041],[4.67481,50.97102],[4.67502,50.97173],[4.67535,50.97265],[4.67675,50.97401],[4.67692,50.97408],[4.67727,50.97413],[4.67751,50.97422],[4.67775,50.97452],[4.67777,50.97465],[4.67255,50.97575],[4.67173,50.98317],[4.67131,50.98326],[4.67075,50.9834],[4.67021,50.98365],[4.67012,50.98554],[4.67008,50.98577],[4.66995,50.98599],[4.66971,50.98625],[4.66917,50.98657],[4.66223,50.98971],[4.65923,50.98928],[4.6587,50.98892],[4.65865,50.98874],[4.65861,50.98839],[4.65649,50.98752],[4.65349,50.98728],[4.63976,50.99058],[4.60071,50.99456],[4.59225,50.99339],[4.58796,50.99385],[4.58727,50.99307],[4.58618,50.99195],[4.58568,50.99146],[4.58904,50.98222],[4.60267,50.97037],[4.61243,50.96648],[4.60771,50.96413],[4.60689,50.96358],[4.60612,50.96301],[4.60594,50.96286],[4.60567,50.96236],[4.60487,50.96095],[4.6039,50.95911],[4.60382,50.95888],[4.60414,50.95855],[4.60521,50.95795],[4.60843,50.95736],[4.6113,50.95564],[4.61885,50.95425],[4.61698,50.94477]]]},"properties":{"postcode":"3150","nl":"Haacht","fr":"Haacht"}},
{"type":"Feature","geometry":{"type":"Polygon","coordinates":[[[4.35599,50.75712],[4.35436,50.75474],[4.35394,50.75414],[4.35317,50.74964],[4.34941,50.74968],[4.3476,50.74953],[4.3456,50.74597],[4.34365,50.74591],[4.33967,50.74421],[4.34015,50.7437],[4.34072,50.74281],[4.34137,50.74236],[4.34098,50.73956],[4.3397,50.73946],[4.3391,50.73941],[4.33818,50.73939],[4.33739,50.73928],[4.33548,50.74082],[4.33356,50.73977],[4.33291,50.73973],[4.33285,50.7398],[4.33225,50.74019],[4.33186,50.74019],[4.33132,50.73945],[4.33049,50.73909],[4.33001,50.73874],[4.32985,50.73856],[4.32991,50.73848],[4.32972,50.73831],[4.32942,50.73828],[4.32901,50.73831],[4.32894,50.73828],[4.32868,50.73832],[4.327,50.73763],[4.32684,50.73752],[4.32659,50.73724],[4.3259,50.7366],[4.32453,50.73619],[4.32396,50.73611],[4.32362,50.73617],[4.3234,50.73614],[4.3233,50.73606],[4.32383,50.73464],[4.32497,50.73321],[4.32525,50.73295],[4.32548,50.73282],[4.32571,50.73266],[4.32502,50.73112],[4.32405,50.73088],[4.32384,50.73087],[4.32345,50.73081],[4.323,50.73069],[4.32172,50.72898],[4.32157,50.72862],[4.32125,50.728],[4.3212,50.72781],[4.32158,50.71978],[4.32187,50.71979],[4.32192,50.7199],[4.3225,50.7198],[4.32299,50.71991],[4.32647,50.7154],[4.33083,50.72074],[4.32534,50.72325],[4.32383,50.72891],[4.32424,50.72896],[4.32437,50.72901],[4.32529,50.72921],[4.3259,50.7294],[4.32669,50.72901],[4.32737,50.72855],[4.32856,50.72879],[4.32908,50.72929],[4.32972,50.73023],[4.33359,50.73361],[4.33436,50.73439],[4.33502,50.7337],[4.33807,50.73411],[4.34007,50.73187],[4.3515,50.7151],[4.35845,50.71612],[4.37273,50.71622],[4.37186,50.7295],[4.39631,50.73387],[4.41425,50.73513],[4.40507,50.75879],[4.42398,50.76493],[4.4168,50.77337],[4.41261,50.77232],[4.38293,50.76368],[4.38265,50.76873],[4.36373,50.77137],[4.36728,50.76324],[4.35599,50.75712]]]},"properties":{"postcode":"1640","nl":"Sint-Genesius-Rode","fr":"Rhode-Saint-Genèse"}},
{"type":"Feature","geometry":{"type":"Polygon","coordinates":[[[4.85035,51.13599],[4.86344,51.13638],[4.88551,51.1454],[4.90415,51.14708],[4.92499,51.14914],[4.92669,51.15928],[4.90846,51.18505],[4.89468,51.19684],[4.88064,51.19578],[4.86894,51.19039],[4.87421,51.18115],[4.86753,51.17705],[4.86683,51.16608],[4.84317,51.15525],[4.8407,51.14654],[4.85099,51.14235],[4.85035,51.13599]]]},"properties":{"postcode":"2250","nl":"Olen","fr":"Olen"}},
{"type":"Feature","geometry":{"type":"Polygon","coordinates":[[[4.54086,51.33754],[4.56633,51.36015],[4.61753,51.37627],[4.62769,51.37711],[4.64934,51.37297],[4.71699,51.38233],[4.7114,51.41048],[4.70283,51.41354],[4.69341,51.41719],[4.68927,51.41884],[4.68728,51.4196],[4.67668,51.42367],[4.66969,51.42636],[4.65177,51.42684],[4.64006,51.42219],[4.63009,51.42592],[4.57473,51.43285],[4.53541,51.42303],[4.50929,51.40315],[4.51343,51.39904],[4.51929,51.37462],[4.50691,51.37324],[4.50733,51.35803],[4.51894,51.3509],[4.54086,51.33754]]]},"properties":{"postcode":"2990","nl":"Wuustwezel","fr":"Wuustwezel"}},
{"type":"Feature","geometry":{"type":"Polygon","coordinates":[[[4.41691,51.30677],[4.4245,51.29586],[4.44022,51.29759],[4.46741,51.30655],[4.46457,51.31941],[4.48492,51.33411],[4.51894,51.3509],[4.50733,51.35803],[4.47479,51.35248],[4.44965,51.36148],[4.41981,51.36441],[4.39471,51.35586],[4.40606,51.33781],[4.39171,51.33059],[4.41691,51.30677]]]},"properties":{"postcode":"2950","nl":"Kapellen","fr":"Kapellen"}},
{"type":"Feature","geometry":{"type":"Polygon","coordinates":[[[3.18821,50.8915],[3.207,50.89725],[3.21195,50.89591],[3.24045,50.89938],[3.24402,50.90956],[3.23681,50.91946],[3.23844,50.93305],[3.23056,50.94514],[3.22677,50.94658],[3.22488,50.94681],[3.22451,50.94694],[3.22386,50.94714],[3.22305,50.9474],[3.22009,50.94764],[3.21398,50.9474],[3.21386,50.94731],[3.21248,50.94688],[3.21265,50.94631],[3.21101,50.94591],[3.21272,50.94475],[3.20478,50.94435],[3.19607,50.94513],[3.19382,50.9465],[3.19305,50.94729],[3.1921,50.94807],[3.19075,50.94916],[3.19074,50.94993],[3.18914,50.95025],[3.18077,50.95408],[3.17597,50.95339],[3.1758,50.95263],[3.1741,50.94488],[3.17346,50.94193],[3.17248,50.93527],[3.17825,50.91265],[3.17483,50.89213],[3.18821,50.8915]]]},"properties":{"postcode":"8870","nl":"Izegem","fr":"Izegem"}},
{"type":"Feature","geometry":{"type":"Polygon","coordinates":[[[5.25495,50.23981],[5.27132,50.24176],[5.28471,50.2465],[5.29395,50.23901],[5.31119,50.2448],[5.33435,50.25656],[5.34377,50.26557],[5.35878,50.27504],[5.37542,50.27847],[5.39597,50.28985],[5.38658,50.31662],[5.3843,50.31499],[5.38283,50.31436],[5.38213,50.31396],[5.3816,50.31377],[5.3651,50.31835],[5.36488,50.31827],[5.36458,50.31826],[5.36398,50.31805],[5.36292,50.31782],[5.36184,50.31765],[5.35922,50.31651],[5.35554,50.31206],[5.35603,50.31153],[5.35605,50.31109],[5.3552,50.31034],[5.35458,50.31002],[5.35218,50.30892],[5.35099,50.30845],[5.3505,50.30843],[5.35011,50.30834],[5.34971,50.30819],[5.3496,50.3077],[5.34878,50.30558],[5.34199,50.31026],[5.34238,50.31583],[5.35064,50.32103],[5.37153,50.32523],[5.37438,50.32625],[5.37485,50.32649],[5.37694,50.32681],[5.37657,50.32847],[5.39013,50.33461],[5.39579,50.33553],[5.3954,50.33629],[5.39533,50.33642],[5.39539,50.33807],[5.39457,50.34011],[5.39317,50.34267],[5.38603,50.34405],[5.38107,50.35188],[5.40016,50.36617],[5.40142,50.37359],[5.39294,50.37944],[5.38256,50.38681],[5.36836,50.37986],[5.35854,50.38726],[5.34645,50.38651],[5.34925,50.37805],[5.34971,50.37663],[5.3503,50.37471],[5.35049,50.37293],[5.3509,50.36802],[5.3513,50.36697],[5.35173,50.36578],[5.35329,50.36242],[5.35717,50.35677],[5.36177,50.35009],[5.35188,50.34237],[5.33107,50.33213],[5.32787,50.33245],[5.32744,50.33435],[5.32624,50.33626],[5.32375,50.33906],[5.31976,50.34149],[5.31844,50.34073],[5.31848,50.34071],[5.31797,50.34045],[5.31724,50.34003],[5.31671,50.34045],[5.3142,50.3394],[5.31295,50.33889],[5.30995,50.33681],[5.30956,50.32645],[5.31567,50.32129],[5.30116,50.31551],[5.29929,50.31046],[5.28755,50.30783],[5.26874,50.3137],[5.26503,50.30733],[5.25371,50.30101],[5.24044,50.29776],[5.23423,50.29408],[5.23197,50.29447],[5.23172,50.2945],[5.23167,50.29459],[5.23112,50.29461],[5.23027,50.29476],[5.22953,50.29508],[5.22812,50.2951],[5.22573,50.29462],[5.2252,50.29448],[5.22362,50.29414],[5.22264,50.29392],[5.21794,50.29168],[5.21708,50.29169],[5.21626,50.29187],[5.2159,50.29192],[5.21393,50.29055],[5.21429,50.29025],[5.21471,50.28987],[5.2149,50.28965],[5.21567,50.289],[5.21749,50.28613],[5.21803,50.28348],[5.23008,50.28276],[5.21912,50.27046],[5.22233,50.26222],[5.23395,50.26528],[5.24275,50.25707],[5.25644,50.25352],[5.25495,50.23981]]]},"properties":{"postcode":"5377","nl":"Somme-Leuze","fr":"Somme-Leuze"}},
{"type":"Feature","geometry":{"type":"Polygon","coordinates":[[[5.72108,50.2622],[5.73362,50.26021],[5.74738,50.26122],[5.75106,50.26605],[5.76355,50.26811],[5.7685,50.26769],[5.77902,50.26302],[5.78871,50.26461],[5.79612,50.265],[5.79681,50.26476],[5.79808,50.26467],[5.79987,50.26502],[5.80301,50.26284],[5.80213,50.26118],[5.80597,50.26093],[5.80987,50.26432],[5.81297,50.26417],[5.81662,50.26429],[5.81801,50.26429],[5.81931,50.26428],[5.82155,50.26428],[5.82748,50.26659],[5.83657,50.26267],[5.84866,50.26365],[5.85617,50.26677],[5.86122,50.26831],[5.86175,50.26844],[5.86204,50.26847],[5.86241,50.2685],[5.8705,50.2684],[5.87066,50.26909],[5.87063,50.26922],[5.87071,50.27],[5.87053,50.27003],[5.87093,50.27139],[5.87112,50.27252],[5.87374,50.2766],[5.86514,50.28253],[5.84715,50.2836],[5.8462,50.28843],[5.85905,50.29554],[5.85486,50.30001],[5.86327,50.30419],[5.86367,50.30504],[5.86413,50.30593],[5.86925,50.31945],[5.86664,50.31909],[5.86669,50.31933],[5.86661,50.31964],[5.86652,50.3198],[5.86332,50.32442],[5.86272,50.32505],[5.86264,50.32507],[5.8624,50.32522],[5.85911,50.32616],[5.85814,50.32643],[5.85404,50.32782],[5.84391,50.32327],[5.83378,50.33918],[5.83452,50.34786],[5.83075,50.3471],[5.83017,50.3473],[5.82902,50.34722],[5.82896,50.3473],[5.82877,50.34728],[5.82812,50.34709],[5.82805,50.34694],[5.82681,50.34633],[5.82649,50.34632],[5.82618,50.34622],[5.82605,50.34612],[5.82598,50.34601],[5.82585,50.34589],[5.82304,50.3448],[5.82269,50.34481],[5.82249,50.34467],[5.82229,50.34476],[5.8222,50.34473],[5.82218,50.34461],[5.82196,50.34442],[5.82146,50.34428],[5.82091,50.3444],[5.81984,50.34428],[5.81948,50.3443],[5.81919,50.34427],[5.81913,50.34413],[5.81876,50.34406],[5.81834,50.34413],[5.818,50.34416],[5.81751,50.34411],[5.81728,50.34401],[5.81721,50.34389],[5.81625,50.34365],[5.81566,50.34362],[5.81556,50.34358],[5.81539,50.34364],[5.81507,50.34368],[5.81486,50.34367],[5.81483,50.34359],[5.81448,50.34369],[5.81415,50.3437],[5.80925,50.34288],[5.80918,50.34276],[5.80877,50.3427],[5.80801,50.34233],[5.80624,50.34185],[5.80398,50.34166],[5.79605,50.33988],[5.79231,50.34038],[5.79109,50.3411],[5.78988,50.34141],[5.78951,50.34155],[5.78931,50.3416],[5.78912,50.34168],[5.77302,50.34979],[5.77253,50.35012],[5.77177,50.35058],[5.77102,50.35123],[5.76965,50.35313],[5.76901,50.35609],[5.76468,50.35794],[5.76037,50.36472],[5.72026,50.35819],[5.72153,50.35526],[5.71035,50.34171],[5.71453,50.33445],[5.70479,50.32873],[5.70648,50.31938],[5.71323,50.3098],[5.72711,50.30374],[5.74786,50.30239],[5.73143,50.27524],[5.71746,50.26668],[5.72033,50.26372],[5.72043,50.26355],[5.72108,50.2622]]]},"properties":{"postcode":"4990","nl":"Lierneux","fr":"Lierneux"}},
{"type":"Feature","geometry":{"type":"Polygon","coordinates":[[[5.59129,50.51094],[5.59162,50.51128],[5.59246,50.51165],[5.5927,50.51405],[5.60116,50.51907],[5.60979,50.52142],[5.61129,50.52213],[5.6119,50.52342],[5.61176,50.52355],[5.61129,50.52362],[5.61025,50.52274],[5.60767,50.52312],[5.6057,50.52566],[5.60203,50.52673],[5.59726,50.53358],[5.60138,50.54635],[5.61504,50.55094],[5.61647,50.56837],[5.60666,50.57448],[5.59845,50.57602],[5.59255,50.57599],[5.592,50.57615],[5.59122,50.57652],[5.59069,50.57696],[5.58908,50.57636],[5.57775,50.57625],[5.57731,50.57592],[5.57455,50.5732],[5.57422,50.57302],[5.57479,50.57248],[5.57537,50.57198],[5.57576,50.57178],[5.5761,50.57134],[5.57742,50.57063],[5.56944,50.56653],[5.56706,50.56612],[5.56743,50.56557],[5.56749,50.56466],[5.56773,50.56396],[5.5636,50.56216],[5.56296,50.56212],[5.56256,50.56197],[5.56185,50.56184],[5.55269,50.56102],[5.54713,50.56133],[5.54262,50.55369],[5.55472,50.53393],[5.5319,50.52728],[5.51977,50.5268],[5.5169,50.5252],[5.51551,50.52478],[5.51464,50.52429],[5.51368,50.52389],[5.51308,50.52369],[5.51286,50.52364],[5.51026,50.5245],[5.5097,50.52426],[5.50812,50.52319],[5.50722,50.52306],[5.50664,50.5232],[5.50648,50.52345],[5.50633,50.52353],[5.50577,50.52378],[5.50308,50.52335],[5.5021,50.52294],[5.50189,50.52277],[5.50162,50.52263],[5.50148,50.52252],[5.50124,50.52246],[5.49959,50.52126],[5.49931,50.52101],[5.49921,50.52081],[5.49876,50.52054],[5.4984,50.5203],[5.49835,50.52023],[5.50294,50.5137],[5.50447,50.5128],[5.50498,50.51224],[5.50778,50.5151],[5.5089,50.51535],[5.51052,50.51578],[5.51278,50.51641],[5.5151,50.51684],[5.51787,50.51181],[5.52329,50.5099],[5.52171,50.50819],[5.52074,50.50709],[5.52059,50.50569],[5.5205,50.50539],[5.52131,50.50534],[5.52264,50.50536],[5.52333,50.50525],[5.52346,50.50518],[5.52368,50.50497],[5.52376,50.50483],[5.52386,50.50476],[5.52606,50.50441],[5.52643,50.5044],[5.52672,50.50436],[5.52738,50.50446],[5.52777,50.50423],[5.5283,50.50447],[5.5286,50.50415],[5.52879,50.50388],[5.5289,50.50364],[5.52912,50.50346],[5.54445,50.50516],[5.5447,50.50537],[5.54534,50.50542],[5.54564,50.50562],[5.54656,50.50588],[5.55308,50.50735],[5.55469,50.5085],[5.55701,50.50938],[5.55881,50.51017],[5.55928,50.51043],[5.55943,50.51043],[5.56044,50.51028],[5.5624,50.509],[5.56393,50.50821],[5.56432,50.50802],[5.56525,50.50761],[5.56588,50.50725],[5.56747,50.50732],[5.5697,50.50817],[5.57379,50.50992],[5.57484,50.51042],[5.57554,50.51067],[5.59129,50.51094]]]},"properties":{"postcode":"4130","nl":"Esneux","fr":"Esneux"}},
{"type":"Feature","geometry":{"type":"Polygon","coordinates":[[[4.09185,50.66905],[4.07448,50.66078],[4.07282,50.65714],[4.04368,50.64283],[4.03745,50.63802],[4.03696,50.6381],[4.03555,50.63785],[4.0334,50.63709],[4.03326,50.63719],[4.03253,50.63733],[4.03212,50.63738],[4.03088,50.63704],[4.02737,50.6346],[4.02719,50.63445],[4.02682,50.63403],[4.02655,50.63375],[4.03094,50.63193],[4.03246,50.63187],[4.03288,50.63182],[4.03398,50.63156],[4.03473,50.63133],[4.0354,50.63109],[4.03574,50.63093],[4.04788,50.63193],[4.05132,50.63024],[4.05231,50.63001],[4.0547,50.62959],[4.05689,50.62923],[4.0602,50.62592],[4.06771,50.62402],[4.069,50.62345],[4.06974,50.62271],[4.07091,50.62216],[4.07207,50.62144],[4.07238,50.62123],[4.07285,50.61969],[4.07072,50.61817],[4.07032,50.61795],[4.06953,50.61758],[4.06934,50.61748],[4.06867,50.61622],[4.06956,50.61524],[4.07005,50.61502],[4.0696,50.61422],[4.06331,50.61197],[4.06656,50.60972],[4.06599,50.60618],[4.06908,50.60387],[4.06804,50.60335],[4.07101,50.60151],[4.07405,50.5992],[4.08347,50.59392],[4.09248,50.58978],[4.10495,50.56959],[4.11017,50.56919],[4.11478,50.56811],[4.12149,50.56544],[4.12341,50.56475],[4.12403,50.56461],[4.12449,50.56455],[4.12515,50.56545],[4.12553,50.56586],[4.12632,50.56657],[4.12961,50.56885],[4.13066,50.56907],[4.13241,50.57032],[4.13296,50.56998],[4.13431,50.57127],[4.13498,50.5715],[4.13572,50.57189],[4.13635,50.57233],[4.13773,50.57579],[4.14471,50.57887],[4.15005,50.58004],[4.15598,50.5819],[4.15721,50.58247],[4.15784,50.58275],[4.15867,50.58314],[4.17095,50.59529],[4.17525,50.5938],[4.17618,50.59044],[4.19081,50.59296],[4.19328,50.59665],[4.20249,50.59402],[4.2024,50.59378],[4.20196,50.59343],[4.2014,50.59323],[4.20364,50.59153],[4.20384,50.59154],[4.20451,50.59149],[4.20495,50.59128],[4.20673,50.59083],[4.2072,50.5904],[4.20623,50.58952],[4.20567,50.58877],[4.20713,50.58812],[4.20934,50.58696],[4.20879,50.58651],[4.20758,50.5857],[4.2261,50.58293],[4.22696,50.58425],[4.22811,50.58558],[4.2284,50.586],[4.2287,50.58627],[4.23498,50.59057],[4.23496,50.59132],[4.23479,50.59173],[4.23469,50.59179],[4.23447,50.59186],[4.23419,50.59223],[4.23416,50.5929],[4.23421,50.59298],[4.23417,50.59331],[4.23318,50.59415],[4.23309,50.59417],[4.23292,50.59413],[4.23272,50.59414],[4.23105,50.59446],[4.22957,50.59559],[4.2289,50.59641],[4.23115,50.60069],[4.23753,50.59988],[4.24499,50.59597],[4.24713,50.59829],[4.24883,50.59864],[4.24964,50.59924],[4.24983,50.59914],[4.24993,50.59933],[4.25075,50.59954],[4.25123,50.59985],[4.25167,50.60122],[4.24557,50.61226],[4.25059,50.61345],[4.25023,50.61403],[4.24996,50.61444],[4.25181,50.61536],[4.25235,50.61552],[4.25365,50.61592],[4.24462,50.62078],[4.24393,50.62083],[4.24328,50.62078],[4.24304,50.62079],[4.23991,50.62243],[4.22856,50.62424],[4.19925,50.62456],[4.20444,50.64694],[4.19903,50.65227],[4.17735,50.66338],[4.162,50.6482],[4.14711,50.63926],[4.14528,50.63369],[4.1327,50.62932],[4.11692,50.63485],[4.10827,50.63295],[4.09913,50.64132],[4.09629,50.65179],[4.1003,50.66294],[4.09185,50.66905]]]},"properties":{"postcode":"7090","nl":"'s Gravenbrakel","fr":"Braine-le-Comte"}},
{"type":"Feature","geometry":{"type":"Polygon","coordinates":[[[4.76131,51.2512],[4.77898,51.24361],[4.79941,51.22918],[4.80191,51.21489],[4.8212,51.21709],[4.83256,51.21556],[4.8326,51.20706],[4.84461,51.20936],[4.85827,51.21597],[4.86316,51.20825],[4.87871,51.21543],[4.86807,51.22884],[4.87288,51.23655],[4.86299,51.24139],[4.87923,51.24999],[4.88119,51.26277],[4.89661,51.27332],[4.90701,51.28514],[4.90748,51.28971],[4.87453,51.29015],[4.87077,51.29855],[4.86015,51.29864],[4.83762,51.29237],[4.83467,51.28451],[4.81063,51.28824],[4.78076,51.28143],[4.77636,51.27315],[4.7751,51.26776],[4.76131,51.2512]]]},"properties":{"postcode":"2275","nl":"Lille","fr":"Lille"}},
{"type":"Feature","geometry":{"type":"Polygon","coordinates":[[[4.80981,51.01077],[4.81708,51.01051],[4.81797,51.01113],[4.81831,51.01122],[4.81879,51.01127],[4.8203,51.01169],[4.82178,51.0126],[4.82925,51.01197],[4.83071,51.01226],[4.83179,51.01264],[4.83189,51.01266],[4.83714,51.01243],[4.84005,51.01263],[4.8414,51.01255],[4.84227,51.01243],[4.84259,51.01234],[4.84311,51.01235],[4.8434,51.01248],[4.84364,51.01286],[4.84424,51.01339],[4.84486,51.01369],[4.84739,51.01519],[4.85127,51.01696],[4.85918,51.01755],[4.85968,51.01885],[4.86011,51.01921],[4.86041,51.01937],[4.86094,51.02001],[4.86101,51.02012],[4.86115,51.02051],[4.86449,51.02178],[4.87256,51.02368],[4.87561,51.02326],[4.88225,51.01968],[4.88965,51.02291],[4.88984,51.02292],[4.89043,51.02285],[4.89086,51.02277],[4.89373,51.02364],[4.89584,51.0225],[4.89854,51.02441],[4.90452,51.02588],[4.91128,51.03509],[4.9179,51.03567],[4.92004,51.03655],[4.9207,51.03674],[4.92202,51.03714],[4.9473,51.03727],[4.95382,51.03933],[4.9596,51.04319],[4.96495,51.0455],[4.96651,51.04612],[4.96729,51.04647],[4.96891,51.04717],[4.96878,51.04784],[4.96875,51.04817],[4.96875,51.04846],[4.9688,51.05058],[4.96819,51.05199],[4.96404,51.05432],[4.95921,51.05501],[4.95614,51.05534],[4.95266,51.05659],[4.9517,51.06373],[4.93171,51.06287],[4.92852,51.06644],[4.94921,51.08344],[4.94156,51.08981],[4.93842,51.09125],[4.92411,51.08914],[4.91351,51.08106],[4.86488,51.07116],[4.86882,51.06228],[4.86024,51.05818],[4.83652,51.05274],[4.81681,51.05233],[4.79901,51.02853],[4.81127,51.01938],[4.80981,51.01077]]]},"properties":{"postcode":"2230","nl":"Herselt","fr":"Herselt"}},
{"type":"Feature","geometry":{"type":"Polygon","coordinates":[[[4.49556,51.21634],[4.51991,51.22259],[4.54613,51.22003],[4.55306,51.23141],[4.54438,51.23264],[4.52939,51.2423],[4.51527,51.23721],[4.49959,51.23584],[4.4815,51.23807],[4.48415,51.23622],[4.48724,51.23437],[4.4839,51.22555],[4.48478,51.22578],[4.48637,51.22617],[4.48945,51.22687],[4.49637,51.22761],[4.49661,51.22716],[4.49698,51.22497],[4.49687,51.22492],[4.49797,51.2213],[4.49535,51.21976],[4.49483,51.2185],[4.49585,51.21722],[4.49561,51.21644],[4.49556,51.21634]]]},"properties":{"postcode":"2110","nl":"Wijnegem","fr":"Wijnegem"}},
{"type":"Feature","geometry":{"type":"Polygon","coordinates":[[[4.35958,51.10954],[4.38246,51.11142],[4.40045,51.11805],[4.40833,51.14267],[4.40142,51.14983],[4.39972,51.15108],[4.39893,51.15087],[4.39718,51.15039],[4.39369,51.14949],[4.39144,51.14839],[4.38602,51.14917],[4.38016,51.14757],[4.37921,51.14719],[4.37901,51.14692],[4.37867,51.14692],[4.37915,51.14673],[4.37922,51.14656],[4.37815,51.14642],[4.37716,51.14538],[4.37529,51.14516],[4.37508,51.14528],[4.37477,51.14553],[4.37091,51.1443],[4.37062,51.144],[4.37017,51.14371],[4.36991,51.14342],[4.36843,51.14339],[4.3646,51.1464],[4.36495,51.14658],[4.36292,51.14883],[4.36281,51.1491],[4.36253,51.14943],[4.36242,51.14952],[4.35399,51.1478],[4.35494,51.14725],[4.35448,51.14688],[4.35542,51.14478],[4.35578,51.14353],[4.3561,51.14055],[4.35839,51.13571],[4.35567,51.13434],[4.36469,51.13162],[4.37664,51.11676],[4.36582,51.11308],[4.35375,51.11395],[4.35958,51.10954]]]},"properties":{"postcode":"2630","nl":"Aartselaar","fr":"Aartselaar"}},
{"type":"Feature","geometry":{"type":"Polygon","coordinates":[[[2.97373,50.98403],[3.01948,50.99938],[3.03734,51.00509],[3.06508,51.00725],[3.06977,51.01546],[3.06521,51.03377],[3.0549,51.04296],[3.05231,51.05663],[3.04355,51.06063],[3.02048,51.0561],[3.01453,51.06997],[2.99599,51.05542],[2.98412,51.05457],[2.96592,51.04186],[2.94919,51.04777],[2.94745,51.04261],[2.93498,51.03235],[2.94323,51.02828],[2.94856,51.01641],[2.93219,51.00501],[2.92857,50.99926],[2.95563,50.99562],[2.97373,50.98403]]]},"properties":{"postcode":"8610","nl":"Kortemark","fr":"Kortemark"}},
{"type":"Feature","geometry":{"type":"Polygon","coordinates":[[[5.54648,51.13056],[5.57007,51.10749],[5.57806,51.10954],[5.57866,51.10955],[5.5797,51.10961],[5.58257,51.1097],[5.58504,51.11006],[5.58637,51.11024],[5.5864,51.1102],[5.58673,51.11026],[5.58701,51.11028],[5.58735,51.11034],[5.60141,51.11304],[5.61523,51.11455],[5.61841,51.1138],[5.6195,51.11378],[5.61988,51.11383],[5.62001,51.11389],[5.62019,51.11408],[5.62206,51.11395],[5.62655,51.11423],[5.62787,51.11459],[5.62981,51.11416],[5.63187,51.11439],[5.63223,51.11398],[5.63215,51.11334],[5.62999,51.11094],[5.63569,51.10419],[5.64685,51.1066],[5.65606,51.10587],[5.66286,51.10254],[5.67066,51.11559],[5.67798,51.11897],[5.67398,51.12755],[5.70585,51.12961],[5.71848,51.12692],[5.70601,51.13851],[5.71251,51.14581],[5.70365,51.15488],[5.68335,51.16693],[5.67555,51.17634],[5.65819,51.18446],[5.639,51.17912],[5.6149,51.17689],[5.60244,51.16925],[5.57406,51.15893],[5.57884,51.15219],[5.54648,51.13056]]]},"properties":{"postcode":"3960","nl":"Bree","fr":"Bree"}},
{"type":"Feature","geometry":{"type":"Polygon","coordinates":[[[5.08325,50.59969],[5.08079,50.61951],[5.08412,50.6263],[5.09897,50.63138],[5.10087,50.64071],[5.12721,50.6373],[5.15193,50.64974],[5.13981,50.65923],[5.14349,50.66275],[5.16219,50.66709],[5.16012,50.67205],[5.14402,50.68286],[5.14864,50.69543],[5.11934,50.70828],[5.10341,50.70916],[5.09586,50.70335],[5.06558,50.71047],[5.05645,50.7157],[5.06086,50.70919],[5.03891,50.70016],[5.02359,50.69848],[5.01733,50.70254],[5.00258,50.69596],[4.99738,50.6837],[4.99684,50.67227],[5.00265,50.66499],[4.99059,50.65668],[4.98811,50.64543],[4.9942,50.63691],[5.0039,50.63832],[5.01471,50.63338],[5.02613,50.64645],[5.05671,50.64201],[5.05662,50.62906],[5.0472,50.62147],[5.05462,50.60766],[5.06188,50.60252],[5.08325,50.59969]]]},"properties":{"postcode":"4280","nl":"Hannuit","fr":"Hannut"}},
{"type":"Feature","geometry":{"type":"Polygon","coordinates":[[[4.32522,50.86667],[4.33237,50.86454],[4.34052,50.87136],[4.33929,50.88175],[4.33908,50.88215],[4.33849,50.88316],[4.33782,50.88434],[4.33704,50.88697],[4.3324,50.88559],[4.33019,50.88512],[4.32999,50.88518],[4.32987,50.88535],[4.32354,50.89412],[4.32307,50.8941],[4.32255,50.89406],[4.32202,50.89397],[4.31729,50.89308],[4.31377,50.89331],[4.30094,50.89056],[4.2982,50.8821],[4.31966,50.88024],[4.32522,50.86667]]]},"properties":{"postcode":"1090","nl":"Jette","fr":"Jette"}},
{"type":"Feature","geometry":{"type":"Polygon","coordinates":[[[5.02809,51.11597],[5.02783,51.11141],[5.03028,51.10625],[5.03048,51.10279],[5.03112,51.10056],[5.03145,51.09988],[5.03177,51.0991],[5.03184,51.09887],[5.03402,51.09903],[5.03599,51.09911],[5.03633,51.09916],[5.03659,51.09914],[5.03719,51.0992],[5.03805,51.09924],[5.03836,51.09928],[5.04104,51.09935],[5.04907,51.10014],[5.0494,51.10012],[5.04954,51.10013],[5.05093,51.10029],[5.05226,51.10024],[5.05398,51.10053],[5.05494,51.10062],[5.05603,51.10076],[5.05895,51.10108],[5.05942,51.10118],[5.0674,51.10313],[5.07194,51.10432],[5.09742,51.09432],[5.10038,51.09375],[5.10045,51.09402],[5.10062,51.09412],[5.10087,51.09417],[5.10118,51.0943],[5.10192,51.0944],[5.10229,51.09578],[5.10255,51.09608],[5.10285,51.09654],[5.10484,51.09756],[5.10849,51.09862],[5.11305,51.10194],[5.11603,51.10274],[5.11667,51.10299],[5.1169,51.10323],[5.11698,51.10345],[5.11844,51.1038],[5.12038,51.10526],[5.12409,51.10691],[5.12567,51.10773],[5.1262,51.10794],[5.12659,51.10813],[5.12682,51.10833],[5.12647,51.1089],[5.1264,51.10918],[5.12817,51.11024],[5.12983,51.11242],[5.13,51.1141],[5.13009,51.11481],[5.13017,51.11609],[5.13022,51.11621],[5.13022,51.11659],[5.13018,51.11668],[5.12861,51.11885],[5.12558,51.11978],[5.12422,51.1205],[5.12346,51.12087],[5.12339,51.12097],[5.12356,51.1218],[5.12348,51.12238],[5.12359,51.12303],[5.12408,51.12459],[5.12449,51.12625],[5.12464,51.1268],[5.1248,51.12732],[5.12499,51.128],[5.12486,51.13527],[5.12154,51.14208],[5.12142,51.14228],[5.12131,51.14219],[5.12076,51.1422],[5.11974,51.14206],[5.1188,51.14196],[5.11862,51.142],[5.11855,51.14211],[5.1184,51.14209],[5.11818,51.14197],[5.1172,51.1419],[5.11709,51.14184],[5.11708,51.14176],[5.11643,51.14163],[5.11577,51.14109],[5.11528,51.14156],[5.11408,51.1414],[5.1139,51.14148],[5.11349,51.1415],[5.11313,51.14165],[5.11283,51.14165],[5.10761,51.14074],[5.10315,51.13755],[5.10106,51.13805],[5.10014,51.13742],[5.09916,51.13767],[5.09647,51.13721],[5.09644,51.13708],[5.09634,51.13697],[5.09624,51.13694],[5.09602,51.13706],[5.09587,51.13707],[5.09575,51.13696],[5.09548,51.13684],[5.09475,51.1369],[5.09079,51.14163],[5.08872,51.14707],[5.09962,51.15885],[5.0857,51.15955],[5.07668,51.15348],[5.06221,51.14373],[5.0568,51.14681],[5.03121,51.14902],[5.0112,51.1455],[5.0223,51.13896],[5.02809,51.11597]]]},"properties":{"postcode":"2450","nl":"Meerhout","fr":"Meerhout"}},
{"type":"Feature","geometry":{"type":"Polygon","coordinates":[[[5.61215,50.22001],[5.61351,50.22165],[5.61445,50.22142],[5.61635,50.22474],[5.63142,50.22715],[5.65551,50.22208],[5.66345,50.22508],[5.66378,50.22516],[5.66407,50.22521],[5.66589,50.2254],[5.67443,50.22612],[5.67907,50.22576],[5.67991,50.22569],[5.68232,50.22551],[5.69374,50.22537],[5.69819,50.22747],[5.69927,50.22778],[5.70084,50.22822],[5.70307,50.22898],[5.70741,50.23008],[5.70966,50.23062],[5.71039,50.23136],[5.71144,50.23267],[5.71195,50.23328],[5.7125,50.23397],[5.71571,50.23771],[5.71632,50.23848],[5.71827,50.24107],[5.72617,50.25167],[5.72108,50.2622],[5.72043,50.26355],[5.72033,50.26372],[5.71746,50.26668],[5.73143,50.27524],[5.74786,50.30239],[5.72711,50.30374],[5.71323,50.3098],[5.70648,50.31938],[5.70479,50.32873],[5.71453,50.33445],[5.71035,50.34171],[5.72153,50.35526],[5.72026,50.35819],[5.70667,50.3611],[5.69633,50.35715],[5.67016,50.35725],[5.67558,50.36845],[5.64742,50.36553],[5.63061,50.37204],[5.62512,50.36614],[5.5886,50.34881],[5.5914,50.33942],[5.60858,50.34153],[5.62305,50.33507],[5.64128,50.33542],[5.6549,50.33896],[5.65121,50.31648],[5.63424,50.31183],[5.61818,50.29683],[5.61099,50.28417],[5.61351,50.27759],[5.60383,50.26857],[5.59605,50.25673],[5.58162,50.25912],[5.57517,50.25451],[5.57559,50.24693],[5.57859,50.24059],[5.606,50.22597],[5.61215,50.22001]]]},"properties":{"postcode":"6960","nl":"Manhay","fr":"Manhay"}},
{"type":"Feature","geometry":{"type":"Polygon","coordinates":[[[3.58167,50.79933],[3.58351,50.80046],[3.5831,50.80068],[3.58011,50.80226],[3.58176,50.80332],[3.58203,50.80325],[3.5833,50.80339],[3.58401,50.80351],[3.58443,50.80351],[3.58474,50.80366],[3.58498,50.80387],[3.58517,50.80409],[3.5856,50.80451],[3.58592,50.80465],[3.58601,50.80464],[3.58621,50.80452],[3.58709,50.80476],[3.58757,50.80471],[3.58877,50.80502],[3.58967,50.80498],[3.5909,50.80661],[3.59687,50.80548],[3.59827,50.8072],[3.6004,50.80961],[3.60114,50.80973],[3.60184,50.80947],[3.60233,50.80991],[3.60161,50.81033],[3.6008,50.81066],[3.59977,50.81087],[3.59917,50.81147],[3.59819,50.81199],[3.59644,50.81285],[3.59899,50.818],[3.61124,50.8255],[3.61188,50.82524],[3.61233,50.82511],[3.6126,50.82497],[3.61307,50.82492],[3.61382,50.82438],[3.61495,50.82335],[3.61531,50.82302],[3.61571,50.82256],[3.61965,50.8226],[3.61956,50.82215],[3.62015,50.8219],[3.62049,50.82183],[3.62066,50.82177],[3.62232,50.81961],[3.6258,50.82005],[3.62771,50.81994],[3.62848,50.81905],[3.62911,50.82009],[3.62934,50.8205],[3.62938,50.82052],[3.63037,50.82214],[3.63018,50.82679],[3.64773,50.83004],[3.66001,50.82938],[3.67247,50.82152],[3.68176,50.82516],[3.68083,50.83641],[3.68654,50.84921],[3.68284,50.85242],[3.69746,50.86229],[3.69055,50.87791],[3.6846,50.87943],[3.68031,50.8889],[3.65941,50.88627],[3.64268,50.88871],[3.64569,50.8952],[3.6307,50.90032],[3.59508,50.89556],[3.59795,50.88985],[3.59739,50.88967],[3.59667,50.88975],[3.59508,50.8894],[3.5933,50.88834],[3.59222,50.88702],[3.59214,50.88681],[3.59214,50.88629],[3.57816,50.8809],[3.57148,50.87852],[3.57117,50.87845],[3.57033,50.8784],[3.56961,50.8783],[3.56389,50.88382],[3.56091,50.88398],[3.55687,50.88249],[3.55582,50.88205],[3.556,50.88176],[3.55605,50.88164],[3.55485,50.88112],[3.54851,50.88015],[3.57417,50.85874],[3.57756,50.85011],[3.56805,50.84098],[3.57946,50.83438],[3.58932,50.83352],[3.57614,50.82123],[3.55198,50.81841],[3.54109,50.81129],[3.55633,50.80012],[3.56179,50.7905],[3.57234,50.79845],[3.57824,50.80128],[3.58055,50.79979],[3.58132,50.79944],[3.58167,50.79933]]]},"properties":{"postcode":"9700","nl":"Oudenaarde","fr":"Audenarde"}},
{"type":"Feature","geometry":{"type":"Polygon","coordinates":[[[3.868,50.95427],[3.87984,50.95424],[3.88627,50.94926],[3.88915,50.9504],[3.89015,50.94991],[3.89108,50.94923],[3.89289,50.94822],[3.89379,50.94753],[3.9014,50.94995],[3.90684,50.94929],[3.91928,50.95336],[3.93778,50.94987],[3.93815,50.94993],[3.93896,50.95022],[3.94008,50.95047],[3.94462,50.95218],[3.94952,50.95292],[3.95289,50.95117],[3.95488,50.95464],[3.97294,50.95256],[3.98315,50.9556],[3.99717,50.95379],[4.00648,50.95598],[4.01111,50.9562],[4.00996,50.95777],[4.01032,50.95792],[4.01052,50.95794],[4.013,50.95911],[4.01507,50.96116],[4.01419,50.96144],[4.0137,50.96171],[4.01042,50.96377],[4.00938,50.96499],[4.0107,50.96553],[4.01054,50.96647],[4.01513,50.96991],[4.01488,50.97024],[4.01374,50.97169],[4.01383,50.97244],[4.0131,50.97244],[4.01471,50.97728],[4.01975,50.98218],[4.01538,50.98717],[4.00634,50.98511],[3.98699,50.98041],[3.95055,50.98263],[3.95119,50.97505],[3.91852,50.9797],[3.91252,50.98354],[3.89551,50.97823],[3.87059,50.9617],[3.868,50.95427]]]},"properties":{"postcode":"9340","nl":"Lede","fr":"Lede"}},
{"type":"Feature","geometry":{"type":"Polygon","coordinates":[[[2.62499,51.0847],[2.62842,51.0862],[2.65589,51.08351],[2.68174,51.09022],[2.69558,51.08828],[2.69625,51.08184],[2.71641,51.085],[2.72353,51.09471],[2.7426,51.09777],[2.75145,51.09653],[2.75155,51.10015],[2.73611,51.10966],[2.75718,51.11712],[2.75372,51.12456],[2.74115,51.12888],[2.71852,51.12937],[2.6993,51.14979],[2.65956,51.13818],[2.63304,51.12787],[2.6018,51.11377],[2.62499,51.0847]]]},"properties":{"postcode":"8670","nl":"Koksijde","fr":"Koksijde"}},
{"type":"Feature","geometry":{"type":"Polygon","coordinates":[[[2.99904,50.81053],[2.9989,50.81866],[3.01982,50.82554],[3.04371,50.84207],[3.06956,50.85403],[3.0497,50.86628],[3.0288,50.88276],[3.03047,50.89469],[3.04027,50.89701],[3.06569,50.91716],[3.06192,50.9237],[3.05175,50.92205],[3.0423,50.92886],[3.02843,50.9239],[3.00663,50.9212],[2.98986,50.91609],[2.9854,50.9065],[2.96815,50.90031],[2.97239,50.88395],[2.97138,50.87733],[2.94817,50.87623],[2.93981,50.86994],[2.94735,50.86009],[2.95207,50.85124],[2.95211,50.84922],[2.95302,50.84652],[2.95338,50.84535],[2.95533,50.84517],[2.9562,50.84505],[2.95739,50.84476],[2.97549,50.83935],[2.97648,50.83202],[2.96843,50.82522],[2.95917,50.82699],[2.9586,50.82753],[2.95744,50.82816],[2.95723,50.82635],[2.95559,50.82407],[2.95726,50.81869],[2.95337,50.81842],[2.95453,50.81712],[2.95288,50.81661],[2.96192,50.80122],[2.96862,50.80245],[2.97342,50.80303],[2.97623,50.80313],[2.97661,50.8031],[2.97672,50.80312],[2.97908,50.80342],[2.98178,50.80433],[2.98273,50.8046],[2.98316,50.80469],[2.98345,50.80478],[2.98484,50.80514],[2.98679,50.80568],[2.98946,50.80656],[2.99904,50.81053]]]},"properties":{"postcode":"8980","nl":"Zonnebeke","fr":"Zonnebeke"}},
{"type":"Feature","geometry":{"type":"Polygon","coordinates":[[[2.99904,50.81053],[3.00002,50.81079],[3.00118,50.80995],[3.00217,50.80906],[3.00235,50.80877],[3.00264,50.80838],[3.00436,50.80802],[3.00477,50.80822],[3.00612,50.8088],[3.01116,50.80754],[3.01157,50.80733],[3.01287,50.80586],[3.01503,50.80267],[3.01424,50.80238],[3.0139,50.80222],[3.0113,50.8003],[3.00904,50.7981],[3.00858,50.79525],[3.01467,50.78997],[3.01275,50.78639],[3.01286,50.78628],[3.01315,50.78604],[3.01365,50.78566],[3.01378,50.78552],[3.01289,50.78405],[3.01541,50.78391],[3.01874,50.78223],[3.01888,50.78227],[3.01922,50.78243],[3.01956,50.78238],[3.02098,50.78273],[3.02181,50.78281],[3.02753,50.78026],[3.02952,50.78011],[3.02933,50.7786],[3.02716,50.77852],[3.02325,50.77707],[3.02307,50.77708],[3.023,50.77721],[3.02268,50.77724],[3.02161,50.77662],[3.02138,50.77622],[3.02162,50.77605],[3.02106,50.77578],[3.02109,50.77564],[3.02091,50.77541],[3.01891,50.77368],[3.03567,50.77033],[3.04097,50.77607],[3.0609,50.78066],[3.08187,50.77264],[3.09864,50.77908],[3.08792,50.78812],[3.08059,50.80052],[3.10081,50.8058],[3.10686,50.81418],[3.10485,50.83219],[3.10237,50.83812],[3.08031,50.84338],[3.06956,50.85403],[3.04371,50.84207],[3.01982,50.82554],[2.9989,50.81866],[2.99904,50.81053]]]},"properties":{"postcode":"8940","nl":"Wervik","fr":"Wervik"}},
{"type":"Feature","geometry":{"type":"Polygon","coordinates":[[[6.19216,50.52091],[6.15309,50.51399],[6.1391,50.50783],[6.1308,50.49801],[6.14476,50.49223],[6.14822,50.47159],[6.15328,50.4622],[6.15475,50.43838],[6.14849,50.43513],[6.15117,50.42527],[6.16281,50.42223],[6.17822,50.41329],[6.18174,50.40469],[6.18643,50.40206],[6.18721,50.40069],[6.18809,50.40006],[6.18827,50.39988],[6.18851,50.39978],[6.18934,50.39983],[6.18911,50.40002],[6.19016,50.4004],[6.19564,50.40097],[6.19754,50.39928],[6.19663,50.39864],[6.19712,50.39824],[6.19806,50.39806],[6.20255,50.39651],[6.20807,50.39574],[6.21393,50.39601],[6.21443,50.39615],[6.21588,50.39644],[6.21617,50.39652],[6.21687,50.39581],[6.2194,50.39437],[6.22954,50.40018],[6.23252,50.41544],[6.24229,50.42401],[6.24257,50.42605],[6.24132,50.42528],[6.24061,50.42547],[6.24135,50.42615],[6.24101,50.42639],[6.24121,50.42688],[6.23969,50.42697],[6.23913,50.42685],[6.23865,50.42687],[6.23817,50.427],[6.24106,50.43484],[6.24142,50.43515],[6.24248,50.4361],[6.24566,50.43899],[6.24716,50.44028],[6.2522,50.44534],[6.2554,50.45057],[6.25703,50.45212],[6.25962,50.45479],[6.26041,50.45565],[6.26072,50.45598],[6.26883,50.46228],[6.28287,50.45855],[6.29991,50.46825],[6.30051,50.47929],[6.30069,50.47947],[6.30115,50.47975],[6.30129,50.47989],[6.30192,50.48122],[6.30102,50.48425],[6.29758,50.48813],[6.29265,50.49288],[6.29156,50.49392],[6.29043,50.49498],[6.28545,50.49818],[6.28166,50.50312],[6.26966,50.50454],[6.26243,50.49899],[6.2517,50.50353],[6.23,50.49721],[6.22254,50.50151],[6.20826,50.51731],[6.20722,50.52203],[6.20656,50.52174],[6.19216,50.52091]]]},"properties":{"postcode":"4750","nl":"Bütgenbach","fr":"Butgenbach"}},
{"type":"Feature","geometry":{"type":"Polygon","coordinates":[[[4.77587,51.31264],[4.76872,51.289],[4.77636,51.27315],[4.78076,51.28143],[4.81063,51.28824],[4.83467,51.28451],[4.83762,51.29237],[4.83852,51.29854],[4.86741,51.30706],[4.87096,51.31889],[4.87686,51.32569],[4.88873,51.32583],[4.89596,51.33648],[4.85843,51.33943],[4.8277,51.34457],[4.80846,51.34452],[4.77587,51.31264]]]},"properties":{"postcode":"2340","nl":"Beerse","fr":"Beerse"}},
{"type":"Feature","geometry":{"type":"Polygon","coordinates":[[[4.36026,51.08441],[4.3852,51.08065],[4.3979,51.09634],[4.38629,51.10221],[4.36319,51.10621],[4.34023,51.0951],[4.36026,51.08441]]]},"properties":{"postcode":"2850","nl":"Boom","fr":"Boom"}},
{"type":"Feature","geometry":{"type":"Polygon","coordinates":[[[3.79871,51.18889],[3.79878,51.18866],[3.79889,51.18845],[3.79933,51.18785],[3.80026,51.18713],[3.80133,51.18683],[3.8028,51.18628],[3.80367,51.18582],[3.80361,51.1825],[3.81165,51.18376],[3.81981,51.18504],[3.82795,51.18632],[3.83029,51.18519],[3.8308,51.18498],[3.83351,51.18369],[3.83355,51.18245],[3.83353,51.18199],[3.83566,51.18262],[3.83585,51.18268],[3.83448,51.18334],[3.83679,51.18381],[3.83555,51.1861],[3.83498,51.18718],[3.83318,51.19064],[3.83229,51.19163],[3.84006,51.19965],[3.85203,51.20766],[3.85531,51.2103],[3.85605,51.21082],[3.85628,51.2109],[3.85611,51.21106],[3.85606,51.21109],[3.83632,51.21377],[3.82693,51.20936],[3.81058,51.21277],[3.80499,51.21012],[3.79746,51.21276],[3.79325,51.21389],[3.79134,51.21396],[3.79115,51.21401],[3.79098,51.21415],[3.7909,51.21426],[3.79032,51.2141],[3.78879,51.21333],[3.78529,51.2116],[3.78488,51.21191],[3.78339,51.21309],[3.78231,51.21231],[3.78144,51.21106],[3.78084,51.21013],[3.78052,51.2096],[3.77725,51.20156],[3.76465,51.19134],[3.77208,51.18813],[3.79283,51.18637],[3.79871,51.18889]]]},"properties":{"postcode":"9060","nl":"Zelzate","fr":"Zelzate"}},
{"type":"Feature","geometry":{"type":"Polygon","coordinates":[[[4.40068,50.12285],[4.44281,50.12964],[4.4463,50.13432],[4.4651,50.13456],[4.47645,50.13931],[4.48892,50.16511],[4.49773,50.1718],[4.50702,50.18634],[4.51445,50.18766],[4.51339,50.19883],[4.49504,50.20117],[4.48254,50.21734],[4.47099,50.21663],[4.46807,50.22526],[4.4515,50.22969],[4.43935,50.22889],[4.42124,50.23407],[4.41434,50.24019],[4.40096,50.23306],[4.39428,50.22127],[4.38936,50.20049],[4.3975,50.18598],[4.39326,50.18127],[4.37646,50.17447],[4.36841,50.1732],[4.36512,50.17196],[4.36382,50.17167],[4.36354,50.17152],[4.36285,50.1713],[4.3626,50.17121],[4.36215,50.17108],[4.36158,50.17095],[4.36184,50.1698],[4.3624,50.16894],[4.36242,50.16887],[4.36296,50.16782],[4.36395,50.16411],[4.3633,50.16159],[4.36353,50.16098],[4.36383,50.16041],[4.36465,50.15825],[4.36544,50.15687],[4.37595,50.1569],[4.37613,50.15347],[4.37615,50.15278],[4.38089,50.15327],[4.38491,50.15041],[4.38816,50.14164],[4.38433,50.136],[4.3852,50.13531],[4.38576,50.13474],[4.38626,50.13445],[4.3875,50.13416],[4.38829,50.13393],[4.38861,50.13318],[4.3887,50.1317],[4.38867,50.13135],[4.38867,50.13097],[4.39326,50.13001],[4.39422,50.12824],[4.3956,50.12765],[4.39703,50.12743],[4.39726,50.12728],[4.39744,50.12721],[4.40068,50.12285]]]},"properties":{"postcode":"5630","nl":"Cerfontaine","fr":"Cerfontaine"}},
{"type":"Feature","geometry":{"type":"Polygon","coordinates":[[[3.64038,50.7223],[3.63913,50.71686],[3.64693,50.71626],[3.64366,50.71373],[3.64232,50.71358],[3.64218,50.71308],[3.64101,50.71263],[3.64074,50.71247],[3.64056,50.71218],[3.64768,50.7079],[3.65728,50.70519],[3.65796,50.70513],[3.65906,50.70506],[3.65972,50.70501],[3.66064,50.70496],[3.66401,50.70489],[3.67565,50.70386],[3.66906,50.6918],[3.69534,50.6934],[3.70586,50.69604],[3.72336,50.68702],[3.72712,50.68696],[3.72764,50.68639],[3.72827,50.68626],[3.72838,50.68595],[3.72861,50.68581],[3.72889,50.6857],[3.73946,50.68605],[3.74313,50.68435],[3.75023,50.68409],[3.7546,50.68567],[3.75131,50.68701],[3.75127,50.68745],[3.75022,50.68863],[3.74968,50.68932],[3.74967,50.68934],[3.75003,50.69245],[3.74892,50.69376],[3.74958,50.6939],[3.75039,50.69411],[3.75095,50.69429],[3.75139,50.6944],[3.75132,50.69456],[3.75201,50.69459],[3.751,50.69627],[3.75199,50.69646],[3.75357,50.69679],[3.75485,50.69735],[3.75686,50.69743],[3.75765,50.69644],[3.75805,50.69589],[3.75813,50.69575],[3.75872,50.69627],[3.75888,50.69643],[3.75904,50.69649],[3.75919,50.69671],[3.75939,50.69691],[3.75975,50.69736],[3.76022,50.6983],[3.76314,50.70057],[3.76233,50.70221],[3.7651,50.70515],[3.76592,50.70535],[3.76617,50.70522],[3.76666,50.70535],[3.76614,50.70577],[3.76553,50.70628],[3.76507,50.70668],[3.76461,50.70688],[3.7635,50.70761],[3.7625,50.70871],[3.76227,50.70899],[3.76363,50.71326],[3.7556,50.72421],[3.75518,50.72432],[3.75438,50.72451],[3.7535,50.72475],[3.75057,50.72621],[3.74486,50.72938],[3.72684,50.73487],[3.70924,50.73555],[3.69523,50.74483],[3.69165,50.75196],[3.68852,50.7736],[3.67751,50.7707],[3.66818,50.75521],[3.65896,50.74687],[3.64264,50.73823],[3.64038,50.7223]]]},"properties":{"postcode":"7890","nl":"Elzele","fr":"Ellezelles"}},
{"type":"Feature","geometry":{"type":"Polygon","coordinates":[[[4.69885,50.78938],[4.70948,50.79347],[4.71549,50.78892],[4.72776,50.79775],[4.74765,50.80709],[4.76008,50.80668],[4.79646,50.79547],[4.81945,50.80354],[4.8063,50.81428],[4.80277,50.82886],[4.80681,50.83452],[4.80567,50.84561],[4.81264,50.85234],[4.80989,50.85286],[4.80998,50.85612],[4.80996,50.85695],[4.81008,50.85745],[4.81009,50.85851],[4.80997,50.85946],[4.80798,50.85919],[4.80821,50.85824],[4.80896,50.85829],[4.80912,50.85639],[4.80848,50.85373],[4.80319,50.85926],[4.80118,50.85849],[4.80025,50.85827],[4.80002,50.85826],[4.79986,50.8582],[4.79976,50.85821],[4.79901,50.85795],[4.7954,50.85794],[4.79509,50.85787],[4.79482,50.85773],[4.79445,50.8577],[4.79426,50.85752],[4.79376,50.85743],[4.79346,50.85747],[4.79153,50.85777],[4.79125,50.85852],[4.79108,50.85887],[4.79122,50.85969],[4.78929,50.86048],[4.78856,50.8616],[4.78733,50.86374],[4.78685,50.86453],[4.78646,50.86443],[4.7695,50.87485],[4.76555,50.87486],[4.76199,50.87338],[4.76156,50.87331],[4.76102,50.87318],[4.7605,50.87304],[4.76004,50.87296],[4.75919,50.87288],[4.75854,50.87273],[4.75746,50.87233],[4.75693,50.8722],[4.75604,50.8721],[4.75523,50.87206],[4.7541,50.87186],[4.75299,50.87101],[4.75286,50.87093],[4.75208,50.87065],[4.75059,50.86908],[4.75051,50.86896],[4.75006,50.86802],[4.74981,50.86735],[4.74237,50.86178],[4.73444,50.85702],[4.73552,50.85587],[4.73657,50.85306],[4.73649,50.8525],[4.73661,50.85206],[4.73673,50.85175],[4.73688,50.8512],[4.73703,50.85075],[4.73929,50.84611],[4.74004,50.84487],[4.74067,50.84418],[4.74154,50.84329],[4.742,50.84267],[4.74211,50.84249],[4.74227,50.84216],[4.7424,50.84186],[4.74387,50.83724],[4.73808,50.81067],[4.7363,50.81],[4.72952,50.8096],[4.72213,50.80913],[4.71257,50.80851],[4.70671,50.80813],[4.70791,50.80389],[4.70874,50.80103],[4.6979,50.79861],[4.69778,50.79859],[4.69141,50.79716],[4.6927,50.7926],[4.69123,50.7918],[4.69885,50.78938]]]},"properties":{"postcode":"3360","nl":"Bierbeek","fr":"Bierbeek"}},
{"type":"Feature","geometry":{"type":"Polygon","coordinates":[[[4.89468,51.19684],[4.91023,51.19901],[4.95514,51.21527],[4.97292,51.21851],[4.97802,51.22495],[5.02262,51.24197],[5.03196,51.25145],[5.03225,51.26248],[5.01898,51.27603],[5.00377,51.28303],[4.98104,51.28298],[4.97236,51.27784],[4.95507,51.27478],[4.94899,51.2624],[4.92969,51.27027],[4.91733,51.27773],[4.91067,51.2869],[4.90701,51.28514],[4.89661,51.27332],[4.88119,51.26277],[4.87923,51.24999],[4.86299,51.24139],[4.87288,51.23655],[4.86807,51.22884],[4.87871,51.21543],[4.86316,51.20825],[4.88064,51.19578],[4.89468,51.19684]]]},"properties":{"postcode":"2460","nl":"Kasterlee","fr":"Kasterlee"}},
{"type":"Feature","geometry":{"type":"Polygon","coordinates":[[[4.56649,51.04087],[4.56644,51.04085],[4.56758,51.03998],[4.56553,51.03888],[4.56354,51.0357],[4.57715,51.03576],[4.58373,51.03064],[4.59683,51.03438],[4.6252,51.03124],[4.6347,51.0172],[4.64813,51.0197],[4.66168,51.01874],[4.6707,51.02015],[4.67862,51.02225],[4.68027,51.0232],[4.68303,51.02366],[4.68387,51.0238],[4.68538,51.02411],[4.65902,51.0333],[4.65907,51.03355],[4.65958,51.03702],[4.66187,51.04214],[4.66244,51.04294],[4.66361,51.04342],[4.66394,51.0435],[4.66515,51.04373],[4.66574,51.04382],[4.6733,51.0445],[4.67496,51.04453],[4.67965,51.04451],[4.68023,51.04448],[4.68257,51.04463],[4.6835,51.0483],[4.67708,51.0546],[4.68498,51.06919],[4.68927,51.07279],[4.68911,51.07288],[4.68889,51.07313],[4.68785,51.07308],[4.68685,51.07298],[4.68534,51.07386],[4.68511,51.0743],[4.6849,51.07492],[4.68326,51.07466],[4.68315,51.07481],[4.683,51.07516],[4.68284,51.07535],[4.68175,51.07641],[4.68177,51.07747],[4.67804,51.078],[4.67826,51.07906],[4.68018,51.0804],[4.68131,51.08091],[4.68121,51.08098],[4.68097,51.08108],[4.68084,51.0812],[4.67814,51.08222],[4.67736,51.08244],[4.67321,51.08083],[4.66563,51.07628],[4.63613,51.07688],[4.63196,51.07271],[4.61109,51.08072],[4.59995,51.07526],[4.60073,51.07433],[4.60162,51.07332],[4.60213,51.07286],[4.60426,51.07161],[4.60715,51.07047],[4.60744,51.07037],[4.6078,51.07027],[4.60537,51.06518],[4.60515,51.06501],[4.60507,51.06501],[4.60437,51.06453],[4.60616,51.06414],[4.60882,51.06279],[4.60552,51.05996],[4.60888,51.05553],[4.58314,51.04667],[4.57709,51.04716],[4.57294,51.04184],[4.56649,51.04087]]]},"properties":{"postcode":"2580","nl":"Putte","fr":"Putte"}},
{"type":"Feature","geometry":{"type":"Polygon","coordinates":[[[4.09253,51.06639],[4.10636,51.07245],[4.1083,51.06555],[4.12404,51.06597],[4.13036,51.05943],[4.15682,51.05576],[4.16514,51.0397],[4.17423,51.03325],[4.18953,51.03459],[4.19007,51.03973],[4.18811,51.04767],[4.19721,51.05773],[4.18611,51.06236],[4.18946,51.07687],[4.1875,51.08331],[4.17264,51.09],[4.17578,51.10117],[4.17337,51.10964],[4.16379,51.11145],[4.14169,51.10519],[4.11377,51.10402],[4.08792,51.0953],[4.07979,51.09538],[4.06746,51.10793],[4.05855,51.10183],[4.06515,51.08566],[4.07511,51.08863],[4.0838,51.08033],[4.08221,51.07411],[4.09253,51.06639]]]},"properties":{"postcode":"9220","nl":"Hamme","fr":"Hamme"}},
{"type":"Feature","geometry":{"type":"Polygon","coordinates":[[[2.8062,50.98169],[2.81737,50.99118],[2.84187,50.98239],[2.85214,50.97573],[2.87417,50.98622],[2.88329,50.99579],[2.90587,51.00674],[2.91776,51.00421],[2.93219,51.00501],[2.94856,51.01641],[2.94323,51.02828],[2.93498,51.03235],[2.94745,51.04261],[2.94919,51.04777],[2.94168,51.05301],[2.94325,51.06742],[2.933,51.08681],[2.93975,51.09087],[2.9299,51.10106],[2.89934,51.11516],[2.89125,51.11613],[2.86853,51.10727],[2.84647,51.10388],[2.84062,51.09555],[2.82486,51.09654],[2.82081,51.10243],[2.79356,51.09763],[2.76629,51.08672],[2.77098,51.07111],[2.77677,51.06632],[2.76886,51.05385],[2.74831,51.04313],[2.74706,51.0397],[2.74565,51.03875],[2.74571,51.03857],[2.74311,51.03718],[2.74628,51.03561],[2.75846,51.03478],[2.75882,51.03469],[2.75928,51.03461],[2.75999,51.03453],[2.76125,51.03428],[2.76245,51.03356],[2.77056,51.01713],[2.77176,51.01221],[2.79904,50.98028],[2.8062,50.98169]]]},"properties":{"postcode":"8600","nl":"Diksmuide","fr":"Dixmude"}},
{"type":"Feature","geometry":{"type":"Polygon","coordinates":[[[4.96666,50.45161],[4.96846,50.44959],[4.9689,50.44924],[4.96927,50.44904],[4.96972,50.44871],[4.97005,50.44828],[4.97022,50.44798],[4.97021,50.44781],[4.97006,50.44762],[4.96966,50.44718],[4.96886,50.44611],[4.96806,50.44406],[4.96778,50.44348],[4.96737,50.44267],[4.96712,50.44223],[4.96705,50.44218],[4.97635,50.4309],[4.96853,50.4258],[4.98226,50.40953],[4.99441,50.40804],[4.99742,50.40823],[4.9993,50.40835],[5.00258,50.40858],[5.00359,50.40685],[5.00738,50.40919],[5.0071,50.41253],[5.01118,50.41575],[5.01455,50.41655],[5.01496,50.41675],[5.01516,50.41686],[5.01559,50.41723],[5.01593,50.41698],[5.01672,50.4161],[5.01721,50.41557],[5.01786,50.4148],[5.01861,50.41449],[5.01923,50.41407],[5.01942,50.41397],[5.01949,50.41366],[5.01955,50.41355],[5.01944,50.41329],[5.02058,50.41235],[5.02143,50.41226],[5.02371,50.41125],[5.02396,50.41112],[5.02436,50.41098],[5.02475,50.41067],[5.02542,50.41051],[5.02879,50.40806],[5.02876,50.40784],[5.02891,50.40761],[5.02893,50.40725],[5.02894,50.40611],[5.03039,50.40571],[5.03057,50.40535],[5.03121,50.40529],[5.03167,50.40511],[5.03193,50.40476],[5.03219,50.40387],[5.03239,50.40308],[5.03314,50.40218],[5.03343,50.40192],[5.03384,50.40163],[5.03428,50.4015],[5.03441,50.40142],[5.03446,50.401],[5.03438,50.40079],[5.03454,50.4004],[5.03966,50.39729],[5.0455,50.39032],[5.04594,50.38977],[5.04613,50.38971],[5.04711,50.38872],[5.04851,50.38749],[5.04882,50.38747],[5.05136,50.38838],[5.05148,50.38843],[5.05412,50.38825],[5.06113,50.39122],[5.06323,50.39167],[5.06901,50.39337],[5.07458,50.38751],[5.07519,50.38715],[5.07529,50.3872],[5.07579,50.38694],[5.07601,50.38696],[5.07649,50.38637],[5.07704,50.38572],[5.08611,50.38948],[5.08844,50.39104],[5.08906,50.39166],[5.09067,50.39243],[5.09075,50.39231],[5.09177,50.39105],[5.09036,50.39093],[5.09139,50.38934],[5.0971,50.38577],[5.09491,50.38459],[5.09658,50.38327],[5.09535,50.38265],[5.09673,50.38142],[5.09383,50.37933],[5.09504,50.37828],[5.09286,50.37688],[5.09722,50.3733],[5.09905,50.37425],[5.09974,50.37463],[5.10092,50.37519],[5.10785,50.37786],[5.11029,50.37945],[5.11288,50.38002],[5.11336,50.38023],[5.1162,50.38125],[5.11967,50.37801],[5.12681,50.38044],[5.12961,50.38337],[5.13419,50.38534],[5.13319,50.38654],[5.13821,50.38899],[5.13169,50.39644],[5.14373,50.4047],[5.12975,50.41345],[5.12077,50.40689],[5.10394,50.42105],[5.09474,50.42017],[5.07622,50.42742],[5.10637,50.43852],[5.10021,50.44749],[5.08667,50.4588],[5.07192,50.46242],[5.06633,50.45786],[5.03182,50.45724],[5.01482,50.45107],[4.99496,50.4558],[4.98769,50.45204],[4.97109,50.45422],[4.96724,50.45276],[4.96744,50.45187],[4.96701,50.45174],[4.96666,50.45161]]]},"properties":{"postcode":"5340","nl":"Gesves","fr":"Gesves"}},
{"type":"Feature","geometry":{"type":"Polygon","coordinates":[[[4.56763,50.80877],[4.5721,50.80086],[4.55847,50.78715],[4.57599,50.78344],[4.59092,50.77436],[4.6082,50.77456],[4.60513,50.76566],[4.59987,50.76409],[4.5982,50.76429],[4.59721,50.76357],[4.59745,50.76341],[4.59755,50.76337],[4.59758,50.76329],[4.59772,50.76326],[4.59803,50.76287],[4.59852,50.7626],[4.59786,50.75898],[4.59808,50.75874],[4.59873,50.75798],[4.59964,50.75646],[4.60043,50.75612],[4.60061,50.75606],[4.60069,50.75597],[4.60089,50.75589],[4.60108,50.7557],[4.60112,50.75553],[4.60114,50.75183],[4.60082,50.75149],[4.60065,50.75134],[4.60037,50.75117],[4.60024,50.7509],[4.59983,50.75067],[4.59928,50.74992],[4.5995,50.74838],[4.59955,50.74819],[4.59978,50.74773],[4.59932,50.74645],[4.59926,50.74636],[4.5983,50.74563],[4.59899,50.7452],[4.60032,50.74434],[4.60156,50.74356],[4.60379,50.7426],[4.60508,50.74103],[4.60985,50.74238],[4.61247,50.74281],[4.6156,50.74319],[4.61841,50.74359],[4.61943,50.74404],[4.62028,50.74343],[4.64355,50.74595],[4.65543,50.75746],[4.64617,50.76089],[4.63628,50.77234],[4.64323,50.77889],[4.647,50.79035],[4.64192,50.79877],[4.64078,50.79881],[4.63734,50.80021],[4.63613,50.80069],[4.63606,50.80065],[4.63564,50.8],[4.63516,50.79924],[4.63317,50.79834],[4.63231,50.79834],[4.63252,50.79885],[4.63275,50.79942],[4.6325,50.80133],[4.63294,50.80295],[4.6323,50.80386],[4.63207,50.80462],[4.63216,50.80516],[4.63255,50.80567],[4.63283,50.80604],[4.63365,50.80774],[4.63397,50.80855],[4.63426,50.80916],[4.63528,50.80943],[4.63663,50.8098],[4.64001,50.81132],[4.64008,50.81139],[4.64018,50.8117],[4.64078,50.81277],[4.64333,50.81562],[4.64305,50.81639],[4.64475,50.81679],[4.64528,50.81697],[4.64604,50.8171],[4.64623,50.8172],[4.64127,50.82509],[4.64562,50.83041],[4.64547,50.83064],[4.64522,50.83087],[4.64486,50.83092],[4.64478,50.8312],[4.64315,50.83182],[4.64207,50.83143],[4.63416,50.83268],[4.63048,50.83248],[4.62315,50.82851],[4.62074,50.82836],[4.61951,50.82998],[4.61878,50.82995],[4.61771,50.83047],[4.6161,50.83162],[4.61551,50.83204],[4.60904,50.83048],[4.60729,50.82987],[4.60308,50.83521],[4.59156,50.82743],[4.58657,50.81839],[4.56763,50.80877]]]},"properties":{"postcode":"3040","nl":"Huldenberg","fr":"Huldenberg"}},
{"type":"Feature","geometry":{"type":"Polygon","coordinates":[[[4.9812,49.84288],[4.98948,49.85285],[4.98954,49.85285],[4.99573,49.85312],[4.99576,49.85339],[4.99574,49.85361],[4.99583,49.85405],[4.99622,49.85482],[4.99892,49.85639],[5.00021,49.85687],[5.01281,49.85813],[5.06258,49.88658],[5.0482,49.88818],[5.04706,49.89719],[5.06465,49.9013],[5.07209,49.91248],[5.08177,49.91319],[5.09848,49.92049],[5.1127,49.92001],[5.1164,49.9207],[5.11824,49.92208],[5.11839,49.92215],[5.11862,49.92219],[5.11869,49.92224],[5.11889,49.92224],[5.11897,49.92235],[5.11915,49.9224],[5.11934,49.92231],[5.11946,49.92231],[5.11955,49.92241],[5.11941,49.92249],[5.11959,49.92264],[5.11931,49.92324],[5.11186,49.92398],[5.1115,49.9243],[5.11139,49.92436],[5.11123,49.92452],[5.11112,49.92457],[5.11107,49.92468],[5.11083,49.92488],[5.11028,49.92539],[5.11057,49.9258],[5.11058,49.92619],[5.11039,49.92702],[5.1098,49.92778],[5.10958,49.92801],[5.10933,49.92821],[5.10443,49.93004],[5.10401,49.93033],[5.10351,49.93077],[5.10087,49.93346],[5.09831,49.93712],[5.09832,49.93805],[5.09831,49.93831],[5.0986,49.93899],[5.09884,49.9407],[5.09908,49.94337],[5.1026,49.94673],[5.10212,49.95953],[5.10154,49.96079],[5.10104,49.9608],[5.10041,49.96083],[5.09967,49.96152],[5.09178,49.96136],[5.06773,49.9734],[5.06036,49.98442],[5.03083,49.97846],[5.01915,49.97766],[5.00717,49.98297],[5.00977,49.99715],[4.99425,50.00742],[4.99052,50.01626],[4.98555,50.012],[4.9971,49.99833],[4.99164,49.98806],[4.99587,49.97679],[5.00657,49.97045],[4.99339,49.96611],[4.99501,49.95178],[4.97629,49.94479],[4.97375,49.93345],[4.96086,49.93074],[4.94914,49.92422],[4.94308,49.91693],[4.95278,49.91108],[4.94336,49.90103],[4.93216,49.89474],[4.93406,49.88383],[4.95407,49.87633],[4.9786,49.85642],[4.97375,49.85191],[4.9812,49.84288]]]},"properties":{"postcode":"5555","nl":"Bièvre","fr":"Bièvre"}},
{"type":"Feature","geometry":{"type":"Polygon","coordinates":[[[5.1176,50.95738],[5.13761,50.95807],[5.16666,50.96837],[5.18624,50.97113],[5.1999,50.97076],[5.22253,50.9661],[5.22721,50.96493],[5.23047,50.96419],[5.2314,50.96503],[5.23268,50.9651],[5.23455,50.96515],[5.23477,50.96513],[5.23493,50.96509],[5.2352,50.96517],[5.23661,50.96524],[5.23845,50.96546],[5.24459,50.97332],[5.24562,50.97299],[5.24953,50.97257],[5.249,50.97307],[5.24467,50.98025],[5.24021,50.99077],[5.22931,51.00162],[5.23914,51.00288],[5.25291,51.01053],[5.24046,51.01495],[5.23301,51.02142],[5.22509,51.03085],[5.22334,51.0346],[5.21801,51.03451],[5.21665,51.03504],[5.21657,51.03496],[5.21623,51.03478],[5.21589,51.03458],[5.21546,51.03494],[5.21488,51.03535],[5.21451,51.0352],[5.21461,51.03504],[5.21431,51.03496],[5.21416,51.0351],[5.21239,51.03485],[5.21221,51.03499],[5.21148,51.03579],[5.21107,51.03621],[5.21034,51.03633],[5.20952,51.03617],[5.20872,51.03605],[5.20835,51.03601],[5.20779,51.03598],[5.20681,51.03614],[5.20633,51.0364],[5.20551,51.0369],[5.20364,51.03932],[5.20331,51.04093],[5.20225,51.04049],[5.20201,51.04051],[5.20164,51.04037],[5.20099,51.03937],[5.20234,51.03682],[5.20254,51.03664],[5.20303,51.03663],[5.20326,51.03656],[5.20337,51.03644],[5.20335,51.03616],[5.20335,51.03583],[5.20349,51.03553],[5.2036,51.03538],[5.20381,51.03453],[5.20425,51.03406],[5.20403,51.03369],[5.20333,51.03215],[5.20296,51.03146],[5.20251,51.0311],[5.20226,51.03075],[5.202,51.03049],[5.20202,51.03037],[5.20189,51.03029],[5.18484,51.02406],[5.18481,51.02391],[5.18487,51.02377],[5.1847,51.02379],[5.18457,51.02369],[5.18465,51.02353],[5.18465,51.0234],[5.18455,51.02331],[5.18439,51.02332],[5.18411,51.02328],[5.18414,51.02283],[5.18258,51.02171],[5.18306,51.02142],[5.18321,51.02142],[5.18339,51.02131],[5.18274,51.02009],[5.17711,51.01637],[5.17628,51.01671],[5.17542,51.01723],[5.17484,51.01757],[5.17365,51.01837],[5.17107,51.01965],[5.16865,51.02068],[5.1669,51.02152],[5.15972,51.02418],[5.12986,51.01505],[5.12391,51.01968],[5.11527,51.0192],[5.12079,51.01148],[5.1201,51.01121],[5.12075,51.01054],[5.12143,51.00983],[5.12111,51.00972],[5.12071,51.00954],[5.12138,51.00926],[5.12146,51.0087],[5.12242,51.00784],[5.12153,51.00605],[5.12087,51.00588],[5.12296,51.00271],[5.12216,51.00275],[5.12238,51.00168],[5.12396,50.99968],[5.1253,50.99785],[5.12444,50.99774],[5.13938,50.97694],[5.11648,50.96944],[5.1176,50.95738]]]},"properties":{"postcode":"3560","nl":"Lummen","fr":"Lummen"}},
{"type":"Feature","geometry":{"type":"Polygon","coordinates":[[[5.20821,50.57508],[5.23973,50.58259],[5.25606,50.56589],[5.25638,50.55922],[5.26559,50.55189],[5.28108,50.55612],[5.28769,50.56538],[5.28633,50.57386],[5.29268,50.57707],[5.28868,50.58621],[5.29729,50.5902],[5.27751,50.59873],[5.25577,50.59567],[5.25242,50.5999],[5.25952,50.61593],[5.23501,50.62485],[5.22166,50.62135],[5.20918,50.62492],[5.20238,50.62976],[5.19815,50.62795],[5.19674,50.6268],[5.19554,50.62576],[5.19377,50.62459],[5.19156,50.62311],[5.19085,50.62104],[5.19131,50.62046],[5.19009,50.61989],[5.19303,50.61695],[5.1896,50.61572],[5.19128,50.61404],[5.19504,50.61483],[5.19812,50.61171],[5.199,50.61103],[5.20083,50.60965],[5.19233,50.6021],[5.19172,50.59151],[5.20524,50.59214],[5.20982,50.5837],[5.20821,50.57508]]]},"properties":{"postcode":"4530","nl":"Villers-le-Bouillet","fr":"Villers-le-Bouillet"}},
{"type":"Feature","geometry":{"type":"Polygon","coordinates":[[[4.08939,50.88891],[4.08227,50.87808],[4.08504,50.87658],[4.08477,50.87616],[4.08424,50.87552],[4.08332,50.874],[4.08007,50.87122],[4.07966,50.87112],[4.07951,50.87107],[4.07919,50.87111],[4.07819,50.87094],[4.07772,50.87096],[4.07764,50.87104],[4.07782,50.87126],[4.0776,50.87132],[4.07655,50.87114],[4.07624,50.87092],[4.07613,50.87064],[4.07598,50.87053],[4.0753,50.87063],[4.07541,50.87078],[4.07534,50.87087],[4.0748,50.87086],[4.07456,50.87073],[4.07447,50.87065],[4.07377,50.87049],[4.07352,50.86942],[4.07195,50.86956],[4.07118,50.87031],[4.07042,50.87035],[4.07009,50.87035],[4.0698,50.8703],[4.06935,50.87015],[4.06884,50.86988],[4.06854,50.8696],[4.06855,50.86907],[4.06913,50.8683],[4.06931,50.86803],[4.06921,50.86765],[4.06412,50.86388],[4.06429,50.85903],[4.05898,50.85482],[4.062,50.85404],[4.06198,50.85397],[4.06185,50.8537],[4.06325,50.85343],[4.06327,50.85308],[4.06924,50.85176],[4.08041,50.85593],[4.0899,50.8546],[4.09373,50.85569],[4.09481,50.85424],[4.09552,50.85372],[4.09578,50.85356],[4.096,50.85335],[4.09757,50.85154],[4.09818,50.85054],[4.0988,50.8511],[4.1011,50.85024],[4.1043,50.85061],[4.10569,50.85203],[4.10582,50.85368],[4.10624,50.8536],[4.1088,50.85603],[4.11169,50.85459],[4.11463,50.85593],[4.11587,50.85453],[4.11749,50.85364],[4.12388,50.85576],[4.12539,50.8564],[4.12635,50.85689],[4.12033,50.85931],[4.11918,50.86037],[4.11723,50.86175],[4.11715,50.86179],[4.11601,50.86262],[4.11555,50.86294],[4.1159,50.8638],[4.11614,50.86396],[4.11637,50.86416],[4.11646,50.86431],[4.11708,50.86484],[4.11707,50.86517],[4.117,50.86535],[4.11702,50.86564],[4.11745,50.86646],[4.11782,50.86662],[4.11791,50.86676],[4.11685,50.86974],[4.11588,50.87056],[4.11431,50.87122],[4.1141,50.87158],[4.11399,50.87159],[4.11338,50.87157],[4.11164,50.8727],[4.10821,50.87564],[4.10612,50.8845],[4.09672,50.88537],[4.09706,50.88741],[4.09368,50.88832],[4.09237,50.88802],[4.09116,50.88821],[4.09099,50.88842],[4.09071,50.8885],[4.08939,50.88891]]]},"properties":{"postcode":"1770","nl":"Liedekerke","fr":"Liedekerke"}},
{"type":"Feature","geometry":{"type":"Polygon","coordinates":[[[4.28462,50.8453],[4.28362,50.8438],[4.28379,50.84195],[4.28331,50.84183],[4.28372,50.84066],[4.28291,50.84057],[4.28302,50.84018],[4.28161,50.84006],[4.28173,50.83953],[4.28275,50.83961],[4.28284,50.83913],[4.28284,50.83877],[4.28294,50.83785],[4.2719,50.83621],[4.26995,50.83632],[4.26923,50.83635],[4.26788,50.83628],[4.26455,50.83587],[4.26188,50.83518],[4.26029,50.83539],[4.25877,50.83598],[4.25636,50.83493],[4.25542,50.8341],[4.25469,50.83356],[4.25567,50.8304],[4.25564,50.82932],[4.25509,50.8293],[4.25504,50.82878],[4.25552,50.82845],[4.25525,50.82784],[4.25483,50.82702],[4.25431,50.82629],[4.25316,50.82515],[4.25118,50.82422],[4.25084,50.82438],[4.2476,50.82194],[4.2464,50.82112],[4.24377,50.81958],[4.24438,50.81954],[4.24465,50.81884],[4.24493,50.81773],[4.24519,50.8177],[4.24682,50.81754],[4.24652,50.81908],[4.24978,50.81946],[4.25632,50.81741],[4.25911,50.81388],[4.25987,50.81126],[4.25994,50.81112],[4.26217,50.8111],[4.26277,50.81134],[4.26284,50.81149],[4.26307,50.81147],[4.26568,50.81181],[4.26588,50.81161],[4.26606,50.81166],[4.2663,50.81152],[4.26642,50.81159],[4.26707,50.81163],[4.26744,50.81156],[4.2681,50.81174],[4.26813,50.81188],[4.2683,50.81198],[4.27067,50.81215],[4.27149,50.81207],[4.27187,50.81217],[4.27228,50.81218],[4.27256,50.81218],[4.27274,50.81214],[4.27294,50.81216],[4.27647,50.81004],[4.27626,50.80979],[4.27661,50.80919],[4.27663,50.80903],[4.27676,50.80888],[4.27678,50.80872],[4.27688,50.80859],[4.27692,50.80846],[4.27704,50.80824],[4.28368,50.80706],[4.28401,50.8071],[4.28416,50.80717],[4.28489,50.80729],[4.28649,50.80829],[4.29361,50.80831],[4.30037,50.81286],[4.30645,50.81244],[4.3259,50.83055],[4.32605,50.83069],[4.32636,50.83082],[4.32698,50.831],[4.32764,50.8311],[4.32927,50.8314],[4.33222,50.83433],[4.33216,50.83473],[4.33216,50.83486],[4.33224,50.83509],[4.33339,50.83665],[4.33605,50.83894],[4.33678,50.83931],[4.33787,50.83968],[4.33879,50.84013],[4.33948,50.84018],[4.33995,50.84023],[4.34011,50.84025],[4.33912,50.84274],[4.33842,50.84462],[4.33834,50.84481],[4.33788,50.84645],[4.33564,50.84815],[4.33073,50.84429],[4.31028,50.85032],[4.29681,50.84737],[4.29303,50.8453],[4.28859,50.84543],[4.28623,50.84514],[4.28531,50.8452],[4.28462,50.8453]]]},"properties":{"postcode":"1070","nl":"Anderlecht","fr":"Anderlecht"}},
{"type":"Feature","geometry":{"type":"Polygon","coordinates":[[[5.18905,49.93152],[5.20619,49.93052],[5.22893,49.92483],[5.23329,49.91755],[5.25254,49.91007],[5.27098,49.90782],[5.29836,49.91324],[5.31751,49.91264],[5.32587,49.91629],[5.32984,49.92596],[5.32527,49.93347],[5.32645,49.94831],[5.32292,49.95446],[5.3299,49.96421],[5.32339,49.97975],[5.31041,50.00309],[5.29694,50.00649],[5.28247,50.00614],[5.27984,50.02273],[5.27039,50.03594],[5.2375,50.03779],[5.23069,50.031],[5.22829,50.02579],[5.21013,50.03597],[5.19731,50.03821],[5.17906,50.03628],[5.17818,50.04507],[5.16776,50.0427],[5.16323,50.044],[5.16264,50.04496],[5.16145,50.04549],[5.15022,50.04421],[5.14533,50.04598],[5.14124,50.04567],[5.14053,50.04541],[5.13925,50.04497],[5.13816,50.04436],[5.13781,50.04367],[5.1387,50.0433],[5.1393,50.0429],[5.13959,50.04274],[5.13979,50.04259],[5.14009,50.04187],[5.13931,50.03994],[5.13895,50.03947],[5.13813,50.03879],[5.13783,50.03869],[5.15206,50.02856],[5.15169,50.02252],[5.14043,50.02158],[5.12471,50.00841],[5.13447,50.00043],[5.13506,49.98992],[5.15214,49.97751],[5.15622,49.98407],[5.17077,49.99025],[5.1796,49.98383],[5.19567,49.96468],[5.18551,49.96127],[5.19344,49.94556],[5.17669,49.93585],[5.18621,49.93428],[5.18911,49.93268],[5.18916,49.93249],[5.18915,49.93196],[5.18905,49.93152]]]},"properties":{"postcode":"6890","nl":"Libin","fr":"Libin"}},
{"type":"Feature","geometry":{"type":"Polygon","coordinates":[[[5.21869,50.22365],[5.20875,50.21625],[5.23185,50.21473],[5.24597,50.20398],[5.23474,50.19584],[5.24277,50.18727],[5.25383,50.17944],[5.25654,50.17568],[5.25746,50.17513],[5.25775,50.1749],[5.26052,50.1714],[5.26053,50.17126],[5.2605,50.17057],[5.26669,50.16828],[5.26721,50.16328],[5.26759,50.16326],[5.26749,50.16289],[5.27165,50.15972],[5.27236,50.15922],[5.27949,50.1593],[5.28776,50.15752],[5.30292,50.15812],[5.31889,50.16138],[5.3187,50.16877],[5.32761,50.17845],[5.33613,50.17695],[5.34007,50.18799],[5.35323,50.19155],[5.36504,50.19845],[5.38406,50.19367],[5.39118,50.17404],[5.39625,50.16642],[5.4125,50.17497],[5.41354,50.17512],[5.41379,50.17516],[5.41826,50.17601],[5.42488,50.17915],[5.42521,50.17913],[5.42576,50.17898],[5.4258,50.17887],[5.42699,50.17847],[5.43105,50.17599],[5.43121,50.17584],[5.43176,50.1752],[5.43281,50.17371],[5.43538,50.17122],[5.43547,50.17125],[5.43698,50.17222],[5.43709,50.17228],[5.43973,50.17039],[5.44201,50.16873],[5.44272,50.16822],[5.44154,50.16722],[5.44388,50.1639],[5.44704,50.15915],[5.44811,50.15751],[5.45002,50.15745],[5.45475,50.15733],[5.45941,50.15757],[5.4618,50.15817],[5.46178,50.15822],[5.46342,50.15805],[5.46605,50.15852],[5.47315,50.16364],[5.47301,50.16394],[5.47268,50.16469],[5.47194,50.16471],[5.47232,50.16549],[5.46671,50.16929],[5.46936,50.17795],[5.46303,50.18363],[5.46043,50.19634],[5.44405,50.21007],[5.44208,50.21631],[5.43217,50.21893],[5.4178,50.23177],[5.41032,50.2311],[5.39928,50.24414],[5.38143,50.23546],[5.3718,50.24214],[5.39012,50.25156],[5.38737,50.25764],[5.36953,50.27302],[5.37542,50.27847],[5.35878,50.27504],[5.34377,50.26557],[5.33435,50.25656],[5.31119,50.2448],[5.29395,50.23901],[5.28471,50.2465],[5.27132,50.24176],[5.25495,50.23981],[5.26153,50.23017],[5.25773,50.22701],[5.23462,50.22161],[5.22859,50.22779],[5.21869,50.22365]]]},"properties":{"postcode":"6900","nl":"Marche-en-Famenne","fr":"Marche-en-Famenne"}},
{"type":"Feature","geometry":{"type":"Polygon","coordinates":[[[4.94111,50.6434],[4.96522,50.64844],[4.97889,50.63956],[4.98334,50.6423],[4.98811,50.64543],[4.99059,50.65668],[5.00265,50.66499],[4.99684,50.67227],[4.99738,50.6837],[5.00258,50.69596],[5.01733,50.70254],[5.01016,50.71168],[4.99792,50.71516],[4.99253,50.72363],[4.99351,50.73301],[4.98122,50.73849],[4.97153,50.73528],[4.94612,50.738],[4.94424,50.72005],[4.93576,50.71152],[4.92136,50.70897],[4.91165,50.70187],[4.91845,50.6962],[4.91303,50.69119],[4.92238,50.678],[4.9353,50.66781],[4.92442,50.65649],[4.94111,50.6434]]]},"properties":{"postcode":"1350","nl":"Orp-Jauche","fr":"Orp-Jauche"}},
{"type":"Feature","geometry":{"type":"Polygon","coordinates":[[[5.32619,50.5919],[5.33248,50.59226],[5.34199,50.61592],[5.33805,50.62122],[5.34946,50.63336],[5.31917,50.62636],[5.30269,50.62544],[5.28139,50.63716],[5.27661,50.62198],[5.25952,50.61593],[5.25242,50.5999],[5.25577,50.59567],[5.27751,50.59873],[5.29729,50.5902],[5.28868,50.58621],[5.29268,50.57707],[5.29573,50.57413],[5.32087,50.58373],[5.32619,50.5919]]]},"properties":{"postcode":"4537","nl":"Verlaine","fr":"Verlaine"}},
{"type":"Feature","geometry":{"type":"Polygon","coordinates":[[[5.26247,50.53829],[5.30096,50.5325],[5.31635,50.51765],[5.32376,50.51695],[5.33943,50.52552],[5.34327,50.5357],[5.33352,50.55245],[5.34618,50.56077],[5.35028,50.5662],[5.3404,50.58323],[5.32619,50.5919],[5.32087,50.58373],[5.29573,50.57413],[5.29268,50.57707],[5.28633,50.57386],[5.28769,50.56538],[5.28108,50.55612],[5.26559,50.55189],[5.26247,50.53829]]]},"properties":{"postcode":"4540","nl":"Amay","fr":"Amay"}},
{"type":"Feature","geometry":{"type":"Polygon","coordinates":[[[4.1655,50.21461],[4.15198,50.21199],[4.16028,50.20153],[4.15615,50.18339],[4.14805,50.17337],[4.15578,50.17208],[4.15529,50.16297],[4.13772,50.15193],[4.13214,50.13205],[4.15478,50.1279],[4.1572,50.1353],[4.1759,50.13309],[4.19684,50.13519],[4.20184,50.12371],[4.22656,50.12359],[4.23118,50.12679],[4.26153,50.12827],[4.27142,50.12185],[4.28167,50.12053],[4.29584,50.12443],[4.29571,50.12913],[4.30418,50.13257],[4.29984,50.13857],[4.29845,50.1441],[4.29972,50.15013],[4.26718,50.1681],[4.2335,50.17918],[4.2356,50.18724],[4.22046,50.18458],[4.21927,50.18571],[4.2184,50.18655],[4.21797,50.18682],[4.2152,50.1862],[4.21471,50.18599],[4.21442,50.18584],[4.21451,50.18695],[4.21428,50.1895],[4.21409,50.18955],[4.21451,50.19058],[4.2144,50.19109],[4.21331,50.19197],[4.21396,50.19338],[4.21434,50.19409],[4.21449,50.19441],[4.21403,50.19503],[4.20807,50.19974],[4.212,50.20875],[4.21163,50.20882],[4.21024,50.20897],[4.20868,50.20897],[4.20295,50.20877],[4.17213,50.2156],[4.1655,50.21461]]]},"properties":{"postcode":"6470","nl":"Sivry-Rance","fr":"Sivry-Rance"}},
{"type":"Feature","geometry":{"type":"Polygon","coordinates":[[[4.28462,50.8453],[4.28531,50.8452],[4.28623,50.84514],[4.28859,50.84543],[4.29303,50.8453],[4.29681,50.84737],[4.31028,50.85032],[4.33073,50.84429],[4.33564,50.84815],[4.33547,50.84892],[4.33742,50.84849],[4.33852,50.85047],[4.34665,50.85903],[4.34839,50.86285],[4.3475,50.86313],[4.34308,50.86454],[4.34174,50.86496],[4.34359,50.86905],[4.34275,50.86985],[4.34174,50.87083],[4.34052,50.87136],[4.33237,50.86454],[4.31612,50.86123],[4.30704,50.86424],[4.30409,50.85803],[4.28984,50.85587],[4.28671,50.8547],[4.28617,50.85459],[4.28574,50.85457],[4.28521,50.85456],[4.28338,50.85391],[4.28312,50.85362],[4.28332,50.85328],[4.28407,50.85289],[4.2847,50.8525],[4.2855,50.85199],[4.28607,50.85163],[4.28644,50.85128],[4.28733,50.84982],[4.28755,50.84931],[4.28792,50.84867],[4.28805,50.8485],[4.28825,50.84827],[4.28731,50.84792],[4.28575,50.84786],[4.28462,50.8453]]]},"properties":{"postcode":"1080","nl":"Sint-Jans-Molenbeek","fr":"Molenbeek-Saint-Jean"}},
{"type":"Feature","geometry":{"type":"Polygon","coordinates":[[[4.40142,51.14983],[4.41502,51.14573],[4.42756,51.1494],[4.43394,51.14473],[4.46278,51.14717],[4.45812,51.16108],[4.44445,51.16294],[4.43402,51.17321],[4.43134,51.17174],[4.4314,51.17036],[4.42858,51.17081],[4.42758,51.17079],[4.42697,51.17073],[4.42628,51.17063],[4.42512,51.17013],[4.42479,51.16983],[4.42469,51.16968],[4.42457,51.16944],[4.42447,51.16931],[4.42285,51.16806],[4.41939,51.16785],[4.41918,51.16774],[4.4186,51.16749],[4.41842,51.16735],[4.41701,51.16704],[4.41623,51.16581],[4.41631,51.16305],[4.41434,51.16201],[4.4143,51.1619],[4.41394,51.16162],[4.41345,51.16118],[4.41089,51.15953],[4.41056,51.15935],[4.41033,51.15929],[4.40931,51.15887],[4.40899,51.15882],[4.4086,51.15858],[4.40827,51.15854],[4.40796,51.15854],[4.40764,51.15842],[4.40755,51.15832],[4.40759,51.15815],[4.40665,51.15778],[4.40545,51.15719],[4.40512,51.15665],[4.40352,51.15642],[4.4021,51.15643],[4.40143,51.15627],[4.3969,51.15377],[4.39736,51.15323],[4.3976,51.15296],[4.39792,51.15274],[4.3983,51.15261],[4.39927,51.15199],[4.39942,51.15154],[4.39972,51.15108],[4.40142,51.14983]]]},"properties":{"postcode":"2650","nl":"Edegem","fr":"Edegem"}},
{"type":"Feature","geometry":{"type":"Polygon","coordinates":[[[2.98986,50.91609],[3.00663,50.9212],[3.02843,50.9239],[3.0423,50.92886],[3.05175,50.92205],[3.06192,50.9237],[3.087,50.93943],[3.08831,50.94674],[3.08202,50.95727],[3.05526,50.96128],[3.04871,50.9573],[3.03533,50.96893],[3.02783,50.99114],[3.01948,50.99938],[2.97373,50.98403],[2.96058,50.97599],[2.97262,50.96032],[2.95902,50.9531],[2.9729,50.95025],[2.98986,50.91609]]]},"properties":{"postcode":"8840","nl":"Staden","fr":"Staden"}},
{"type":"Feature","geometry":{"type":"Polygon","coordinates":[[[2.9188,50.76396],[2.90182,50.76701],[2.89924,50.76691],[2.89272,50.76569],[2.89121,50.76544],[2.88872,50.76504],[2.88044,50.76197],[2.87949,50.76173],[2.87822,50.76154],[2.87954,50.76008],[2.8808,50.75926],[2.88161,50.75882],[2.88227,50.75848],[2.88323,50.75769],[2.88523,50.75707],[2.88603,50.75492],[2.88623,50.755],[2.88637,50.75496],[2.88652,50.75484],[2.88723,50.75413],[2.88854,50.75333],[2.89663,50.75276],[2.90409,50.75468],[2.91445,50.75566],[2.91483,50.75575],[2.9158,50.75608],[2.91615,50.75625],[2.91642,50.75633],[2.91658,50.75633],[2.91703,50.75629],[2.91744,50.75633],[2.91784,50.75625],[2.91884,50.75642],[2.91906,50.75653],[2.91916,50.75666],[2.91934,50.7568],[2.92019,50.75704],[2.92036,50.75684],[2.92091,50.75693],[2.92139,50.75699],[2.922,50.75703],[2.92185,50.7584],[2.91925,50.76018],[2.91855,50.76072],[2.91844,50.76086],[2.9178,50.76272],[2.9188,50.76396]]]},"properties":{"postcode":"8957","nl":"Mesen","fr":"Messines"}},
{"type":"Feature","geometry":{"type":"Polygon","coordinates":[[[5.55296,50.76401],[5.56897,50.76424],[5.57341,50.77093],[5.5848,50.77102],[5.60265,50.77672],[5.61572,50.78423],[5.62681,50.7823],[5.64624,50.79303],[5.65319,50.80544],[5.68028,50.80639],[5.68719,50.8041],[5.68788,50.81192],[5.67828,50.81647],[5.66427,50.81719],[5.64491,50.83674],[5.63388,50.83325],[5.61026,50.83777],[5.60005,50.84339],[5.58534,50.83822],[5.56639,50.83758],[5.56109,50.82985],[5.5696,50.82441],[5.54759,50.81648],[5.54043,50.82017],[5.51358,50.82111],[5.52062,50.8022],[5.54244,50.78568],[5.53297,50.77614],[5.54547,50.77144],[5.55296,50.76401]]]},"properties":{"postcode":"3770","nl":"Riemst","fr":"Riemst"}},
{"type":"Feature","geometry":{"type":"Polygon","coordinates":[[[5.24467,50.98025],[5.2539,50.98124],[5.27645,50.97581],[5.2854,50.97978],[5.3017,50.97715],[5.31065,50.98159],[5.30454,50.98575],[5.3015,50.99571],[5.32943,51.00534],[5.32642,51.01207],[5.34798,51.01219],[5.35195,51.02567],[5.33725,51.04197],[5.33559,51.05082],[5.33937,51.07267],[5.32625,51.06459],[5.31617,51.06012],[5.31537,51.05981],[5.31431,51.05943],[5.31307,51.05896],[5.31105,51.05806],[5.30839,51.05805],[5.30441,51.05748],[5.30323,51.05716],[5.30231,51.057],[5.30177,51.0569],[5.28147,51.04859],[5.27275,51.04763],[5.2694,51.04942],[5.26618,51.04859],[5.26349,51.04919],[5.26404,51.04953],[5.26446,51.04988],[5.26117,51.05036],[5.25912,51.05025],[5.25819,51.05017],[5.25584,51.05015],[5.2557,51.05021],[5.25557,51.05048],[5.25539,51.05049],[5.25272,51.04944],[5.25247,51.04933],[5.25224,51.04919],[5.2519,51.04903],[5.25138,51.04875],[5.24861,51.04767],[5.24733,51.04453],[5.24852,51.04296],[5.24984,51.04135],[5.25083,51.0401],[5.25096,51.04],[5.25181,51.03833],[5.252,51.03717],[5.25167,51.03716],[5.24841,51.03643],[5.24204,51.03406],[5.23711,51.03416],[5.23668,51.03403],[5.2363,51.03384],[5.23512,51.03303],[5.23387,51.03253],[5.23015,51.03144],[5.2299,51.03139],[5.22953,51.03137],[5.22874,51.03137],[5.22853,51.03135],[5.22769,51.03113],[5.2269,51.03103],[5.2268,51.03104],[5.2263,51.03097],[5.22607,51.03098],[5.22553,51.0309],[5.22527,51.03085],[5.22509,51.03085],[5.23301,51.02142],[5.24046,51.01495],[5.25291,51.01053],[5.23914,51.00288],[5.22931,51.00162],[5.24021,50.99077],[5.24467,50.98025]]]},"properties":{"postcode":"3550","nl":"Heusden-Zolder","fr":"Heusden-Zolder"}},
{"type":"Feature","geometry":{"type":"Polygon","coordinates":[[[4.80053,50.79038],[4.81773,50.79506],[4.82604,50.8009],[4.84407,50.80458],[4.85143,50.80284],[4.85295,50.80208],[4.85437,50.80243],[4.85551,50.80213],[4.85587,50.80206],[4.85654,50.80203],[4.85684,50.80199],[4.85822,50.80307],[4.8573,50.80591],[4.85702,50.80596],[4.8557,50.80605],[4.85584,50.80969],[4.85747,50.81351],[4.85175,50.82176],[4.87316,50.82636],[4.87743,50.83396],[4.87287,50.84053],[4.89944,50.84859],[4.89587,50.85204],[4.89526,50.85256],[4.89302,50.85172],[4.88588,50.85808],[4.88329,50.8597],[4.88265,50.86044],[4.88234,50.86063],[4.88119,50.8613],[4.87406,50.87167],[4.85286,50.86785],[4.85059,50.86168],[4.84392,50.86038],[4.84153,50.86016],[4.84117,50.86015],[4.84059,50.86022],[4.8401,50.86021],[4.83955,50.86005],[4.83553,50.85833],[4.83572,50.8567],[4.83493,50.85667],[4.83459,50.85671],[4.83293,50.85609],[4.83205,50.85581],[4.82869,50.85561],[4.82823,50.85541],[4.8281,50.8556],[4.82761,50.85634],[4.82477,50.85525],[4.82561,50.85456],[4.82404,50.85419],[4.82114,50.85242],[4.82038,50.85242],[4.81916,50.85248],[4.81525,50.85264],[4.81408,50.85269],[4.81494,50.85745],[4.81366,50.85786],[4.81326,50.8578],[4.81305,50.85797],[4.81009,50.85851],[4.81008,50.85745],[4.80996,50.85695],[4.80998,50.85612],[4.80989,50.85286],[4.81264,50.85234],[4.80567,50.84561],[4.80681,50.83452],[4.80277,50.82886],[4.8063,50.81428],[4.81945,50.80354],[4.79646,50.79547],[4.80053,50.79038]]]},"properties":{"postcode":"3370","nl":"Boutersem","fr":"Boutersem"}},
{"type":"Feature","geometry":{"type":"Polygon","coordinates":[[[4.14587,50.78014],[4.14598,50.78025],[4.14613,50.78032],[4.14617,50.78052],[4.14689,50.78099],[4.14715,50.78105],[4.14729,50.7809],[4.14794,50.78173],[4.14929,50.78226],[4.15787,50.78294],[4.17349,50.78891],[4.19044,50.78644],[4.19621,50.79094],[4.20254,50.79363],[4.20439,50.79445],[4.20676,50.79548],[4.20833,50.7986],[4.20559,50.80073],[4.20518,50.80118],[4.2045,50.8022],[4.2039,50.80428],[4.20954,50.80423],[4.20729,50.80769],[4.2088,50.81031],[4.20915,50.81063],[4.20942,50.81086],[4.21024,50.81145],[4.21094,50.81207],[4.21194,50.81372],[4.21163,50.81469],[4.21107,50.81465],[4.21131,50.81788],[4.2056,50.82609],[4.20386,50.82608],[4.20215,50.82633],[4.20138,50.82658],[4.2011,50.82662],[4.1938,50.83006],[4.17665,50.83357],[4.17417,50.83593],[4.17183,50.83721],[4.17052,50.83774],[4.16946,50.83816],[4.1693,50.83823],[4.16732,50.83988],[4.16683,50.84071],[4.16654,50.84115],[4.16604,50.84184],[4.16176,50.84223],[4.16081,50.8407],[4.1582,50.84122],[4.158,50.8409],[4.15618,50.84143],[4.15569,50.84139],[4.15516,50.84176],[4.15509,50.84199],[4.15471,50.84199],[4.1523,50.84269],[4.14846,50.84322],[4.14735,50.84085],[4.13688,50.84177],[4.1253,50.83376],[4.11165,50.83292],[4.10969,50.82732],[4.1323,50.80779],[4.13135,50.80247],[4.14173,50.79566],[4.13679,50.78512],[4.13847,50.78327],[4.13919,50.78285],[4.14092,50.78186],[4.14133,50.78167],[4.14587,50.78014]]]},"properties":{"postcode":"1750","nl":"Lennik","fr":"Lennik"}},
{"type":"Feature","geometry":{"type":"Polygon","coordinates":[[[4.33344,51.00098],[4.33871,50.99541],[4.34991,50.97846],[4.346,50.97618],[4.34561,50.97613],[4.34539,50.97602],[4.34525,50.97605],[4.34494,50.97597],[4.34424,50.97554],[4.34264,50.97529],[4.34272,50.97498],[4.3429,50.97489],[4.34421,50.97442],[4.34761,50.97289],[4.35149,50.96966],[4.35263,50.96872],[4.35303,50.96897],[4.35355,50.96864],[4.35684,50.97063],[4.35894,50.97247],[4.36123,50.97586],[4.36118,50.97612],[4.36093,50.97703],[4.36075,50.97766],[4.36098,50.97765],[4.36109,50.97769],[4.36196,50.97878],[4.36274,50.97924],[4.36446,50.98135],[4.3645,50.98171],[4.36438,50.98201],[4.36435,50.98214],[4.36444,50.98236],[4.3651,50.9829],[4.36531,50.98315],[4.37649,50.98778],[4.37871,50.98969],[4.37898,50.99009],[4.38018,50.9904],[4.37038,50.99931],[4.3694,51.00032],[4.37039,51.001],[4.37168,51.00024],[4.37318,51.00059],[4.37423,51.00132],[4.37634,51.00174],[4.37916,51.00407],[4.37979,51.0037],[4.38078,51.00281],[4.38062,51.00277],[4.38139,51.00227],[4.38618,51.00311],[4.38622,51.00325],[4.38651,51.00369],[4.38707,51.00435],[4.38986,51.00575],[4.38984,51.00864],[4.39035,51.01019],[4.3903,51.01069],[4.39009,51.01086],[4.39004,51.01103],[4.38988,51.01114],[4.381,51.01243],[4.37572,51.01273],[4.37487,51.01272],[4.37284,51.01239],[4.37209,51.01231],[4.37129,51.01221],[4.37183,51.01918],[4.3725,51.01964],[4.37255,51.01974],[4.37286,51.01974],[4.3731,51.01998],[4.37325,51.02245],[4.3799,51.02646],[4.38029,51.02684],[4.38074,51.02747],[4.38131,51.0286],[4.38118,51.02937],[4.3793,51.0296],[4.37753,51.02981],[4.37492,51.03089],[4.37391,51.02756],[4.36283,51.02254],[4.35741,51.01638],[4.34224,51.01958],[4.34729,51.02681],[4.32285,51.02671],[4.3195,51.02008],[4.32743,51.01513],[4.33344,51.00098]]]},"properties":{"postcode":"1880","nl":"Kapelle-op-den-Bos","fr":"Kapelle-op-den-Bos"}},
{"type":"Feature","geometry":{"type":"Polygon","coordinates":[[[4.67321,51.08083],[4.67239,51.08108],[4.67258,51.08238],[4.6726,51.08267],[4.67221,51.08423],[4.67124,51.08601],[4.67068,51.08734],[4.67177,51.09171],[4.6728,51.0919],[4.67356,51.09205],[4.67368,51.09213],[4.67636,51.09285],[4.68173,51.09606],[4.69622,51.0979],[4.70049,51.10668],[4.69977,51.10713],[4.69969,51.10727],[4.69763,51.10945],[4.69656,51.11135],[4.69581,51.1152],[4.68691,51.11895],[4.68552,51.12046],[4.68554,51.12078],[4.68802,51.12285],[4.66548,51.13519],[4.65145,51.12749],[4.63373,51.12472],[4.61255,51.13138],[4.61566,51.11681],[4.60942,51.10882],[4.62546,51.1071],[4.63345,51.09819],[4.63426,51.08792],[4.64269,51.08657],[4.63613,51.07688],[4.66563,51.07628],[4.67321,51.08083]]]},"properties":{"postcode":"2590","nl":"Berlaar","fr":"Berlaar"}},
{"type":"Feature","geometry":{"type":"Polygon","coordinates":[[[3.91252,50.98354],[3.91852,50.9797],[3.95119,50.97505],[3.95055,50.98263],[3.98699,50.98041],[4.00634,50.98511],[3.99666,50.99605],[3.99904,51.00411],[3.98132,51.00684],[3.97698,51.01225],[3.9807,51.02352],[3.96348,51.02092],[3.95591,51.00869],[3.94035,51.00964],[3.93301,51.01497],[3.94339,51.02981],[3.9381,51.03426],[3.93386,51.02896],[3.91772,51.02254],[3.92131,51.01234],[3.91252,50.98354]]]},"properties":{"postcode":"9260","nl":"Wichelen","fr":"Wichelen"}},
{"type":"Feature","geometry":{"type":"Polygon","coordinates":[[[2.72112,50.95041],[2.71284,50.93733],[2.71487,50.93437],[2.69705,50.92589],[2.69534,50.91237],[2.69004,50.90612],[2.70146,50.88217],[2.72868,50.88601],[2.73797,50.88335],[2.75936,50.89076],[2.76271,50.89156],[2.76536,50.89177],[2.76684,50.89056],[2.76827,50.88937],[2.76876,50.88968],[2.76906,50.88948],[2.77064,50.89042],[2.7758,50.893],[2.77834,50.89019],[2.78106,50.88971],[2.78241,50.88882],[2.78435,50.88794],[2.78676,50.88883],[2.78798,50.88923],[2.79521,50.89018],[2.8098,50.90503],[2.80254,50.91641],[2.79,50.91869],[2.77835,50.90775],[2.76104,50.93157],[2.75478,50.93579],[2.75246,50.95674],[2.73297,50.95602],[2.72112,50.95041]]]},"properties":{"postcode":"8640","nl":"Vleteren","fr":"Vleteren"}},
{"type":"Feature","geometry":{"type":"Polygon","coordinates":[[[2.8525,50.93632],[2.85543,50.93191],[2.85064,50.92512],[2.84758,50.92245],[2.84357,50.91966],[2.8437,50.91938],[2.84407,50.91933],[2.84446,50.91937],[2.84472,50.91958],[2.85112,50.91447],[2.8504,50.91286],[2.85206,50.91238],[2.85445,50.91274],[2.85495,50.91264],[2.85553,50.91259],[2.85785,50.91406],[2.85888,50.91444],[2.85986,50.91486],[2.86452,50.91733],[2.86588,50.9166],[2.86708,50.91601],[2.87912,50.9068],[2.88207,50.90812],[2.88268,50.90749],[2.8818,50.90719],[2.88313,50.90619],[2.88876,50.90419],[2.89362,50.90073],[2.89646,50.89986],[2.9037,50.89573],[2.90535,50.89453],[2.90546,50.89449],[2.90746,50.89385],[2.90758,50.89381],[2.91462,50.88892],[2.91828,50.88564],[2.92537,50.87698],[2.93981,50.86994],[2.94817,50.87623],[2.97138,50.87733],[2.97239,50.88395],[2.96815,50.90031],[2.9854,50.9065],[2.98986,50.91609],[2.9729,50.95025],[2.95902,50.9531],[2.9551,50.95731],[2.92588,50.94878],[2.91089,50.93968],[2.88736,50.93119],[2.87967,50.93643],[2.86541,50.93707],[2.85646,50.94328],[2.8525,50.93632]]]},"properties":{"postcode":"8920","nl":"Langemark-Poelkapelle","fr":"Langemark-Poelkapelle"}},
{"type":"Feature","geometry":{"type":"Polygon","coordinates":[[[5.05645,50.7157],[5.04782,50.72195],[5.04245,50.73407],[5.04813,50.73905],[5.01957,50.75077],[5.01692,50.73283],[4.99403,50.72626],[4.99253,50.72363],[4.99792,50.71516],[5.01016,50.71168],[5.01733,50.70254],[5.02359,50.69848],[5.03891,50.70016],[5.06086,50.70919],[5.05645,50.7157]]]},"properties":{"postcode":"4287","nl":"Lijsem","fr":"Lincent"}},
{"type":"Feature","geometry":{"type":"Polygon","coordinates":[[[5.85109,50.39106],[5.86162,50.38846],[5.8789,50.37633],[5.88952,50.378],[5.89704,50.37677],[5.90619,50.37904],[5.91172,50.37747],[5.91307,50.37661],[5.91284,50.37634],[5.9128,50.37606],[5.91322,50.37588],[5.91353,50.37567],[5.91403,50.37543],[5.91428,50.37523],[5.9145,50.37521],[5.91511,50.37476],[5.91547,50.37415],[5.91561,50.37406],[5.91585,50.37373],[5.91596,50.37352],[5.9181,50.37403],[5.91849,50.37416],[5.91901,50.37427],[5.926,50.37295],[5.92678,50.37238],[5.92708,50.37213],[5.92896,50.37113],[5.93346,50.37091],[5.93399,50.37102],[5.93475,50.3711],[5.93518,50.37113],[5.93714,50.37106],[5.93757,50.37125],[5.94245,50.37281],[5.94343,50.37311],[5.94557,50.37326],[5.95048,50.37362],[5.95548,50.37392],[5.96716,50.37132],[5.96741,50.371],[5.96745,50.37086],[5.96741,50.37073],[5.96777,50.37014],[5.96847,50.36832],[5.96855,50.36701],[5.97091,50.36405],[5.97147,50.36368],[5.97338,50.36315],[5.97576,50.36209],[5.9838,50.36187],[5.98448,50.36172],[5.98465,50.36162],[5.98585,50.36135],[5.9888,50.36081],[5.99493,50.3581],[6.00432,50.34117],[6.02091,50.34338],[6.02193,50.35064],[6.03045,50.36871],[6.01462,50.37591],[5.99779,50.38787],[5.99089,50.38471],[5.97832,50.38834],[5.98117,50.39908],[5.99051,50.4133],[5.96965,50.44059],[5.97134,50.44314],[5.99845,50.44643],[6.00879,50.44445],[6.01853,50.44778],[6.02337,50.45715],[6.01294,50.4679],[6.01521,50.48217],[6.00532,50.49631],[5.99316,50.48738],[5.97144,50.48637],[5.96625,50.48005],[5.94059,50.47192],[5.9317,50.46655],[5.92567,50.46414],[5.93084,50.45746],[5.92016,50.45333],[5.92513,50.44678],[5.91612,50.44145],[5.92819,50.43332],[5.91872,50.42122],[5.89733,50.40622],[5.87725,50.39685],[5.86231,50.39879],[5.85109,50.39106]]]},"properties":{"postcode":"4970","nl":"Stavelot","fr":"Stavelot"}},
{"type":"Feature","geometry":{"type":"Polygon","coordinates":[[[4.32576,50.7799],[4.33121,50.77551],[4.34718,50.77548],[4.36373,50.77137],[4.38265,50.76873],[4.38293,50.76368],[4.41261,50.77232],[4.39705,50.7882],[4.40081,50.79636],[4.39431,50.79722],[4.37847,50.79933],[4.37538,50.79973],[4.37284,50.8031],[4.37241,50.80425],[4.37223,50.80551],[4.37175,50.80665],[4.37296,50.80817],[4.37118,50.80875],[4.37062,50.80911],[4.37011,50.80934],[4.36975,50.80945],[4.36784,50.81389],[4.36812,50.81487],[4.36798,50.81523],[4.36788,50.81521],[4.36755,50.81594],[4.36651,50.8167],[4.35752,50.81469],[4.35192,50.81446],[4.35013,50.81438],[4.34792,50.81429],[4.32498,50.80548],[4.3118,50.79751],[4.31758,50.79513],[4.32576,50.7799]]]},"properties":{"postcode":"1180","nl":"Ukkel","fr":"Uccle"}},
{"type":"Feature","geometry":{"type":"Polygon","coordinates":[[[4.43402,51.17321],[4.44445,51.16294],[4.45812,51.16108],[4.46338,51.16341],[4.47044,51.16176],[4.47431,51.16231],[4.4782,51.16267],[4.47993,51.16284],[4.48267,51.17208],[4.48268,51.17213],[4.48254,51.17244],[4.48256,51.17319],[4.48279,51.1734],[4.48298,51.17361],[4.48303,51.1737],[4.48307,51.17429],[4.48291,51.17458],[4.48301,51.1748],[4.4828,51.17517],[4.48305,51.1754],[4.48327,51.17554],[4.48336,51.17565],[4.48326,51.17603],[4.48333,51.17674],[4.48336,51.17691],[4.48333,51.17821],[4.48351,51.17847],[4.48376,51.17891],[4.48404,51.17999],[4.48399,51.18038],[4.48393,51.18059],[4.48389,51.18075],[4.48382,51.18083],[4.48356,51.18087],[4.48246,51.18084],[4.48197,51.18189],[4.48194,51.18256],[4.48177,51.18294],[4.4817,51.1832],[4.4817,51.18402],[4.47663,51.18798],[4.47643,51.18777],[4.47605,51.18743],[4.47547,51.18711],[4.47221,51.18614],[4.46821,51.18594],[4.46831,51.18686],[4.46753,51.18675],[4.4661,51.18731],[4.46235,51.18815],[4.46239,51.18801],[4.46171,51.18754],[4.46147,51.18733],[4.46089,51.18659],[4.46069,51.18637],[4.4601,51.18592],[4.45955,51.18545],[4.45926,51.18495],[4.45905,51.18486],[4.45817,51.18473],[4.45775,51.18452],[4.45478,51.18478],[4.44417,51.18713],[4.44219,51.17957],[4.43402,51.17321]]]},"properties":{"postcode":"2640","nl":"Mortsel","fr":"Mortsel"}},
{"type":"Feature","geometry":{"type":"Polygon","coordinates":[[[3.24053,50.87167],[3.24956,50.87625],[3.26367,50.87774],[3.26958,50.87991],[3.27023,50.87893],[3.27106,50.87915],[3.27116,50.87919],[3.27124,50.87964],[3.27136,50.88031],[3.27132,50.88119],[3.27065,50.88214],[3.27164,50.88232],[3.27037,50.88479],[3.27185,50.8851],[3.2726,50.8858],[3.27262,50.8861],[3.27231,50.88631],[3.27192,50.8866],[3.27105,50.8875],[3.27114,50.88757],[3.27179,50.88789],[3.27211,50.88807],[3.27093,50.88941],[3.27024,50.89086],[3.26995,50.89136],[3.26977,50.89172],[3.26939,50.89229],[3.26923,50.89269],[3.2685,50.89356],[3.26779,50.89568],[3.26729,50.897],[3.24045,50.89938],[3.21195,50.89591],[3.207,50.89725],[3.18821,50.8915],[3.20626,50.87371],[3.20654,50.87389],[3.20912,50.87454],[3.2097,50.87464],[3.21509,50.87367],[3.21737,50.87384],[3.21861,50.87339],[3.21891,50.87383],[3.22034,50.87376],[3.22048,50.8724],[3.22392,50.87162],[3.22416,50.87165],[3.22535,50.87178],[3.22612,50.87198],[3.23169,50.87214],[3.24053,50.87167]]]},"properties":{"postcode":"8860","nl":"Lendelede","fr":"Lendelede"}},
{"type":"Feature","geometry":{"type":"Polygon","coordinates":[[[4.75668,50.34351],[4.79342,50.34275],[4.79054,50.35646],[4.81636,50.35331],[4.83226,50.36125],[4.84373,50.35935],[4.85024,50.35168],[4.862,50.35103],[4.87649,50.3529],[4.87353,50.35989],[4.89566,50.36411],[4.89684,50.36578],[4.89808,50.36663],[4.89816,50.36678],[4.89852,50.36705],[4.89873,50.36727],[4.89944,50.36789],[4.90166,50.36813],[4.90189,50.36807],[4.90232,50.36786],[4.90335,50.36786],[4.90397,50.36758],[4.91076,50.36804],[4.91873,50.37354],[4.91836,50.37369],[4.91788,50.37401],[4.9178,50.3744],[4.9175,50.37501],[4.91709,50.37446],[4.91578,50.37503],[4.91417,50.37694],[4.91575,50.38145],[4.9177,50.38446],[4.91786,50.3846],[4.91791,50.38474],[4.91805,50.38485],[4.91809,50.38519],[4.91928,50.3877],[4.91898,50.3877],[4.91828,50.38782],[4.91813,50.38775],[4.91774,50.38776],[4.91733,50.38784],[4.91728,50.38787],[4.9166,50.38801],[4.91115,50.38858],[4.91044,50.38848],[4.91014,50.3882],[4.90977,50.38818],[4.90947,50.38839],[4.90891,50.38871],[4.90783,50.38882],[4.90718,50.38869],[4.90677,50.38871],[4.90647,50.38883],[4.90632,50.38891],[4.90377,50.38963],[4.9031,50.3897],[4.90294,50.3897],[4.903,50.39156],[4.90454,50.39318],[4.90494,50.39368],[4.90536,50.39432],[4.90555,50.39453],[4.90572,50.39477],[4.90256,50.39618],[4.90033,50.39625],[4.89699,50.39664],[4.89601,50.39682],[4.89548,50.39686],[4.89463,50.39703],[4.88797,50.39689],[4.88184,50.39717],[4.88031,50.39019],[4.85449,50.39121],[4.8394,50.40166],[4.83791,50.40815],[4.82887,50.41112],[4.79913,50.39305],[4.77682,50.39119],[4.75481,50.38564],[4.74096,50.37967],[4.76785,50.35923],[4.75709,50.35635],[4.75668,50.34351]]]},"properties":{"postcode":"5170","nl":"Profondeville","fr":"Profondeville"}},
{"type":"Feature","geometry":{"type":"Polygon","coordinates":[[[5.64303,51.01878],[5.66486,51.03631],[5.671,51.06159],[5.67547,51.06964],[5.69433,51.05951],[5.70794,51.07341],[5.74116,51.08108],[5.75131,51.07923],[5.76165,51.08235],[5.7772,51.07562],[5.77733,51.07006],[5.79137,51.06244],[5.79755,51.07356],[5.80338,51.08221],[5.7951,51.08962],[5.80825,51.09634],[5.82265,51.09232],[5.83099,51.09572],[5.83278,51.1046],[5.81462,51.10745],[5.80766,51.11304],[5.81418,51.12085],[5.78717,51.11994],[5.77063,51.12183],[5.76042,51.12635],[5.73771,51.12999],[5.71848,51.12692],[5.70585,51.12961],[5.67398,51.12755],[5.67798,51.11897],[5.67066,51.11559],[5.66286,51.10254],[5.66147,51.10166],[5.66246,51.10006],[5.66157,51.09679],[5.6615,51.09602],[5.66165,51.09534],[5.66166,51.09503],[5.66113,51.09382],[5.66033,51.09266],[5.65988,51.0922],[5.65961,51.09183],[5.66073,51.09036],[5.66232,51.08981],[5.66347,51.08983],[5.66607,51.08916],[5.66513,51.08633],[5.66383,51.08614],[5.6632,51.08596],[5.66243,51.08572],[5.66167,51.08551],[5.66134,51.08537],[5.66039,51.08327],[5.65479,51.08261],[5.65443,51.08138],[5.65383,51.07986],[5.65139,51.07718],[5.64567,51.07473],[5.64244,51.07362],[5.64158,51.0733],[5.64049,51.07288],[5.64033,51.07278],[5.63964,51.07256],[5.63932,51.07243],[5.63853,51.0722],[5.63873,51.07181],[5.63763,51.0716],[5.63699,51.0715],[5.63683,51.07143],[5.63488,51.06976],[5.63468,51.06895],[5.63517,51.06796],[5.63534,51.06753],[5.63535,51.06741],[5.63523,51.06714],[5.63324,51.06715],[5.63149,51.06725],[5.62898,51.0674],[5.62803,51.06739],[5.62693,51.06745],[5.62694,51.06503],[5.62724,51.06495],[5.63114,51.06404],[5.63231,51.06377],[5.62712,51.05914],[5.62705,51.0591],[5.62546,51.05776],[5.62541,51.05768],[5.62672,51.05779],[5.62724,51.05774],[5.62935,51.05707],[5.62968,51.05417],[5.61436,51.03993],[5.60742,51.03703],[5.61307,51.03412],[5.61476,51.03323],[5.62709,51.02694],[5.6365,51.0221],[5.64303,51.01878]]]},"properties":{"postcode":"3680","nl":"Maaseik","fr":"Maaseik"}},
{"type":"Feature","geometry":{"type":"Polygon","coordinates":[[[5.12444,50.99774],[5.11815,50.99788],[5.11779,50.99819],[5.11718,50.99859],[5.11692,50.9988],[5.11631,50.9987],[5.116,50.99866],[5.11435,50.99843],[5.11287,50.99799],[5.11259,50.99752],[5.11254,50.99736],[5.1107,50.99666],[5.10985,50.99649],[5.1096,50.99658],[5.10897,50.99652],[5.10854,50.99645],[5.10803,50.99641],[5.10007,50.99202],[5.09876,50.99167],[5.09813,50.99101],[5.09795,50.99067],[5.09735,50.99018],[5.09697,50.9901],[5.09565,50.98958],[5.09512,50.98961],[5.09446,50.98927],[5.09458,50.98886],[5.09106,50.98776],[5.09059,50.98783],[5.08958,50.98789],[5.08917,50.98788],[5.08897,50.98784],[5.08858,50.9877],[5.08781,50.98728],[5.08643,50.98705],[5.08538,50.98659],[5.08497,50.98705],[5.08346,50.98675],[5.08346,50.98661],[5.08354,50.98654],[5.08311,50.98632],[5.08275,50.98589],[5.0823,50.98579],[5.0822,50.98475],[5.07881,50.98264],[5.08525,50.97007],[5.07571,50.95902],[5.0577,50.95349],[5.05256,50.94553],[5.04151,50.94264],[5.04374,50.93739],[5.04404,50.93539],[5.04493,50.93404],[5.04525,50.93288],[5.0453,50.93244],[5.04529,50.93243],[5.05129,50.92317],[5.054,50.9205],[5.05404,50.92035],[5.05447,50.92057],[5.05503,50.92067],[5.0572,50.91917],[5.06058,50.91756],[5.06169,50.91817],[5.0625,50.91766],[5.06285,50.91742],[5.06336,50.91695],[5.06781,50.91715],[5.06905,50.9176],[5.06916,50.9177],[5.06936,50.91796],[5.06971,50.91811],[5.06965,50.91845],[5.07302,50.91943],[5.07625,50.92131],[5.07707,50.92137],[5.07805,50.92185],[5.07841,50.92155],[5.07807,50.92128],[5.07943,50.91946],[5.08115,50.91779],[5.0843,50.91484],[5.08635,50.91285],[5.08726,50.91205],[5.09188,50.90915],[5.09625,50.91201],[5.10146,50.91431],[5.10358,50.91482],[5.10524,50.91551],[5.10556,50.9155],[5.10636,50.91585],[5.12026,50.91783],[5.12939,50.91975],[5.12983,50.91999],[5.13042,50.92034],[5.13054,50.92045],[5.13257,50.92153],[5.12732,50.93686],[5.12094,50.9439],[5.1176,50.95738],[5.11648,50.96944],[5.13938,50.97694],[5.12444,50.99774]]]},"properties":{"postcode":"3545","nl":"Halen","fr":"Halen"}},
{"type":"Feature","geometry":{"type":"Polygon","coordinates":[[[5.19687,50.47902],[5.20388,50.47372],[5.20403,50.47317],[5.20423,50.4726],[5.20488,50.47083],[5.20549,50.46941],[5.20562,50.46876],[5.2071,50.46589],[5.20791,50.46454],[5.20841,50.46374],[5.20982,50.46155],[5.20997,50.46097],[5.20983,50.46002],[5.20978,50.45983],[5.21454,50.45518],[5.22174,50.44576],[5.22258,50.44482],[5.22483,50.44238],[5.2362,50.43671],[5.23719,50.42703],[5.25597,50.43543],[5.27064,50.43692],[5.27138,50.44305],[5.28071,50.44976],[5.28441,50.4587],[5.26566,50.47161],[5.26698,50.48077],[5.25327,50.49314],[5.24277,50.49654],[5.23474,50.50657],[5.21841,50.50474],[5.20101,50.48681],[5.19687,50.47902]]]},"properties":{"postcode":"4570","nl":"Marchin","fr":"Marchin"}},
{"type":"Feature","geometry":{"type":"Polygon","coordinates":[[[4.85747,50.81351],[4.85814,50.81319],[4.87793,50.80345],[4.90894,50.7882],[4.91038,50.78748],[4.91157,50.78687],[4.91464,50.78525],[4.92208,50.78072],[4.92338,50.7798],[4.92456,50.77895],[4.92698,50.77703],[4.93397,50.77067],[4.95326,50.75209],[4.96595,50.76203],[4.98648,50.76922],[4.98394,50.78011],[4.99448,50.78795],[5.01269,50.79479],[4.99879,50.80315],[4.99218,50.8147],[4.9978,50.81811],[5.01951,50.82163],[5.01354,50.84136],[4.99842,50.84617],[4.98165,50.84903],[4.95616,50.83541],[4.94086,50.83273],[4.93409,50.83637],[4.92689,50.85175],[4.9348,50.85426],[4.93415,50.85727],[4.93301,50.85684],[4.93261,50.85719],[4.93232,50.85753],[4.93206,50.85787],[4.92145,50.85459],[4.91798,50.86005],[4.91374,50.86343],[4.91152,50.86407],[4.911,50.86406],[4.91036,50.86432],[4.91023,50.86422],[4.91022,50.86397],[4.90833,50.86167],[4.90753,50.86097],[4.90577,50.85928],[4.90416,50.85728],[4.9036,50.85642],[4.90336,50.85598],[4.903,50.85533],[4.89587,50.85204],[4.89944,50.84859],[4.87287,50.84053],[4.87743,50.83396],[4.87316,50.82636],[4.85175,50.82176],[4.85747,50.81351]]]},"properties":{"postcode":"3300","nl":"Tienen","fr":"Tirlemont"}},
{"type":"Feature","geometry":{"type":"Polygon","coordinates":[[[4.77563,51.16139],[4.77363,51.16103],[4.77242,51.16179],[4.77206,51.16208],[4.7716,51.16233],[4.76943,51.16226],[4.76884,51.16229],[4.76847,51.16236],[4.76674,51.16317],[4.76649,51.16335],[4.76635,51.16348],[4.76613,51.16375],[4.76574,51.16404],[4.76503,51.16439],[4.76448,51.1646],[4.76434,51.16464],[4.76088,51.15951],[4.73458,51.15208],[4.73302,51.15209],[4.73223,51.15185],[4.73206,51.15182],[4.73178,51.15169],[4.73087,51.15119],[4.72029,51.15065],[4.7143,51.131],[4.7145,51.12817],[4.71445,51.12727],[4.71439,51.12643],[4.71434,51.12598],[4.72077,51.12152],[4.72119,51.12168],[4.72154,51.1218],[4.72337,51.12175],[4.72383,51.1214],[4.72377,51.12114],[4.72365,51.12088],[4.72392,51.12077],[4.72406,51.12075],[4.72501,51.1207],[4.72543,51.12064],[4.72912,51.11976],[4.73582,51.11474],[4.74076,51.11591],[4.74486,51.11639],[4.74562,51.11619],[4.74616,51.11614],[4.74655,51.11607],[4.7469,51.11604],[4.74948,51.11365],[4.75631,51.11213],[4.75624,51.11174],[4.75701,51.11189],[4.75701,51.11217],[4.75707,51.11219],[4.75874,51.11247],[4.7611,51.1132],[4.76248,51.12564],[4.78587,51.12434],[4.79699,51.13277],[4.79996,51.13974],[4.8102,51.14312],[4.80285,51.1563],[4.79253,51.16191],[4.77563,51.16139]]]},"properties":{"postcode":"2270","nl":"Herenthout","fr":"Herenthout"}},
{"type":"Feature","geometry":{"type":"Polygon","coordinates":[[[5.81853,50.43356],[5.85979,50.44378],[5.8725,50.44932],[5.90084,50.4554],[5.92567,50.46414],[5.9317,50.46655],[5.92083,50.48351],[5.91228,50.48327],[5.90315,50.49533],[5.89033,50.50119],[5.89542,50.50515],[5.88585,50.51206],[5.87915,50.51024],[5.86417,50.50923],[5.86675,50.4985],[5.85803,50.49784],[5.84072,50.49114],[5.83099,50.49051],[5.82941,50.48386],[5.82059,50.47877],[5.8176,50.46817],[5.82251,50.46415],[5.81527,50.44624],[5.81853,50.43356]]]},"properties":{"postcode":"4900","nl":"Spa","fr":"Spa"}},
{"type":"Feature","geometry":{"type":"Polygon","coordinates":[[[4.53414,50.42186],[4.53145,50.41516],[4.53835,50.40614],[4.55334,50.4044],[4.56279,50.39103],[4.56302,50.37679],[4.55755,50.3712],[4.56904,50.36897],[4.59375,50.37433],[4.5942,50.3805],[4.60547,50.38683],[4.59234,50.3915],[4.58597,50.39973],[4.6079,50.40864],[4.61063,50.42189],[4.59464,50.42889],[4.58402,50.43844],[4.57826,50.43837],[4.58044,50.43512],[4.55866,50.42827],[4.56765,50.41744],[4.56138,50.41432],[4.53836,50.42331],[4.53414,50.42186]]]},"properties":{"postcode":"6250","nl":"Aiseau-Presles","fr":"Aiseau-Presles"}},
{"type":"Feature","geometry":{"type":"Polygon","coordinates":[[[3.13254,50.84762],[3.11964,50.85475],[3.10846,50.85278],[3.09555,50.87403],[3.11765,50.89035],[3.09803,50.9072],[3.09885,50.9128],[3.08957,50.92796],[3.06569,50.91716],[3.04027,50.89701],[3.03047,50.89469],[3.0288,50.88276],[3.0497,50.86628],[3.06956,50.85403],[3.08031,50.84338],[3.10237,50.83812],[3.10841,50.83705],[3.13021,50.84275],[3.13254,50.84762]]]},"properties":{"postcode":"8890","nl":"Moorslede","fr":"Moorslede"}},
{"type":"Feature","geometry":{"type":"Polygon","coordinates":[[[4.862,50.35103],[4.85459,50.34614],[4.8714,50.33689],[4.87743,50.31574],[4.89462,50.30452],[4.89563,50.29403],[4.89302,50.28797],[4.91579,50.29044],[4.91858,50.29294],[4.92172,50.29366],[4.92282,50.29374],[4.92342,50.29386],[4.92371,50.29385],[4.92515,50.2951],[4.92493,50.29572],[4.92483,50.2966],[4.92494,50.2971],[4.92488,50.29744],[4.92492,50.29762],[4.92509,50.29774],[4.93177,50.30052],[4.93275,50.30046],[4.93395,50.30083],[4.93427,50.30086],[4.93459,50.30082],[4.93485,50.30083],[4.938,50.30263],[4.93863,50.30299],[4.93979,50.30368],[4.94,50.30359],[4.94031,50.30344],[4.94111,50.30288],[4.94227,50.30213],[4.94242,50.30202],[4.94585,50.30331],[4.95104,50.30327],[4.95371,50.30452],[4.96851,50.29829],[4.99219,50.30179],[4.9924,50.30175],[4.99257,50.30156],[4.99272,50.30159],[4.99346,50.3008],[4.99479,50.30132],[4.99819,50.30177],[5.00256,50.3],[5.01853,50.3091],[5.02102,50.31049],[5.01444,50.31671],[5.02474,50.3231],[5.02284,50.33282],[5.02226,50.33722],[5.02187,50.33722],[5.02186,50.33801],[5.02187,50.33874],[5.02167,50.33879],[5.02049,50.34207],[5.01888,50.34184],[5.0176,50.34163],[5.01406,50.34807],[5.01391,50.34931],[5.01387,50.34956],[5.0138,50.34984],[5.01332,50.35079],[5.00591,50.35047],[5.00261,50.34998],[5.00239,50.34995],[5.0022,50.34982],[5.00225,50.34972],[5.00157,50.34947],[5.00062,50.34956],[5.00033,50.34942],[4.99999,50.34953],[4.99957,50.34949],[4.99884,50.34951],[4.99644,50.35057],[4.99361,50.35028],[4.9924,50.3456],[4.98079,50.34376],[4.94969,50.34153],[4.93894,50.34171],[4.92688,50.33859],[4.92639,50.33832],[4.92609,50.33834],[4.92589,50.33828],[4.92534,50.3381],[4.90945,50.33925],[4.91627,50.34231],[4.91703,50.34737],[4.91494,50.35042],[4.91413,50.35452],[4.91427,50.35477],[4.91429,50.35504],[4.91452,50.35535],[4.91482,50.35622],[4.91216,50.35843],[4.91011,50.3584],[4.90886,50.35832],[4.90838,50.35826],[4.90781,50.35825],[4.90659,50.35813],[4.90122,50.35805],[4.89566,50.36411],[4.87353,50.35989],[4.87649,50.3529],[4.862,50.35103]]]},"properties":{"postcode":"5530","nl":"Yvoir","fr":"Yvoir"}},
{"type":"Feature","geometry":{"type":"Polygon","coordinates":[[[5.71196,49.77535],[5.71287,49.77494],[5.7128,49.77488],[5.71311,49.76995],[5.71136,49.76758],[5.70928,49.76602],[5.7071,49.76442],[5.70412,49.7561],[5.69335,49.75411],[5.69048,49.75209],[5.68994,49.7498],[5.68517,49.74411],[5.68481,49.74401],[5.68329,49.74354],[5.68078,49.74339],[5.67644,49.74142],[5.67734,49.74133],[5.67875,49.74116],[5.67738,49.73997],[5.67917,49.73803],[5.68213,49.73558],[5.68596,49.72848],[5.70584,49.71539],[5.71317,49.70017],[5.71481,49.69977],[5.7168,49.69914],[5.72127,49.69791],[5.72369,49.69786],[5.7239,49.69773],[5.72529,49.69683],[5.72832,49.69664],[5.72938,49.6977],[5.72938,49.69863],[5.72925,49.69894],[5.72916,49.69921],[5.73653,49.70339],[5.73691,49.70506],[5.73889,49.70693],[5.74019,49.70753],[5.74073,49.70778],[5.74091,49.70788],[5.74947,49.70909],[5.75554,49.71116],[5.75617,49.71086],[5.7564,49.71072],[5.75694,49.7101],[5.7579,49.71023],[5.75864,49.7112],[5.75884,49.71119],[5.761,49.71403],[5.76315,49.71852],[5.76311,49.71915],[5.7646,49.71928],[5.76621,49.71898],[5.76676,49.71862],[5.76754,49.71813],[5.7682,49.71828],[5.76831,49.71863],[5.76834,49.71863],[5.76816,49.71945],[5.76939,49.7203],[5.77207,49.72021],[5.77828,49.72236],[5.78421,49.72216],[5.78679,49.72025],[5.78604,49.71924],[5.78569,49.71876],[5.78574,49.71802],[5.78639,49.71722],[5.78693,49.71677],[5.78717,49.7166],[5.78701,49.71201],[5.81145,49.71864],[5.82639,49.71898],[5.82433,49.72607],[5.82715,49.7289],[5.82744,49.73913],[5.83236,49.74694],[5.81791,49.75401],[5.81594,49.76221],[5.79195,49.7869],[5.78519,49.7962],[5.75514,49.79145],[5.75052,49.78339],[5.72579,49.77205],[5.71747,49.77584],[5.71437,49.77587],[5.71201,49.77539],[5.71196,49.77535]]]},"properties":{"postcode":"6717","nl":"Attert","fr":"Attert"}},
{"type":"Feature","geometry":{"type":"Polygon","coordinates":[[[5.45441,51.05499],[5.48236,51.06212],[5.48378,51.09087],[5.47455,51.10003],[5.47573,51.10597],[5.49128,51.11448],[5.5151,51.12456],[5.51159,51.13264],[5.53233,51.14634],[5.54762,51.14998],[5.5336,51.1741],[5.48848,51.1775],[5.47744,51.18822],[5.4773,51.18821],[5.47687,51.18825],[5.47023,51.18878],[5.46166,51.1895],[5.4376,51.18204],[5.43812,51.17462],[5.43748,51.16801],[5.43737,51.16627],[5.43693,51.16613],[5.43675,51.16603],[5.43647,51.16574],[5.43676,51.16498],[5.43637,51.1643],[5.43682,51.16419],[5.43713,51.16407],[5.4369,51.16398],[5.4368,51.16387],[5.43658,51.16378],[5.43623,51.1637],[5.43624,51.16351],[5.43615,51.16326],[5.43609,51.16303],[5.43057,51.1584],[5.41767,51.15163],[5.41833,51.1487],[5.41725,51.14726],[5.4095,51.14279],[5.40134,51.14008],[5.39608,51.13515],[5.39655,51.13313],[5.39603,51.13277],[5.39603,51.13263],[5.39608,51.13253],[5.39822,51.12916],[5.39708,51.1287],[5.39713,51.12782],[5.39606,51.12609],[5.39307,51.12251],[5.39398,51.12177],[5.39296,51.11976],[5.39268,51.11958],[5.39236,51.11942],[5.39207,51.11924],[5.39182,51.11892],[5.39152,51.11541],[5.38921,51.11189],[5.38982,51.1111],[5.39142,51.11095],[5.39277,51.11011],[5.39284,51.10636],[5.39623,51.10402],[5.39719,51.10337],[5.3972,51.10334],[5.39973,51.10164],[5.40373,51.09899],[5.4232,51.0768],[5.42629,51.0763],[5.45441,51.05499]]]},"properties":{"postcode":"3990","nl":"Peer","fr":"Peer"}},
{"type":"Feature","geometry":{"type":"Polygon","coordinates":[[[5.83624,50.68474],[5.83738,50.68273],[5.83811,50.68246],[5.83841,50.6822],[5.83839,50.68182],[5.83872,50.68142],[5.83928,50.68137],[5.83935,50.68124],[5.83934,50.68105],[5.83943,50.68103],[5.83969,50.68111],[5.84001,50.68107],[5.84036,50.68075],[5.84211,50.68033],[5.84269,50.67959],[5.84614,50.67803],[5.84684,50.67599],[5.84664,50.67571],[5.84664,50.67558],[5.84629,50.67519],[5.84364,50.67415],[5.84327,50.67418],[5.84311,50.67423],[5.84283,50.67421],[5.83997,50.6734],[5.83784,50.67235],[5.8367,50.67152],[5.83542,50.67042],[5.8349,50.67012],[5.83325,50.6697],[5.82849,50.67116],[5.82827,50.671],[5.82756,50.67035],[5.82672,50.66988],[5.82503,50.66832],[5.82542,50.66793],[5.82544,50.66781],[5.82546,50.66737],[5.82582,50.66687],[5.82767,50.66507],[5.82927,50.66175],[5.83112,50.65994],[5.83225,50.65337],[5.83963,50.64435],[5.84455,50.64118],[5.84688,50.64078],[5.84721,50.64058],[5.84781,50.64014],[5.84839,50.6403],[5.84876,50.64046],[5.84899,50.64034],[5.84892,50.63989],[5.8488,50.63935],[5.85069,50.63849],[5.84931,50.63732],[5.8502,50.63715],[5.85095,50.63666],[5.85054,50.63588],[5.85051,50.63572],[5.85142,50.63533],[5.85189,50.63544],[5.85224,50.63554],[5.85242,50.63555],[5.8532,50.63534],[5.85339,50.63515],[5.85396,50.63425],[5.85495,50.63461],[5.8555,50.63427],[5.85608,50.63458],[5.85627,50.63463],[5.8597,50.63071],[5.85976,50.63041],[5.85972,50.63016],[5.85947,50.62958],[5.85984,50.62838],[5.86037,50.62732],[5.86056,50.62701],[5.86079,50.62681],[5.86078,50.62659],[5.86089,50.62651],[5.86195,50.62679],[5.8623,50.62692],[5.86275,50.62712],[5.86345,50.62734],[5.86434,50.62741],[5.86491,50.6275],[5.86549,50.62763],[5.86613,50.62786],[5.8664,50.62801],[5.86795,50.62868],[5.86844,50.62884],[5.86905,50.62915],[5.87224,50.62939],[5.87308,50.62954],[5.87413,50.62967],[5.87678,50.63077],[5.87761,50.63154],[5.87829,50.63205],[5.87879,50.63256],[5.87913,50.63274],[5.88436,50.63386],[5.896,50.64263],[5.90063,50.64444],[5.90123,50.64459],[5.90193,50.64473],[5.90332,50.6453],[5.90248,50.64592],[5.90218,50.6461],[5.90084,50.64703],[5.89889,50.64947],[5.89891,50.64975],[5.89886,50.65043],[5.8987,50.65152],[5.89818,50.6537],[5.90023,50.65832],[5.89663,50.66612],[5.90166,50.66885],[5.90382,50.67063],[5.90472,50.67171],[5.90461,50.67181],[5.90468,50.67196],[5.90566,50.67251],[5.90984,50.67371],[5.91066,50.67388],[5.91077,50.67391],[5.91297,50.67438],[5.91622,50.67506],[5.91882,50.67626],[5.91837,50.67667],[5.91808,50.6769],[5.91672,50.67822],[5.91525,50.67904],[5.90623,50.68093],[5.90188,50.68565],[5.88363,50.69516],[5.87453,50.69771],[5.86425,50.68856],[5.842,50.68482],[5.83963,50.6858],[5.83742,50.68569],[5.83736,50.68525],[5.83671,50.68502],[5.83642,50.6848],[5.83624,50.68474]]]},"properties":{"postcode":"4890","nl":"Thimister-Clermont","fr":"Thimister-Clermont"}},
{"type":"Feature","geometry":{"type":"Polygon","coordinates":[[[3.74399,50.37786],[3.74126,50.37513],[3.73795,50.37319],[3.73753,50.37279],[3.73731,50.37272],[3.73001,50.37334],[3.71905,50.37138],[3.71823,50.37115],[3.71731,50.37067],[3.71563,50.36989],[3.71464,50.37053],[3.7147,50.37069],[3.71486,50.37088],[3.71098,50.37377],[3.70527,50.37795],[3.70192,50.37659],[3.70188,50.37663],[3.69823,50.37611],[3.693,50.3768],[3.68521,50.37473],[3.67902,50.37495],[3.679,50.37458],[3.67533,50.37478],[3.67481,50.3749],[3.67337,50.37544],[3.6729,50.37485],[3.67142,50.37571],[3.67055,50.37615],[3.66893,50.3767],[3.67191,50.37801],[3.67315,50.3831],[3.66863,50.38415],[3.66859,50.38401],[3.66861,50.3839],[3.66855,50.38375],[3.66798,50.38331],[3.66756,50.38201],[3.66659,50.38204],[3.6668,50.38086],[3.66539,50.37984],[3.66542,50.37848],[3.65823,50.37353],[3.6589,50.36688],[3.66723,50.36092],[3.66541,50.34702],[3.6774,50.34028],[3.67329,50.33511],[3.70993,50.30317],[3.71653,50.30636],[3.73244,50.32157],[3.73434,50.33728],[3.73932,50.34767],[3.74721,50.35099],[3.76319,50.34802],[3.7759,50.3532],[3.79894,50.35092],[3.83811,50.35426],[3.81034,50.3596],[3.78176,50.37426],[3.77016,50.37279],[3.74399,50.37786]]]},"properties":{"postcode":"7387","nl":"Honnelles","fr":"Honnelles"}},
{"type":"Feature","geometry":{"type":"Polygon","coordinates":[[[4.14707,50.96929],[4.14284,50.9654],[4.15661,50.95384],[4.15923,50.94527],[4.15338,50.93895],[4.15417,50.93834],[4.16174,50.93283],[4.16246,50.93231],[4.16295,50.93195],[4.16713,50.93492],[4.16911,50.93315],[4.17084,50.9328],[4.17212,50.93375],[4.17229,50.93388],[4.17246,50.93409],[4.17558,50.93938],[4.1759,50.93943],[4.17686,50.93951],[4.17718,50.93956],[4.17847,50.93982],[4.18085,50.93995],[4.18195,50.94092],[4.18272,50.94136],[4.18288,50.94148],[4.18407,50.94266],[4.18455,50.94334],[4.18496,50.94383],[4.18363,50.94438],[4.18149,50.94705],[4.19031,50.94808],[4.19445,50.94303],[4.2056,50.9505],[4.21597,50.94989],[4.22376,50.96434],[4.21391,50.97264],[4.2024,50.97126],[4.199,50.98005],[4.1907,50.98272],[4.16383,50.98897],[4.15609,50.98597],[4.15713,50.97803],[4.14707,50.96929]]]},"properties":{"postcode":"1745","nl":"Opwijk","fr":"Opwijk"}},
{"type":"Feature","geometry":{"type":"Polygon","coordinates":[[[3.97151,51.07393],[3.97208,51.07289],[3.97272,51.07098],[3.97348,51.06804],[3.97389,51.06581],[3.97996,51.06016],[3.9805,51.05149],[4.00937,51.05623],[4.0132,51.05052],[4.00824,51.03893],[4.0268,51.04148],[4.04076,51.03263],[4.04866,51.04335],[4.05695,51.04824],[4.0696,51.04874],[4.07261,51.0542],[4.08999,51.06225],[4.09253,51.06639],[4.08221,51.07411],[4.0838,51.08033],[4.07511,51.08863],[4.06515,51.08566],[4.05855,51.10183],[4.04057,51.09448],[4.03405,51.09489],[4.01611,51.08426],[3.99142,51.07568],[3.98315,51.07471],[3.97701,51.07428],[3.97356,51.07407],[3.97151,51.07393]]]},"properties":{"postcode":"9240","nl":"Zele","fr":"Zele"}},
{"type":"Feature","geometry":{"type":"Polygon","coordinates":[[[4.01538,50.98717],[4.0312,50.98795],[4.0439,50.99414],[4.06433,50.9868],[4.0722,50.98961],[4.07958,51.00009],[4.07149,51.00931],[4.08151,51.01658],[4.10419,51.00623],[4.1239,51.01088],[4.13355,51.00878],[4.15435,51.02138],[4.15866,51.02367],[4.19406,51.03129],[4.18953,51.03459],[4.17423,51.03325],[4.16514,51.0397],[4.15682,51.05576],[4.13036,51.05943],[4.12404,51.06597],[4.1083,51.06555],[4.10636,51.07245],[4.09253,51.06639],[4.08999,51.06225],[4.07261,51.0542],[4.0696,51.04874],[4.05695,51.04824],[4.04866,51.04335],[4.04076,51.03263],[4.03882,51.01759],[4.01272,51.00558],[3.99904,51.00411],[3.99666,50.99605],[4.00634,50.98511],[4.01538,50.98717]]]},"properties":{"postcode":"9200","nl":"Dendermonde","fr":"Termonde"}},
{"type":"Feature","geometry":{"type":"Polygon","coordinates":[[[2.72112,50.95041],[2.73297,50.95602],[2.75246,50.95674],[2.75478,50.93579],[2.76104,50.93157],[2.77835,50.90775],[2.79,50.91869],[2.80254,50.91641],[2.8098,50.90503],[2.8226,50.908],[2.8263,50.92107],[2.81292,50.93004],[2.83143,50.93871],[2.83809,50.92678],[2.8525,50.93632],[2.85646,50.94328],[2.8391,50.95309],[2.82563,50.95749],[2.80914,50.97569],[2.8062,50.98169],[2.79904,50.98028],[2.77176,51.01221],[2.77056,51.01713],[2.75077,51.00987],[2.74519,51.00931],[2.74267,51.00832],[2.74179,51.00828],[2.7416,51.00942],[2.73385,51.00833],[2.72849,51.00717],[2.73042,51.00603],[2.73175,51.00055],[2.73039,50.99854],[2.73051,50.99795],[2.73074,50.99746],[2.73086,50.99726],[2.73008,50.99533],[2.72717,50.99348],[2.72652,50.99331],[2.72591,50.99325],[2.72555,50.99326],[2.72437,50.99367],[2.72218,50.99323],[2.72012,50.99229],[2.7188,50.99173],[2.71057,50.99019],[2.70639,50.98982],[2.71101,50.97981],[2.6974,50.97255],[2.72112,50.95041]]]},"properties":{"postcode":"8647","nl":"Lo-Reninge","fr":"Lo-Reninge"}},
{"type":"Feature","geometry":{"type":"Polygon","coordinates":[[[3.14087,51.21589],[3.14274,51.21688],[3.14487,51.21731],[3.14537,51.21747],[3.14574,51.21748],[3.14598,51.21758],[3.15638,51.21928],[3.17336,51.22585],[3.1731,51.22613],[3.17303,51.22631],[3.17275,51.2275],[3.17144,51.22917],[3.17134,51.22927],[3.17073,51.22978],[3.17054,51.23],[3.16939,51.23241],[3.15987,51.23696],[3.16008,51.23719],[3.16335,51.2387],[3.16376,51.23885],[3.17231,51.24115],[3.17337,51.24198],[3.17618,51.24237],[3.1779,51.24307],[3.17927,51.24363],[3.17946,51.24372],[3.19301,51.25062],[3.19104,51.25423],[3.1874,51.25904],[3.1849,51.26224],[3.1852,51.26252],[3.18738,51.26467],[3.19067,51.26822],[3.19149,51.2691],[3.19231,51.26991],[3.19362,51.27142],[3.1825,51.27097],[3.17928,51.27858],[3.17869,51.28056],[3.17865,51.28089],[3.17873,51.28184],[3.17883,51.28201],[3.1788,51.28241],[3.17777,51.2846],[3.17726,51.28511],[3.17636,51.28614],[3.17585,51.28661],[3.17496,51.28715],[3.17337,51.28957],[3.16926,51.29061],[3.15884,51.28891],[3.14921,51.28216],[3.13346,51.28096],[3.12547,51.27636],[3.11448,51.27682],[3.10518,51.29085],[3.1034,51.29078],[3.10163,51.29075],[3.10026,51.29077],[3.0887,51.29047],[3.07017,51.28903],[3.07687,51.28663],[3.07732,51.28536],[3.07749,51.28539],[3.07815,51.28364],[3.07901,51.28283],[3.08134,51.27833],[3.08434,51.27371],[3.08359,51.27094],[3.08658,51.27018],[3.0874,51.26388],[3.08574,51.26243],[3.08609,51.26176],[3.08635,51.26133],[3.08682,51.26061],[3.08697,51.26029],[3.08595,51.25759],[3.08556,51.25717],[3.08517,51.25653],[3.08491,51.25634],[3.08484,51.25602],[3.08582,51.25487],[3.08614,51.25471],[3.08629,51.25462],[3.08674,51.25411],[3.0888,51.25139],[3.08822,51.25108],[3.08695,51.25049],[3.08687,51.25008],[3.08673,51.24975],[3.08651,51.24951],[3.08592,51.25002],[3.08384,51.24897],[3.08424,51.24874],[3.085,51.24824],[3.08341,51.24715],[3.08084,51.2463],[3.08103,51.24618],[3.07951,51.24505],[3.08143,51.23754],[3.08171,51.23755],[3.08242,51.23766],[3.08508,51.23819],[3.09177,51.22477],[3.1055,51.21259],[3.13418,51.22215],[3.14087,51.21589]]]},"properties":{"postcode":"8377","nl":"Zuienkerke","fr":"Zuienkerke"}},
{"type":"Feature","geometry":{"type":"Polygon","coordinates":[[[3.36024,51.1919],[3.36606,51.19338],[3.36614,51.19363],[3.36526,51.19556],[3.36479,51.1966],[3.3654,51.19665],[3.36669,51.19678],[3.36845,51.19692],[3.37406,51.1975],[3.37767,51.19693],[3.37817,51.19792],[3.37854,51.19803],[3.37888,51.19827],[3.38256,51.19987],[3.38309,51.2079],[3.38233,51.2088],[3.38129,51.21012],[3.37964,51.21223],[3.37957,51.21719],[3.37936,51.21733],[3.37902,51.21739],[3.37758,51.21749],[3.37727,51.21889],[3.3768,51.2213],[3.37637,51.22126],[3.3746,51.22113],[3.37265,51.22096],[3.37054,51.22082],[3.37016,51.22308],[3.36865,51.22359],[3.36885,51.22365],[3.37028,51.22387],[3.36817,51.22593],[3.36686,51.22723],[3.368,51.22793],[3.38273,51.23225],[3.38404,51.23247],[3.38499,51.23266],[3.38542,51.23278],[3.38972,51.23405],[3.39168,51.2347],[3.39332,51.23534],[3.39346,51.2354],[3.39452,51.23573],[3.39494,51.23578],[3.39552,51.23591],[3.39928,51.23729],[3.39897,51.23812],[3.39887,51.23841],[3.39852,51.24036],[3.39841,51.24326],[3.39662,51.24845],[3.39683,51.24917],[3.39571,51.25084],[3.39544,51.25145],[3.3951,51.25201],[3.39417,51.25306],[3.39375,51.25299],[3.39347,51.253],[3.38937,51.25974],[3.38764,51.26297],[3.38697,51.26274],[3.38659,51.26265],[3.3834,51.26687],[3.38234,51.27044],[3.3758,51.27708],[3.3806,51.28731],[3.37189,51.29096],[3.3581,51.30485],[3.34316,51.29953],[3.33104,51.30808],[3.32377,51.30359],[3.30998,51.30186],[3.2835,51.30205],[3.26189,51.29608],[3.27338,51.28574],[3.24613,51.25113],[3.26572,51.24046],[3.26941,51.23723],[3.2722,51.23458],[3.27477,51.23159],[3.27464,51.23151],[3.27427,51.23121],[3.2737,51.2307],[3.27345,51.23031],[3.27439,51.22919],[3.27543,51.22844],[3.27623,51.22795],[3.27643,51.2278],[3.27694,51.22747],[3.27875,51.22625],[3.29148,51.22677],[3.29492,51.22591],[3.29551,51.22578],[3.29591,51.22571],[3.29688,51.22552],[3.29884,51.2251],[3.30238,51.22427],[3.30579,51.22333],[3.30997,51.22203],[3.30975,51.21832],[3.30944,51.21753],[3.3063,51.21122],[3.30514,51.20895],[3.30305,51.20707],[3.30171,51.20577],[3.30153,51.20556],[3.30061,51.20478],[3.28962,51.20066],[3.29353,51.1956],[3.30752,51.1977],[3.32897,51.19447],[3.34554,51.19342],[3.3593,51.19371],[3.35953,51.19351],[3.35967,51.19294],[3.36019,51.19194],[3.36024,51.1919]]]},"properties":{"postcode":"8340","nl":"Damme","fr":"Damme"}},
{"type":"Feature","geometry":{"type":"Polygon","coordinates":[[[5.07797,50.79384],[5.09187,50.79063],[5.09212,50.7823],[5.09672,50.7811],[5.09693,50.7814],[5.09826,50.78096],[5.09935,50.7811],[5.10173,50.78044],[5.10204,50.78095],[5.10308,50.78207],[5.10484,50.78131],[5.10422,50.78038],[5.10306,50.77981],[5.10586,50.77917],[5.10659,50.77905],[5.11743,50.79256],[5.11846,50.7925],[5.12227,50.79238],[5.13266,50.79208],[5.13351,50.79309],[5.13663,50.79674],[5.13878,50.79922],[5.14185,50.80289],[5.14274,50.80905],[5.13031,50.81621],[5.13823,50.82504],[5.13626,50.8262],[5.13541,50.82721],[5.13455,50.83034],[5.13485,50.83123],[5.1352,50.83202],[5.1353,50.83239],[5.13585,50.83524],[5.14278,50.84203],[5.14339,50.843],[5.14437,50.84476],[5.14453,50.84517],[5.13881,50.84956],[5.14561,50.85277],[5.14802,50.85241],[5.14772,50.85569],[5.14842,50.85723],[5.14845,50.85806],[5.14842,50.85847],[5.14842,50.85911],[5.14652,50.85989],[5.13786,50.86101],[5.13767,50.8615],[5.13662,50.86162],[5.13633,50.86178],[5.13616,50.86181],[5.13585,50.86192],[5.1353,50.86204],[5.13512,50.86224],[5.13457,50.86226],[5.13467,50.86246],[5.13435,50.86271],[5.12337,50.86512],[5.11447,50.8696],[5.1146,50.8728],[5.11731,50.87556],[5.11746,50.87692],[5.11789,50.87726],[5.11743,50.87773],[5.11734,50.87791],[5.11737,50.87811],[5.11586,50.87863],[5.11371,50.87932],[5.11181,50.87693],[5.10989,50.87713],[5.10873,50.87715],[5.10832,50.87701],[5.108,50.87708],[5.10789,50.87708],[5.10493,50.87569],[5.10236,50.87396],[5.10133,50.87358],[5.10035,50.8725],[5.09878,50.87161],[5.09811,50.87114],[5.09803,50.87099],[5.09114,50.86892],[5.09073,50.86899],[5.09066,50.8693],[5.09024,50.86972],[5.08654,50.87269],[5.08324,50.87578],[5.07573,50.88147],[5.06801,50.88412],[5.06797,50.88408],[5.06709,50.88431],[5.06557,50.88463],[5.06546,50.88467],[5.06514,50.88447],[5.06488,50.88427],[5.06414,50.88377],[5.06303,50.88305],[5.0601,50.88058],[5.04967,50.87972],[5.04339,50.87481],[5.05957,50.86068],[5.06969,50.84759],[5.06527,50.83539],[5.08451,50.81542],[5.08544,50.8112],[5.07312,50.80409],[5.07797,50.79384]]]},"properties":{"postcode":"3440","nl":"Zoutleeuw","fr":"Léau"}},
{"type":"Feature","geometry":{"type":"Polygon","coordinates":[[[4.58415,50.3639],[4.59616,50.3686],[4.60601,50.36147],[4.62752,50.35864],[4.62773,50.35854],[4.62785,50.35843],[4.62825,50.35838],[4.62821,50.35949],[4.62782,50.36047],[4.62758,50.36045],[4.62711,50.36052],[4.62701,50.36106],[4.62592,50.36158],[4.6253,50.36208],[4.62522,50.36243],[4.62491,50.3627],[4.62493,50.36273],[4.62582,50.36317],[4.62721,50.36369],[4.62775,50.36467],[4.62762,50.3651],[4.62789,50.3657],[4.62892,50.36651],[4.63187,50.36635],[4.63348,50.36588],[4.63515,50.36537],[4.63591,50.36513],[4.63594,50.36516],[4.63841,50.36747],[4.6391,50.36731],[4.64434,50.36838],[4.65892,50.36633],[4.66132,50.36588],[4.66403,50.36402],[4.66414,50.36397],[4.66645,50.36315],[4.67074,50.3617],[4.67271,50.36177],[4.6729,50.36199],[4.67323,50.36205],[4.67353,50.36238],[4.67413,50.36312],[4.67732,50.3645],[4.68507,50.36866],[4.68578,50.37094],[4.7047,50.37171],[4.71463,50.37773],[4.74096,50.37967],[4.75481,50.38564],[4.77682,50.39119],[4.79913,50.39305],[4.78569,50.40563],[4.76011,50.40791],[4.75401,50.41255],[4.73166,50.42005],[4.71948,50.41276],[4.71521,50.41801],[4.69529,50.42811],[4.68216,50.4219],[4.67013,50.42093],[4.66044,50.41684],[4.64628,50.41701],[4.62805,50.40633],[4.61282,50.40048],[4.6079,50.40864],[4.58597,50.39973],[4.59234,50.3915],[4.60547,50.38683],[4.5942,50.3805],[4.59375,50.37433],[4.58415,50.3639]]]},"properties":{"postcode":"5070","nl":"Fosses-la-Ville","fr":"Fosses-la-Ville"}},
{"type":"Feature","geometry":{"type":"Polygon","coordinates":[[[5.26134,51.15844],[5.2616,51.15842],[5.26248,51.15831],[5.26381,51.15806],[5.26391,51.15838],[5.26408,51.15849],[5.26417,51.15861],[5.26669,51.15876],[5.26673,51.15865],[5.26665,51.15855],[5.26677,51.1585],[5.26695,51.15861],[5.26734,51.15848],[5.2676,51.15863],[5.26795,51.15868],[5.2682,51.15884],[5.26838,51.15885],[5.26854,51.15868],[5.26918,51.15877],[5.26927,51.15884],[5.26928,51.15895],[5.26968,51.15908],[5.26977,51.15898],[5.27015,51.15891],[5.27026,51.15904],[5.27053,51.15902],[5.2713,51.15909],[5.28086,51.15957],[5.28278,51.1592],[5.28291,51.15885],[5.28325,51.15871],[5.28891,51.15792],[5.29412,51.16131],[5.30957,51.17305],[5.31323,51.17588],[5.31776,51.17941],[5.31926,51.18057],[5.32193,51.18262],[5.32201,51.18265],[5.3222,51.1828],[5.3223,51.18279],[5.34729,51.20239],[5.3509,51.20541],[5.3554,51.20942],[5.3555,51.20952],[5.36146,51.21471],[5.36279,51.21575],[5.39307,51.24142],[5.41741,51.26228],[5.39612,51.26694],[5.34614,51.27576],[5.34265,51.26593],[5.33648,51.26307],[5.31593,51.26354],[5.29615,51.26148],[5.26312,51.2668],[5.2371,51.26117],[5.21599,51.24703],[5.21463,51.22073],[5.21718,51.21141],[5.23872,51.20102],[5.25209,51.1906],[5.25622,51.18721],[5.25828,51.18549],[5.25946,51.18443],[5.26019,51.18382],[5.26134,51.15844]]]},"properties":{"postcode":"3920","nl":"Lommel","fr":"Lommel"}},
{"type":"Feature","geometry":{"type":"Polygon","coordinates":[[[4.65349,50.98728],[4.65369,50.98837],[4.65473,50.98879],[4.65486,50.98887],[4.65545,50.98936],[4.65509,50.98954],[4.65437,50.98995],[4.65288,50.99051],[4.65295,50.9921],[4.65501,50.99364],[4.65571,50.99381],[4.6557,50.99385],[4.6657,50.99513],[4.66541,50.99532],[4.66522,50.99564],[4.66704,50.99573],[4.66849,50.99578],[4.66845,50.99574],[4.66936,50.99537],[4.66989,50.99603],[4.68876,50.9943],[4.69218,50.99474],[4.69541,50.99928],[4.6963,50.99986],[4.69689,51.00027],[4.69782,51.001],[4.70949,51.01359],[4.70901,51.01376],[4.70764,51.01422],[4.70684,51.01452],[4.70385,51.01533],[4.69168,51.01629],[4.68538,51.02411],[4.68387,51.0238],[4.68303,51.02366],[4.68027,51.0232],[4.67862,51.02225],[4.6707,51.02015],[4.66168,51.01874],[4.64813,51.0197],[4.6347,51.0172],[4.62913,51.01044],[4.6057,51.01129],[4.60071,50.99456],[4.63976,50.99058],[4.65349,50.98728]]]},"properties":{"postcode":"3140","nl":"Keerbergen","fr":"Keerbergen"}},
{"type":"Feature","geometry":{"type":"Polygon","coordinates":[[[4.10612,50.8845],[4.11613,50.88571],[4.12801,50.88403],[4.13351,50.88441],[4.1347,50.88388],[4.1347,50.88385],[4.14047,50.88323],[4.14178,50.88387],[4.142,50.88395],[4.1422,50.8839],[4.14224,50.88406],[4.14244,50.88402],[4.14254,50.88414],[4.14325,50.88419],[4.14341,50.88441],[4.14475,50.88473],[4.1481,50.88677],[4.14819,50.88768],[4.14804,50.88788],[4.14783,50.88785],[4.14787,50.88801],[4.14815,50.88831],[4.14875,50.88844],[4.14889,50.88845],[4.14906,50.88854],[4.14915,50.88866],[4.14926,50.88893],[4.1493,50.88922],[4.14936,50.88939],[4.14942,50.88985],[4.14985,50.89098],[4.15014,50.89141],[4.15029,50.89153],[4.15049,50.89207],[4.14525,50.89775],[4.14551,50.90178],[4.14411,50.90675],[4.14216,50.90871],[4.14234,50.9104],[4.14684,50.91568],[4.13765,50.9204],[4.12088,50.92334],[4.09599,50.93246],[4.0891,50.92646],[4.09055,50.92413],[4.09074,50.92192],[4.09072,50.92184],[4.09084,50.92079],[4.09089,50.91997],[4.09091,50.91986],[4.09091,50.9192],[4.09142,50.9177],[4.0921,50.91607],[4.09489,50.91563],[4.10111,50.91003],[4.0989,50.90864],[4.09717,50.90783],[4.09558,50.90714],[4.0934,50.90613],[4.09223,50.90562],[4.08603,50.90245],[4.08365,50.90232],[4.08259,50.90211],[4.08016,50.90159],[4.07893,50.90151],[4.07424,50.8994],[4.08233,50.89122],[4.08783,50.89079],[4.08938,50.8899],[4.0896,50.88947],[4.08952,50.88914],[4.08939,50.88891],[4.09071,50.8885],[4.09099,50.88842],[4.09116,50.88821],[4.09237,50.88802],[4.09368,50.88832],[4.09706,50.88741],[4.09672,50.88537],[4.10612,50.8845]]]},"properties":{"postcode":"1790","nl":"Affligem","fr":"Affligem"}},
{"type":"Feature","geometry":{"type":"Polygon","coordinates":[[[4.97402,51.36309],[4.96218,51.33871],[4.9701,51.33187],[4.96827,51.31093],[4.9757,51.30222],[4.97505,51.29349],[4.98484,51.29038],[4.98104,51.28298],[5.00377,51.28303],[5.01898,51.27603],[5.02914,51.28905],[5.04941,51.29663],[5.0519,51.30348],[5.0398,51.30944],[5.02947,51.32542],[5.04401,51.35273],[5.02194,51.35493],[5.01852,51.35539],[5.01432,51.35614],[5.00406,51.35801],[5.00261,51.35826],[4.98153,51.35492],[4.98048,51.35576],[4.98041,51.35583],[4.97816,51.35675],[4.97621,51.35944],[4.97313,51.36038],[4.97402,51.36309]]]},"properties":{"postcode":"2360","nl":"Oud-Turnhout","fr":"Oud-Turnhout"}},
{"type":"Feature","geometry":{"type":"Polygon","coordinates":[[[4.3852,51.08065],[4.40141,51.07465],[4.40954,51.07926],[4.41985,51.0736],[4.43568,51.0785],[4.45135,51.07162],[4.45905,51.07372],[4.46722,51.07289],[4.4685,51.07284],[4.47069,51.07305],[4.47037,51.07341],[4.47027,51.07364],[4.4706,51.07416],[4.46813,51.07777],[4.46493,51.07982],[4.4707,51.08442],[4.46543,51.09302],[4.43887,51.09494],[4.43838,51.1067],[4.43001,51.10778],[4.42503,51.11631],[4.40045,51.11805],[4.38246,51.11142],[4.35958,51.10954],[4.36319,51.10621],[4.38629,51.10221],[4.3979,51.09634],[4.3852,51.08065]]]},"properties":{"postcode":"2840","nl":"Rumst","fr":"Rumst"}},
{"type":"Feature","geometry":{"type":"Polygon","coordinates":[[[4.51005,51.13486],[4.51005,51.13513],[4.5099,51.13586],[4.50958,51.13709],[4.50818,51.13973],[4.51036,51.14153],[4.50912,51.14304],[4.50658,51.14365],[4.50612,51.14367],[4.50553,51.1435],[4.50482,51.14343],[4.50424,51.14333],[4.50405,51.14335],[4.5038,51.14359],[4.50377,51.14376],[4.50271,51.1444],[4.50182,51.14418],[4.50148,51.14426],[4.50107,51.14416],[4.50036,51.14402],[4.48906,51.14996],[4.48654,51.15191],[4.48678,51.15205],[4.48566,51.1535],[4.48553,51.15353],[4.48286,51.15592],[4.47993,51.16284],[4.4782,51.16267],[4.47431,51.16231],[4.47044,51.16176],[4.46338,51.16341],[4.45812,51.16108],[4.46278,51.14717],[4.47219,51.14183],[4.48577,51.14076],[4.49671,51.1306],[4.51005,51.13486]]]},"properties":{"postcode":"2540","nl":"Hove","fr":"Hove"}},
{"type":"Feature","geometry":{"type":"Polygon","coordinates":[[[3.09864,50.77908],[3.10862,50.78665],[3.11035,50.79363],[3.12819,50.78633],[3.14839,50.79021],[3.15489,50.77822],[3.18119,50.75532],[3.2054,50.76062],[3.21028,50.77116],[3.20363,50.77403],[3.20093,50.77409],[3.20172,50.77564],[3.2017,50.77595],[3.2013,50.77657],[3.20098,50.77711],[3.20472,50.78245],[3.20877,50.78388],[3.21008,50.78408],[3.21159,50.78509],[3.20942,50.78731],[3.21314,50.7883],[3.2136,50.78846],[3.21413,50.78879],[3.21573,50.79017],[3.2153,50.79038],[3.21521,50.79049],[3.21449,50.79109],[3.21965,50.79627],[3.20867,50.80706],[3.1696,50.79654],[3.14729,50.7941],[3.14392,50.80263],[3.15163,50.80958],[3.14985,50.82106],[3.13884,50.8197],[3.12526,50.82879],[3.11322,50.82812],[3.10485,50.83219],[3.10686,50.81418],[3.10081,50.8058],[3.08059,50.80052],[3.08792,50.78812],[3.09864,50.77908]]]},"properties":{"postcode":"8930","nl":"Menen","fr":"Menin"}},
{"type":"Feature","geometry":{"type":"Polygon","coordinates":[[[4.53892,50.09186],[4.54095,50.08709],[4.53287,50.08005],[4.53024,50.06646],[4.54348,50.06234],[4.54177,50.05095],[4.54959,50.04395],[4.55212,50.03502],[4.56346,50.02421],[4.57194,50.00888],[4.58552,50.01536],[4.60194,50.0181],[4.59835,50.00109],[4.6054,49.98908],[4.60031,49.98628],[4.63234,49.98701],[4.66672,49.99672],[4.67756,49.99548],[4.68767,50.00057],[4.68575,50.02109],[4.6952,50.04727],[4.70001,50.05295],[4.69599,50.05908],[4.68601,50.05743],[4.68054,50.06852],[4.70211,50.09556],[4.71959,50.10179],[4.70979,50.10936],[4.69226,50.11058],[4.67869,50.11407],[4.66715,50.10925],[4.64685,50.10593],[4.6228,50.09216],[4.60951,50.10761],[4.59186,50.10895],[4.5884,50.10121],[4.56787,50.09312],[4.53892,50.09186]]]},"properties":{"postcode":"5670","nl":"Viroinval","fr":"Viroinval"}},
{"type":"Feature","geometry":{"type":"Polygon","coordinates":[[[4.87576,49.9248],[4.90163,49.92399],[4.91354,49.93104],[4.93769,49.92354],[4.94308,49.91693],[4.94914,49.92422],[4.96086,49.93074],[4.97375,49.93345],[4.97629,49.94479],[4.99501,49.95178],[4.99339,49.96611],[5.00657,49.97045],[4.99587,49.97679],[4.99164,49.98806],[4.9971,49.99833],[4.98555,50.012],[4.99052,50.01626],[4.97303,50.02889],[4.9342,50.0235],[4.95497,50.03791],[4.96555,50.04765],[4.92675,50.04496],[4.92339,50.04982],[4.92078,50.05143],[4.91989,50.05159],[4.919,50.05165],[4.90205,50.04719],[4.90135,50.04693],[4.90117,50.04673],[4.9011,50.04662],[4.90071,50.04642],[4.90086,50.04506],[4.89913,50.04401],[4.89547,50.04024],[4.89378,50.03763],[4.87817,50.0407],[4.86091,50.03589],[4.85005,50.0406],[4.83016,50.03399],[4.82003,50.02611],[4.81743,50.01543],[4.82108,50.01051],[4.8163,50.00277],[4.81905,49.99547],[4.79544,49.97716],[4.79075,49.97028],[4.7918,49.95793],[4.81218,49.95445],[4.82982,49.9492],[4.84707,49.94907],[4.85909,49.93149],[4.87576,49.9248]]]},"properties":{"postcode":"5575","nl":"Gedinne","fr":"Gedinne"}},
{"type":"Feature","geometry":{"type":"Polygon","coordinates":[[[3.82666,50.55044],[3.82032,50.55186],[3.82031,50.55166],[3.82012,50.55151],[3.81996,50.55131],[3.81997,50.5512],[3.81969,50.55109],[3.81955,50.55091],[3.81865,50.54898],[3.81841,50.54886],[3.81799,50.54787],[3.81769,50.54768],[3.81792,50.54741],[3.81783,50.54715],[3.81762,50.54699],[3.81732,50.5467],[3.81709,50.54664],[3.8169,50.54653],[3.81676,50.54637],[3.81642,50.54613],[3.81632,50.54598],[3.8159,50.54594],[3.81502,50.54546],[3.81304,50.54399],[3.81297,50.54368],[3.81154,50.54237],[3.81082,50.54228],[3.81059,50.54229],[3.8104,50.54205],[3.81038,50.54188],[3.81033,50.54183],[3.81012,50.54181],[3.81001,50.54166],[3.81005,50.54149],[3.80983,50.54147],[3.80974,50.54137],[3.80957,50.54135],[3.80939,50.54123],[3.80888,50.54115],[3.80844,50.54084],[3.80856,50.54064],[3.80849,50.54053],[3.80833,50.54036],[3.80817,50.54026],[3.80705,50.53958],[3.80587,50.53774],[3.80121,50.5365],[3.8018,50.53031],[3.81323,50.52682],[3.82466,50.51917],[3.82444,50.51788],[3.82366,50.5174],[3.82343,50.51706],[3.82348,50.51674],[3.8234,50.51667],[3.82562,50.51175],[3.83029,50.51],[3.83977,50.50869],[3.84165,50.50854],[3.84493,50.50832],[3.84528,50.50823],[3.84539,50.5083],[3.85416,50.50455],[3.86279,50.50187],[3.86891,50.50568],[3.87461,50.50535],[3.87836,50.50408],[3.87933,50.50376],[3.87993,50.50368],[3.88608,50.50236],[3.89209,50.50122],[3.90115,50.49907],[3.93334,50.50088],[3.9404,50.49186],[3.95015,50.48929],[3.95725,50.50859],[3.966,50.50815],[3.96739,50.50831],[3.97442,50.51151],[3.97473,50.512],[3.97527,50.51382],[3.97554,50.51466],[3.97618,50.51687],[3.9861,50.51734],[3.99458,50.52533],[3.98833,50.52913],[3.9921,50.53239],[3.99202,50.53446],[3.99112,50.53611],[3.9906,50.53671],[3.99055,50.53736],[3.9893,50.53815],[3.98832,50.53837],[3.98625,50.53981],[3.98548,50.54066],[3.98495,50.54088],[3.98431,50.54157],[3.98301,50.54264],[3.98595,50.54699],[3.97543,50.54729],[3.97399,50.54775],[3.95822,50.54973],[3.95294,50.54003],[3.94162,50.54224],[3.92726,50.55183],[3.90989,50.54246],[3.89084,50.54084],[3.85896,50.54532],[3.85425,50.55132],[3.83215,50.54829],[3.83017,50.54916],[3.82953,50.54873],[3.82816,50.54984],[3.82732,50.5502],[3.82666,50.55044]]]},"properties":{"postcode":"7050","nl":"Jurbeke","fr":"Jurbise"}},
{"type":"Feature","geometry":{"type":"Polygon","coordinates":[[[4.79901,51.02853],[4.81681,51.05233],[4.83652,51.05274],[4.86024,51.05818],[4.86882,51.06228],[4.86488,51.07116],[4.85232,51.07121],[4.83218,51.06381],[4.82797,51.07593],[4.81537,51.07623],[4.81161,51.08857],[4.81044,51.08562],[4.80613,51.08651],[4.80485,51.08596],[4.79517,51.08179],[4.79368,51.08117],[4.78979,51.07948],[4.78966,51.07944],[4.78906,51.07977],[4.78812,51.08027],[4.78538,51.08179],[4.78289,51.08128],[4.7819,51.08095],[4.78026,51.0805],[4.77998,51.0804],[4.77002,51.0717],[4.76976,51.07177],[4.76882,51.07128],[4.76686,51.07033],[4.76742,51.06996],[4.76711,51.06961],[4.76746,51.06956],[4.76836,51.06964],[4.76971,51.06961],[4.77051,51.06924],[4.77085,51.06902],[4.77109,51.06889],[4.77173,51.06872],[4.77338,51.06844],[4.77395,51.06831],[4.77433,51.06817],[4.77444,51.0681],[4.77561,51.06611],[4.7753,51.06595],[4.77449,51.0656],[4.77546,51.06453],[4.77541,51.06415],[4.77572,51.06375],[4.77575,51.06342],[4.77598,51.06327],[4.77637,51.06317],[4.77696,51.06304],[4.77803,51.06266],[4.77848,51.06228],[4.77865,51.06224],[4.77922,51.06223],[4.77933,51.062],[4.77921,51.06169],[4.77949,51.06148],[4.78116,51.06122],[4.78145,51.0613],[4.78169,51.0614],[4.78261,51.06182],[4.78586,51.06169],[4.79262,51.06237],[4.79488,51.05931],[4.79567,51.05802],[4.79587,51.05584],[4.78924,51.03895],[4.79901,51.02853]]]},"properties":{"postcode":"2235","nl":"Hulshout","fr":"Hulshout"}},
{"type":"Feature","geometry":{"type":"Polygon","coordinates":[[[4.1907,50.98272],[4.19762,50.98264],[4.21795,50.99003],[4.22904,50.99853],[4.23295,51.00789],[4.22118,51.01416],[4.23611,51.01797],[4.24097,51.03682],[4.23171,51.04182],[4.21349,51.03174],[4.19591,51.04012],[4.19007,51.03973],[4.18953,51.03459],[4.19406,51.03129],[4.15866,51.02367],[4.15435,51.02138],[4.16067,51.00819],[4.16769,51.003],[4.16896,50.99402],[4.16383,50.98897],[4.1907,50.98272]]]},"properties":{"postcode":"9255","nl":"Buggenhout","fr":"Buggenhout"}},
{"type":"Feature","geometry":{"type":"Polygon","coordinates":[[[3.07848,51.14558],[3.08036,51.14612],[3.08117,51.14573],[3.08309,51.14477],[3.08422,51.14428],[3.08611,51.14426],[3.08734,51.14518],[3.08792,51.14606],[3.09117,51.14577],[3.09323,51.14533],[3.09583,51.14612],[3.11026,51.14993],[3.11059,51.14995],[3.11217,51.15038],[3.11638,51.15199],[3.12268,51.15438],[3.12393,51.15483],[3.13942,51.15953],[3.13587,51.1627],[3.13736,51.1771],[3.13866,51.17755],[3.13931,51.17779],[3.14051,51.17819],[3.14235,51.1787],[3.15047,51.18329],[3.16252,51.18537],[3.16122,51.1899],[3.1574,51.19579],[3.15613,51.19676],[3.15556,51.19745],[3.15339,51.20005],[3.1495,51.20521],[3.14929,51.2056],[3.1491,51.206],[3.14831,51.20749],[3.1457,51.2114],[3.14523,51.21136],[3.14368,51.21114],[3.143,51.21184],[3.14233,51.21313],[3.14154,51.21463],[3.14103,51.21561],[3.14087,51.21589],[3.13418,51.22215],[3.1055,51.21259],[3.09177,51.22477],[3.08508,51.23819],[3.08242,51.23766],[3.08171,51.23755],[3.08143,51.23754],[3.07818,51.23595],[3.07456,51.23549],[3.07414,51.23541],[3.0735,51.23512],[3.07118,51.23449],[3.06634,51.23413],[3.0642,51.23311],[3.06132,51.23247],[3.06079,51.23242],[3.06135,51.2315],[3.06221,51.23075],[3.06282,51.2302],[3.06297,51.23004],[3.06357,51.22921],[3.06333,51.22891],[3.06336,51.22858],[3.06049,51.22698],[3.05889,51.22686],[3.0581,51.22679],[3.05541,51.22471],[3.05588,51.22442],[3.05618,51.2241],[3.05582,51.22282],[3.04656,51.21967],[3.05808,51.20186],[3.04723,51.19407],[3.05282,51.17555],[3.05005,51.16372],[3.05968,51.15517],[3.07848,51.14558]]]},"properties":{"postcode":"8490","nl":"Jabbeke","fr":"Jabbeke"}},
{"type":"Feature","geometry":{"type":"Polygon","coordinates":[[[5.22898,50.7178],[5.22432,50.72079],[5.20561,50.7209],[5.19413,50.7165],[5.17993,50.72094],[5.17054,50.71969],[5.18055,50.70467],[5.16531,50.69494],[5.1673,50.69066],[5.18207,50.6901],[5.19356,50.69428],[5.19991,50.68623],[5.21376,50.6836],[5.22584,50.68367],[5.23536,50.69577],[5.23126,50.70076],[5.22898,50.7178]]]},"properties":{"postcode":"4257","nl":"Berloz","fr":"Berloz"}},
{"type":"Feature","geometry":{"type":"Polygon","coordinates":[[[5.45703,49.56698],[5.4833,49.56605],[5.49271,49.57492],[5.49718,49.56778],[5.49916,49.56804],[5.4994,49.56804],[5.50082,49.56799],[5.50245,49.56796],[5.50275,49.56863],[5.50304,49.5693],[5.50369,49.57023],[5.50461,49.56992],[5.50467,49.57006],[5.50773,49.56907],[5.50829,49.56912],[5.50871,49.57],[5.51192,49.56895],[5.51338,49.57814],[5.52825,49.59282],[5.52878,49.60372],[5.5224,49.61595],[5.5305,49.61936],[5.52862,49.62714],[5.52108,49.63364],[5.48244,49.63379],[5.47304,49.63114],[5.45201,49.63266],[5.44867,49.63927],[5.41652,49.62956],[5.416,49.62859],[5.41563,49.62834],[5.41555,49.62825],[5.41544,49.62821],[5.41439,49.62782],[5.41321,49.62747],[5.41284,49.62774],[5.40934,49.62858],[5.4085,49.62903],[5.40772,49.6293],[5.40755,49.62934],[5.40614,49.62935],[5.40567,49.62914],[5.40547,49.62851],[5.40431,49.62698],[5.40399,49.62622],[5.40382,49.62588],[5.40323,49.62525],[5.40266,49.62467],[5.39453,49.62001],[5.39364,49.61933],[5.39353,49.61882],[5.39336,49.61833],[5.39434,49.61677],[5.39807,49.61583],[5.40226,49.6099],[5.41119,49.60827],[5.42338,49.59897],[5.43765,49.56992],[5.45703,49.56698]]]},"properties":{"postcode":"6769","nl":"Meix-devant-Virton","fr":"Meix-devant-Virton"}},
{"type":"Feature","geometry":{"type":"Polygon","coordinates":[[[4.6079,50.40864],[4.61282,50.40048],[4.62805,50.40633],[4.64628,50.41701],[4.66044,50.41684],[4.67013,50.42093],[4.65827,50.44101],[4.64475,50.44892],[4.63326,50.46659],[4.64338,50.47754],[4.62556,50.49264],[4.61296,50.48999],[4.60032,50.48641],[4.59832,50.48586],[4.59213,50.48422],[4.59313,50.48359],[4.59489,50.48247],[4.60071,50.47667],[4.60032,50.47628],[4.59979,50.47581],[4.59886,50.47487],[4.59893,50.47472],[4.59923,50.47459],[4.59964,50.47444],[4.59976,50.47426],[4.59818,50.47237],[4.5978,50.47248],[4.59759,50.47239],[4.59726,50.47177],[4.59675,50.47013],[4.59647,50.46958],[4.59481,50.4675],[4.59453,50.46728],[4.59431,50.46717],[4.59319,50.46637],[4.59006,50.46411],[4.58871,50.46158],[4.588,50.45943],[4.58831,50.45837],[4.58878,50.45779],[4.58887,50.45759],[4.58868,50.45742],[4.58812,50.45701],[4.58777,50.45672],[4.58696,50.45613],[4.58681,50.45588],[4.58637,50.45559],[4.58596,50.45531],[4.58599,50.45525],[4.58587,50.45514],[4.58432,50.45486],[4.58404,50.45486],[4.58388,50.45489],[4.58355,50.4549],[4.58306,50.4549],[4.5825,50.45494],[4.58055,50.4545],[4.57863,50.45462],[4.57316,50.4535],[4.5755,50.4527],[4.57768,50.45175],[4.58407,50.44577],[4.57265,50.44214],[4.57826,50.43837],[4.58402,50.43844],[4.59464,50.42889],[4.61063,50.42189],[4.6079,50.40864]]]},"properties":{"postcode":"5060","nl":"Sambreville","fr":"Sambreville"}},
{"type":"Feature","geometry":{"type":"Polygon","coordinates":[[[3.84356,50.35332],[3.85349,50.35103],[3.86471,50.35357],[3.88254,50.36267],[3.88639,50.36992],[3.89882,50.37943],[3.90177,50.38838],[3.8965,50.39307],[3.92295,50.39588],[3.93741,50.39274],[3.9446,50.40066],[3.94719,50.40308],[3.94924,50.40498],[3.9306,50.41302],[3.93034,50.41311],[3.93018,50.41312],[3.92958,50.41323],[3.92866,50.41348],[3.92785,50.41381],[3.92767,50.41387],[3.9273,50.41386],[3.92691,50.41382],[3.92658,50.41406],[3.92629,50.41424],[3.92606,50.41434],[3.92264,50.41557],[3.91717,50.41709],[3.89927,50.4243],[3.89564,50.41961],[3.89441,50.42002],[3.88874,50.41536],[3.88357,50.42054],[3.87535,50.42078],[3.86934,50.41138],[3.87183,50.40397],[3.86127,50.38525],[3.842,50.38311],[3.83999,50.37641],[3.85238,50.36689],[3.84356,50.35332]]]},"properties":{"postcode":"7080","nl":"Frameries","fr":"Frameries"}},
{"type":"Feature","geometry":{"type":"Polygon","coordinates":[[[4.49419,50.7571],[4.50155,50.7538],[4.4918,50.74324],[4.50925,50.7313],[4.51334,50.7306],[4.51424,50.73012],[4.51428,50.72997],[4.51418,50.72979],[4.51425,50.72973],[4.51483,50.72961],[4.51448,50.72932],[4.51692,50.72907],[4.51713,50.72932],[4.51792,50.72916],[4.51887,50.72883],[4.51901,50.72869],[4.51906,50.72847],[4.51915,50.72837],[4.51933,50.72834],[4.51961,50.72847],[4.51987,50.72864],[4.52012,50.72884],[4.52105,50.72818],[4.52119,50.72803],[4.5213,50.72783],[4.52141,50.72778],[4.52162,50.72779],[4.52183,50.72783],[4.522,50.72797],[4.52234,50.72779],[4.52273,50.72782],[4.52259,50.72809],[4.52307,50.72815],[4.52302,50.72771],[4.52321,50.72752],[4.52332,50.72736],[4.52367,50.72741],[4.52408,50.72733],[4.52452,50.7276],[4.52477,50.72773],[4.52542,50.72823],[4.52643,50.72869],[4.52721,50.72889],[4.52732,50.72894],[4.52828,50.7295],[4.52912,50.72999],[4.53014,50.7306],[4.53108,50.73104],[4.53174,50.73128],[4.53131,50.73164],[4.53088,50.732],[4.5303,50.73241],[4.53146,50.73286],[4.53174,50.73305],[4.53238,50.73365],[4.52496,50.73842],[4.53266,50.73894],[4.54302,50.74241],[4.55635,50.74879],[4.56211,50.74455],[4.56213,50.74463],[4.56229,50.74475],[4.56247,50.74486],[4.56307,50.74496],[4.56292,50.7453],[4.56321,50.74571],[4.5642,50.7463],[4.56373,50.74692],[4.56394,50.7473],[4.5639,50.74747],[4.56383,50.74758],[4.56389,50.74764],[4.56657,50.74866],[4.56819,50.74831],[4.56839,50.74825],[4.56946,50.74779],[4.56936,50.74722],[4.57358,50.7483],[4.58544,50.76018],[4.59212,50.76121],[4.59236,50.76129],[4.59258,50.76159],[4.59267,50.76168],[4.59297,50.76183],[4.59396,50.76254],[4.59721,50.76357],[4.5982,50.76429],[4.59987,50.76409],[4.60513,50.76566],[4.6082,50.77456],[4.59092,50.77436],[4.57599,50.78344],[4.55847,50.78715],[4.5721,50.80086],[4.56763,50.80877],[4.54126,50.80159],[4.5321,50.80258],[4.49228,50.79843],[4.48049,50.79428],[4.47027,50.78976],[4.45164,50.78269],[4.46117,50.77886],[4.48064,50.78036],[4.48683,50.76792],[4.49647,50.76935],[4.51152,50.76671],[4.50832,50.76109],[4.49419,50.7571]]]},"properties":{"postcode":"3090","nl":"Overijse","fr":"Overijse"}},
{"type":"Feature","geometry":{"type":"Polygon","coordinates":[[[4.40081,50.79636],[4.39705,50.7882],[4.41261,50.77232],[4.4168,50.77337],[4.43459,50.77648],[4.45164,50.78269],[4.47027,50.78976],[4.45532,50.79197],[4.42923,50.80389],[4.42847,50.81001],[4.41437,50.81322],[4.40636,50.81238],[4.40632,50.81502],[4.40362,50.81485],[4.4013,50.81406],[4.39964,50.81395],[4.3988,50.81364],[4.39841,50.81347],[4.39804,50.81329],[4.39609,50.81297],[4.39458,50.81262],[4.39227,50.81208],[4.39737,50.80823],[4.39638,50.80347],[4.39649,50.80297],[4.39674,50.80267],[4.3969,50.80232],[4.39693,50.80213],[4.39701,50.8019],[4.3969,50.80175],[4.39706,50.80143],[4.39724,50.8012],[4.39771,50.8009],[4.39985,50.79888],[4.40104,50.79747],[4.40081,50.79636]]]},"properties":{"postcode":"1170","nl":"Watermaal-Bosvoorde","fr":"Watermael-Boitsfort"}},
{"type":"Feature","geometry":{"type":"Polygon","coordinates":[[[5.50094,49.73439],[5.5102,49.74331],[5.53776,49.74551],[5.54586,49.74309],[5.55342,49.75519],[5.56652,49.7645],[5.56473,49.7754],[5.58888,49.77451],[5.59386,49.77122],[5.60887,49.77429],[5.61839,49.78045],[5.61879,49.78002],[5.61941,49.77932],[5.62073,49.78008],[5.62113,49.77965],[5.62173,49.77987],[5.62238,49.77999],[5.62403,49.77854],[5.62432,49.77806],[5.62368,49.7773],[5.62402,49.77718],[5.62465,49.77762],[5.62554,49.77676],[5.62728,49.7761],[5.62756,49.77624],[5.62984,49.77659],[5.62971,49.77798],[5.63037,49.77693],[5.63071,49.77677],[5.63164,49.77574],[5.63167,49.77513],[5.63147,49.77491],[5.63147,49.77452],[5.63113,49.77369],[5.63149,49.77287],[5.63835,49.77398],[5.64451,49.76882],[5.64814,49.76734],[5.65008,49.76849],[5.65095,49.76928],[5.65172,49.76996],[5.65175,49.76999],[5.65188,49.77053],[5.65136,49.77251],[5.65235,49.77405],[5.65355,49.77405],[5.65462,49.77436],[5.65453,49.77525],[5.65366,49.77581],[5.65357,49.77594],[5.65348,49.77621],[5.65403,49.77723],[5.65445,49.7778],[5.661,49.7797],[5.6649,49.7813],[5.66689,49.78095],[5.6675,49.78136],[5.66692,49.78212],[5.67198,49.78287],[5.67514,49.7827],[5.67735,49.7826],[5.68019,49.78399],[5.68039,49.784],[5.68476,49.78245],[5.68588,49.78328],[5.68595,49.78335],[5.70537,49.811],[5.70054,49.82048],[5.69596,49.82713],[5.66314,49.83164],[5.63398,49.83178],[5.63733,49.86622],[5.63544,49.8764],[5.65659,49.90039],[5.62676,49.89265],[5.58412,49.87595],[5.57524,49.86818],[5.55445,49.87078],[5.54459,49.86696],[5.52934,49.87011],[5.52134,49.86397],[5.50425,49.85847],[5.50699,49.84631],[5.51941,49.84069],[5.51996,49.83366],[5.50874,49.81427],[5.49694,49.81883],[5.48325,49.81903],[5.4721,49.81411],[5.45664,49.81238],[5.44258,49.8041],[5.44107,49.79887],[5.41158,49.79036],[5.41276,49.78642],[5.41694,49.78549],[5.41747,49.78519],[5.41835,49.78471],[5.42052,49.78386],[5.42205,49.78363],[5.42265,49.78366],[5.4227,49.78368],[5.42383,49.78376],[5.42429,49.78375],[5.42538,49.78342],[5.42654,49.78278],[5.42692,49.78238],[5.42715,49.78227],[5.42736,49.78222],[5.42795,49.7824],[5.42797,49.78243],[5.42842,49.78255],[5.42883,49.78271],[5.43098,49.78303],[5.43997,49.78327],[5.44799,49.78141],[5.44946,49.77406],[5.46819,49.7567],[5.47815,49.75197],[5.48281,49.7436],[5.50094,49.73439]]]},"properties":{"postcode":"6860","nl":"Léglise","fr":"Léglise"}},
{"type":"Feature","geometry":{"type":"Polygon","coordinates":[[[4.99052,50.01626],[4.99425,50.00742],[5.00977,49.99715],[5.00717,49.98297],[5.01915,49.97766],[5.03083,49.97846],[5.06036,49.98442],[5.06773,49.9734],[5.09178,49.96136],[5.09967,49.96152],[5.10076,49.9684],[5.10289,49.96992],[5.10485,49.96962],[5.10722,49.97046],[5.10883,49.97082],[5.10901,49.97085],[5.10905,49.97074],[5.10919,49.97075],[5.1092,49.97085],[5.10943,49.97086],[5.10948,49.9709],[5.10963,49.97085],[5.11136,49.97179],[5.11183,49.97334],[5.10798,49.978],[5.12171,49.98254],[5.12234,49.98198],[5.12285,49.98214],[5.1231,49.98188],[5.12375,49.9817],[5.12587,49.97972],[5.13328,49.97982],[5.13506,49.98992],[5.13447,50.00043],[5.12471,50.00841],[5.14043,50.02158],[5.15169,50.02252],[5.15206,50.02856],[5.13783,50.03869],[5.12751,50.04031],[5.12697,50.04016],[5.12596,50.03975],[5.12527,50.03893],[5.1253,50.03853],[5.1256,50.03777],[5.12579,50.03765],[5.12593,50.03675],[5.12576,50.03599],[5.12675,50.03325],[5.12583,50.0315],[5.11018,50.02471],[5.10166,50.02332],[5.09649,50.02424],[5.0956,50.024],[5.09544,50.02404],[5.09484,50.0241],[5.09446,50.02409],[5.09388,50.02387],[5.0931,50.02349],[5.09158,50.02308],[5.09088,50.02313],[5.09054,50.02311],[5.09022,50.02307],[5.08595,50.01964],[5.08591,50.01927],[5.08619,50.01879],[5.08633,50.01851],[5.08644,50.01804],[5.08656,50.01798],[5.08675,50.01733],[5.08636,50.01636],[5.08373,50.01599],[5.0807,50.01752],[5.07609,50.01768],[5.07357,50.01809],[5.07337,50.01807],[5.07309,50.01821],[5.07246,50.01824],[5.06972,50.01956],[5.06407,50.0205],[5.06288,50.02063],[5.06253,50.02064],[5.0622,50.02067],[5.06189,50.0208],[5.06178,50.02082],[5.06124,50.02058],[5.06096,50.02054],[5.05855,50.02093],[5.05672,50.02111],[5.05623,50.02103],[5.056,50.02107],[5.05524,50.0213],[5.05047,50.02597],[5.03673,50.02711],[5.03382,50.02973],[5.03237,50.03001],[5.03164,50.03],[5.03024,50.03001],[5.0269,50.03049],[5.01988,50.03291],[5.01804,50.0351],[5.01398,50.03629],[5.0132,50.03664],[5.0122,50.03736],[5.01165,50.03771],[5.01098,50.03798],[5.00982,50.03827],[5.00806,50.03897],[5.00739,50.03928],[5.00662,50.0397],[5.00099,50.04443],[4.99517,50.04343],[4.99331,50.03635],[4.99381,50.0347],[4.99371,50.03422],[4.99417,50.03285],[4.99415,50.03272],[4.99421,50.03257],[4.99378,50.03159],[4.99315,50.03146],[4.99293,50.0314],[4.9929,50.03135],[4.99262,50.03122],[4.99233,50.03115],[4.98818,50.02721],[4.98288,50.03006],[4.97925,50.03075],[4.97896,50.03076],[4.97838,50.03072],[4.97303,50.02889],[4.99052,50.01626]]]},"properties":{"postcode":"6929","nl":"Daverdisse","fr":"Daverdisse"}},
{"type":"Feature","geometry":{"type":"Polygon","coordinates":[[[4.47069,51.07305],[4.47515,51.0737],[4.47995,51.07677],[4.48031,51.07654],[4.48088,51.07631],[4.481,51.07628],[4.48161,51.07589],[4.4832,51.07542],[4.48756,51.07255],[4.49989,51.07575],[4.51508,51.08434],[4.51541,51.08435],[4.51809,51.08427],[4.51877,51.08436],[4.51861,51.08506],[4.51855,51.08516],[4.51813,51.08579],[4.51986,51.08639],[4.52005,51.08667],[4.52088,51.08645],[4.52128,51.08628],[4.52437,51.08667],[4.52546,51.08792],[4.52639,51.08809],[4.52722,51.08834],[4.53018,51.08875],[4.53524,51.08887],[4.53526,51.08973],[4.53665,51.08853],[4.53935,51.08663],[4.54428,51.0839],[4.54769,51.08169],[4.54784,51.08154],[4.54845,51.08074],[4.54857,51.08069],[4.54889,51.08091],[4.54976,51.08152],[4.55039,51.08202],[4.55084,51.0823],[4.5536,51.08363],[4.55156,51.08827],[4.57273,51.08562],[4.57333,51.09269],[4.56538,51.0972],[4.56955,51.10556],[4.5469,51.11356],[4.52506,51.10811],[4.52354,51.10148],[4.50982,51.10099],[4.50707,51.11674],[4.48652,51.11564],[4.47872,51.1136],[4.47282,51.10276],[4.47417,51.0967],[4.46543,51.09302],[4.4707,51.08442],[4.46493,51.07982],[4.46813,51.07777],[4.4706,51.07416],[4.47027,51.07364],[4.47037,51.07341],[4.47069,51.07305]]]},"properties":{"postcode":"2570","nl":"Duffel","fr":"Duffel"}},
{"type":"Feature","geometry":{"type":"Polygon","coordinates":[[[4.42413,50.73587],[4.43829,50.74159],[4.4636,50.75512],[4.4711,50.75171],[4.48549,50.75182],[4.49419,50.7571],[4.50832,50.76109],[4.51152,50.76671],[4.49647,50.76935],[4.48683,50.76792],[4.48064,50.78036],[4.46117,50.77886],[4.45164,50.78269],[4.43459,50.77648],[4.4168,50.77337],[4.42398,50.76493],[4.40507,50.75879],[4.41425,50.73513],[4.42413,50.73587]]]},"properties":{"postcode":"1560","nl":"Hoeilaart","fr":"Hoeilaart"}},
{"type":"Feature","geometry":{"type":"Polygon","coordinates":[[[4.75668,50.34351],[4.73694,50.3309],[4.73257,50.31931],[4.72642,50.315],[4.72739,50.31307],[4.7284,50.30982],[4.72859,50.30833],[4.72794,50.30822],[4.72823,50.30684],[4.7289,50.30739],[4.72972,50.30634],[4.73171,50.30587],[4.73212,50.30581],[4.73244,50.30581],[4.73413,50.30585],[4.73482,50.30588],[4.7378,50.30647],[4.73785,50.30603],[4.73794,50.30559],[4.73812,50.30499],[4.73824,50.30381],[4.73832,50.3033],[4.73833,50.30289],[4.73464,50.29751],[4.73524,50.29474],[4.73211,50.29386],[4.73253,50.29302],[4.7329,50.29238],[4.73398,50.29093],[4.73406,50.29054],[4.73416,50.28917],[4.73427,50.28878],[4.73436,50.28866],[4.73452,50.28852],[4.73877,50.2875],[4.73893,50.28723],[4.73921,50.28682],[4.74006,50.28543],[4.7408,50.28431],[4.74296,50.28027],[4.75117,50.28148],[4.75402,50.28188],[4.75541,50.28207],[4.75754,50.28237],[4.76262,50.28307],[4.76165,50.28651],[4.76067,50.28963],[4.76044,50.29046],[4.76029,50.29086],[4.76012,50.29144],[4.76199,50.29291],[4.7663,50.29372],[4.76744,50.29363],[4.76829,50.29377],[4.7688,50.29378],[4.77636,50.29266],[4.77982,50.29048],[4.77895,50.28713],[4.77958,50.28725],[4.78071,50.28746],[4.78399,50.28807],[4.80453,50.3031],[4.81436,50.29787],[4.81425,50.29704],[4.81447,50.29674],[4.81498,50.29643],[4.81558,50.29602],[4.81541,50.29556],[4.81481,50.29539],[4.81464,50.29531],[4.81485,50.29423],[4.81646,50.29281],[4.81853,50.29197],[4.81948,50.29222],[4.81963,50.29226],[4.81991,50.29226],[4.82549,50.28492],[4.83173,50.28476],[4.83236,50.28499],[4.83283,50.28531],[4.83398,50.28582],[4.83335,50.28731],[4.83444,50.28789],[4.8334,50.28849],[4.83402,50.28878],[4.83459,50.28907],[4.83441,50.28993],[4.8356,50.29045],[4.83441,50.29208],[4.83368,50.29213],[4.83305,50.29208],[4.83164,50.29194],[4.8326,50.29291],[4.83483,50.29389],[4.83689,50.29507],[4.83728,50.29478],[4.83883,50.29974],[4.83981,50.29838],[4.84187,50.2955],[4.84226,50.29496],[4.85357,50.29785],[4.85469,50.29763],[4.85485,50.29763],[4.85524,50.29771],[4.85589,50.29768],[4.85701,50.29784],[4.85888,50.29693],[4.86036,50.28527],[4.86619,50.28183],[4.87677,50.28362],[4.87963,50.28455],[4.88394,50.28594],[4.8839,50.28663],[4.88508,50.28719],[4.88434,50.28763],[4.8815,50.28841],[4.88557,50.29019],[4.883,50.29221],[4.89563,50.29403],[4.89462,50.30452],[4.87743,50.31574],[4.8714,50.33689],[4.85459,50.34614],[4.862,50.35103],[4.85024,50.35168],[4.84373,50.35935],[4.83226,50.36125],[4.81636,50.35331],[4.79054,50.35646],[4.79342,50.34275],[4.75668,50.34351]]]},"properties":{"postcode":"5537","nl":"Anhée","fr":"Anhée"}},
{"type":"Feature","geometry":{"type":"Polygon","coordinates":[[[5.55296,50.76401],[5.541,50.75829],[5.52235,50.75847],[5.51928,50.74722],[5.53732,50.7305],[5.5497,50.73705],[5.55285,50.74447],[5.5715,50.74938],[5.57747,50.73673],[5.59314,50.73403],[5.59919,50.74995],[5.60942,50.75141],[5.628,50.7443],[5.64484,50.74862],[5.64568,50.7502],[5.6479,50.75118],[5.64826,50.7513],[5.64862,50.75148],[5.64977,50.75232],[5.64958,50.75253],[5.64894,50.75304],[5.64803,50.75386],[5.65281,50.75707],[5.65869,50.76662],[5.6668,50.76992],[5.68356,50.7937],[5.68719,50.8041],[5.68028,50.80639],[5.65319,50.80544],[5.64624,50.79303],[5.62681,50.7823],[5.61572,50.78423],[5.60265,50.77672],[5.5848,50.77102],[5.57341,50.77093],[5.56897,50.76424],[5.55296,50.76401]]]},"properties":{"postcode":"4690","nl":"Bitsingen","fr":"Bassenge"}},
{"type":"Feature","geometry":{"type":"Polygon","coordinates":[[[5.42193,50.43061],[5.43383,50.4239],[5.45564,50.41562],[5.4563,50.40976],[5.46895,50.40959],[5.4766,50.41416],[5.49634,50.41966],[5.50153,50.42358],[5.5127,50.4252],[5.51053,50.42763],[5.51083,50.42801],[5.51107,50.42842],[5.51114,50.4286],[5.51076,50.42932],[5.5103,50.42973],[5.50892,50.43063],[5.50837,50.43247],[5.50795,50.43289],[5.50782,50.43343],[5.50783,50.43351],[5.50829,50.43373],[5.51093,50.43436],[5.51307,50.43535],[5.51697,50.43773],[5.52772,50.43779],[5.52986,50.43877],[5.53299,50.4393],[5.53314,50.43945],[5.53267,50.43976],[5.53232,50.44011],[5.53232,50.44023],[5.53688,50.4465],[5.52275,50.455],[5.51173,50.45083],[5.50472,50.46052],[5.49998,50.4621],[5.4966,50.46192],[5.49267,50.46154],[5.48555,50.46788],[5.48328,50.46707],[5.48085,50.46622],[5.47783,50.46549],[5.47377,50.46541],[5.46382,50.46821],[5.45925,50.48139],[5.4406,50.48128],[5.42854,50.47122],[5.42728,50.46106],[5.41663,50.45672],[5.41347,50.44983],[5.39646,50.45069],[5.38426,50.44664],[5.42011,50.44005],[5.42193,50.43061]]]},"properties":{"postcode":"4590","nl":"Ouffet","fr":"Ouffet"}},
{"type":"Feature","geometry":{"type":"Polygon","coordinates":[[[4.04277,50.34009],[4.054,50.33933],[4.05506,50.33253],[4.06544,50.33031],[4.07827,50.32067],[4.08068,50.30909],[4.09718,50.31351],[4.10971,50.30185],[4.12273,50.29799],[4.12568,50.28839],[4.12438,50.27363],[4.13631,50.2746],[4.13706,50.25682],[4.16358,50.25741],[4.16872,50.26654],[4.15031,50.27415],[4.15621,50.28518],[4.16262,50.28895],[4.17636,50.28444],[4.1789,50.27518],[4.19476,50.27328],[4.21999,50.2812],[4.20887,50.28772],[4.19949,50.30054],[4.19683,50.31135],[4.18577,50.30977],[4.16338,50.32277],[4.15115,50.32075],[4.13256,50.33055],[4.09188,50.3321],[4.07104,50.34969],[4.05064,50.34627],[4.04277,50.34009]]]},"properties":{"postcode":"6560","nl":"Erquelinnes","fr":"Erquelinnes"}},
{"type":"Feature","geometry":{"type":"Polygon","coordinates":[[[4.74214,51.24501],[4.73261,51.2408],[4.73173,51.23602],[4.73094,51.23395],[4.73054,51.23337],[4.73031,51.23317],[4.73008,51.23285],[4.72997,51.23211],[4.72786,51.23077],[4.72692,51.22985],[4.72661,51.22948],[4.72635,51.22912],[4.72855,51.22173],[4.73241,51.21964],[4.73162,51.21787],[4.73094,51.21643],[4.73056,51.21568],[4.73379,51.21625],[4.73906,51.21076],[4.74061,51.21065],[4.74216,51.21103],[4.74659,51.20479],[4.74706,51.20438],[4.74711,51.20441],[4.74876,51.20307],[4.75059,51.2017],[4.75232,51.20115],[4.75358,51.20126],[4.75395,51.19952],[4.7558,51.19979],[4.7558,51.19978],[4.75766,51.20005],[4.75936,51.20009],[4.76001,51.19908],[4.76713,51.19832],[4.76647,51.19818],[4.76586,51.1979],[4.76527,51.19722],[4.76333,51.19657],[4.76241,51.19599],[4.76213,51.19545],[4.76203,51.1953],[4.77295,51.18734],[4.77306,51.18724],[4.77308,51.18711],[4.77321,51.18691],[4.77209,51.18662],[4.77303,51.18624],[4.7801,51.18627],[4.78468,51.18363],[4.78462,51.18376],[4.78444,51.184],[4.78483,51.18424],[4.78715,51.18443],[4.78932,51.18292],[4.80021,51.18702],[4.7896,51.19895],[4.7938,51.20113],[4.8326,51.20706],[4.83256,51.21556],[4.8212,51.21709],[4.80191,51.21489],[4.79941,51.22918],[4.77898,51.24361],[4.76131,51.2512],[4.74889,51.24325],[4.74267,51.24527],[4.74214,51.24501]]]},"properties":{"postcode":"2290","nl":"Vorselaar","fr":"Vorselaar"}},
{"type":"Feature","geometry":{"type":"Polygon","coordinates":[[[4.94156,51.08981],[4.96734,51.091],[4.9766,51.09694],[4.99081,51.10042],[4.99796,51.11019],[5.01169,51.11446],[5.02809,51.11597],[5.0223,51.13896],[5.0112,51.1455],[5.03121,51.14902],[5.0568,51.14681],[5.06221,51.14373],[5.07668,51.15348],[5.07475,51.17148],[5.05303,51.17422],[5.04134,51.18546],[5.03536,51.19828],[5.04213,51.21847],[5.02355,51.22316],[5.02928,51.24197],[5.02262,51.24197],[4.97802,51.22495],[4.97292,51.21851],[4.95514,51.21527],[4.91023,51.19901],[4.89468,51.19684],[4.90846,51.18505],[4.92669,51.15928],[4.92499,51.14914],[4.90415,51.14708],[4.94743,51.13478],[4.93837,51.12734],[4.93963,51.1172],[4.94722,51.10867],[4.93074,51.10186],[4.93842,51.09125],[4.94156,51.08981]]]},"properties":{"postcode":"2440","nl":"Geel","fr":"Geel"}},
{"type":"Feature","geometry":{"type":"Polygon","coordinates":[[[4.19721,51.05773],[4.20118,51.06026],[4.2234,51.06041],[4.23425,51.07146],[4.24994,51.07835],[4.25163,51.07781],[4.25196,51.07765],[4.25229,51.07745],[4.25269,51.0771],[4.25444,51.07666],[4.25468,51.07663],[4.25493,51.07664],[4.25587,51.0768],[4.25665,51.07713],[4.25742,51.07731],[4.25917,51.07743],[4.26129,51.07937],[4.25908,51.08105],[4.26238,51.08234],[4.26339,51.08053],[4.26359,51.08047],[4.26424,51.0804],[4.26514,51.08048],[4.26632,51.08028],[4.27753,51.08249],[4.29521,51.08281],[4.2985,51.08372],[4.29856,51.08477],[4.29975,51.08519],[4.30015,51.08568],[4.30004,51.08611],[4.30003,51.08636],[4.30043,51.08662],[4.30721,51.08802],[4.31671,51.09587],[4.32786,51.10156],[4.31084,51.10517],[4.31213,51.11525],[4.30683,51.1248],[4.28592,51.12375],[4.26055,51.11706],[4.2435,51.11509],[4.22494,51.12073],[4.21324,51.12174],[4.18964,51.10607],[4.17578,51.10117],[4.17264,51.09],[4.1875,51.08331],[4.18946,51.07687],[4.18611,51.06236],[4.19721,51.05773]]]},"properties":{"postcode":"2880","nl":"Bornem","fr":"Bornem"}},
{"type":"Feature","geometry":{"type":"Polygon","coordinates":[[[4.49556,51.21634],[4.49434,51.21561],[4.49359,51.21554],[4.4928,51.21558],[4.49239,51.21558],[4.49164,51.21551],[4.48473,51.2129],[4.48309,51.21033],[4.4855,51.20673],[4.48545,51.20656],[4.48518,51.20634],[4.48499,51.20635],[4.48481,51.20629],[4.48484,51.20617],[4.48471,51.20605],[4.48486,51.20598],[4.4846,51.20579],[4.48395,51.20449],[4.48591,51.20205],[4.49984,51.1959],[4.49983,51.19525],[4.49972,51.19179],[4.50213,51.18875],[4.50907,51.19012],[4.52276,51.18857],[4.52659,51.19045],[4.52877,51.1905],[4.52898,51.19044],[4.52975,51.19016],[4.53008,51.19004],[4.53133,51.1906],[4.53343,51.19154],[4.53567,51.19254],[4.53842,51.19387],[4.54379,51.20183],[4.54085,51.20918],[4.55201,51.21018],[4.55011,51.21703],[4.56228,51.22135],[4.54613,51.22003],[4.51991,51.22259],[4.49556,51.21634]]]},"properties":{"postcode":"2160","nl":"Wommelgem","fr":"Wommelgem"}},
{"type":"Feature","geometry":{"type":"Polygon","coordinates":[[[3.24045,50.89938],[3.26729,50.897],[3.26758,50.89701],[3.26806,50.89707],[3.26902,50.89714],[3.2733,50.89838],[3.27729,50.90017],[3.2802,50.90211],[3.27996,50.9024],[3.28169,50.9031],[3.28687,50.90428],[3.28765,50.91525],[3.28972,50.91649],[3.29672,50.91826],[3.29701,50.91882],[3.29749,50.91912],[3.29491,50.9209],[3.29325,50.92111],[3.2925,50.9212],[3.292,50.92123],[3.29053,50.92111],[3.28712,50.92204],[3.28073,50.92625],[3.28126,50.92744],[3.28135,50.92747],[3.28172,50.9275],[3.28261,50.92777],[3.2823,50.92853],[3.28222,50.92866],[3.28229,50.92909],[3.28224,50.9293],[3.28225,50.92937],[3.28248,50.92964],[3.28252,50.92976],[3.28057,50.93149],[3.281,50.93318],[3.2796,50.93339],[3.27934,50.93375],[3.27807,50.93353],[3.27852,50.93664],[3.27887,50.93708],[3.27911,50.93747],[3.27731,50.94057],[3.26748,50.9417],[3.26629,50.9438],[3.26669,50.94469],[3.26551,50.94518],[3.26496,50.94547],[3.26478,50.94553],[3.25862,50.94179],[3.25835,50.94187],[3.25798,50.94176],[3.25757,50.94158],[3.2572,50.94192],[3.25515,50.94153],[3.25236,50.94294],[3.25229,50.94305],[3.2524,50.94312],[3.25205,50.94398],[3.25152,50.94417],[3.24916,50.94629],[3.24856,50.94617],[3.24771,50.94609],[3.24748,50.94725],[3.23056,50.94514],[3.23844,50.93305],[3.23681,50.91946],[3.24402,50.90956],[3.24045,50.89938]]]},"properties":{"postcode":"8770","nl":"Ingelmunster","fr":"Ingelmunster"}},
{"type":"Feature","geometry":{"type":"Polygon","coordinates":[[[3.1579,51.06849],[3.16296,51.06526],[3.18541,51.05815],[3.20142,51.06699],[3.20427,51.06353],[3.21479,51.06593],[3.22349,51.06589],[3.22414,51.06439],[3.22716,51.06453],[3.22944,51.06464],[3.23187,51.06476],[3.23228,51.06546],[3.2325,51.06562],[3.23294,51.06608],[3.23329,51.06642],[3.23386,51.06709],[3.23435,51.06798],[3.23457,51.0684],[3.23465,51.06859],[3.23543,51.06959],[3.23445,51.07861],[3.26123,51.09123],[3.25967,51.09428],[3.2632,51.09523],[3.26466,51.09641],[3.26583,51.097],[3.26615,51.09725],[3.26625,51.09756],[3.26631,51.09789],[3.26652,51.09769],[3.26934,51.0954],[3.27034,51.09459],[3.27088,51.09426],[3.27541,51.09254],[3.28329,51.09745],[3.2913,51.09694],[3.2913,51.09768],[3.29324,51.09775],[3.29863,51.09793],[3.29995,51.09797],[3.30023,51.09792],[3.30043,51.09786],[3.30062,51.09777],[3.30189,51.097],[3.30212,51.09935],[3.30219,51.09996],[3.30223,51.10071],[3.29822,51.10244],[3.29461,51.10649],[3.28607,51.10861],[3.28364,51.12301],[3.27394,51.12712],[3.29559,51.15968],[3.27286,51.17946],[3.26775,51.18646],[3.24339,51.18238],[3.22864,51.17663],[3.217,51.16756],[3.21002,51.15288],[3.19319,51.13376],[3.17825,51.11265],[3.17831,51.10037],[3.1557,51.08409],[3.15038,51.08012],[3.1579,51.06849]]]},"properties":{"postcode":"8020","nl":"Oostkamp","fr":"Oostkamp"}},
{"type":"Feature","geometry":{"type":"Polygon","coordinates":[[[5.39676,50.69205],[5.38211,50.66662],[5.34841,50.67163],[5.35315,50.66685],[5.37581,50.65541],[5.37367,50.6464],[5.38923,50.63918],[5.40879,50.64213],[5.42368,50.64932],[5.43561,50.65159],[5.44036,50.66078],[5.43642,50.66964],[5.42071,50.67875],[5.42735,50.68508],[5.39676,50.69205]]]},"properties":{"postcode":"4347","nl":"Fexhe-le-Haut-Clocher","fr":"Fexhe-le-Haut-Clocher"}},
{"type":"Feature","geometry":{"type":"Polygon","coordinates":[[[5.31816,49.8835],[5.32491,49.8874],[5.34148,49.88772],[5.36331,49.87515],[5.37616,49.87657],[5.39743,49.88736],[5.41601,49.89235],[5.42811,49.89274],[5.43871,49.90085],[5.4643,49.89755],[5.47866,49.90236],[5.49515,49.90303],[5.52798,49.93118],[5.52432,49.94009],[5.53199,49.94536],[5.54928,49.9488],[5.55289,49.95346],[5.54247,49.96225],[5.54929,49.96635],[5.5345,49.96623],[5.52985,49.96871],[5.53051,49.9771],[5.5294,49.97844],[5.52901,49.9792],[5.52882,49.97974],[5.52835,49.98029],[5.5282,49.98039],[5.52751,49.98101],[5.52718,49.98145],[5.52707,49.98181],[5.52682,49.98235],[5.52674,49.98257],[5.52624,49.98322],[5.52026,49.98795],[5.49058,50.00207],[5.49098,50.00289],[5.49064,50.00311],[5.49046,50.00331],[5.49028,50.00341],[5.48999,50.00344],[5.4899,50.00378],[5.4894,50.00401],[5.48913,50.00921],[5.4871,50.01309],[5.49525,50.02186],[5.48428,50.0241],[5.47672,50.02327],[5.46825,50.02418],[5.46671,50.02451],[5.46566,50.02483],[5.46507,50.02498],[5.46476,50.02503],[5.4646,50.02509],[5.46034,50.02518],[5.46024,50.02489],[5.46005,50.02425],[5.45984,50.0237],[5.45974,50.02259],[5.46011,50.0219],[5.44328,50.01977],[5.4343,50.00294],[5.40923,49.99034],[5.39411,49.99395],[5.37891,49.99364],[5.36905,49.99915],[5.34446,49.98281],[5.32339,49.97975],[5.3299,49.96421],[5.32292,49.95446],[5.32645,49.94831],[5.32527,49.93347],[5.32984,49.92596],[5.32587,49.91629],[5.31751,49.91264],[5.29836,49.91324],[5.29151,49.90747],[5.3056,49.88662],[5.31816,49.8835]]]},"properties":{"postcode":"6800","nl":"Libramont-Chevigny","fr":"Libramont-Chevigny"}},
{"type":"Feature","geometry":{"type":"Polygon","coordinates":[[[4.27261,50.97401],[4.27339,50.97733],[4.27084,50.98245],[4.27689,50.98055],[4.28307,50.98107],[4.28707,50.98382],[4.28743,50.984],[4.28829,50.98436],[4.2891,50.98475],[4.29068,50.98672],[4.29166,50.98707],[4.29194,50.98721],[4.29334,50.98802],[4.29525,50.98868],[4.29771,50.99024],[4.29878,50.98984],[4.30369,50.9909],[4.30535,50.99113],[4.30731,50.9909],[4.30708,50.99097],[4.31294,50.99483],[4.31667,50.99823],[4.31942,51.00184],[4.31949,51.00217],[4.31953,51.00256],[4.31956,51.00266],[4.3213,51.00438],[4.33344,51.00098],[4.32743,51.01513],[4.3195,51.02008],[4.32285,51.02671],[4.30946,51.03645],[4.26854,51.04231],[4.26552,51.03754],[4.24976,51.03442],[4.24097,51.03682],[4.23611,51.01797],[4.22118,51.01416],[4.23295,51.00789],[4.22904,50.99853],[4.25502,50.97562],[4.25927,50.97651],[4.26576,50.9747],[4.26753,50.97535],[4.27065,50.97412],[4.27261,50.97401]]]},"properties":{"postcode":"1840","nl":"Londerzeel","fr":"Londerzeel"}},
{"type":"Feature","geometry":{"type":"Polygon","coordinates":[[[5.3656,49.82619],[5.35572,49.81647],[5.34483,49.82482],[5.32638,49.83154],[5.30349,49.82313],[5.29712,49.81561],[5.28134,49.81243],[5.24476,49.80989],[5.22182,49.80028],[5.22335,49.79343],[5.23308,49.78024],[5.22221,49.77164],[5.24688,49.7684],[5.26813,49.7599],[5.26932,49.75988],[5.26957,49.75979],[5.26971,49.75978],[5.26976,49.75968],[5.27063,49.75965],[5.27096,49.75973],[5.27115,49.75979],[5.27241,49.7599],[5.27274,49.7598],[5.2746,49.7596],[5.27481,49.75955],[5.29718,49.7805],[5.30759,49.77781],[5.31853,49.77912],[5.32569,49.7812],[5.33926,49.77661],[5.36289,49.77521],[5.39309,49.7772],[5.39099,49.78055],[5.39641,49.79402],[5.39311,49.80734],[5.37264,49.81815],[5.3656,49.82619]]]},"properties":{"postcode":"6887","nl":"Herbeumont","fr":"Herbeumont"}},
{"type":"Feature","geometry":{"type":"Polygon","coordinates":[[[3.75567,50.91381],[3.76612,50.91848],[3.78099,50.90873],[3.78465,50.90216],[3.79627,50.90113],[3.80652,50.89474],[3.81743,50.8994],[3.82021,50.90974],[3.82896,50.91287],[3.82343,50.91671],[3.82394,50.91735],[3.82425,50.9178],[3.82391,50.91797],[3.82446,50.91842],[3.8245,50.91839],[3.82507,50.91902],[3.82567,50.92],[3.82573,50.92045],[3.82588,50.92076],[3.82608,50.92135],[3.82633,50.92161],[3.82691,50.92195],[3.82696,50.92192],[3.8278,50.92232],[3.82757,50.92252],[3.82762,50.92261],[3.82818,50.92297],[3.82879,50.92325],[3.82897,50.92332],[3.82938,50.92351],[3.82963,50.92359],[3.83047,50.92427],[3.83054,50.92437],[3.83062,50.92461],[3.83085,50.92484],[3.83108,50.92489],[3.83153,50.92521],[3.83166,50.92525],[3.8318,50.92537],[3.8319,50.92539],[3.83206,50.92551],[3.83104,50.92631],[3.8295,50.92702],[3.82841,50.929],[3.82824,50.92958],[3.8278,50.93103],[3.82742,50.93227],[3.83276,50.93499],[3.83292,50.93506],[3.83371,50.93531],[3.83478,50.93558],[3.83904,50.93649],[3.84448,50.93722],[3.8504,50.93965],[3.84439,50.94883],[3.84763,50.95276],[3.85093,50.96301],[3.82738,50.97485],[3.8271,50.97481],[3.8268,50.97491],[3.82642,50.97506],[3.82596,50.97505],[3.82514,50.97486],[3.82435,50.97463],[3.82372,50.97448],[3.82341,50.97437],[3.8231,50.97465],[3.82293,50.97476],[3.82203,50.9752],[3.82159,50.97569],[3.81888,50.97446],[3.81608,50.97446],[3.814,50.97421],[3.81167,50.97409],[3.8079,50.97136],[3.80551,50.97389],[3.78869,50.97484],[3.75636,50.95466],[3.76456,50.94645],[3.75315,50.94105],[3.74939,50.93452],[3.734,50.92378],[3.73318,50.91425],[3.74598,50.91713],[3.75567,50.91381]]]},"properties":{"postcode":"9860","nl":"Oosterzele","fr":"Oosterzele"}},
{"type":"Feature","geometry":{"type":"Polygon","coordinates":[[[4.41198,50.67993],[4.40628,50.67382],[4.40229,50.67357],[4.3972,50.67164],[4.39764,50.67107],[4.39513,50.67025],[4.39497,50.67043],[4.39467,50.67033],[4.39588,50.66103],[4.39782,50.65971],[4.40079,50.65816],[4.40429,50.65619],[4.40493,50.65465],[4.40178,50.6522],[4.40324,50.65035],[4.40223,50.65006],[4.40332,50.64838],[4.399,50.64518],[4.40079,50.64398],[4.40145,50.64428],[4.40179,50.64446],[4.40308,50.64525],[4.4079,50.64772],[4.40901,50.64945],[4.41125,50.65],[4.41268,50.6504],[4.41351,50.65067],[4.41449,50.65093],[4.41468,50.65099],[4.41503,50.65114],[4.41535,50.65132],[4.41596,50.65159],[4.41651,50.65208],[4.41866,50.65141],[4.42253,50.65148],[4.42429,50.65269],[4.42601,50.65305],[4.42693,50.65334],[4.42773,50.65355],[4.4294,50.65412],[4.43212,50.65531],[4.43861,50.6586],[4.43891,50.65658],[4.43912,50.65646],[4.44032,50.65429],[4.44013,50.65404],[4.43897,50.65255],[4.44068,50.65079],[4.45464,50.64803],[4.46332,50.64443],[4.46758,50.64511],[4.46881,50.64564],[4.47231,50.64748],[4.47408,50.64826],[4.47526,50.64922],[4.47653,50.65008],[4.47725,50.65055],[4.47842,50.65133],[4.48074,50.65236],[4.49423,50.65655],[4.49205,50.66257],[4.50753,50.67336],[4.51154,50.6741],[4.51239,50.67447],[4.51359,50.67498],[4.51526,50.6757],[4.51545,50.67693],[4.51188,50.67773],[4.51167,50.67784],[4.51366,50.6815],[4.51436,50.68206],[4.5149,50.68247],[4.51535,50.68284],[4.51623,50.68383],[4.51763,50.68633],[4.52179,50.68488],[4.52548,50.6848],[4.52596,50.68551],[4.52465,50.68588],[4.52289,50.68658],[4.52297,50.68666],[4.52157,50.68708],[4.52202,50.68803],[4.52214,50.68862],[4.52249,50.68907],[4.5227,50.68995],[4.52449,50.69232],[4.52515,50.69536],[4.52637,50.69644],[4.52598,50.69668],[4.52548,50.69695],[4.51775,50.69963],[4.51567,50.70032],[4.51423,50.70085],[4.50961,50.70191],[4.50904,50.70214],[4.5086,50.70242],[4.50823,50.70257],[4.50524,50.70352],[4.50467,50.70344],[4.50421,50.70337],[4.50358,50.70328],[4.503,50.70312],[4.50233,50.70376],[4.50198,50.70417],[4.50184,50.70421],[4.50124,50.70435],[4.5005,50.70457],[4.50015,50.70485],[4.50005,50.70639],[4.50016,50.70647],[4.50022,50.70664],[4.50029,50.70692],[4.50008,50.70697],[4.49991,50.70686],[4.49981,50.70687],[4.49982,50.70704],[4.49969,50.70739],[4.49973,50.70769],[4.49976,50.70783],[4.49969,50.70793],[4.49962,50.70817],[4.50104,50.70963],[4.50125,50.70997],[4.50147,50.70989],[4.50165,50.70991],[4.5018,50.70985],[4.50191,50.70985],[4.50195,50.70999],[4.50122,50.71044],[4.50082,50.71043],[4.49728,50.7112],[4.49549,50.71087],[4.49417,50.71074],[4.47887,50.72194],[4.47729,50.72415],[4.46886,50.71995],[4.45413,50.72221],[4.44066,50.71561],[4.42965,50.70767],[4.43228,50.70019],[4.41616,50.69305],[4.43574,50.68142],[4.42453,50.67347],[4.41198,50.67993]]]},"properties":{"postcode":"1380","nl":"Lasne","fr":"Lasne"}},
{"type":"Feature","geometry":{"type":"Polygon","coordinates":[[[4.74328,50.65484],[4.74879,50.65882],[4.79773,50.67602],[4.81188,50.66839],[4.82675,50.67009],[4.84008,50.66082],[4.85167,50.66952],[4.8496,50.6778],[4.84117,50.68376],[4.82412,50.6886],[4.81426,50.69674],[4.80546,50.69757],[4.78889,50.71785],[4.80254,50.72511],[4.8083,50.73514],[4.77782,50.737],[4.77447,50.73987],[4.76457,50.74852],[4.7434,50.7475],[4.74093,50.73467],[4.75025,50.72297],[4.7424,50.71168],[4.75901,50.71019],[4.77011,50.69959],[4.76668,50.69474],[4.73663,50.69274],[4.732,50.68219],[4.75398,50.67187],[4.74236,50.66159],[4.74328,50.65484]]]},"properties":{"postcode":"1315","nl":"Incourt","fr":"Incourt"}},
{"type":"Feature","geometry":{"type":"Polygon","coordinates":[[[4.57747,50.54236],[4.57761,50.54173],[4.578,50.54091],[4.57828,50.5402],[4.57857,50.53963],[4.57866,50.53938],[4.57907,50.53817],[4.57996,50.53559],[4.58018,50.53508],[4.5803,50.53493],[4.58041,50.53468],[4.58047,50.53017],[4.57968,50.5283],[4.57819,50.52833],[4.577,50.5277],[4.57652,50.52686],[4.5756,50.52632],[4.57255,50.52064],[4.57131,50.52061],[4.56738,50.52015],[4.56552,50.51965],[4.56588,50.5193],[4.5664,50.51881],[4.56416,50.51739],[4.55732,50.50553],[4.55774,50.50523],[4.55927,50.50364],[4.55962,50.50174],[4.55919,50.50141],[4.55923,50.50085],[4.55907,50.50029],[4.56003,50.49923],[4.56106,50.49896],[4.56257,50.49821],[4.56354,50.49766],[4.57893,50.49955],[4.57947,50.49918],[4.58003,50.49884],[4.58101,50.49819],[4.58173,50.49849],[4.58544,50.49573],[4.59138,50.49899],[4.59488,50.49798],[4.59263,50.49712],[4.59102,50.49638],[4.58911,50.4952],[4.58872,50.49498],[4.58752,50.49433],[4.58719,50.49415],[4.58632,50.49373],[4.58693,50.4933],[4.58897,50.49192],[4.59052,50.49086],[4.58884,50.49004],[4.58747,50.48982],[4.58971,50.48829],[4.59213,50.48422],[4.59832,50.48586],[4.60032,50.48641],[4.61296,50.48999],[4.62556,50.49264],[4.62364,50.50529],[4.64327,50.51263],[4.63401,50.52854],[4.64509,50.54075],[4.63013,50.54703],[4.62525,50.55489],[4.62762,50.56432],[4.61788,50.56957],[4.60209,50.56931],[4.58989,50.56333],[4.57515,50.56084],[4.57445,50.55632],[4.57619,50.55086],[4.57722,50.54592],[4.57715,50.54513],[4.57735,50.54288],[4.57747,50.54236]]]},"properties":{"postcode":"5140","nl":"Sombreffe","fr":"Sombreffe"}},
{"type":"Feature","geometry":{"type":"Polygon","coordinates":[[[5.32619,50.5919],[5.3404,50.58323],[5.35028,50.5662],[5.34618,50.56077],[5.3796,50.57014],[5.37675,50.57941],[5.39443,50.58978],[5.38049,50.61388],[5.37113,50.62282],[5.34946,50.63336],[5.33805,50.62122],[5.34199,50.61592],[5.33248,50.59226],[5.32619,50.5919]]]},"properties":{"postcode":"4470","nl":"Saint-Georges-sur-Meuse","fr":"Saint-Georges-sur-Meuse"}},
{"type":"Feature","geometry":{"type":"Polygon","coordinates":[[[5.72026,50.35819],[5.76037,50.36472],[5.76025,50.36574],[5.77069,50.36784],[5.77296,50.36853],[5.77432,50.3688],[5.77501,50.36893],[5.78176,50.37067],[5.78367,50.37138],[5.78862,50.37246],[5.79435,50.3744],[5.79946,50.37448],[5.80135,50.37461],[5.80343,50.37472],[5.80669,50.37479],[5.81487,50.37604],[5.83428,50.38498],[5.85109,50.39106],[5.86231,50.39879],[5.87725,50.39685],[5.89733,50.40622],[5.91872,50.42122],[5.92819,50.43332],[5.91612,50.44145],[5.92513,50.44678],[5.92016,50.45333],[5.93084,50.45746],[5.92567,50.46414],[5.90084,50.4554],[5.8725,50.44932],[5.85979,50.44378],[5.81853,50.43356],[5.79298,50.43523],[5.76959,50.4347],[5.75283,50.44275],[5.7405,50.44485],[5.73397,50.43929],[5.70969,50.43391],[5.70259,50.40391],[5.70933,50.40043],[5.6991,50.38202],[5.70852,50.37531],[5.67863,50.37276],[5.67558,50.36845],[5.67016,50.35725],[5.69633,50.35715],[5.70667,50.3611],[5.72026,50.35819]]]},"properties":{"postcode":"4987","nl":"Stoumont","fr":"Stoumont"}},
{"type":"Feature","geometry":{"type":"Polygon","coordinates":[[[6.13752,50.54804],[6.13673,50.54854],[6.13652,50.54896],[6.13633,50.54966],[6.13625,50.55056],[6.13561,50.55086],[6.13496,50.55089],[6.13361,50.55134],[6.13252,50.55375],[6.13515,50.55807],[6.11927,50.56991],[6.11673,50.5845],[6.11245,50.58604],[6.11064,50.58795],[6.11049,50.58846],[6.11067,50.58902],[6.11062,50.58911],[6.10276,50.59277],[6.10089,50.59683],[6.10068,50.59724],[6.09984,50.59745],[6.09917,50.59725],[6.09786,50.5977],[6.09582,50.59803],[6.09549,50.59771],[6.09325,50.59708],[6.09118,50.59672],[6.08861,50.59595],[6.07742,50.60015],[6.07336,50.59874],[6.07105,50.59901],[6.06735,50.60097],[6.05816,50.59771],[6.05767,50.59813],[6.0574,50.59841],[6.05648,50.59874],[6.05543,50.59936],[6.05402,50.60265],[6.05416,50.60301],[6.05431,50.60431],[6.05421,50.60456],[6.0531,50.60586],[6.05229,50.6062],[6.05215,50.60623],[6.05174,50.60624],[6.05155,50.60632],[6.05048,50.60673],[6.05033,50.60685],[6.05031,50.60703],[6.05026,50.6071],[6.04991,50.60734],[6.04951,50.60806],[6.04959,50.60885],[6.04856,50.61041],[6.04742,50.60995],[6.04223,50.61523],[6.04012,50.615],[6.03852,50.61482],[6.03819,50.61475],[6.03564,50.61448],[6.03453,50.6137],[6.02956,50.61613],[6.02696,50.61466],[6.02583,50.61596],[6.0272,50.61673],[6.02663,50.61699],[6.02501,50.61581],[6.01699,50.61277],[6.01447,50.61697],[6.00444,50.62302],[6.00293,50.62556],[6.00169,50.6267],[6.00163,50.62695],[6.00282,50.62881],[6.00324,50.62927],[6.00342,50.62939],[6.00415,50.62966],[6.00499,50.62989],[6.00564,50.63013],[6.007,50.63043],[6.00692,50.63058],[6.00988,50.63296],[6.00471,50.63734],[6.00346,50.63791],[6.00224,50.63871],[6.00183,50.63899],[6.00112,50.63946],[6.00096,50.63963],[6.0016,50.63983],[6.00182,50.63991],[6.0052,50.64226],[6.00577,50.64295],[6.00686,50.64364],[6.00774,50.6443],[6.00782,50.64449],[6.00817,50.64467],[6.0051,50.64666],[6.00034,50.64985],[5.9956,50.6485],[5.99231,50.64781],[5.99063,50.64753],[5.98894,50.64729],[5.97515,50.64699],[5.96927,50.64746],[5.96049,50.64819],[5.95847,50.64835],[5.95462,50.64867],[5.9514,50.64894],[5.95057,50.649],[5.94367,50.64956],[5.93952,50.64984],[5.93714,50.64995],[5.93781,50.64936],[5.93863,50.64815],[5.93877,50.64789],[5.93884,50.64757],[5.93721,50.64355],[5.93601,50.64329],[5.93544,50.64323],[5.93467,50.64321],[5.93417,50.64119],[5.93449,50.64095],[5.93469,50.64069],[5.93543,50.63993],[5.93621,50.639],[5.93411,50.63666],[5.93888,50.62914],[5.94099,50.62764],[5.94298,50.62689],[5.94338,50.62666],[5.94382,50.62652],[5.94411,50.62636],[5.94431,50.6263],[5.94456,50.62619],[5.94888,50.62314],[5.95174,50.62181],[5.95182,50.62188],[5.95205,50.62201],[5.95437,50.62091],[5.95579,50.61981],[5.96027,50.61857],[5.95965,50.61791],[5.95927,50.61783],[5.9588,50.61774],[5.97003,50.61423],[5.9721,50.61308],[5.97575,50.61051],[5.98202,50.60536],[5.98322,50.60414],[5.98279,50.60404],[5.98244,50.60404],[5.98222,50.60411],[5.9816,50.60416],[5.98116,50.60403],[5.98159,50.60117],[5.97368,50.60164],[5.97444,50.59387],[5.97356,50.59266],[5.9734,50.59232],[5.97416,50.5887],[5.99955,50.58309],[6.00266,50.57269],[6.02841,50.56096],[6.03136,50.55147],[6.05061,50.54536],[6.07281,50.52596],[6.07318,50.51966],[6.09062,50.52293],[6.10331,50.5209],[6.12662,50.5295],[6.13879,50.54056],[6.13752,50.54804]]]},"properties":{"postcode":"4837","nl":"Baelen","fr":"Baelen"}},
{"type":"Feature","geometry":{"type":"Polygon","coordinates":[[[3.48755,50.70358],[3.49417,50.71015],[3.51027,50.71031],[3.52935,50.71612],[3.54124,50.73339],[3.54779,50.7472],[3.53857,50.7574],[3.54067,50.7629],[3.53358,50.76482],[3.49719,50.7576],[3.47791,50.75942],[3.45905,50.76463],[3.45336,50.75812],[3.47773,50.74019],[3.48873,50.73874],[3.47961,50.72799],[3.46453,50.71992],[3.48318,50.71151],[3.48755,50.70358]]]},"properties":{"postcode":"7750","nl":"Mont-de-l'Enclus","fr":"Mont-de-l'Enclus"}},
{"type":"Feature","geometry":{"type":"Polygon","coordinates":[[[3.34138,50.85677],[3.34104,50.85666],[3.34075,50.85653],[3.34032,50.85631],[3.33981,50.85604],[3.33826,50.8556],[3.33602,50.8547],[3.33342,50.85382],[3.3329,50.85352],[3.33088,50.85293],[3.32849,50.85043],[3.32486,50.84711],[3.34766,50.83642],[3.34816,50.83502],[3.34926,50.83207],[3.34744,50.83129],[3.34821,50.8287],[3.34796,50.82832],[3.34794,50.82766],[3.34805,50.82719],[3.34805,50.82693],[3.34837,50.82686],[3.34902,50.82668],[3.35021,50.82616],[3.352,50.82572],[3.35248,50.82502],[3.35268,50.82485],[3.35317,50.82452],[3.35479,50.82359],[3.35779,50.8222],[3.35791,50.82222],[3.35865,50.8225],[3.35966,50.82222],[3.35986,50.82159],[3.36044,50.82135],[3.36044,50.82127],[3.36063,50.82115],[3.36078,50.82102],[3.36125,50.82086],[3.36461,50.81977],[3.36569,50.82048],[3.36776,50.81912],[3.3681,50.81881],[3.36939,50.81777],[3.37119,50.81636],[3.37509,50.81309],[3.37609,50.81238],[3.37764,50.81137],[3.37845,50.81179],[3.37864,50.81166],[3.37946,50.81224],[3.37935,50.81231],[3.38035,50.81289],[3.38084,50.81302],[3.38075,50.8131],[3.38559,50.8156],[3.38627,50.81603],[3.3873,50.81662],[3.39238,50.82175],[3.38413,50.8315],[3.38387,50.83991],[3.39249,50.84504],[3.38967,50.85279],[3.39084,50.85319],[3.3916,50.85556],[3.39267,50.85727],[3.39313,50.85796],[3.39355,50.85851],[3.39174,50.86418],[3.39135,50.86465],[3.39088,50.8645],[3.38968,50.86472],[3.38755,50.86441],[3.38758,50.8642],[3.38689,50.86392],[3.38667,50.864],[3.38311,50.86584],[3.38297,50.86583],[3.38148,50.86555],[3.38061,50.86557],[3.37999,50.86576],[3.37881,50.86588],[3.37269,50.865],[3.37051,50.86736],[3.37018,50.86722],[3.36821,50.86657],[3.36908,50.86548],[3.36903,50.86539],[3.36672,50.86505],[3.36352,50.86452],[3.35639,50.86261],[3.3462,50.85772],[3.34138,50.85677]]]},"properties":{"postcode":"8540","nl":"Deerlijk","fr":"Deerlijk"}},
{"type":"Feature","geometry":{"type":"Polygon","coordinates":[[[4.62556,50.49264],[4.64338,50.47754],[4.63326,50.46659],[4.64475,50.44892],[4.65827,50.44101],[4.67013,50.42093],[4.68216,50.4219],[4.69529,50.42811],[4.70352,50.44304],[4.71333,50.45104],[4.71652,50.46031],[4.71173,50.46711],[4.73295,50.47192],[4.72298,50.48268],[4.72443,50.49669],[4.699,50.50525],[4.67999,50.50029],[4.66606,50.49959],[4.65999,50.51229],[4.64327,50.51263],[4.62364,50.50529],[4.62556,50.49264]]]},"properties":{"postcode":"5190","nl":"Jemeppe-sur-Sambre","fr":"Jemeppe-sur-Sambre"}},
{"type":"Feature","geometry":{"type":"Polygon","coordinates":[[[5.71196,49.77535],[5.71201,49.77539],[5.71437,49.77587],[5.71747,49.77584],[5.72579,49.77205],[5.75052,49.78339],[5.75514,49.79145],[5.74757,49.82302],[5.74087,49.8388],[5.74916,49.83884],[5.74618,49.8541],[5.74223,49.85778],[5.71919,49.85472],[5.71642,49.84503],[5.70194,49.82987],[5.70054,49.82048],[5.70537,49.811],[5.68595,49.78335],[5.68588,49.78328],[5.68476,49.78245],[5.69776,49.77596],[5.71196,49.77535]]]},"properties":{"postcode":"6630","nl":"Martelange","fr":"Martelange"}},
{"type":"Feature","geometry":{"type":"Polygon","coordinates":[[[4.61255,51.13138],[4.63373,51.12472],[4.65145,51.12749],[4.66548,51.13519],[4.68802,51.12285],[4.68812,51.12281],[4.68833,51.12284],[4.68867,51.12308],[4.68944,51.12396],[4.69201,51.12303],[4.69332,51.1231],[4.69354,51.12384],[4.69375,51.12396],[4.69397,51.12397],[4.69439,51.12388],[4.69482,51.1237],[4.69581,51.12317],[4.698,51.12236],[4.69993,51.12376],[4.71434,51.12598],[4.71439,51.12643],[4.71445,51.12727],[4.7145,51.12817],[4.7143,51.131],[4.72029,51.15065],[4.71473,51.1554],[4.71387,51.15786],[4.7137,51.15944],[4.71365,51.15989],[4.71353,51.16006],[4.71314,51.16044],[4.71279,51.16103],[4.71256,51.16097],[4.70979,51.16453],[4.70948,51.16497],[4.70946,51.16509],[4.70925,51.16553],[4.70921,51.1657],[4.7072,51.17036],[4.70657,51.17153],[4.70248,51.17432],[4.70263,51.17506],[4.70206,51.17582],[4.70202,51.17611],[4.70193,51.17622],[4.70182,51.17646],[4.70148,51.17761],[4.68638,51.17645],[4.68596,51.17686],[4.68553,51.17715],[4.68382,51.17818],[4.67961,51.17893],[4.67352,51.17747],[4.67039,51.17922],[4.66949,51.17937],[4.66738,51.17942],[4.66427,51.18106],[4.65718,51.18081],[4.63637,51.17518],[4.62811,51.16564],[4.60119,51.15487],[4.60387,51.13887],[4.61255,51.13138]]]},"properties":{"postcode":"2560","nl":"Nijlen","fr":"Nijlen"}},
{"type":"Feature","geometry":{"type":"Polygon","coordinates":[[[4.50707,51.11674],[4.50982,51.10099],[4.52354,51.10148],[4.52506,51.10811],[4.5469,51.11356],[4.56955,51.10556],[4.56538,51.0972],[4.57333,51.09269],[4.57273,51.08562],[4.55156,51.08827],[4.5536,51.08363],[4.55084,51.0823],[4.55039,51.08202],[4.54976,51.08152],[4.54889,51.08091],[4.54857,51.08069],[4.56264,51.07473],[4.56328,51.07516],[4.56546,51.07678],[4.57574,51.07406],[4.59175,51.08166],[4.59445,51.08086],[4.59995,51.07526],[4.61109,51.08072],[4.63196,51.07271],[4.63613,51.07688],[4.64269,51.08657],[4.63426,51.08792],[4.63345,51.09819],[4.62546,51.1071],[4.60942,51.10882],[4.61566,51.11681],[4.61255,51.13138],[4.60387,51.13887],[4.60119,51.15487],[4.57915,51.14822],[4.57037,51.1533],[4.56488,51.16574],[4.54055,51.16284],[4.54013,51.16338],[4.5375,51.16321],[4.53953,51.15894],[4.53855,51.15777],[4.53848,51.15768],[4.53764,51.15798],[4.53366,51.15845],[4.53126,51.15821],[4.52867,51.15826],[4.52793,51.1583],[4.52775,51.15834],[4.52553,51.15937],[4.52414,51.15881],[4.52381,51.15824],[4.52376,51.15807],[4.52399,51.1563],[4.52427,51.15604],[4.52546,51.1556],[4.52577,51.15542],[4.52652,51.15408],[4.52687,51.1493],[4.5235,51.14726],[4.52242,51.14743],[4.52168,51.14749],[4.52157,51.14292],[4.52317,51.14204],[4.52377,51.14181],[4.52398,51.14179],[4.52575,51.13992],[4.52606,51.13945],[4.52637,51.13896],[4.5268,51.13831],[4.52753,51.13737],[4.52812,51.13734],[4.52856,51.13691],[4.52873,51.1366],[4.52878,51.13619],[4.52884,51.13599],[4.52893,51.13588],[4.5293,51.13557],[4.52977,51.13517],[4.53152,51.13328],[4.53166,51.13306],[4.53188,51.13255],[4.53203,51.13229],[4.53218,51.13213],[4.53237,51.13199],[4.52957,51.13032],[4.52848,51.13006],[4.52809,51.12994],[4.52725,51.12961],[4.52609,51.12922],[4.52239,51.12791],[4.52041,51.12369],[4.50707,51.11674]]]},"properties":{"postcode":"2500","nl":"Lier","fr":"Lierre"}},
{"type":"Feature","geometry":{"type":"Polygon","coordinates":[[[4.15435,51.02138],[4.13355,51.00878],[4.1239,51.01088],[4.10419,51.00623],[4.08151,51.01658],[4.07149,51.00931],[4.07958,51.00009],[4.0722,50.98961],[4.07394,50.9808],[4.0828,50.97157],[4.09335,50.9708],[4.09355,50.97081],[4.09397,50.97089],[4.09574,50.97142],[4.09862,50.97212],[4.09946,50.97246],[4.09994,50.9728],[4.10005,50.9729],[4.10131,50.97336],[4.10191,50.9733],[4.10223,50.9731],[4.10257,50.97283],[4.10501,50.97404],[4.10733,50.97301],[4.10795,50.97276],[4.10894,50.9724],[4.10997,50.97208],[4.11092,50.97161],[4.11192,50.97144],[4.11428,50.97048],[4.11603,50.97129],[4.12156,50.96701],[4.13219,50.97269],[4.14707,50.96929],[4.15713,50.97803],[4.15609,50.98597],[4.16383,50.98897],[4.16896,50.99402],[4.16769,51.003],[4.16067,51.00819],[4.15435,51.02138]]]},"properties":{"postcode":"9280","nl":"Lebbeke","fr":"Lebbeke"}},
{"type":"Feature","geometry":{"type":"Polygon","coordinates":[[[3.82467,51.01937],[3.82822,51.01728],[3.85071,51.02054],[3.87875,51.02208],[3.91772,51.02254],[3.93386,51.02896],[3.9381,51.03426],[3.92815,51.07129],[3.92783,51.07166],[3.92699,51.07256],[3.92598,51.0736],[3.92571,51.0736],[3.92328,51.07601],[3.92165,51.07523],[3.91995,51.07441],[3.91824,51.07341],[3.91148,51.07197],[3.90307,51.06842],[3.90221,51.06419],[3.88166,51.06405],[3.86649,51.05968],[3.85846,51.05044],[3.84313,51.05759],[3.83245,51.05235],[3.83693,51.04112],[3.82719,51.03312],[3.82467,51.01937]]]},"properties":{"postcode":"9270","nl":"Laarne","fr":"Laarne"}},
{"type":"Feature","geometry":{"type":"Polygon","coordinates":[[[5.52823,50.91396],[5.52989,50.91267],[5.53271,50.90736],[5.55142,50.90433],[5.56738,50.90913],[5.59805,50.89523],[5.61371,50.89792],[5.61328,50.89882],[5.61256,50.90047],[5.61171,50.90275],[5.61146,50.90816],[5.6115,50.90972],[5.61146,50.91033],[5.61141,50.91061],[5.61121,50.91137],[5.61066,50.9133],[5.60979,50.91618],[5.60932,50.91786],[5.60943,50.91789],[5.60843,50.92006],[5.60777,50.92086],[5.60746,50.92113],[5.60713,50.9216],[5.60622,50.92349],[5.60569,50.92458],[5.60552,50.92618],[5.60524,50.9277],[5.60505,50.92867],[5.60476,50.9303],[5.60406,50.93353],[5.6036,50.94162],[5.59516,50.97734],[5.5472,50.95901],[5.54306,50.92509],[5.54081,50.92346],[5.53446,50.91863],[5.53283,50.91741],[5.52823,50.91396]]]},"properties":{"postcode":"3690","nl":"Zutendaal","fr":"Zutendaal"}},
{"type":"Feature","geometry":{"type":"Polygon","coordinates":[[[4.40436,50.82704],[4.41778,50.82162],[4.42717,50.8259],[4.44064,50.82057],[4.45466,50.81842],[4.47673,50.8204],[4.46574,50.83554],[4.46178,50.84879],[4.4548,50.83988],[4.40756,50.83887],[4.41219,50.83046],[4.40436,50.82704]]]},"properties":{"postcode":"1150","nl":"Sint-Pieters-Woluwe","fr":"Woluwe-Saint-Pierre"}},
{"type":"Feature","geometry":{"type":"Polygon","coordinates":[[[5.00256,50.3],[5.00248,50.29995],[5.00328,50.29943],[5.00416,50.29878],[5.00605,50.29717],[5.00756,50.29618],[5.00903,50.29487],[5.01344,50.29021],[5.01522,50.29007],[5.01681,50.28947],[5.0171,50.28869],[5.01793,50.28689],[5.01849,50.28587],[5.01903,50.285],[5.02071,50.28273],[5.02215,50.28112],[5.02352,50.27972],[5.04565,50.25757],[5.04794,50.25473],[5.04515,50.25102],[5.04388,50.25033],[5.04274,50.24984],[5.04234,50.24968],[5.04223,50.24957],[5.04216,50.24904],[5.04142,50.24546],[5.04116,50.245],[5.04081,50.24441],[5.0407,50.24408],[5.03787,50.24004],[5.03745,50.23831],[5.03729,50.23761],[5.0372,50.23704],[5.03776,50.23533],[5.04245,50.23426],[5.04475,50.23165],[5.04607,50.2302],[5.05419,50.22565],[5.06886,50.22897],[5.07017,50.22842],[5.07055,50.22809],[5.0718,50.2266],[5.0747,50.22478],[5.08043,50.22268],[5.08542,50.21523],[5.08556,50.21515],[5.08618,50.2151],[5.08623,50.21524],[5.08736,50.21512],[5.0879,50.21492],[5.08887,50.21385],[5.0907,50.21446],[5.09269,50.2138],[5.09882,50.21041],[5.13915,50.21317],[5.15601,50.22167],[5.15527,50.22754],[5.17648,50.23796],[5.18459,50.23446],[5.21374,50.23362],[5.21869,50.22365],[5.22859,50.22779],[5.23462,50.22161],[5.25773,50.22701],[5.26153,50.23017],[5.25495,50.23981],[5.25644,50.25352],[5.24275,50.25707],[5.23395,50.26528],[5.22233,50.26222],[5.21912,50.27046],[5.23008,50.28276],[5.21803,50.28348],[5.21749,50.28613],[5.21567,50.289],[5.2149,50.28965],[5.21471,50.28987],[5.21429,50.29025],[5.21393,50.29055],[5.20702,50.29417],[5.20606,50.29344],[5.2054,50.29318],[5.20415,50.29269],[5.19653,50.29558],[5.18853,50.30003],[5.17872,50.29971],[5.1643,50.31033],[5.16075,50.30932],[5.16026,50.30926],[5.15034,50.30962],[5.14384,50.31151],[5.14021,50.31297],[5.13889,50.3136],[5.13881,50.31363],[5.12719,50.31227],[5.11395,50.31527],[5.10395,50.32126],[5.10219,50.32066],[5.1021,50.31987],[5.10243,50.31971],[5.10315,50.31944],[5.10367,50.31916],[5.10318,50.3172],[5.10059,50.31653],[5.09546,50.32298],[5.09523,50.32321],[5.09503,50.32352],[5.095,50.3236],[5.08995,50.32417],[5.08549,50.32887],[5.08497,50.32937],[5.08421,50.32995],[5.08293,50.331],[5.08166,50.33209],[5.08163,50.33211],[5.08207,50.33238],[5.08258,50.33254],[5.08267,50.33281],[5.0826,50.33306],[5.08,50.33531],[5.07659,50.33245],[5.07614,50.33201],[5.07541,50.33126],[5.07486,50.33083],[5.06845,50.32878],[5.06497,50.32823],[5.06479,50.32835],[5.06463,50.32844],[5.0645,50.32846],[5.0638,50.32848],[5.06342,50.32808],[5.05963,50.32709],[5.04726,50.31687],[5.04352,50.31947],[5.04094,50.32295],[5.04234,50.32431],[5.03955,50.32609],[5.03824,50.32622],[5.03776,50.3261],[5.03758,50.3261],[5.03398,50.34038],[5.02284,50.33282],[5.02474,50.3231],[5.01444,50.31671],[5.02102,50.31049],[5.01853,50.3091],[5.00256,50.3]]]},"properties":{"postcode":"5590","nl":"Ciney","fr":"Ciney"}},
{"type":"Feature","geometry":{"type":"Polygon","coordinates":[[[5.13257,50.92153],[5.13335,50.92127],[5.13396,50.92099],[5.13424,50.92092],[5.1345,50.92081],[5.13465,50.9207],[5.13467,50.92057],[5.13459,50.92025],[5.13463,50.92008],[5.13386,50.91952],[5.13478,50.91832],[5.13494,50.91728],[5.13511,50.91612],[5.13527,50.91499],[5.13537,50.91403],[5.13663,50.91383],[5.13718,50.91341],[5.13912,50.91347],[5.13967,50.91358],[5.13993,50.91359],[5.14017,50.91362],[5.1408,50.91355],[5.14092,50.91331],[5.14438,50.91244],[5.15664,50.91176],[5.16954,50.91362],[5.18436,50.9077],[5.18489,50.90739],[5.18537,50.90705],[5.18641,50.90609],[5.18711,50.90514],[5.188,50.90218],[5.18804,50.90199],[5.18802,50.90178],[5.1877,50.90179],[5.1866,50.89843],[5.18668,50.89375],[5.18787,50.89388],[5.19149,50.89416],[5.19207,50.89454],[5.19465,50.89423],[5.19439,50.89351],[5.2011,50.89252],[5.19654,50.89994],[5.21153,50.90916],[5.22803,50.91033],[5.22571,50.91884],[5.22595,50.91887],[5.226,50.91895],[5.22593,50.9194],[5.22634,50.9197],[5.22638,50.92015],[5.22629,50.92029],[5.22606,50.92043],[5.22594,50.92065],[5.22589,50.92192],[5.22725,50.92391],[5.22743,50.92402],[5.22794,50.92442],[5.22774,50.92448],[5.22761,50.92456],[5.22744,50.92474],[5.22716,50.92494],[5.22694,50.92526],[5.22638,50.92544],[5.22408,50.92591],[5.21369,50.92984],[5.21863,50.9479],[5.22747,50.95776],[5.22253,50.9661],[5.1999,50.97076],[5.18624,50.97113],[5.16666,50.96837],[5.13761,50.95807],[5.1176,50.95738],[5.12094,50.9439],[5.12732,50.93686],[5.13257,50.92153]]]},"properties":{"postcode":"3540","nl":"Herk-de-Stad","fr":"Herck-la-Ville"}},
{"type":"Feature","geometry":{"type":"Polygon","coordinates":[[[4.18407,50.94266],[4.18533,50.94193],[4.18616,50.94143],[4.1867,50.94112],[4.18711,50.94081],[4.18852,50.93949],[4.18928,50.93881],[4.19149,50.93681],[4.20232,50.93439],[4.20333,50.93408],[4.20383,50.93433],[4.20501,50.93441],[4.20795,50.9359],[4.20892,50.93864],[4.2172,50.94197],[4.22676,50.93406],[4.269,50.90894],[4.27781,50.91289],[4.2914,50.91656],[4.29828,50.92038],[4.30034,50.92173],[4.30138,50.92226],[4.30167,50.92231],[4.3018,50.9223],[4.29971,50.9227],[4.29627,50.92882],[4.29621,50.92881],[4.29543,50.92999],[4.29332,50.92942],[4.29269,50.93231],[4.29106,50.93375],[4.29012,50.93692],[4.28954,50.93784],[4.29111,50.93908],[4.29238,50.93966],[4.29323,50.93984],[4.29459,50.94036],[4.29535,50.9407],[4.29566,50.94079],[4.29587,50.94091],[4.2956,50.94113],[4.29447,50.94245],[4.29358,50.9436],[4.29155,50.94529],[4.29065,50.94515],[4.28455,50.9476],[4.27655,50.95066],[4.27681,50.95084],[4.27729,50.95091],[4.27801,50.95121],[4.27785,50.95141],[4.27771,50.9515],[4.27985,50.9527],[4.28134,50.95405],[4.28321,50.95492],[4.28342,50.95497],[4.28371,50.95495],[4.28388,50.95499],[4.283,50.9558],[4.28202,50.95674],[4.2774,50.96111],[4.27594,50.96277],[4.27521,50.96329],[4.27506,50.96344],[4.27458,50.96427],[4.27393,50.96474],[4.27363,50.96487],[4.27409,50.9663],[4.27472,50.96691],[4.2749,50.96727],[4.27401,50.96767],[4.27372,50.96772],[4.27355,50.9678],[4.27308,50.96787],[4.27161,50.96827],[4.27122,50.96856],[4.271,50.96901],[4.27143,50.97047],[4.27159,50.97065],[4.27176,50.97096],[4.27214,50.97134],[4.27234,50.97173],[4.27256,50.97279],[4.27249,50.97324],[4.27235,50.9733],[4.27244,50.97341],[4.27236,50.97351],[4.27261,50.97401],[4.27065,50.97412],[4.26753,50.97535],[4.26576,50.9747],[4.25927,50.97651],[4.25502,50.97562],[4.22904,50.99853],[4.21795,50.99003],[4.19762,50.98264],[4.1907,50.98272],[4.199,50.98005],[4.2024,50.97126],[4.21391,50.97264],[4.22376,50.96434],[4.21597,50.94989],[4.2056,50.9505],[4.19445,50.94303],[4.19031,50.94808],[4.18149,50.94705],[4.18363,50.94438],[4.18496,50.94383],[4.18455,50.94334],[4.18407,50.94266]]]},"properties":{"postcode":"1785","nl":"Merchtem","fr":"Merchtem"}},
{"type":"Feature","geometry":{"type":"Polygon","coordinates":[[[3.74704,50.90791],[3.74993,50.89758],[3.75886,50.89157],[3.7584,50.88374],[3.75164,50.87578],[3.76284,50.86837],[3.76665,50.85459],[3.76234,50.85059],[3.76538,50.84082],[3.77513,50.84228],[3.78464,50.83305],[3.78867,50.81311],[3.79892,50.81467],[3.81706,50.82599],[3.81804,50.82573],[3.81879,50.82564],[3.81976,50.82556],[3.82049,50.82545],[3.82046,50.8254],[3.82232,50.82505],[3.82741,50.82429],[3.83478,50.83251],[3.83955,50.83513],[3.83981,50.83585],[3.83989,50.8365],[3.83997,50.83669],[3.84045,50.83778],[3.84106,50.83799],[3.84135,50.83813],[3.84194,50.83824],[3.84244,50.83785],[3.84271,50.83768],[3.84288,50.83753],[3.84294,50.83793],[3.84468,50.83799],[3.84515,50.83805],[3.84565,50.83814],[3.84606,50.83818],[3.84675,50.83822],[3.84728,50.8382],[3.84738,50.83824],[3.84765,50.83824],[3.85305,50.83921],[3.86529,50.84453],[3.86352,50.84636],[3.86167,50.84649],[3.85959,50.8472],[3.85825,50.84796],[3.85823,50.8478],[3.85807,50.84758],[3.85751,50.84723],[3.85651,50.84691],[3.85382,50.8495],[3.85143,50.84973],[3.85185,50.85038],[3.85194,50.85074],[3.85222,50.85075],[3.85173,50.85308],[3.85255,50.85385],[3.853,50.85476],[3.85325,50.85567],[3.85336,50.85597],[3.85335,50.85608],[3.85342,50.85615],[3.85352,50.85667],[3.85494,50.8588],[3.85791,50.86063],[3.85884,50.86087],[3.85894,50.861],[3.85938,50.86106],[3.85975,50.86114],[3.86116,50.86161],[3.86227,50.86187],[3.86305,50.8625],[3.86306,50.8627],[3.86325,50.86281],[3.86344,50.86302],[3.86344,50.86311],[3.86353,50.86319],[3.86235,50.86359],[3.86095,50.86392],[3.85907,50.86467],[3.85597,50.86403],[3.85392,50.86559],[3.8558,50.86664],[3.85754,50.8696],[3.85701,50.87097],[3.8585,50.8713],[3.85971,50.87133],[3.86006,50.87208],[3.86311,50.87175],[3.86662,50.87245],[3.86001,50.88206],[3.83961,50.88857],[3.83771,50.89468],[3.84793,50.90253],[3.84452,50.90621],[3.83677,50.90825],[3.83624,50.90805],[3.83546,50.90782],[3.83491,50.90768],[3.83464,50.90763],[3.83312,50.90948],[3.83184,50.91038],[3.83117,50.91091],[3.83064,50.91131],[3.82997,50.91174],[3.82896,50.91287],[3.82021,50.90974],[3.81743,50.8994],[3.80652,50.89474],[3.79627,50.90113],[3.78465,50.90216],[3.78099,50.90873],[3.76612,50.91848],[3.75567,50.91381],[3.74704,50.90791]]]},"properties":{"postcode":"9620","nl":"Zottegem","fr":"Zottegem"}},
{"type":"Feature","geometry":{"type":"Polygon","coordinates":[[[5.19674,50.6268],[5.19815,50.62795],[5.20238,50.62976],[5.20918,50.62492],[5.22166,50.62135],[5.23501,50.62485],[5.25952,50.61593],[5.27661,50.62198],[5.28139,50.63716],[5.28677,50.64599],[5.28447,50.65655],[5.28048,50.66395],[5.25065,50.67066],[5.24015,50.67795],[5.22691,50.67017],[5.21908,50.66376],[5.21359,50.6617],[5.21021,50.65892],[5.20959,50.65825],[5.20887,50.6574],[5.20948,50.65392],[5.21145,50.65318],[5.21253,50.65394],[5.21331,50.65351],[5.2125,50.65292],[5.21455,50.65206],[5.21359,50.65114],[5.21256,50.65028],[5.21128,50.6492],[5.20622,50.64691],[5.20465,50.64771],[5.20278,50.64725],[5.20074,50.64578],[5.19942,50.64498],[5.19896,50.64525],[5.19856,50.64556],[5.1977,50.64503],[5.19863,50.64439],[5.19652,50.64333],[5.19554,50.64382],[5.19401,50.64268],[5.19588,50.6412],[5.19224,50.63961],[5.19668,50.63604],[5.19333,50.63366],[5.19591,50.63263],[5.19514,50.63105],[5.1949,50.6306],[5.19457,50.6301],[5.19401,50.62923],[5.19386,50.62901],[5.19469,50.62868],[5.19609,50.62811],[5.19548,50.62738],[5.19674,50.6268]]]},"properties":{"postcode":"4317","nl":"Faimes","fr":"Faimes"}},
{"type":"Feature","geometry":{"type":"Polygon","coordinates":[[[5.81853,50.43356],[5.81527,50.44624],[5.82251,50.46415],[5.8176,50.46817],[5.82059,50.47877],[5.82941,50.48386],[5.83099,50.49051],[5.84072,50.49114],[5.85803,50.49784],[5.86675,50.4985],[5.86417,50.50923],[5.87915,50.51024],[5.88215,50.53019],[5.87789,50.5353],[5.88712,50.54097],[5.91171,50.54194],[5.91892,50.55608],[5.90937,50.5676],[5.90803,50.56709],[5.90731,50.5668],[5.90665,50.56656],[5.90233,50.56721],[5.90174,50.56658],[5.90156,50.56631],[5.90161,50.56629],[5.90062,50.56524],[5.90028,50.56432],[5.89947,50.56388],[5.89938,50.56387],[5.89916,50.5637],[5.89892,50.56349],[5.89783,50.56226],[5.89779,50.56204],[5.89774,50.56194],[5.89762,50.56151],[5.89732,50.5608],[5.89686,50.56044],[5.8966,50.56038],[5.89608,50.56005],[5.89569,50.55984],[5.89551,50.5597],[5.89474,50.55859],[5.89492,50.55779],[5.87813,50.55573],[5.86088,50.55098],[5.86445,50.56217],[5.83701,50.55494],[5.83026,50.55427],[5.82551,50.55423],[5.8252,50.55432],[5.82369,50.5546],[5.82227,50.55441],[5.80104,50.54893],[5.79915,50.54924],[5.79857,50.54924],[5.7968,50.54889],[5.7961,50.54896],[5.79275,50.54997],[5.78077,50.54816],[5.77306,50.54457],[5.76386,50.54095],[5.76054,50.53974],[5.76005,50.53959],[5.75946,50.53946],[5.75239,50.53892],[5.75547,50.53406],[5.75672,50.53204],[5.7631,50.52149],[5.76592,50.51692],[5.75875,50.49052],[5.73876,50.49555],[5.79298,50.43523],[5.81853,50.43356]]]},"properties":{"postcode":"4910","nl":"Theux","fr":"Theux"}},
{"type":"Feature","geometry":{"type":"Polygon","coordinates":[[[5.05112,50.55534],[5.05675,50.56784],[5.08097,50.55838],[5.0851,50.5605],[5.08637,50.56478],[5.08661,50.56489],[5.08663,50.56497],[5.08682,50.56499],[5.08708,50.56523],[5.08788,50.56572],[5.08801,50.56588],[5.08874,50.56628],[5.09081,50.56866],[5.09012,50.57401],[5.09718,50.57919],[5.09822,50.57885],[5.09857,50.57877],[5.09936,50.57863],[5.1005,50.57835],[5.10364,50.5771],[5.10482,50.57635],[5.10586,50.57563],[5.10677,50.57498],[5.10837,50.57421],[5.10853,50.57412],[5.10995,50.57341],[5.11181,50.57247],[5.11525,50.56952],[5.11721,50.56544],[5.12064,50.56637],[5.12424,50.56289],[5.13314,50.56276],[5.15124,50.5678],[5.16691,50.57904],[5.16304,50.59534],[5.15782,50.59826],[5.15519,50.59868],[5.15177,50.60096],[5.14573,50.60379],[5.14173,50.60571],[5.14137,50.60592],[5.14084,50.60624],[5.14054,50.60641],[5.13112,50.6044],[5.12595,50.60241],[5.12497,50.60207],[5.12314,50.60149],[5.11757,50.59832],[5.11287,50.59714],[5.1119,50.59615],[5.10934,50.59338],[5.10809,50.59393],[5.10764,50.5942],[5.1068,50.59476],[5.1044,50.59357],[5.10005,50.59709],[5.09866,50.59819],[5.09821,50.59854],[5.09805,50.5987],[5.08295,50.59814],[5.08325,50.59969],[5.06188,50.60252],[5.05207,50.58966],[5.0301,50.59244],[5.02867,50.5887],[5.03355,50.57058],[5.04857,50.56111],[5.05112,50.55534]]]},"properties":{"postcode":"4210","nl":"Burdinne","fr":"Burdinne"}},
{"type":"Feature","geometry":{"type":"Polygon","coordinates":[[[4.07073,51.24994],[4.08495,51.232],[4.07267,51.22831],[4.07763,51.21966],[4.09351,51.21193],[4.09293,51.206],[4.07601,51.20499],[4.06969,51.1928],[4.06337,51.18833],[4.06155,51.18536],[4.06073,51.18467],[4.05971,51.18415],[4.05908,51.18394],[4.06658,51.18083],[4.08596,51.17544],[4.08609,51.17583],[4.08629,51.17625],[4.08653,51.17646],[4.08669,51.17672],[4.08779,51.17901],[4.08838,51.18074],[4.10218,51.1798],[4.11048,51.17965],[4.11192,51.17977],[4.11227,51.18073],[4.11189,51.18165],[4.11298,51.18176],[4.11221,51.1852],[4.11523,51.18863],[4.11515,51.1893],[4.11527,51.18995],[4.11495,51.18995],[4.11476,51.1905],[4.11552,51.19107],[4.11872,51.19087],[4.11987,51.19077],[4.12196,51.19056],[4.12501,51.19025],[4.12841,51.19006],[4.13825,51.19126],[4.14485,51.19426],[4.15392,51.19986],[4.16066,51.20271],[4.1525,51.21368],[4.16185,51.22929],[4.16643,51.22988],[4.15684,51.25107],[4.16142,51.26304],[4.16342,51.28702],[4.15978,51.29022],[4.07073,51.24994]]]},"properties":{"postcode":"9170","nl":"Sint-Gillis-Waas","fr":"Sint-Gillis-Waas"}},
{"type":"Feature","geometry":{"type":"Polygon","coordinates":[[[4.31406,50.86714],[4.32522,50.86667],[4.31966,50.88024],[4.2982,50.8821],[4.29153,50.87528],[4.31406,50.86714]]]},"properties":{"postcode":"1083","nl":"Ganshoren","fr":"Ganshoren"}},
{"type":"Feature","geometry":{"type":"Polygon","coordinates":[[[4.32256,51.13121],[4.33378,51.1297],[4.35567,51.13434],[4.35839,51.13571],[4.3561,51.14055],[4.35578,51.14353],[4.35542,51.14478],[4.35448,51.14688],[4.35494,51.14725],[4.35399,51.1478],[4.35348,51.14815],[4.3518,51.14989],[4.34809,51.15586],[4.34141,51.15858],[4.33681,51.15933],[4.33594,51.15969],[4.33583,51.15983],[4.33578,51.16002],[4.33573,51.16034],[4.33267,51.16183],[4.32978,51.1617],[4.32986,51.15962],[4.33026,51.15562],[4.32786,51.14093],[4.3268,51.13811],[4.32621,51.13597],[4.32537,51.13414],[4.32256,51.13121]]]},"properties":{"postcode":"2620","nl":"Hemiksem","fr":"Hemiksem"}},
{"type":"Feature","geometry":{"type":"Polygon","coordinates":[[[3.24053,50.87167],[3.24091,50.87127],[3.2414,50.87079],[3.24373,50.86898],[3.24508,50.86824],[3.246,50.86788],[3.24635,50.86776],[3.24987,50.86023],[3.257,50.8554],[3.25665,50.85502],[3.25636,50.85472],[3.25625,50.85464],[3.25556,50.85353],[3.25666,50.85024],[3.25978,50.84887],[3.2601,50.84872],[3.26815,50.84526],[3.27124,50.84405],[3.28529,50.83956],[3.28546,50.83962],[3.28563,50.83974],[3.28631,50.84028],[3.28689,50.84088],[3.28731,50.84178],[3.28693,50.84348],[3.28688,50.84435],[3.29043,50.84726],[3.29407,50.8479],[3.29552,50.84796],[3.2966,50.84795],[3.29688,50.84796],[3.2974,50.848],[3.30151,50.85593],[3.29881,50.85997],[3.29691,50.85893],[3.29565,50.8604],[3.29501,50.86412],[3.28352,50.86671],[3.27253,50.87356],[3.27712,50.87588],[3.27602,50.87672],[3.27518,50.87734],[3.27418,50.87804],[3.27116,50.87919],[3.27106,50.87915],[3.27023,50.87893],[3.26958,50.87991],[3.26367,50.87774],[3.24956,50.87625],[3.24053,50.87167]]]},"properties":{"postcode":"8520","nl":"Kuurne","fr":"Kuurne"}},
{"type":"Feature","geometry":{"type":"Polygon","coordinates":[[[3.74486,50.72938],[3.74564,50.73013],[3.74609,50.73056],[3.74682,50.73126],[3.74698,50.7314],[3.74809,50.73247],[3.74939,50.73348],[3.7499,50.73362],[3.75037,50.73377],[3.75079,50.73359],[3.75257,50.73409],[3.75503,50.73563],[3.75676,50.73632],[3.75793,50.73525],[3.75821,50.7349],[3.75814,50.73475],[3.75916,50.7339],[3.76395,50.73439],[3.76902,50.73212],[3.77612,50.73787],[3.77653,50.73857],[3.7766,50.73871],[3.77674,50.73892],[3.77707,50.73954],[3.77658,50.74279],[3.77607,50.74337],[3.77494,50.74414],[3.77374,50.7451],[3.77394,50.74714],[3.77567,50.74789],[3.77281,50.75441],[3.76222,50.76089],[3.75853,50.76811],[3.74187,50.77482],[3.71437,50.76791],[3.70904,50.7747],[3.71018,50.78186],[3.69805,50.77454],[3.68852,50.7736],[3.69165,50.75196],[3.69523,50.74483],[3.70924,50.73555],[3.72684,50.73487],[3.74486,50.72938]]]},"properties":{"postcode":"7880","nl":"Vloesberg","fr":"Flobecq"}},
{"type":"Feature","geometry":{"type":"Polygon","coordinates":[[[5.22221,49.77164],[5.23308,49.78024],[5.22335,49.79343],[5.22182,49.80028],[5.24476,49.80989],[5.28134,49.81243],[5.29712,49.81561],[5.30349,49.82313],[5.32638,49.83154],[5.34483,49.82482],[5.35572,49.81647],[5.3656,49.82619],[5.36332,49.83583],[5.35136,49.84045],[5.35419,49.85208],[5.32698,49.8684],[5.31816,49.8835],[5.3056,49.88662],[5.29151,49.90747],[5.29836,49.91324],[5.27098,49.90782],[5.25254,49.91007],[5.23329,49.91755],[5.22893,49.92483],[5.20619,49.93052],[5.18905,49.93152],[5.18816,49.92925],[5.18782,49.92847],[5.18763,49.92826],[5.18619,49.92834],[5.18165,49.92561],[5.18116,49.92443],[5.18124,49.92175],[5.18146,49.92149],[5.18208,49.92121],[5.18174,49.9207],[5.18037,49.92022],[5.17716,49.91953],[5.17667,49.9194],[5.17637,49.91934],[5.17527,49.91905],[5.17192,49.91572],[5.16469,49.90701],[5.16563,49.90386],[5.16575,49.90351],[5.1659,49.9026],[5.16598,49.90182],[5.16612,49.90018],[5.16236,49.90001],[5.1662,49.89722],[5.17326,49.9025],[5.19552,49.89255],[5.19594,49.88429],[5.19149,49.86776],[5.1927,49.85868],[5.18326,49.85406],[5.18733,49.84313],[5.18088,49.83575],[5.17793,49.8361],[5.17553,49.83473],[5.17394,49.83254],[5.17281,49.83269],[5.17235,49.833],[5.17222,49.83327],[5.17199,49.83348],[5.16965,49.83155],[5.16968,49.8313],[5.16963,49.83111],[5.16916,49.83068],[5.16746,49.83019],[5.16606,49.83054],[5.16519,49.83055],[5.16489,49.83061],[5.16449,49.83072],[5.16432,49.83075],[5.16405,49.83067],[5.16362,49.82997],[5.16405,49.82821],[5.16423,49.82807],[5.16437,49.8279],[5.16473,49.82576],[5.16145,49.823],[5.16463,49.80948],[5.16471,49.80897],[5.16497,49.80852],[5.16491,49.80833],[5.16499,49.80822],[5.1677,49.80499],[5.16838,49.80337],[5.16859,49.80292],[5.16911,49.80219],[5.17033,49.79834],[5.16908,49.79553],[5.17227,49.79193],[5.1733,49.79057],[5.17413,49.78955],[5.17564,49.78907],[5.17762,49.78914],[5.17875,49.78938],[5.17983,49.78964],[5.18386,49.79181],[5.18451,49.79241],[5.1857,49.79344],[5.18595,49.79361],[5.18629,49.79395],[5.18866,49.79538],[5.1896,49.79209],[5.18892,49.79039],[5.18728,49.78957],[5.18681,49.78938],[5.18654,49.78936],[5.18635,49.78929],[5.1815,49.78494],[5.18058,49.78185],[5.18381,49.77943],[5.18395,49.7774],[5.18472,49.77636],[5.18517,49.77596],[5.18545,49.77544],[5.18546,49.77544],[5.19799,49.77556],[5.20212,49.77521],[5.20557,49.773],[5.21666,49.77454],[5.22221,49.77164]]]},"properties":{"postcode":"6880","nl":"Bertrix","fr":"Bertrix"}},
{"type":"Feature","geometry":{"type":"Polygon","coordinates":[[[3.868,50.95427],[3.87059,50.9617],[3.89551,50.97823],[3.91252,50.98354],[3.92131,51.01234],[3.91772,51.02254],[3.87875,51.02208],[3.85071,51.02054],[3.82822,51.01728],[3.82467,51.01937],[3.82361,51.00335],[3.82972,50.99369],[3.82885,50.99297],[3.82863,50.99269],[3.8288,50.99054],[3.83066,50.98861],[3.83315,50.98745],[3.83525,50.98603],[3.83623,50.98493],[3.8334,50.98321],[3.82932,50.98223],[3.82901,50.98217],[3.82624,50.98151],[3.82651,50.98103],[3.8246,50.98056],[3.82642,50.97891],[3.82642,50.9789],[3.82702,50.97839],[3.82738,50.97485],[3.85093,50.96301],[3.84763,50.95276],[3.868,50.95427]]]},"properties":{"postcode":"9230","nl":"Wetteren","fr":"Wetteren"}},
{"type":"Feature","geometry":{"type":"Polygon","coordinates":[[[4.7883,50.60211],[4.79003,50.60074],[4.79097,50.59999],[4.79241,50.59882],[4.79523,50.59644],[4.79716,50.59475],[4.79937,50.59275],[4.80229,50.58998],[4.80433,50.58795],[4.80626,50.58599],[4.80707,50.58515],[4.80616,50.58472],[4.80115,50.58318],[4.79347,50.58299],[4.79171,50.58497],[4.78817,50.58039],[4.78719,50.57601],[4.78864,50.57478],[4.78972,50.5739],[4.79058,50.572],[4.79655,50.57306],[4.81804,50.55373],[4.83306,50.55448],[4.85903,50.54593],[4.87212,50.54562],[4.87248,50.53448],[4.89594,50.52664],[4.89875,50.52782],[4.90318,50.52964],[4.91068,50.52985],[4.91896,50.52606],[4.92001,50.52654],[4.92183,50.52739],[4.92349,50.52815],[4.93511,50.53387],[4.93988,50.53707],[4.93064,50.55166],[4.93243,50.56144],[4.95656,50.58113],[4.97145,50.58922],[4.97149,50.59643],[4.96373,50.60565],[4.9793,50.61859],[4.98794,50.62584],[4.9819,50.63452],[4.98334,50.6423],[4.97889,50.63956],[4.96522,50.64844],[4.94111,50.6434],[4.94102,50.63605],[4.92929,50.6274],[4.90065,50.6225],[4.88864,50.62199],[4.85243,50.61539],[4.83131,50.60852],[4.81701,50.60935],[4.7883,50.60211]]]},"properties":{"postcode":"5310","nl":"Éghezée","fr":"Éghezée"}},
{"type":"Feature","geometry":{"type":"Polygon","coordinates":[[[5.64303,51.01878],[5.64206,51.01799],[5.63184,51.01784],[5.6303,51.01776],[5.62548,51.01769],[5.62501,51.01441],[5.62445,51.01121],[5.6242,51.00991],[5.62381,51.00776],[5.62293,51.0032],[5.62261,51.00104],[5.62246,50.99927],[5.62675,50.99813],[5.63573,50.99585],[5.64056,50.99602],[5.64085,50.99597],[5.64585,50.99616],[5.65915,50.99658],[5.66017,50.99657],[5.67638,51.00165],[5.71254,51.00403],[5.73206,51.00358],[5.74087,51.00732],[5.75911,51.00741],[5.77564,51.02068],[5.77285,51.02743],[5.758,51.03366],[5.77075,51.04919],[5.77465,51.06298],[5.79317,51.05853],[5.80105,51.06402],[5.79755,51.07356],[5.79137,51.06244],[5.77733,51.07006],[5.7772,51.07562],[5.76165,51.08235],[5.75131,51.07923],[5.74116,51.08108],[5.70794,51.07341],[5.69433,51.05951],[5.67547,51.06964],[5.671,51.06159],[5.66486,51.03631],[5.64303,51.01878]]]},"properties":{"postcode":"3650","nl":"Dilsen-Stokkem","fr":"Dilsen-Stokkem"}},
{"type":"Feature","geometry":{"type":"Polygon","coordinates":[[[5.31065,50.98159],[5.31392,50.97748],[5.31656,50.97834],[5.31676,50.97803],[5.31687,50.97791],[5.31708,50.9778],[5.32124,50.97904],[5.32228,50.97881],[5.32313,50.97869],[5.32461,50.97802],[5.33643,50.96382],[5.35079,50.96825],[5.35217,50.96823],[5.35323,50.96812],[5.35399,50.96808],[5.35431,50.96806],[5.37842,50.97603],[5.38571,50.97663],[5.38846,50.97754],[5.3885,50.97773],[5.38861,50.97783],[5.39726,50.97146],[5.40088,50.96826],[5.40133,50.96756],[5.42368,50.97464],[5.43035,50.98319],[5.46564,51.00101],[5.41526,51.01104],[5.39677,51.01247],[5.34798,51.01219],[5.32642,51.01207],[5.32943,51.00534],[5.3015,50.99571],[5.30454,50.98575],[5.31065,50.98159]]]},"properties":{"postcode":"3520","nl":"Zonhoven","fr":"Zonhoven"}},
{"type":"Feature","geometry":{"type":"Polygon","coordinates":[[[4.07073,51.24994],[4.06185,51.24457],[4.04055,51.24132],[4.02093,51.24536],[4.01129,51.2441],[3.98621,51.23416],[3.97918,51.22551],[3.98728,51.22185],[3.99147,51.21839],[3.99307,51.21721],[3.99334,51.21695],[3.99421,51.21605],[3.99307,51.21545],[3.98851,51.21452],[3.98765,51.21444],[3.98336,51.21357],[3.98251,51.21345],[3.98233,51.2134],[3.97112,51.20795],[3.97119,51.20787],[3.97146,51.20714],[3.97176,51.20677],[3.97239,51.20563],[3.97249,51.20507],[3.98213,51.18763],[3.97958,51.18676],[3.98194,51.18232],[3.98311,51.18082],[3.9842,51.17936],[3.98481,51.17868],[3.98579,51.17641],[3.99909,51.17264],[3.99967,51.17289],[4.00027,51.17312],[4.00083,51.17339],[4.0026,51.17412],[4.03038,51.18656],[4.03225,51.18779],[4.03266,51.18817],[4.03339,51.18892],[4.03413,51.18969],[4.03489,51.19045],[4.03629,51.19163],[4.04261,51.18772],[4.05295,51.18642],[4.05315,51.18635],[4.0538,51.18605],[4.05516,51.18516],[4.05568,51.18502],[4.05669,51.18481],[4.05742,51.18465],[4.05813,51.18446],[4.05879,51.18416],[4.05908,51.18394],[4.05971,51.18415],[4.06073,51.18467],[4.06155,51.18536],[4.06337,51.18833],[4.06969,51.1928],[4.07601,51.20499],[4.09293,51.206],[4.09351,51.21193],[4.07763,51.21966],[4.07267,51.22831],[4.08495,51.232],[4.07073,51.24994]]]},"properties":{"postcode":"9190","nl":"Stekene","fr":"Stekene"}},
{"type":"Feature","geometry":{"type":"Polygon","coordinates":[[[3.09815,51.0188],[3.10317,51.02981],[3.11806,51.03335],[3.11618,51.03862],[3.13652,51.05615],[3.13508,51.06117],[3.1579,51.06849],[3.15038,51.08012],[3.1557,51.08409],[3.13642,51.09389],[3.12701,51.094],[3.12554,51.09325],[3.12212,51.09151],[3.12141,51.09114],[3.12107,51.09174],[3.1151,51.09188],[3.11448,51.09155],[3.11319,51.09083],[3.11168,51.09017],[3.11147,51.09001],[3.11101,51.09052],[3.10678,51.08905],[3.10198,51.09119],[3.10035,51.09129],[3.10113,51.09204],[3.10133,51.09237],[3.10125,51.09244],[3.09474,51.08928],[3.08213,51.10223],[3.08196,51.10401],[3.0785,51.10326],[3.06641,51.10243],[3.05519,51.09274],[3.06081,51.08393],[3.04355,51.06063],[3.05231,51.05663],[3.0549,51.04296],[3.06521,51.03377],[3.06977,51.01546],[3.08278,51.01353],[3.09815,51.0188]]]},"properties":{"postcode":"8820","nl":"Torhout","fr":"Torhout"}},
{"type":"Feature","geometry":{"type":"Polygon","coordinates":[[[5.87915,50.51024],[5.88585,50.51206],[5.89542,50.50515],[5.89033,50.50119],[5.90315,50.49533],[5.91228,50.48327],[5.92083,50.48351],[5.9317,50.46655],[5.94059,50.47192],[5.96625,50.48005],[5.97144,50.48637],[5.99316,50.48738],[6.00532,50.49631],[6.02195,50.50377],[6.06302,50.51904],[6.07318,50.51966],[6.07281,50.52596],[6.05061,50.54536],[6.03136,50.55147],[6.02841,50.56096],[6.00266,50.57269],[5.99955,50.58309],[5.97416,50.5887],[5.9734,50.59232],[5.97356,50.59266],[5.97444,50.59387],[5.97348,50.59353],[5.97295,50.5933],[5.97088,50.5932],[5.96694,50.59065],[5.96641,50.59053],[5.96565,50.59034],[5.96504,50.59013],[5.96454,50.5902],[5.96394,50.5899],[5.96356,50.58919],[5.96247,50.58864],[5.96221,50.58819],[5.96209,50.58802],[5.96137,50.58789],[5.9609,50.58761],[5.96053,50.58752],[5.96029,50.58739],[5.96022,50.58729],[5.95995,50.58721],[5.95987,50.58712],[5.95864,50.58544],[5.95964,50.58457],[5.95958,50.58433],[5.95966,50.58428],[5.95963,50.58398],[5.95959,50.5837],[5.95517,50.58112],[5.94011,50.57649],[5.93912,50.57649],[5.93605,50.57639],[5.93596,50.57636],[5.93299,50.57629],[5.92765,50.57786],[5.92677,50.57895],[5.9267,50.57934],[5.9266,50.57961],[5.92645,50.58009],[5.92552,50.58178],[5.92533,50.5819],[5.92438,50.58186],[5.92426,50.58172],[5.92316,50.58149],[5.91761,50.5819],[5.91077,50.58605],[5.90743,50.58607],[5.90628,50.58508],[5.90587,50.58492],[5.90541,50.58475],[5.90458,50.58467],[5.90383,50.58434],[5.90102,50.5826],[5.9004,50.58143],[5.89975,50.58088],[5.89986,50.58072],[5.90016,50.58051],[5.90089,50.58046],[5.90135,50.5803],[5.90154,50.58032],[5.90183,50.5803],[5.91019,50.57702],[5.91029,50.57692],[5.91026,50.57684],[5.91044,50.57665],[5.91042,50.57645],[5.9103,50.57638],[5.91029,50.57606],[5.9106,50.57537],[5.90875,50.57191],[5.90833,50.56946],[5.90824,50.56869],[5.90937,50.5676],[5.91892,50.55608],[5.91171,50.54194],[5.88712,50.54097],[5.87789,50.5353],[5.88215,50.53019],[5.87915,50.51024]]]},"properties":{"postcode":"4845","nl":"Jalhay","fr":"Jalhay"}},
{"type":"Feature","geometry":{"type":"Polygon","coordinates":[[[3.81959,50.3986],[3.82014,50.39873],[3.82089,50.39835],[3.82108,50.39785],[3.82989,50.39489],[3.83502,50.38492],[3.842,50.38311],[3.86127,50.38525],[3.87183,50.40397],[3.86934,50.41138],[3.8628,50.41924],[3.85307,50.42441],[3.84656,50.42778],[3.8505,50.43327],[3.84728,50.43451],[3.8454,50.43348],[3.84323,50.4341],[3.84275,50.43425],[3.84171,50.4343],[3.84138,50.43362],[3.84109,50.43366],[3.84083,50.43297],[3.83969,50.43305],[3.83926,50.43287],[3.8395,50.43184],[3.83823,50.43165],[3.83937,50.42958],[3.83753,50.42981],[3.83557,50.4299],[3.83494,50.42985],[3.83469,50.42981],[3.83121,50.42467],[3.83096,50.4231],[3.83106,50.42288],[3.83128,50.42254],[3.83089,50.42141],[3.83068,50.42022],[3.8305,50.41972],[3.83038,50.41912],[3.83024,50.41692],[3.82587,50.41699],[3.82573,50.4152],[3.82489,50.41554],[3.82473,50.41521],[3.82421,50.41398],[3.8189,50.41464],[3.81536,50.4109],[3.81532,50.4108],[3.81518,50.41029],[3.81477,50.40878],[3.81393,50.40612],[3.81398,50.40044],[3.81959,50.3986]]]},"properties":{"postcode":"7340","nl":"Colfontaine","fr":"Colfontaine"}},
{"type":"Feature","geometry":{"type":"Polygon","coordinates":[[[3.4196,50.91095],[3.41926,50.90955],[3.41909,50.90928],[3.41865,50.90882],[3.41829,50.90849],[3.41652,50.90598],[3.41602,50.90481],[3.41675,50.904],[3.41667,50.903],[3.41853,50.90243],[3.41903,50.90226],[3.41945,50.90195],[3.41948,50.90164],[3.41946,50.90135],[3.41959,50.90104],[3.42077,50.90003],[3.42129,50.8997],[3.42232,50.89917],[3.42276,50.89893],[3.42348,50.89855],[3.42414,50.89838],[3.42582,50.89817],[3.42709,50.89803],[3.42927,50.89775],[3.43012,50.8975],[3.43151,50.89681],[3.44515,50.90065],[3.45323,50.90765],[3.46673,50.90207],[3.46824,50.9039],[3.46862,50.90472],[3.46866,50.90488],[3.46884,50.90507],[3.47324,50.90531],[3.48598,50.91494],[3.48627,50.91523],[3.48659,50.91559],[3.48753,50.9167],[3.48945,50.91879],[3.49456,50.92527],[3.50919,50.9357],[3.5106,50.9373],[3.51181,50.93871],[3.51147,50.93892],[3.5134,50.94065],[3.51741,50.94483],[3.5168,50.953],[3.50414,50.96524],[3.5077,50.97216],[3.50335,50.97722],[3.50426,50.98014],[3.50395,50.98195],[3.50386,50.98328],[3.50383,50.98353],[3.49491,50.98302],[3.49183,50.98211],[3.48812,50.98123],[3.48013,50.98092],[3.47543,50.97739],[3.47656,50.95738],[3.45984,50.95986],[3.45429,50.94938],[3.43963,50.93822],[3.45618,50.93672],[3.45069,50.92869],[3.43018,50.93293],[3.42431,50.92639],[3.43098,50.92012],[3.42713,50.91191],[3.4196,50.91095]]]},"properties":{"postcode":"9870","nl":"Zulte","fr":"Zulte"}},
{"type":"Feature","geometry":{"type":"Polygon","coordinates":[[[3.76465,51.19134],[3.75622,51.19019],[3.73076,51.19261],[3.72995,51.17873],[3.72201,51.17652],[3.69224,51.18562],[3.68942,51.18092],[3.69304,51.16775],[3.67192,51.16777],[3.6603,51.16819],[3.6537,51.16874],[3.65292,51.16893],[3.65209,51.16917],[3.65171,51.16927],[3.65066,51.16957],[3.65004,51.16972],[3.64878,51.16964],[3.64725,51.16949],[3.64669,51.16958],[3.64592,51.16984],[3.64579,51.1699],[3.64571,51.16985],[3.64413,51.1687],[3.64256,51.16756],[3.64113,51.16653],[3.64154,51.16626],[3.64538,51.16349],[3.64603,51.16296],[3.64049,51.15622],[3.64607,51.14813],[3.6478,51.14196],[3.64778,51.13958],[3.64725,51.13482],[3.64638,51.13097],[3.64616,51.12058],[3.64858,51.11624],[3.64846,51.11598],[3.64839,51.11555],[3.64834,51.11507],[3.64795,51.11356],[3.64719,51.11283],[3.6475,51.10122],[3.64794,51.09728],[3.64871,51.0953],[3.64903,51.09443],[3.64997,51.0933],[3.65075,51.09227],[3.65156,51.0912],[3.6527,51.08979],[3.65437,51.08921],[3.65566,51.08872],[3.65905,51.08716],[3.66651,51.08892],[3.66949,51.08973],[3.67072,51.08985],[3.67396,51.09057],[3.67534,51.09089],[3.67985,51.09188],[3.68264,51.09252],[3.68395,51.09284],[3.68508,51.09313],[3.68832,51.09405],[3.69092,51.09494],[3.69164,51.09522],[3.6927,51.09564],[3.69409,51.09625],[3.69641,51.09733],[3.69879,51.09849],[3.70297,51.10061],[3.70669,51.10248],[3.71385,51.10489],[3.71804,51.1051],[3.71915,51.10502],[3.71981,51.10495],[3.72033,51.10488],[3.75375,51.12162],[3.7677,51.13318],[3.77701,51.14748],[3.76238,51.14606],[3.76045,51.15193],[3.75916,51.15369],[3.761,51.15446],[3.76252,51.16042],[3.76335,51.16029],[3.76407,51.16022],[3.76439,51.16233],[3.76381,51.16373],[3.765,51.16382],[3.76507,51.16426],[3.76375,51.16413],[3.76353,51.16467],[3.76362,51.16487],[3.76444,51.16552],[3.76506,51.16619],[3.76643,51.16617],[3.77064,51.16745],[3.77192,51.16806],[3.77218,51.16814],[3.77299,51.16826],[3.7784,51.16814],[3.77888,51.16813],[3.77937,51.16816],[3.77994,51.16826],[3.78243,51.16885],[3.78341,51.16937],[3.78381,51.16978],[3.78403,51.16997],[3.7844,51.17019],[3.78616,51.17075],[3.78681,51.17087],[3.78797,51.17108],[3.78881,51.17115],[3.79052,51.17194],[3.79065,51.17195],[3.79051,51.17211],[3.7901,51.17265],[3.7899,51.1732],[3.79056,51.17499],[3.79167,51.17584],[3.79246,51.17655],[3.7927,51.17674],[3.79144,51.18065],[3.79148,51.18077],[3.79241,51.18187],[3.79159,51.18224],[3.79207,51.18366],[3.79356,51.18326],[3.79871,51.18889],[3.79283,51.18637],[3.77208,51.18813],[3.76465,51.19134]]]},"properties":{"postcode":"9940","nl":"Evergem","fr":"Evergem"}},
{"type":"Feature","geometry":{"type":"Polygon","coordinates":[[[2.56589,51.04614],[2.57594,51.01387],[2.57404,51.00324],[2.59544,50.99204],[2.60701,50.99119],[2.61177,50.98869],[2.6144,50.99114],[2.61493,50.99197],[2.61561,50.99244],[2.61574,50.99255],[2.61581,50.99269],[2.6145,50.99615],[2.6146,50.99621],[2.6148,50.99626],[2.61597,50.99649],[2.61679,50.99672],[2.61735,50.99695],[2.61934,50.99742],[2.62265,50.99794],[2.62408,50.99911],[2.62638,51.00038],[2.627,51.00061],[2.62775,51.00101],[2.62815,51.0012],[2.63066,51.00189],[2.63143,51.0022],[2.63215,51.00254],[2.63279,51.00287],[2.63389,51.0034],[2.63546,51.00405],[2.64209,51.00621],[2.6484,51.00081],[2.66429,51.00487],[2.68978,51.02262],[2.70106,51.03378],[2.70887,51.03336],[2.72117,51.03956],[2.72294,51.03646],[2.72766,51.03826],[2.72996,51.03804],[2.73004,51.03728],[2.73167,51.03731],[2.73562,51.04006],[2.73488,51.04066],[2.73467,51.04082],[2.73387,51.04137],[2.73771,51.04361],[2.73822,51.04396],[2.73851,51.04354],[2.7383,51.04339],[2.73841,51.0432],[2.74072,51.04423],[2.74177,51.04307],[2.74346,51.04389],[2.74408,51.0443],[2.74578,51.04429],[2.74736,51.0439],[2.74706,51.04356],[2.74831,51.04313],[2.76886,51.05385],[2.77677,51.06632],[2.77098,51.07111],[2.76629,51.08672],[2.75145,51.09653],[2.7426,51.09777],[2.72353,51.09471],[2.71641,51.085],[2.69625,51.08184],[2.69558,51.08828],[2.68174,51.09022],[2.65589,51.08351],[2.62842,51.0862],[2.62499,51.0847],[2.6345,51.07856],[2.6332,51.06702],[2.62153,51.06228],[2.60186,51.05865],[2.57298,51.05097],[2.56589,51.04614]]]},"properties":{"postcode":"8630","nl":"Veurne","fr":"Furnes"}},
{"type":"Feature","geometry":{"type":"Polygon","coordinates":[[[4.69529,50.42811],[4.71521,50.41801],[4.71948,50.41276],[4.73166,50.42005],[4.75401,50.41255],[4.76011,50.40791],[4.78569,50.40563],[4.79913,50.39305],[4.82887,50.41112],[4.82239,50.42399],[4.80045,50.41397],[4.78434,50.41583],[4.78352,50.42759],[4.78734,50.43878],[4.79244,50.44229],[4.79034,50.44396],[4.79322,50.44845],[4.79101,50.44887],[4.77297,50.46738],[4.77045,50.46966],[4.75031,50.46492],[4.73392,50.46618],[4.73295,50.47192],[4.71173,50.46711],[4.71652,50.46031],[4.71333,50.45104],[4.70352,50.44304],[4.69529,50.42811]]]},"properties":{"postcode":"5150","nl":"Floreffe","fr":"Floreffe"}},
{"type":"Feature","geometry":{"type":"Polygon","coordinates":[[[5.24273,50.86703],[5.2636,50.85467],[5.26611,50.85444],[5.26653,50.85438],[5.2678,50.85417],[5.26847,50.85408],[5.27026,50.85392],[5.283,50.85367],[5.28678,50.85407],[5.28782,50.85446],[5.29085,50.85509],[5.29782,50.85582],[5.29957,50.85595],[5.30065,50.85602],[5.31723,50.86566],[5.33033,50.86628],[5.33367,50.86649],[5.33433,50.86681],[5.33471,50.8669],[5.33526,50.867],[5.33574,50.86703],[5.35201,50.86755],[5.34643,50.88581],[5.31872,50.88886],[5.30968,50.89519],[5.29221,50.898],[5.28388,50.90478],[5.27812,50.90849],[5.27708,50.90993],[5.27495,50.91034],[5.2744,50.91015],[5.27425,50.91015],[5.27382,50.91025],[5.27324,50.91029],[5.27157,50.90948],[5.27046,50.90854],[5.27042,50.90842],[5.27009,50.90815],[5.26962,50.90783],[5.26241,50.90465],[5.26217,50.90451],[5.26192,50.90457],[5.26056,50.90439],[5.26013,50.90438],[5.2547,50.9031],[5.2509,50.90153],[5.24952,50.90026],[5.24918,50.89968],[5.2492,50.89425],[5.24953,50.89387],[5.24997,50.89341],[5.25003,50.89329],[5.25307,50.89269],[5.26359,50.89171],[5.25016,50.88165],[5.24273,50.86703]]]},"properties":{"postcode":"3570","nl":"Alken","fr":"Alken"}},
{"type":"Feature","geometry":{"type":"Polygon","coordinates":[[[3.67247,50.82152],[3.67347,50.81612],[3.685,50.80944],[3.68384,50.80566],[3.68732,50.80505],[3.68561,50.80267],[3.68383,50.8027],[3.68302,50.80179],[3.68247,50.80118],[3.68291,50.8008],[3.68358,50.80015],[3.68769,50.7984],[3.68818,50.79913],[3.68862,50.79947],[3.68956,50.80009],[3.69107,50.80032],[3.69182,50.80153],[3.69381,50.80481],[3.69358,50.80523],[3.6924,50.80657],[3.68832,50.8091],[3.69917,50.81144],[3.70651,50.81623],[3.70607,50.823],[3.71465,50.83763],[3.71431,50.84848],[3.69746,50.86229],[3.68284,50.85242],[3.68654,50.84921],[3.68083,50.83641],[3.68176,50.82516],[3.67247,50.82152]]]},"properties":{"postcode":"9667","nl":"Horebeke","fr":"Horebeke"}},
{"type":"Feature","geometry":{"type":"Polygon","coordinates":[[[4.3118,50.79751],[4.32498,50.80548],[4.34792,50.81429],[4.34794,50.81477],[4.34782,50.81475],[4.34729,50.81613],[4.34919,50.81591],[4.35035,50.81569],[4.35057,50.81648],[4.35174,50.81793],[4.3519,50.81834],[4.35219,50.81867],[4.35231,50.819],[4.35309,50.82024],[4.34454,50.82112],[4.34294,50.82189],[4.34145,50.82264],[4.3412,50.82304],[4.33972,50.82461],[4.33929,50.82498],[4.33807,50.82574],[4.33749,50.82605],[4.33727,50.82621],[4.33713,50.82616],[4.33581,50.82694],[4.33471,50.82798],[4.3259,50.83055],[4.30645,50.81244],[4.30205,50.80422],[4.3118,50.79751]]]},"properties":{"postcode":"1190","nl":"Vorst","fr":"Forest"}},
{"type":"Feature","geometry":{"type":"Polygon","coordinates":[[[5.45703,49.56698],[5.44772,49.55451],[5.44139,49.55228],[5.46534,49.53893],[5.46705,49.52589],[5.44792,49.51702],[5.46593,49.50885],[5.46508,49.49882],[5.47421,49.49726],[5.48502,49.50723],[5.49973,49.50658],[5.51754,49.50922],[5.52133,49.51326],[5.51245,49.52933],[5.51535,49.52988],[5.51484,49.53204],[5.51496,49.53337],[5.51501,49.53437],[5.51133,49.54012],[5.5111,49.5401],[5.51018,49.54005],[5.50834,49.54012],[5.50792,49.54098],[5.50827,49.54193],[5.5085,49.54226],[5.50878,49.54256],[5.50813,49.54286],[5.50732,49.54424],[5.50722,49.54535],[5.5075,49.54643],[5.50584,49.54682],[5.50708,49.54791],[5.50736,49.54811],[5.50815,49.54854],[5.50547,49.55019],[5.50385,49.55082],[5.50277,49.55128],[5.50098,49.55235],[5.50162,49.55339],[5.50172,49.55342],[5.50272,49.55354],[5.50382,49.55424],[5.50303,49.55457],[5.50288,49.55484],[5.50265,49.55534],[5.50305,49.55525],[5.50335,49.55606],[5.50352,49.55608],[5.50369,49.55605],[5.50382,49.55608],[5.50471,49.55725],[5.50518,49.55761],[5.50485,49.55778],[5.5047,49.55793],[5.50502,49.55827],[5.50513,49.55828],[5.50539,49.55824],[5.50565,49.55843],[5.50568,49.55881],[5.50567,49.55914],[5.50568,49.55919],[5.50633,49.55977],[5.50966,49.56319],[5.50245,49.56796],[5.50082,49.56799],[5.4994,49.56804],[5.49916,49.56804],[5.49718,49.56778],[5.49271,49.57492],[5.4833,49.56605],[5.45703,49.56698]]]},"properties":{"postcode":"6767","nl":"Rouvroy","fr":"Rouvroy"}},
{"type":"Feature","geometry":{"type":"Polygon","coordinates":[[[3.31404,50.90514],[3.34396,50.91411],[3.34731,50.9208],[3.37618,50.94008],[3.37366,50.94385],[3.36618,50.94782],[3.3748,50.96039],[3.36416,50.9638],[3.36241,50.96367],[3.3611,50.96386],[3.36081,50.96404],[3.35982,50.96424],[3.35946,50.96429],[3.35917,50.96425],[3.35859,50.96424],[3.34709,50.96107],[3.35269,50.95484],[3.35151,50.95425],[3.35182,50.95379],[3.35093,50.95254],[3.35019,50.95177],[3.35033,50.95171],[3.34371,50.94868],[3.33902,50.94351],[3.3367,50.94222],[3.33583,50.94022],[3.33127,50.93735],[3.33058,50.93708],[3.32955,50.93664],[3.32833,50.9363],[3.32765,50.93595],[3.32016,50.93354],[3.3144,50.92321],[3.31408,50.92314],[3.31343,50.92302],[3.31188,50.92272],[3.30982,50.92213],[3.30903,50.92183],[3.30886,50.92177],[3.30779,50.92158],[3.30703,50.92154],[3.30679,50.92151],[3.30582,50.92122],[3.30567,50.92113],[3.30519,50.92077],[3.30482,50.92058],[3.3042,50.92042],[3.30361,50.9204],[3.30289,50.92047],[3.30238,50.92049],[3.29749,50.91912],[3.29701,50.91882],[3.29672,50.91826],[3.28972,50.91649],[3.28765,50.91525],[3.28687,50.90428],[3.30412,50.90706],[3.31404,50.90514]]]},"properties":{"postcode":"8780","nl":"Oostrozebeke","fr":"Oostrozebeke"}},
{"type":"Feature","geometry":{"type":"Polygon","coordinates":[[[3.11765,50.89035],[3.15031,50.88702],[3.17483,50.89213],[3.17825,50.91265],[3.17248,50.93527],[3.17346,50.94193],[3.1741,50.94488],[3.1758,50.95263],[3.17597,50.95339],[3.17149,50.95316],[3.17061,50.95417],[3.16983,50.95503],[3.16794,50.95687],[3.16546,50.95965],[3.16504,50.96076],[3.16486,50.96147],[3.16439,50.96363],[3.16433,50.96497],[3.16495,50.96582],[3.1656,50.96648],[3.16554,50.9666],[3.16664,50.96802],[3.1681,50.97008],[3.17036,50.9742],[3.17276,50.98497],[3.17137,50.99014],[3.17125,50.99025],[3.17088,50.99044],[3.17089,50.99022],[3.16984,50.98998],[3.1687,50.98896],[3.16573,50.9933],[3.14994,50.99365],[3.12405,50.98337],[3.11224,50.97147],[3.09743,50.96454],[3.08156,50.96204],[3.08202,50.95727],[3.08831,50.94674],[3.087,50.93943],[3.06192,50.9237],[3.06569,50.91716],[3.08957,50.92796],[3.09885,50.9128],[3.09803,50.9072],[3.11765,50.89035]]]},"properties":{"postcode":"8800","nl":"Roeselare","fr":"Roulers"}},
{"type":"Feature","geometry":{"type":"Polygon","coordinates":[[[4.87576,49.9248],[4.88945,49.90956],[4.88649,49.89749],[4.87771,49.89461],[4.85671,49.86474],[4.8518,49.85269],[4.86717,49.84206],[4.86918,49.82285],[4.87612,49.81725],[4.86528,49.8133],[4.86309,49.8019],[4.85623,49.79212],[4.88051,49.79283],[4.88787,49.78822],[4.90867,49.78571],[4.92012,49.7887],[4.93094,49.78702],[4.94738,49.799],[4.96755,49.79849],[4.96919,49.81064],[4.96954,49.81096],[4.97037,49.81175],[4.97091,49.81219],[4.97086,49.8123],[4.97112,49.81254],[4.97559,49.81447],[4.97598,49.81455],[4.9766,49.81476],[4.97774,49.8151],[4.97849,49.8152],[4.97984,49.81577],[4.98109,49.81645],[4.9798,49.81809],[4.97903,49.81821],[4.97706,49.8184],[4.97707,49.81996],[4.97723,49.82],[4.97745,49.82001],[4.97901,49.82041],[4.98258,49.82093],[4.98802,49.82042],[4.98758,49.82256],[4.98799,49.82305],[4.98808,49.82322],[4.9905,49.82438],[4.9875,49.82459],[4.98703,49.82475],[4.98595,49.82516],[4.98443,49.82632],[4.98414,49.82686],[4.98386,49.82757],[4.9836,49.82863],[4.98336,49.83375],[4.98547,49.83822],[4.9812,49.84288],[4.97375,49.85191],[4.9786,49.85642],[4.95407,49.87633],[4.93406,49.88383],[4.93216,49.89474],[4.94336,49.90103],[4.95278,49.91108],[4.94308,49.91693],[4.93769,49.92354],[4.91354,49.93104],[4.90163,49.92399],[4.87576,49.9248]]]},"properties":{"postcode":"5550","nl":"Vresse-sur-Semois","fr":"Vresse-sur-Semois"}},
{"type":"Feature","geometry":{"type":"Polygon","coordinates":[[[3.54109,50.81129],[3.55198,50.81841],[3.57614,50.82123],[3.58932,50.83352],[3.57946,50.83438],[3.56805,50.84098],[3.57756,50.85011],[3.57417,50.85874],[3.54851,50.88015],[3.54605,50.87969],[3.54438,50.87953],[3.54323,50.87949],[3.54326,50.87968],[3.54316,50.88002],[3.54287,50.88032],[3.5427,50.881],[3.54229,50.88139],[3.53267,50.8867],[3.53096,50.88652],[3.53014,50.88597],[3.52962,50.88549],[3.5295,50.8853],[3.52837,50.88146],[3.52874,50.88131],[3.53239,50.87748],[3.52767,50.87639],[3.52745,50.87636],[3.52709,50.87625],[3.52592,50.87579],[3.52428,50.87537],[3.52216,50.87388],[3.51639,50.87401],[3.51357,50.87395],[3.51243,50.87375],[3.51207,50.87366],[3.5084,50.87368],[3.50004,50.872],[3.48491,50.87741],[3.46974,50.8767],[3.46464,50.87445],[3.46036,50.87562],[3.45878,50.87585],[3.45746,50.87622],[3.45564,50.87226],[3.45578,50.87217],[3.45589,50.87202],[3.45648,50.87132],[3.45685,50.86919],[3.45672,50.8688],[3.45649,50.86821],[3.45592,50.86828],[3.45519,50.86836],[3.45497,50.86815],[3.45296,50.86871],[3.45132,50.86755],[3.45317,50.86612],[3.45379,50.86542],[3.45405,50.86509],[3.4553,50.86481],[3.456,50.86357],[3.46239,50.86082],[3.46442,50.86143],[3.46802,50.85401],[3.46829,50.85376],[3.46851,50.85365],[3.46879,50.85355],[3.48208,50.85768],[3.4882,50.85404],[3.48876,50.85331],[3.48901,50.85293],[3.48917,50.8526],[3.48914,50.85228],[3.48926,50.85221],[3.48911,50.85139],[3.48959,50.85139],[3.49008,50.85048],[3.49073,50.84846],[3.49356,50.8456],[3.49777,50.84328],[3.49961,50.84062],[3.49905,50.83992],[3.49906,50.83933],[3.49913,50.83922],[3.4995,50.83933],[3.49994,50.83832],[3.51453,50.83195],[3.50545,50.82171],[3.50904,50.81482],[3.51165,50.81464],[3.51435,50.81134],[3.51547,50.80993],[3.51549,50.80986],[3.5162,50.80899],[3.51799,50.80853],[3.51842,50.80873],[3.51901,50.80897],[3.52335,50.80534],[3.54109,50.81129]]]},"properties":{"postcode":"9790","nl":"Wortegem-Petegem","fr":"Wortegem-Petegem"}},
{"type":"Feature","geometry":{"type":"Polygon","coordinates":[[[4.5174,50.9557],[4.5158,50.95596],[4.51269,50.9575],[4.51177,50.95829],[4.51156,50.95839],[4.51141,50.95858],[4.51028,50.95885],[4.51011,50.95874],[4.50983,50.9585],[4.5097,50.95836],[4.50945,50.95821],[4.50479,50.95931],[4.5045,50.9588],[4.50367,50.95859],[4.50297,50.95767],[4.49881,50.95822],[4.49778,50.95801],[4.49649,50.95797],[4.49629,50.95807],[4.49598,50.95795],[4.49567,50.95789],[4.48414,50.95543],[4.48612,50.95055],[4.48602,50.94981],[4.48582,50.94944],[4.48587,50.94913],[4.486,50.94901],[4.48639,50.94877],[4.48656,50.94861],[4.48646,50.94741],[4.48707,50.9466],[4.48696,50.94597],[4.487,50.94574],[4.48696,50.94562],[4.4866,50.94533],[4.4864,50.945],[4.48523,50.94393],[4.4839,50.94192],[4.48408,50.94121],[4.48127,50.93904],[4.47612,50.93394],[4.47982,50.92506],[4.46377,50.92078],[4.46316,50.91703],[4.46236,50.91564],[4.46188,50.91577],[4.46144,50.91596],[4.46036,50.91409],[4.45783,50.90778],[4.45968,50.90697],[4.46429,50.90494],[4.46723,50.90521],[4.46972,50.89874],[4.49379,50.90237],[4.49921,50.88954],[4.51048,50.88908],[4.51177,50.88934],[4.51506,50.89011],[4.5159,50.89032],[4.51748,50.89068],[4.53413,50.89636],[4.53273,50.89762],[4.53236,50.89795],[4.53121,50.8995],[4.5298,50.90347],[4.53261,50.90976],[4.53414,50.91747],[4.52182,50.92259],[4.51301,50.93233],[4.51783,50.94373],[4.5174,50.9557]]]},"properties":{"postcode":"1820","nl":"Steenokkerzeel","fr":"Steenokkerzeel"}},
{"type":"Feature","geometry":{"type":"Polygon","coordinates":[[[4.40045,51.11805],[4.42503,51.11631],[4.43001,51.10778],[4.43838,51.1067],[4.43887,51.09494],[4.46543,51.09302],[4.47417,51.0967],[4.47282,51.10276],[4.47872,51.1136],[4.48652,51.11564],[4.47219,51.14183],[4.46278,51.14717],[4.43394,51.14473],[4.42756,51.1494],[4.41502,51.14573],[4.40142,51.14983],[4.40833,51.14267],[4.40045,51.11805]]]},"properties":{"postcode":"2550","nl":"Kontich","fr":"Kontich"}},
{"type":"Feature","geometry":{"type":"Polygon","coordinates":[[[4.05855,51.10183],[4.06746,51.10793],[4.07979,51.09538],[4.08792,51.0953],[4.11377,51.10402],[4.14169,51.10519],[4.13014,51.10782],[4.1348,51.1196],[4.13163,51.12968],[4.13055,51.1331],[4.13024,51.13404],[4.1295,51.13517],[4.12925,51.1357],[4.12909,51.13592],[4.12893,51.13609],[4.12015,51.14182],[4.11912,51.14395],[4.1147,51.14066],[4.11243,51.1407],[4.10954,51.14027],[4.10842,51.14005],[4.10323,51.13503],[4.10298,51.13424],[4.10298,51.13308],[4.10286,51.13201],[4.10258,51.13148],[4.09943,51.13111],[4.09683,51.13084],[4.08549,51.1299],[4.07954,51.13031],[4.07784,51.1322],[4.07794,51.13263],[4.07801,51.13301],[4.07765,51.13359],[4.07186,51.13737],[4.0712,51.13774],[4.06978,51.13852],[4.06839,51.14055],[4.06801,51.14178],[4.06755,51.14303],[4.06745,51.14323],[4.06732,51.14325],[4.06587,51.1428],[4.06555,51.14272],[4.06408,51.14276],[4.06263,51.1431],[4.06233,51.14314],[4.04868,51.13589],[4.03857,51.13871],[4.03646,51.1387],[4.03509,51.13868],[4.03483,51.13867],[4.03388,51.13867],[4.03163,51.13862],[4.03065,51.13864],[4.02282,51.1386],[4.01218,51.13415],[4.02577,51.11187],[4.02636,51.10966],[4.02595,51.10786],[4.02602,51.10645],[4.02595,51.10574],[4.02596,51.10531],[4.02599,51.10518],[4.02596,51.10496],[4.02598,51.1047],[4.01949,51.09969],[4.02004,51.09923],[4.02044,51.09917],[4.02071,51.09858],[4.02209,51.09828],[4.02205,51.09787],[4.02189,51.09751],[4.0218,51.09724],[4.02217,51.09693],[4.02869,51.09847],[4.03074,51.09676],[4.03236,51.0955],[4.03405,51.09489],[4.04057,51.09448],[4.05855,51.10183]]]},"properties":{"postcode":"9250","nl":"Waasmunster","fr":"Waasmunster"}},
{"type":"Feature","geometry":{"type":"Polygon","coordinates":[[[2.94919,51.04777],[2.96592,51.04186],[2.98412,51.05457],[2.99599,51.05542],[3.01453,51.06997],[2.99839,51.0844],[2.99517,51.10014],[3.00037,51.10363],[2.99703,51.11476],[2.98205,51.12882],[2.94212,51.11039],[2.92604,51.12964],[2.90931,51.1277],[2.90678,51.12093],[2.89934,51.11516],[2.9299,51.10106],[2.93975,51.09087],[2.933,51.08681],[2.94325,51.06742],[2.94168,51.05301],[2.94919,51.04777]]]},"properties":{"postcode":"8680","nl":"Koekelare","fr":"Koekelare"}},
{"type":"Feature","geometry":{"type":"Polygon","coordinates":[[[2.85646,50.94328],[2.86541,50.93707],[2.87967,50.93643],[2.88736,50.93119],[2.91089,50.93968],[2.92588,50.94878],[2.9551,50.95731],[2.95902,50.9531],[2.97262,50.96032],[2.96058,50.97599],[2.97373,50.98403],[2.95563,50.99562],[2.92857,50.99926],[2.93219,51.00501],[2.91776,51.00421],[2.90587,51.00674],[2.88329,50.99579],[2.87417,50.98622],[2.85214,50.97573],[2.84187,50.98239],[2.81737,50.99118],[2.8062,50.98169],[2.80914,50.97569],[2.82563,50.95749],[2.8391,50.95309],[2.85646,50.94328]]]},"properties":{"postcode":"8650","nl":"Houthulst","fr":"Houthulst"}},
{"type":"Feature","geometry":{"type":"Polygon","coordinates":[[[5.56031,51.22291],[5.55521,51.2444],[5.55644,51.26639],[5.54446,51.27128],[5.519,51.28947],[5.51577,51.29519],[5.48751,51.29977],[5.46484,51.28456],[5.44178,51.2821],[5.43836,51.27602],[5.44083,51.27452],[5.45091,51.26541],[5.45499,51.26163],[5.45507,51.26157],[5.46066,51.25836],[5.46589,51.25565],[5.4672,51.25512],[5.46733,51.25503],[5.46776,51.25487],[5.46775,51.25407],[5.46791,51.25281],[5.46771,51.25072],[5.46827,51.24918],[5.46702,51.24507],[5.46645,51.2423],[5.46642,51.24194],[5.46639,51.24111],[5.46639,51.24085],[5.46743,51.24],[5.46757,51.23973],[5.4676,51.2393],[5.46774,51.23882],[5.46986,51.23925],[5.4704,51.23952],[5.47359,51.23995],[5.50094,51.24522],[5.50449,51.23948],[5.52646,51.22381],[5.52475,51.21474],[5.56031,51.22291]]]},"properties":{"postcode":"3930","nl":"Hamont-Achel","fr":"Hamont-Achel"}},
{"type":"Feature","geometry":{"type":"Polygon","coordinates":[[[4.45894,50.36199],[4.44332,50.35385],[4.43952,50.35293],[4.43446,50.35303],[4.43278,50.35558],[4.43237,50.36038],[4.43194,50.36036],[4.42982,50.35884],[4.42844,50.36074],[4.40966,50.35738],[4.4096,50.35751],[4.4095,50.35762],[4.4088,50.35819],[4.40588,50.35978],[4.40375,50.35982],[4.39449,50.35545],[4.39442,50.35539],[4.39386,50.35485],[4.3884,50.34976],[4.38395,50.34561],[4.38234,50.34409],[4.37852,50.34962],[4.37352,50.34438],[4.3714,50.34131],[4.37038,50.34011],[4.37027,50.33995],[4.37001,50.33964],[4.36948,50.33898],[4.36923,50.33865],[4.36914,50.33846],[4.36911,50.3383],[4.36907,50.33686],[4.36957,50.33544],[4.37049,50.3342],[4.37097,50.33329],[4.37106,50.33308],[4.37137,50.33248],[4.36903,50.33189],[4.36747,50.33226],[4.36713,50.33245],[4.36704,50.33245],[4.36672,50.33262],[4.3656,50.33247],[4.36129,50.32606],[4.35669,50.32537],[4.35954,50.32264],[4.35996,50.32282],[4.36054,50.32223],[4.36074,50.32211],[4.36134,50.32188],[4.36149,50.32131],[4.3605,50.32155],[4.36025,50.32135],[4.35955,50.32127],[4.35922,50.3213],[4.35911,50.32128],[4.35551,50.32012],[4.35293,50.31816],[4.35353,50.31727],[4.35427,50.31678],[4.35433,50.31664],[4.35056,50.31375],[4.34988,50.31337],[4.34939,50.31308],[4.34845,50.31255],[4.34638,50.31126],[4.35322,50.30723],[4.35468,50.30205],[4.35609,50.29897],[4.35685,50.29728],[4.36806,50.29254],[4.36872,50.29226],[4.36937,50.29186],[4.36969,50.29167],[4.37217,50.29195],[4.37716,50.28953],[4.37815,50.29109],[4.38686,50.29003],[4.39416,50.29351],[4.40467,50.30467],[4.40206,50.31115],[4.42315,50.30611],[4.43002,50.30857],[4.4448,50.30805],[4.45696,50.30482],[4.47167,50.32024],[4.47495,50.32751],[4.47665,50.3369],[4.46506,50.34925],[4.45894,50.36199]]]},"properties":{"postcode":"6120","nl":"Ham-sur-Heure-Nalinnes","fr":"Ham-sur-Heure-Nalinnes"}},
{"type":"Feature","geometry":{"type":"Polygon","coordinates":[[[4.30704,50.86424],[4.31612,50.86123],[4.33237,50.86454],[4.32522,50.86667],[4.31406,50.86714],[4.30704,50.86424]]]},"properties":{"postcode":"1081","nl":"Koekelberg","fr":"Koekelberg"}},
{"type":"Feature","geometry":{"type":"Polygon","coordinates":[[[4.80846,51.34452],[4.8277,51.34457],[4.85843,51.33943],[4.89596,51.33648],[4.90104,51.34374],[4.93319,51.36715],[4.90488,51.39365],[4.89675,51.40105],[4.8846,51.4],[4.86736,51.40911],[4.85972,51.41132],[4.85093,51.41176],[4.84817,51.40846],[4.84552,51.405],[4.84494,51.40419],[4.83943,51.39734],[4.83139,51.3877],[4.82997,51.38542],[4.82807,51.38229],[4.8279,51.38195],[4.82798,51.3813],[4.82778,51.38127],[4.82336,51.36638],[4.81607,51.36162],[4.81703,51.35045],[4.80846,51.34452]]]},"properties":{"postcode":"2330","nl":"Merksplas","fr":"Merksplas"}},
{"type":"Feature","geometry":{"type":"Polygon","coordinates":[[[5.62459,49.60276],[5.61898,49.60043],[5.62588,49.58792],[5.64395,49.57333],[5.63951,49.56499],[5.62932,49.56053],[5.62627,49.55461],[5.63015,49.54679],[5.66429,49.55299],[5.66926,49.54825],[5.69085,49.54619],[5.70058,49.53982],[5.72045,49.53973],[5.72906,49.54972],[5.72824,49.55543],[5.7278,49.55878],[5.72766,49.56024],[5.72727,49.56293],[5.72733,49.56377],[5.72743,49.56478],[5.7275,49.56573],[5.72749,49.56588],[5.72764,49.56738],[5.72772,49.56856],[5.72781,49.56892],[5.73245,49.58141],[5.71385,49.57803],[5.70426,49.58284],[5.70739,49.58776],[5.70504,49.60649],[5.69293,49.6074],[5.67744,49.59737],[5.68193,49.59099],[5.66777,49.58653],[5.65396,49.5907],[5.64903,49.58819],[5.62271,49.598],[5.62459,49.60276]]]},"properties":{"postcode":"6750","nl":"Musson","fr":"Musson"}},
{"type":"Feature","geometry":{"type":"Polygon","coordinates":[[[4.35375,51.11395],[4.36582,51.11308],[4.37664,51.11676],[4.36469,51.13162],[4.35567,51.13434],[4.33378,51.1297],[4.32256,51.13121],[4.31784,51.12839],[4.30683,51.1248],[4.31213,51.11525],[4.35375,51.11395]]]},"properties":{"postcode":"2627","nl":"Schelle","fr":"Schelle"}},
{"type":"Feature","geometry":{"type":"Polygon","coordinates":[[[3.09815,51.0188],[3.10324,51.0147],[3.12405,51.01646],[3.1377,51.00772],[3.14994,50.99365],[3.16573,50.9933],[3.16782,50.99451],[3.16816,50.99469],[3.16839,50.99547],[3.16792,50.99657],[3.1683,50.99669],[3.16821,50.99776],[3.16794,50.99856],[3.16887,50.99966],[3.17026,51.00029],[3.17054,51.00011],[3.17078,50.99999],[3.17122,50.99986],[3.1714,51.00049],[3.17416,51.00286],[3.18349,51.01401],[3.18361,51.01475],[3.18324,51.01608],[3.18299,51.01698],[3.18265,51.01861],[3.18162,51.02242],[3.18159,51.02667],[3.16534,51.0385],[3.15769,51.05679],[3.16296,51.06526],[3.1579,51.06849],[3.13508,51.06117],[3.13652,51.05615],[3.11618,51.03862],[3.11806,51.03335],[3.10317,51.02981],[3.09815,51.0188]]]},"properties":{"postcode":"8810","nl":"Lichtervelde","fr":"Lichtervelde"}},
{"type":"Feature","geometry":{"type":"Polygon","coordinates":[[[4.94612,50.738],[4.97153,50.73528],[4.98122,50.73849],[4.99351,50.73301],[4.99253,50.72363],[4.99403,50.72626],[5.01692,50.73283],[5.01957,50.75077],[5.002,50.76516],[4.98648,50.76922],[4.96595,50.76203],[4.95326,50.75209],[4.95335,50.75189],[4.95382,50.75095],[4.95085,50.75021],[4.94752,50.74956],[4.94468,50.74927],[4.94457,50.74921],[4.94279,50.74907],[4.94267,50.74906],[4.94176,50.74854],[4.93895,50.74736],[4.93126,50.74765],[4.92565,50.7428],[4.93248,50.73843],[4.94612,50.738]]]},"properties":{"postcode":"1357","nl":"Hélécine","fr":"Hélécine"}},
{"type":"Feature","geometry":{"type":"Polygon","coordinates":[[[4.47645,50.13931],[4.48906,50.13499],[4.48964,50.12564],[4.50519,50.11168],[4.52757,50.1137],[4.53892,50.09186],[4.56787,50.09312],[4.5884,50.10121],[4.59186,50.10895],[4.58492,50.12314],[4.60288,50.13212],[4.61544,50.14902],[4.6407,50.15378],[4.64836,50.1526],[4.66725,50.15798],[4.69092,50.14507],[4.70188,50.14949],[4.72936,50.1547],[4.7291,50.163],[4.72122,50.16472],[4.71525,50.17435],[4.71873,50.18756],[4.71007,50.189],[4.71432,50.19756],[4.7093,50.20342],[4.7058,50.21126],[4.70144,50.21362],[4.70433,50.21553],[4.70417,50.21586],[4.70328,50.21703],[4.70151,50.21729],[4.7005,50.21719],[4.69914,50.21711],[4.6982,50.21701],[4.69714,50.21672],[4.69537,50.21695],[4.69475,50.21714],[4.69432,50.2172],[4.69412,50.21683],[4.69374,50.21645],[4.69131,50.21451],[4.69052,50.21091],[4.68704,50.20853],[4.68544,50.20922],[4.68577,50.20968],[4.68507,50.21022],[4.68511,50.21095],[4.68476,50.21108],[4.68478,50.21132],[4.67729,50.21148],[4.67305,50.21351],[4.67278,50.21497],[4.66849,50.21463],[4.66919,50.21394],[4.66921,50.21358],[4.66663,50.21388],[4.66228,50.21573],[4.66061,50.2181],[4.65639,50.21753],[4.65406,50.21638],[4.65296,50.21583],[4.6518,50.21514],[4.64782,50.21431],[4.63556,50.2137],[4.61963,50.21812],[4.6001,50.21381],[4.56799,50.21448],[4.55527,50.2108],[4.55323,50.21704],[4.53832,50.22741],[4.53808,50.23105],[4.50874,50.22846],[4.48254,50.21734],[4.49504,50.20117],[4.51339,50.19883],[4.51445,50.18766],[4.50702,50.18634],[4.49773,50.1718],[4.48892,50.16511],[4.47645,50.13931]]]},"properties":{"postcode":"5600","nl":"Philippeville","fr":"Philippeville"}},
{"type":"Feature","geometry":{"type":"Polygon","coordinates":[[[4.32285,51.02671],[4.34729,51.02681],[4.34224,51.01958],[4.35741,51.01638],[4.36283,51.02254],[4.37391,51.02756],[4.37492,51.03089],[4.37753,51.02981],[4.3793,51.0296],[4.38118,51.02937],[4.38124,51.03006],[4.38064,51.03069],[4.38041,51.03075],[4.37989,51.0314],[4.37946,51.03313],[4.37858,51.0337],[4.37746,51.03424],[4.37703,51.03425],[4.3767,51.03438],[4.37645,51.03445],[4.3763,51.03452],[4.37598,51.03481],[4.37585,51.03502],[4.37371,51.03575],[4.37367,51.03601],[4.37358,51.03622],[4.3734,51.03685],[4.37341,51.03787],[4.37461,51.03795],[4.37511,51.03816],[4.37638,51.03826],[4.37668,51.0383],[4.37684,51.03836],[4.37758,51.03901],[4.37772,51.03949],[4.37775,51.03965],[4.37848,51.04024],[4.37864,51.04048],[4.37895,51.04062],[4.3788,51.04304],[4.37741,51.04407],[4.37734,51.04473],[4.37678,51.04503],[4.37628,51.04523],[4.37596,51.04539],[4.38031,51.04665],[4.38106,51.04629],[4.38132,51.04595],[4.38151,51.0456],[4.38309,51.04438],[4.38357,51.04422],[4.38413,51.04403],[4.38475,51.04369],[4.38562,51.04383],[4.38601,51.04331],[4.38613,51.04297],[4.38654,51.04218],[4.38771,51.04266],[4.38815,51.04283],[4.39096,51.04412],[4.39126,51.04375],[4.39143,51.04383],[4.39187,51.044],[4.39229,51.04432],[4.39257,51.04457],[4.39365,51.0459],[4.3954,51.04722],[4.39626,51.04705],[4.39651,51.04703],[4.39805,51.047],[4.40128,51.04714],[4.40223,51.04847],[4.40037,51.04866],[4.40016,51.04894],[4.3996,51.04935],[4.39936,51.0495],[4.39913,51.04961],[4.40585,51.06187],[4.42055,51.0604],[4.42552,51.06727],[4.41985,51.0736],[4.40954,51.07926],[4.40141,51.07465],[4.3852,51.08065],[4.36026,51.08441],[4.34812,51.07637],[4.32285,51.02671]]]},"properties":{"postcode":"2830","nl":"Willebroek","fr":"Willebroek"}},
{"type":"Feature","geometry":{"type":"Polygon","coordinates":[[[4.63349,50.62938],[4.64254,50.62591],[4.65089,50.62879],[4.66317,50.61671],[4.64911,50.6104],[4.65686,50.60146],[4.67262,50.60813],[4.67871,50.60303],[4.70496,50.59556],[4.71415,50.60843],[4.73451,50.61065],[4.74307,50.61474],[4.74397,50.62538],[4.73829,50.63332],[4.74455,50.64044],[4.73799,50.64774],[4.74328,50.65484],[4.74236,50.66159],[4.72586,50.66397],[4.71846,50.66061],[4.70633,50.66325],[4.68689,50.6542],[4.66629,50.65249],[4.66419,50.64297],[4.64192,50.63657],[4.63349,50.62938]]]},"properties":{"postcode":"1457","nl":"Walhain","fr":"Walhain"}},
{"type":"Feature","geometry":{"type":"Polygon","coordinates":[[[5.34798,51.01219],[5.39677,51.01247],[5.41526,51.01104],[5.46564,51.00101],[5.49507,51.02063],[5.51828,51.01881],[5.51906,51.02089],[5.52217,51.02951],[5.52182,51.0295],[5.51773,51.03005],[5.50874,51.03014],[5.50937,51.03331],[5.47528,51.03742],[5.45441,51.05499],[5.42629,51.0763],[5.4232,51.0768],[5.40373,51.09899],[5.39973,51.10164],[5.3972,51.10334],[5.39719,51.10337],[5.39623,51.10402],[5.39037,51.08879],[5.3771,51.08775],[5.37591,51.09267],[5.36239,51.09016],[5.3624,51.09046],[5.36216,51.09207],[5.36131,51.09375],[5.35157,51.09583],[5.35071,51.09596],[5.35032,51.09588],[5.35013,51.09575],[5.34966,51.09564],[5.34894,51.09559],[5.34878,51.09563],[5.34864,51.09572],[5.34757,51.09583],[5.34184,51.09516],[5.34145,51.09461],[5.34069,51.09365],[5.34119,51.09323],[5.34138,51.09261],[5.34419,51.084],[5.33937,51.07267],[5.33559,51.05082],[5.33725,51.04197],[5.35195,51.02567],[5.34798,51.01219]]]},"properties":{"postcode":"3530","nl":"Houthalen-Helchteren","fr":"Houthalen-Helchteren"}},
{"type":"Feature","geometry":{"type":"Polygon","coordinates":[[[5.62396,50.46017],[5.62189,50.45972],[5.61703,50.45992],[5.61431,50.45978],[5.61208,50.45984],[5.61134,50.45993],[5.61088,50.46004],[5.60803,50.45233],[5.58473,50.45566],[5.58614,50.4476],[5.57363,50.44462],[5.56271,50.44555],[5.56435,50.44326],[5.5668,50.43955],[5.57549,50.43717],[5.58241,50.43542],[5.59142,50.433],[5.59172,50.4329],[5.59291,50.43246],[5.59421,50.43199],[5.59549,50.43199],[5.5959,50.43186],[5.5965,50.43207],[5.5971,50.43207],[5.59748,50.43221],[5.59775,50.43223],[5.60321,50.43159],[5.60453,50.43152],[5.60574,50.43126],[5.60605,50.43125],[5.60669,50.43113],[5.60596,50.42756],[5.59807,50.42435],[5.59214,50.4213],[5.59128,50.42077],[5.59029,50.42024],[5.58698,50.41852],[5.58461,50.42021],[5.58461,50.42063],[5.58406,50.42162],[5.58412,50.42174],[5.58392,50.42202],[5.58389,50.42211],[5.58369,50.42236],[5.58352,50.42252],[5.58257,50.42226],[5.58196,50.42237],[5.57945,50.42204],[5.57203,50.41931],[5.57143,50.41893],[5.57002,50.41814],[5.56409,50.4152],[5.56087,50.4138],[5.56032,50.41422],[5.55966,50.41464],[5.55889,50.41525],[5.55343,50.41287],[5.55056,50.41515],[5.54942,50.41475],[5.54865,50.41469],[5.54835,50.41461],[5.54804,50.41455],[5.54761,50.41444],[5.54676,50.41413],[5.54548,50.41387],[5.5441,50.41354],[5.54296,50.4133],[5.54104,50.4128],[5.54069,50.41269],[5.53953,50.41232],[5.53864,50.41209],[5.531,50.40909],[5.52429,50.40753],[5.52257,50.40735],[5.52203,50.40755],[5.52164,50.40772],[5.51993,50.4027],[5.53697,50.40083],[5.53462,50.39915],[5.53084,50.39872],[5.52962,50.39828],[5.52901,50.39765],[5.52891,50.3974],[5.52892,50.39728],[5.52934,50.39589],[5.52989,50.39521],[5.5307,50.3945],[5.53093,50.39434],[5.53119,50.3942],[5.53602,50.39276],[5.53622,50.39249],[5.53619,50.39233],[5.53602,50.39206],[5.53932,50.39112],[5.54071,50.39097],[5.54567,50.3905],[5.54767,50.38994],[5.55127,50.39048],[5.55381,50.38851],[5.56925,50.39656],[5.59364,50.39818],[5.61425,50.38237],[5.62924,50.37717],[5.63061,50.37204],[5.64742,50.36553],[5.67558,50.36845],[5.67863,50.37276],[5.70852,50.37531],[5.6991,50.38202],[5.70933,50.40043],[5.70259,50.40391],[5.6983,50.39961],[5.67185,50.40297],[5.66019,50.39576],[5.65595,50.41595],[5.64447,50.4206],[5.64955,50.42902],[5.63107,50.44619],[5.62396,50.46017]]]},"properties":{"postcode":"4190","nl":"Ferrières","fr":"Ferrières"}},
{"type":"Feature","geometry":{"type":"Polygon","coordinates":[[[3.2438,50.96515],[3.24401,50.96513],[3.24543,50.96482],[3.24684,50.96457],[3.24762,50.96444],[3.25868,50.9657],[3.25939,50.96617],[3.25979,50.96631],[3.26134,50.96679],[3.26268,50.96806],[3.26899,50.96937],[3.27835,50.97502],[3.28019,50.97079],[3.28646,50.96979],[3.28725,50.96979],[3.28776,50.96997],[3.28806,50.97004],[3.2882,50.97013],[3.28853,50.97015],[3.28892,50.97011],[3.28936,50.9701],[3.29006,50.97011],[3.29042,50.97033],[3.29074,50.97047],[3.29115,50.97045],[3.29689,50.97379],[3.29708,50.97366],[3.29776,50.97369],[3.30002,50.97397],[3.30262,50.97539],[3.30276,50.97576],[3.30263,50.97594],[3.30275,50.97616],[3.30506,50.97722],[3.30688,50.97751],[3.30904,50.97801],[3.31018,50.97826],[3.31184,50.97864],[3.31057,50.98032],[3.31165,50.98511],[3.30996,50.99167],[3.30989,50.99173],[3.30922,50.99276],[3.30886,50.99338],[3.308,50.99463],[3.30626,50.99623],[3.30675,50.99726],[3.30409,50.99925],[3.30305,50.99977],[3.30263,50.99994],[3.29978,51.00044],[3.29863,51.001],[3.29794,51.00134],[3.29166,51.00775],[3.29048,51.00853],[3.28991,51.00884],[3.28965,51.00903],[3.28915,51.00929],[3.28836,51.00986],[3.28809,51.01022],[3.28789,51.01068],[3.28767,51.01113],[3.28745,51.01135],[3.28687,51.01167],[3.28651,51.0119],[3.28644,51.01202],[3.29046,51.01511],[3.29149,51.01551],[3.29191,51.01563],[3.29263,51.01578],[3.29435,51.01634],[3.29587,51.01706],[3.29698,51.01793],[3.29799,51.01892],[3.29824,51.01926],[3.29314,51.02296],[3.29114,51.03218],[3.28885,51.03541],[3.28911,51.03553],[3.2898,51.03577],[3.29009,51.03591],[3.29048,51.03603],[3.29152,51.03677],[3.29119,51.03717],[3.29095,51.03731],[3.29073,51.03734],[3.28528,51.03751],[3.27376,51.03413],[3.27331,51.03466],[3.27029,51.03561],[3.26787,51.03682],[3.24957,51.03608],[3.23127,51.02145],[3.2256,51.01945],[3.22537,51.01703],[3.22277,51.01672],[3.22339,51.01637],[3.22604,51.01466],[3.22522,51.01399],[3.22584,51.01309],[3.22626,51.01247],[3.22647,51.01217],[3.22734,51.01086],[3.22605,51.01041],[3.22577,51.0103],[3.22573,51.01022],[3.226,51.00612],[3.22642,51.00478],[3.2265,51.00439],[3.22647,51.00404],[3.22632,51.00338],[3.22605,51.00304],[3.22565,51.0027],[3.22491,51.00196],[3.22419,51.00123],[3.22201,50.9987],[3.22236,50.99784],[3.22276,50.99594],[3.22513,50.99338],[3.22541,50.99309],[3.2263,50.99263],[3.22775,50.99174],[3.2289,50.99208],[3.22903,50.99197],[3.22983,50.99141],[3.23074,50.99077],[3.23194,50.9897],[3.23292,50.98913],[3.23915,50.98395],[3.24118,50.9783],[3.24063,50.9782],[3.24079,50.97696],[3.24032,50.97208],[3.2438,50.96515]]]},"properties":{"postcode":"8740","nl":"Pittem","fr":"Pittem"}},
{"type":"Feature","geometry":{"type":"Polygon","coordinates":[[[4.28172,50.49631],[4.2662,50.49905],[4.26314,50.49971],[4.26201,50.50049],[4.26285,50.50106],[4.25763,50.504],[4.25366,50.5083],[4.25377,50.50846],[4.2538,50.5089],[4.25412,50.51001],[4.25459,50.51093],[4.25545,50.51141],[4.25575,50.51142],[4.2558,50.5115],[4.25553,50.51161],[4.25421,50.51207],[4.25249,50.51286],[4.25021,50.5133],[4.24985,50.51395],[4.24516,50.51646],[4.21933,50.51505],[4.20529,50.50503],[4.2076,50.50167],[4.21039,50.50096],[4.21025,50.50025],[4.20886,50.49838],[4.21053,50.4967],[4.20745,50.49409],[4.20709,50.49353],[4.20601,50.49228],[4.20416,50.49093],[4.2271,50.4761],[4.21637,50.46719],[4.22878,50.46585],[4.23124,50.46901],[4.24101,50.47408],[4.26769,50.47156],[4.2647,50.48676],[4.28172,50.49631]]]},"properties":{"postcode":"7170","nl":"Manage","fr":"Manage"}},
{"type":"Feature","geometry":{"type":"Polygon","coordinates":[[[4.48737,50.82761],[4.5016,50.82598],[4.50963,50.83841],[4.50886,50.83921],[4.50914,50.84088],[4.50918,50.84121],[4.50901,50.84194],[4.50869,50.84244],[4.50839,50.84299],[4.50817,50.84332],[4.50804,50.84386],[4.50825,50.84393],[4.50847,50.84466],[4.50727,50.84781],[4.49728,50.85746],[4.49477,50.85758],[4.49222,50.85679],[4.4807,50.86086],[4.48099,50.85498],[4.47041,50.84094],[4.48467,50.83354],[4.48737,50.82761]]]},"properties":{"postcode":"1970","nl":"Wezembeek-Oppem","fr":"Wezembeek-Oppem"}},
{"type":"Feature","geometry":{"type":"Polygon","coordinates":[[[5.32339,49.97975],[5.34446,49.98281],[5.36905,49.99915],[5.37891,49.99364],[5.39411,49.99395],[5.40923,49.99034],[5.4343,50.00294],[5.44328,50.01977],[5.46011,50.0219],[5.45974,50.02259],[5.45984,50.0237],[5.46005,50.02425],[5.46024,50.02489],[5.46034,50.02518],[5.45627,50.02494],[5.45555,50.02487],[5.45436,50.02474],[5.45071,50.02324],[5.44461,50.02297],[5.42696,50.03263],[5.42867,50.03502],[5.41614,50.04522],[5.40544,50.06045],[5.40545,50.06092],[5.40549,50.0617],[5.40548,50.06315],[5.40572,50.06434],[5.40542,50.06536],[5.39288,50.07245],[5.3904,50.07823],[5.39024,50.07852],[5.3901,50.07867],[5.38961,50.07896],[5.388,50.07977],[5.37845,50.0893],[5.36154,50.09578],[5.35905,50.09555],[5.35891,50.09539],[5.35864,50.09535],[5.35836,50.09523],[5.35814,50.09518],[5.35756,50.09489],[5.3569,50.09443],[5.35375,50.09425],[5.34724,50.09195],[5.34331,50.09176],[5.33322,50.09332],[5.31662,50.08557],[5.29548,50.07521],[5.27644,50.07235],[5.26481,50.06251],[5.25022,50.05928],[5.24337,50.04966],[5.23238,50.04294],[5.23069,50.031],[5.2375,50.03779],[5.27039,50.03594],[5.27984,50.02273],[5.28247,50.00614],[5.29694,50.00649],[5.31041,50.00309],[5.32339,49.97975]]]},"properties":{"postcode":"6870","nl":"Saint-Hubert","fr":"Saint-Hubert"}},
{"type":"Feature","geometry":{"type":"Polygon","coordinates":[[[5.41158,49.79036],[5.44107,49.79887],[5.44258,49.8041],[5.45664,49.81238],[5.4721,49.81411],[5.48325,49.81903],[5.49694,49.81883],[5.50874,49.81427],[5.51996,49.83366],[5.51941,49.84069],[5.50699,49.84631],[5.50425,49.85847],[5.52134,49.86397],[5.52934,49.87011],[5.52843,49.88048],[5.5115,49.88712],[5.50245,49.8989],[5.49515,49.90303],[5.47866,49.90236],[5.4643,49.89755],[5.43871,49.90085],[5.42811,49.89274],[5.41601,49.89235],[5.39743,49.88736],[5.37616,49.87657],[5.36331,49.87515],[5.34148,49.88772],[5.32491,49.8874],[5.31816,49.8835],[5.32698,49.8684],[5.35419,49.85208],[5.35136,49.84045],[5.36332,49.83583],[5.3656,49.82619],[5.37264,49.81815],[5.39311,49.80734],[5.39641,49.79402],[5.39099,49.78055],[5.39448,49.7789],[5.39484,49.77886],[5.39584,49.77892],[5.39683,49.77909],[5.3977,49.77907],[5.39919,49.77946],[5.40936,49.78455],[5.41325,49.7845],[5.41279,49.78536],[5.41249,49.78566],[5.41193,49.78719],[5.41158,49.79036]]]},"properties":{"postcode":"6840","nl":"Neufchâteau","fr":"Neufchâteau"}},
{"type":"Feature","geometry":{"type":"Polygon","coordinates":[[[5.50049,50.26036],[5.51638,50.26506],[5.52958,50.25776],[5.54344,50.25554],[5.56039,50.24774],[5.57559,50.24693],[5.57517,50.25451],[5.58162,50.25912],[5.59605,50.25673],[5.60383,50.26857],[5.61351,50.27759],[5.61099,50.28417],[5.61818,50.29683],[5.63424,50.31183],[5.65121,50.31648],[5.6549,50.33896],[5.64128,50.33542],[5.62305,50.33507],[5.60858,50.34153],[5.5914,50.33942],[5.57937,50.33244],[5.55343,50.33458],[5.54589,50.3242],[5.55221,50.31779],[5.54391,50.30756],[5.52913,50.30925],[5.51632,50.3006],[5.50015,50.30227],[5.49242,50.30725],[5.4894,50.32132],[5.47261,50.32721],[5.46733,50.32543],[5.46781,50.32248],[5.46333,50.32066],[5.46239,50.319],[5.46184,50.3188],[5.46178,50.31873],[5.46148,50.31844],[5.4661,50.31284],[5.44186,50.30361],[5.44195,50.30346],[5.44105,50.30303],[5.44529,50.30243],[5.44766,50.30171],[5.45463,50.29678],[5.46501,50.29613],[5.48213,50.28818],[5.48137,50.27854],[5.4937,50.27045],[5.50049,50.26036]]]},"properties":{"postcode":"6997","nl":"Érezée","fr":"Érezée"}},
{"type":"Feature","geometry":{"type":"Polygon","coordinates":[[[3.54124,50.73339],[3.55933,50.7341],[3.56829,50.72813],[3.59126,50.7295],[3.59858,50.73244],[3.6007,50.73227],[3.60203,50.73213],[3.6036,50.73178],[3.61027,50.73227],[3.62361,50.72252],[3.62402,50.72256],[3.62591,50.72211],[3.62706,50.72228],[3.63103,50.7211],[3.64038,50.7223],[3.64264,50.73823],[3.65896,50.74687],[3.66818,50.75521],[3.67751,50.7707],[3.66866,50.77043],[3.65486,50.77618],[3.64738,50.7692],[3.64714,50.76892],[3.64697,50.76924],[3.64655,50.76936],[3.64589,50.76946],[3.64497,50.7698],[3.64485,50.76992],[3.64462,50.77036],[3.64452,50.77043],[3.6435,50.77062],[3.64268,50.77071],[3.6417,50.77143],[3.64153,50.77168],[3.64139,50.77176],[3.63992,50.77168],[3.6361,50.77111],[3.63574,50.77107],[3.63473,50.77097],[3.63429,50.77072],[3.6333,50.77014],[3.63259,50.76981],[3.63213,50.76947],[3.63099,50.76757],[3.58713,50.76484],[3.58597,50.76484],[3.58476,50.76466],[3.57388,50.7592],[3.56542,50.76255],[3.54067,50.7629],[3.53857,50.7574],[3.54779,50.7472],[3.54124,50.73339]]]},"properties":{"postcode":"9600","nl":"Ronse","fr":"Renaix"}},
{"type":"Feature","geometry":{"type":"Polygon","coordinates":[[[3.93778,50.94987],[3.93744,50.94972],[3.93699,50.94946],[3.9369,50.94935],[3.9357,50.94936],[3.93538,50.94935],[3.93507,50.94928],[3.93426,50.94925],[3.93364,50.94904],[3.93351,50.94892],[3.93325,50.94873],[3.93268,50.94872],[3.93257,50.94883],[3.93241,50.94888],[3.93171,50.94898],[3.93093,50.94891],[3.93096,50.94837],[3.93131,50.94749],[3.93162,50.94668],[3.93121,50.94664],[3.93213,50.94498],[3.93124,50.94088],[3.91959,50.93775],[3.93008,50.92761],[3.90259,50.91881],[3.90114,50.92075],[3.89845,50.92018],[3.89602,50.91908],[3.89448,50.91856],[3.8933,50.9184],[3.89298,50.91824],[3.89273,50.91815],[3.89945,50.91342],[3.90021,50.91348],[3.90137,50.9138],[3.90367,50.91443],[3.90522,50.91485],[3.91022,50.90841],[3.91039,50.90731],[3.9103,50.90722],[3.91011,50.90674],[3.91022,50.9055],[3.92051,50.89904],[3.92167,50.89113],[3.92227,50.8895],[3.92361,50.88796],[3.92417,50.88737],[3.92511,50.8852],[3.91572,50.87816],[3.93352,50.87404],[3.94216,50.88566],[3.95407,50.88945],[3.97065,50.90459],[3.98255,50.90416],[3.98037,50.91542],[3.98869,50.93244],[3.99338,50.93708],[3.99666,50.93745],[3.99883,50.93795],[3.99833,50.93829],[3.99903,50.93862],[4.00057,50.93935],[3.9993,50.93983],[3.99904,50.93988],[3.99871,50.93991],[3.99864,50.93986],[3.99831,50.93996],[3.99547,50.94124],[3.99582,50.94158],[3.99623,50.94206],[3.99633,50.94225],[3.9968,50.94267],[3.99919,50.94424],[4.00591,50.94791],[4.00614,50.94806],[4.00667,50.94819],[4.00789,50.94838],[4.00838,50.94813],[4.00844,50.94812],[4.00891,50.9485],[4.00926,50.94872],[4.00978,50.94889],[4.01023,50.9488],[4.01049,50.94878],[4.01107,50.95015],[4.00965,50.95149],[4.00857,50.95301],[4.00837,50.95335],[4.00783,50.95364],[4.00776,50.95415],[4.00648,50.95598],[3.99717,50.95379],[3.98315,50.9556],[3.97294,50.95256],[3.95488,50.95464],[3.95289,50.95117],[3.94952,50.95292],[3.94462,50.95218],[3.94008,50.95047],[3.93896,50.95022],[3.93815,50.94993],[3.93778,50.94987]]]},"properties":{"postcode":"9420","nl":"Erpe-Mere","fr":"Erpe-Mere"}},
{"type":"Feature","geometry":{"type":"Polygon","coordinates":[[[2.6993,51.14979],[2.71852,51.12937],[2.74115,51.12888],[2.75372,51.12456],[2.75718,51.11712],[2.73611,51.10966],[2.75155,51.10015],[2.75145,51.09653],[2.76629,51.08672],[2.79356,51.09763],[2.82081,51.10243],[2.82433,51.11271],[2.8088,51.11931],[2.80263,51.12608],[2.80401,51.13685],[2.79874,51.14545],[2.79762,51.14759],[2.79311,51.14686],[2.79556,51.14881],[2.79637,51.14966],[2.79742,51.1501],[2.79764,51.15022],[2.79746,51.1504],[2.79441,51.14918],[2.78976,51.14732],[2.78748,51.14627],[2.77477,51.13922],[2.75335,51.13976],[2.75185,51.14474],[2.74877,51.15495],[2.74855,51.15569],[2.75191,51.15907],[2.74611,51.16497],[2.71799,51.15694],[2.6993,51.14979]]]},"properties":{"postcode":"8620","nl":"Nieuwpoort","fr":"Nieuport"}},
{"type":"Feature","geometry":{"type":"Polygon","coordinates":[[[4.7434,50.7475],[4.76457,50.74852],[4.77447,50.73987],[4.77988,50.74998],[4.78902,50.75793],[4.80812,50.75136],[4.81262,50.7582],[4.83123,50.77052],[4.83523,50.7762],[4.81243,50.77749],[4.8074,50.78691],[4.80053,50.79038],[4.79646,50.79547],[4.76008,50.80668],[4.74765,50.80709],[4.72776,50.79775],[4.71549,50.78892],[4.70948,50.79347],[4.69885,50.78938],[4.70539,50.77791],[4.7213,50.77043],[4.73185,50.75954],[4.74307,50.75501],[4.7434,50.7475]]]},"properties":{"postcode":"1320","nl":"Bevekom","fr":"Beauvechain"}},
{"type":"Feature","geometry":{"type":"Polygon","coordinates":[[[4.54683,51.27565],[4.55316,51.27583],[4.58696,51.29156],[4.5884,51.28177],[4.60154,51.28226],[4.60001,51.29206],[4.63314,51.29387],[4.63435,51.2937],[4.63634,51.30198],[4.65079,51.31303],[4.68902,51.32248],[4.71813,51.32684],[4.7235,51.35751],[4.71848,51.37571],[4.71699,51.38233],[4.64934,51.37297],[4.62769,51.37711],[4.61753,51.37627],[4.56633,51.36015],[4.54086,51.33754],[4.55526,51.31703],[4.55874,51.30732],[4.5491,51.30412],[4.55298,51.28982],[4.54108,51.28309],[4.54683,51.27565]]]},"properties":{"postcode":"2960","nl":"Brecht","fr":"Brecht"}},
{"type":"Feature","geometry":{"type":"Polygon","coordinates":[[[2.93998,51.24582],[2.91555,51.2408],[2.89619,51.22843],[2.83846,51.2022],[2.84523,51.19492],[2.85411,51.19303],[2.86048,51.19462],[2.86269,51.19503],[2.86554,51.19551],[2.86587,51.19556],[2.8712,51.19455],[2.87877,51.18956],[2.87945,51.18915],[2.89381,51.18459],[2.89909,51.18643],[2.90178,51.18469],[2.92849,51.19719],[2.93774,51.19021],[2.94513,51.192],[2.96616,51.18705],[2.98103,51.19398],[2.99861,51.21445],[2.98915,51.22303],[2.96438,51.21896],[2.93998,51.24582]]]},"properties":{"postcode":"8400","nl":"Oostende","fr":"Ostende"}},
{"type":"Feature","geometry":{"type":"Polygon","coordinates":[[[4.73451,50.61065],[4.74097,50.59798],[4.74905,50.58947],[4.74965,50.59021],[4.75124,50.59165],[4.75298,50.59298],[4.76132,50.59772],[4.76607,50.5997],[4.76957,50.60065],[4.77062,50.60075],[4.77191,50.60061],[4.77595,50.59935],[4.77808,50.60013],[4.77967,50.60103],[4.78276,50.60057],[4.78473,50.59977],[4.78695,50.59814],[4.78718,50.59631],[4.78856,50.59445],[4.78877,50.59401],[4.78907,50.59356],[4.78942,50.59293],[4.7909,50.59061],[4.79164,50.58966],[4.79701,50.59201],[4.79672,50.59221],[4.79535,50.59306],[4.79389,50.5943],[4.79327,50.59482],[4.79265,50.59557],[4.79121,50.59631],[4.79037,50.59666],[4.78984,50.59684],[4.7895,50.59699],[4.78835,50.59781],[4.78816,50.59798],[4.78776,50.59842],[4.7883,50.60211],[4.81701,50.60935],[4.83131,50.60852],[4.85243,50.61539],[4.8417,50.62284],[4.84202,50.63565],[4.83104,50.6468],[4.84008,50.66082],[4.82675,50.67009],[4.81188,50.66839],[4.79773,50.67602],[4.74879,50.65882],[4.74328,50.65484],[4.73799,50.64774],[4.74455,50.64044],[4.73829,50.63332],[4.74397,50.62538],[4.74307,50.61474],[4.73451,50.61065]]]},"properties":{"postcode":"1360","nl":"Perwijs","fr":"Perwez"}},
{"type":"Feature","geometry":{"type":"Polygon","coordinates":[[[4.27781,50.91289],[4.28111,50.91183],[4.28205,50.9111],[4.28286,50.91049],[4.28382,50.90979],[4.28868,50.9078],[4.29576,50.89438],[4.29664,50.8938],[4.29829,50.89276],[4.29913,50.89221],[4.30094,50.89056],[4.31377,50.89331],[4.31814,50.89453],[4.3246,50.89859],[4.32954,50.90047],[4.33056,50.90082],[4.33092,50.90092],[4.33063,50.90143],[4.32992,50.90171],[4.3287,50.90189],[4.32742,50.90209],[4.32782,50.90227],[4.32399,50.90541],[4.31839,50.91081],[4.31872,50.91176],[4.31968,50.91254],[4.32163,50.91256],[4.3333,50.91828],[4.33734,50.92009],[4.33755,50.92013],[4.33777,50.92013],[4.33811,50.9202],[4.33846,50.92007],[4.33855,50.92012],[4.33865,50.92035],[4.3389,50.92069],[4.33896,50.92073],[4.33691,50.9209],[4.32735,50.92808],[4.32711,50.92804],[4.32696,50.92805],[4.32661,50.92801],[4.32601,50.92789],[4.32291,50.92637],[4.31992,50.92554],[4.31785,50.92408],[4.31605,50.92432],[4.31574,50.9243],[4.31549,50.92425],[4.31509,50.92422],[4.31396,50.92401],[4.31357,50.92434],[4.30616,50.92284],[4.30364,50.92252],[4.30261,50.92243],[4.30236,50.92239],[4.30207,50.92239],[4.3018,50.9223],[4.30167,50.92231],[4.30138,50.92226],[4.30034,50.92173],[4.29828,50.92038],[4.2914,50.91656],[4.27781,50.91289]]]},"properties":{"postcode":"1780","nl":"Wemmel","fr":"Wemmel"}},
{"type":"Feature","geometry":{"type":"Polygon","coordinates":[[[4.83762,51.29237],[4.86015,51.29864],[4.87077,51.29855],[4.87453,51.29015],[4.90748,51.28971],[4.90701,51.28514],[4.91067,51.2869],[4.91418,51.30363],[4.90755,51.30957],[4.91098,51.31633],[4.88873,51.32583],[4.87686,51.32569],[4.87096,51.31889],[4.86741,51.30706],[4.83852,51.29854],[4.83762,51.29237]]]},"properties":{"postcode":"2350","nl":"Vosselaar","fr":"Vosselaar"}},
{"type":"Feature","geometry":{"type":"Polygon","coordinates":[[[5.21177,50.43572],[5.19638,50.44798],[5.19358,50.45639],[5.18004,50.4475],[5.16652,50.44326],[5.16952,50.42519],[5.18904,50.42788],[5.19398,50.42517],[5.21177,50.43572]]]},"properties":{"postcode":"5354","nl":"Ohey","fr":"Ohey"}},
{"type":"Feature","geometry":{"type":"Polygon","coordinates":[[[4.83273,50.45991],[4.81999,50.46117],[4.81853,50.46876],[4.80888,50.47258],[4.78917,50.47438],[4.78792,50.46816],[4.77297,50.46738],[4.79101,50.44887],[4.80064,50.45545],[4.83214,50.44961],[4.83273,50.45991]]]},"properties":{"postcode":"5020","nl":"Namen","fr":"Namur"}},
{"type":"Feature","geometry":{"type":"Polygon","coordinates":[[[4.83454,50.28931],[4.83173,50.28476],[4.82549,50.28492],[4.81991,50.29226],[4.81485,50.29423],[4.81436,50.29787],[4.80453,50.3031],[4.80302,50.30961],[4.79674,50.31019],[4.79572,50.29866],[4.79012,50.29282],[4.78399,50.28807],[4.77636,50.29266],[4.7688,50.29378],[4.76012,50.29144],[4.76262,50.28307],[4.75754,50.28237],[4.7532,50.27518],[4.76557,50.27498],[4.78817,50.26853],[4.80932,50.27457],[4.83282,50.27212],[4.83943,50.28411],[4.83454,50.28931]]]},"properties":{"postcode":"5522","nl":"Onhaye","fr":"Onhaye"}},
{"type":"Feature","geometry":{"type":"Polygon","coordinates":[[[3.32204,50.76206],[3.3163,50.77085],[3.33012,50.77956],[3.32573,50.78548],[3.3147,50.78775],[3.30539,50.79599],[3.29995,50.79766],[3.28103,50.78738],[3.26562,50.76608],[3.27361,50.75883],[3.2838,50.75748],[3.28872,50.75172],[3.30558,50.75469],[3.32204,50.76206]]]},"properties":{"postcode":"8510","nl":"Kortrijk","fr":"Courtrai"}},
{"type":"Feature","geometry":{"type":"Polygon","coordinates":[[[3.48678,50.80081],[3.51095,50.80753],[3.50948,50.81359],[3.5007,50.82426],[3.47852,50.82351],[3.48735,50.80956],[3.48678,50.80081]]]},"properties":{"postcode":"8572","nl":"Anzegem","fr":"Anzegem"}},
{"type":"Feature","geometry":{"type":"Polygon","coordinates":[[[2.62174,50.87553],[2.60807,50.87759],[2.61225,50.86593],[2.59904,50.85309],[2.6035,50.84778],[2.61669,50.84788],[2.6166,50.83948],[2.6255,50.83668],[2.63507,50.81291],[2.65474,50.81338],[2.66925,50.82266],[2.66565,50.83715],[2.67659,50.84906],[2.65802,50.85353],[2.67175,50.86686],[2.65087,50.87498],[2.62226,50.87239],[2.62174,50.87553]]]},"properties":{"postcode":"8978","nl":"Poperinge","fr":"Poperinge"}},
{"type":"Feature","geometry":{"type":"Polygon","coordinates":[[[5.0621,50.0207],[5.05964,50.02357],[5.06067,50.02943],[5.07718,50.03917],[5.08262,50.04679],[5.07348,50.05587],[5.07913,50.06552],[5.07472,50.07843],[5.06835,50.08175],[5.08913,50.08916],[5.08901,50.09461],[5.07156,50.09359],[5.06032,50.10764],[5.06815,50.11736],[5.06571,50.12279],[5.06496,50.12093],[5.05508,50.09964],[5.0541,50.08173],[5.06093,50.08026],[5.05386,50.0678],[5.04147,50.05312],[5.02884,50.04997],[5.02394,50.04342],[5.01098,50.03798],[5.01804,50.0351],[5.01988,50.03291],[5.0269,50.03049],[5.03382,50.02973],[5.03673,50.02711],[5.05047,50.02597],[5.05524,50.0213],[5.0621,50.0207]]]},"properties":{"postcode":"6920","nl":"Wellin","fr":"Wellin"}},
{"type":"Feature","geometry":{"type":"Polygon","coordinates":[[[4.42433,50.90197],[4.43279,50.89473],[4.42704,50.89089],[4.43706,50.87878],[4.44969,50.87968],[4.46696,50.89793],[4.4417,50.90535],[4.43569,50.90072],[4.42433,50.90197]]]},"properties":{"postcode":"1934","nl":"Machelen","fr":"Machelen"}},
{"type":"Feature","geometry":{"type":"Polygon","coordinates":[[[4.33092,50.90092],[4.36046,50.90118],[4.36834,50.91557],[4.36061,50.91215],[4.34606,50.91572],[4.34018,50.92118],[4.33896,50.92073],[4.31839,50.91081],[4.32288,50.90812],[4.32399,50.90541],[4.33092,50.90092]]]},"properties":{"postcode":"1853","nl":"Grimbergen","fr":"Grimbergen"}},
{"type":"Feature","geometry":{"type":"Polygon","coordinates":[[[4.97595,50.86563],[4.97967,50.85993],[4.99842,50.84617],[5.02089,50.85802],[5.0323,50.87102],[5.01926,50.88802],[4.99801,50.87753],[4.98653,50.87405],[4.97595,50.86563]]]},"properties":{"postcode":"3471","nl":"Kortenaken","fr":"Kortenaken"}},
{"type":"Feature","geometry":{"type":"Polygon","coordinates":[[[4.8743,50.87229],[4.88119,50.8613],[4.89302,50.85172],[4.903,50.85533],[4.91023,50.86422],[4.90559,50.86931],[4.91109,50.88027],[4.90603,50.88722],[4.89542,50.88858],[4.88901,50.8921],[4.87926,50.88524],[4.87272,50.87798],[4.8743,50.87229]]]},"properties":{"postcode":"3211","nl":"Lubbeek","fr":"Lubbeek"}},
{"type":"Feature","geometry":{"type":"Polygon","coordinates":[[[4.55329,50.96762],[4.55869,50.96749],[4.56662,50.96325],[4.56529,50.96005],[4.569,50.95842],[4.59241,50.9653],[4.6039,50.95911],[4.60594,50.96286],[4.61243,50.96648],[4.61279,50.96821],[4.60267,50.97037],[4.58904,50.98222],[4.5882,50.99012],[4.58568,50.99146],[4.57787,50.99602],[4.57133,50.99443],[4.56398,50.99626],[4.56517,50.99081],[4.55935,50.98439],[4.55884,50.97557],[4.5516,50.97388],[4.55329,50.96762]]]},"properties":{"postcode":"3190","nl":"Boortmeerbeek","fr":"Boortmeerbeek"}},
{"type":"Feature","geometry":{"type":"Polygon","coordinates":[[[3.70173,51.07461],[3.70903,51.06563],[3.7278,51.0683],[3.72626,51.08671],[3.7347,51.10168],[3.74295,51.1102],[3.76446,51.12614],[3.77653,51.14037],[3.79645,51.17277],[3.80276,51.18616],[3.79871,51.18889],[3.79144,51.18065],[3.7927,51.17674],[3.79052,51.17194],[3.77888,51.16813],[3.77299,51.16826],[3.76362,51.16487],[3.76045,51.15193],[3.76238,51.14606],[3.77701,51.14748],[3.7677,51.13318],[3.75375,51.12162],[3.72033,51.10488],[3.71385,51.10489],[3.70669,51.10248],[3.6927,51.09564],[3.68493,51.09309],[3.68739,51.089],[3.70173,51.07461]]]},"properties":{"postcode":"9032","nl":"Gent","fr":"Gand"}},
{"type":"Feature","geometry":{"type":"Polygon","coordinates":[[[3.61814,51.07801],[3.62385,51.09175],[3.64337,51.09236],[3.6527,51.08979],[3.64903,51.09443],[3.6475,51.10122],[3.64837,51.11538],[3.64616,51.12058],[3.64638,51.13097],[3.64771,51.13896],[3.63163,51.12978],[3.61059,51.11875],[3.60106,51.10735],[3.5863,51.09916],[3.59767,51.08788],[3.59442,51.07981],[3.61322,51.07665],[3.61814,51.07801]]]},"properties":{"postcode":"9920","nl":"Lievegem","fr":"Lievegem"}},
{"type":"Feature","geometry":{"type":"Polygon","coordinates":[[[3.91863,51.20777],[3.92216,51.19895],[3.91246,51.19508],[3.90173,51.16724],[3.90919,51.157],[3.90268,51.14825],[3.91072,51.14794],[3.90942,51.13673],[3.92786,51.14371],[3.93913,51.15084],[3.95644,51.15318],[3.95522,51.15873],[3.9775,51.16446],[3.99868,51.16077],[3.99198,51.16888],[3.99063,51.17402],[3.98579,51.17641],[3.97958,51.18676],[3.98213,51.18763],[3.97112,51.20795],[3.98233,51.2134],[3.99421,51.21605],[3.98728,51.22185],[3.97774,51.22503],[3.96472,51.22411],[3.95908,51.21621],[3.93598,51.21189],[3.92942,51.22026],[3.916,51.21464],[3.91863,51.20777]]]},"properties":{"postcode":"9180","nl":"Lokeren","fr":"Lokeren"}},
{"type":"Feature","geometry":{"type":"Polygon","coordinates":[[[3.60621,51.02843],[3.61995,51.03521],[3.64497,51.0253],[3.64554,51.0391],[3.66153,51.03987],[3.67078,51.03034],[3.68496,51.03499],[3.67256,51.05325],[3.65959,51.06388],[3.6579,51.07907],[3.64686,51.07875],[3.63419,51.08358],[3.61814,51.07801],[3.61322,51.07665],[3.60234,51.0675],[3.61176,51.06361],[3.60987,51.05545],[3.60187,51.0483],[3.59028,51.04422],[3.57978,51.03027],[3.59874,51.0222],[3.60621,51.02843]]]},"properties":{"postcode":"9031","nl":"Gent","fr":"Gand"}},
{"type":"Feature","geometry":{"type":"Polygon","coordinates":[[[5.68508,50.59447],[5.67434,50.60342],[5.67453,50.6109],[5.67089,50.61394],[5.6594,50.6154],[5.64919,50.61161],[5.64604,50.61157],[5.65472,50.60494],[5.65434,50.59958],[5.66582,50.59365],[5.68023,50.59277],[5.68508,50.59447]]]},"properties":{"postcode":"4624","nl":"Fléron","fr":"Fléron"}},
{"type":"Feature","geometry":{"type":"Polygon","coordinates":[[[5.48917,50.47734],[5.50188,50.47849],[5.51493,50.48987],[5.49721,50.49526],[5.48213,50.48706],[5.48917,50.47734]]]},"properties":{"postcode":"4162","nl":"Anthisnes","fr":"Anthisnes"}},
{"type":"Feature","geometry":{"type":"Polygon","coordinates":[[[5.48872,50.60422],[5.50125,50.61034],[5.50673,50.61523],[5.51184,50.61735],[5.51982,50.61802],[5.51946,50.62371],[5.52343,50.62509],[5.52166,50.62817],[5.51401,50.62637],[5.5079,50.62858],[5.50275,50.6243],[5.49668,50.62197],[5.48431,50.62714],[5.47598,50.62089],[5.48235,50.61639],[5.48196,50.61277],[5.48623,50.60892],[5.48872,50.60422]]]},"properties":{"postcode":"4101","nl":"Seraing","fr":"Seraing"}},
{"type":"Feature","geometry":{"type":"Polygon","coordinates":[[[3.37579,50.62436],[3.38716,50.62048],[3.41264,50.62613],[3.41992,50.63333],[3.41312,50.63778],[3.39759,50.64496],[3.39352,50.65698],[3.36201,50.64775],[3.34749,50.64756],[3.35333,50.63661],[3.36382,50.63269],[3.37579,50.62436]]]},"properties":{"postcode":"7512","nl":"Doornik","fr":"Tournai"}},
{"type":"Feature","geometry":{"type":"Polygon","coordinates":[[[4.31307,50.30695],[4.28732,50.32293],[4.27748,50.3219],[4.27331,50.3123],[4.2643,50.31331],[4.25298,50.32381],[4.24128,50.32352],[4.24467,50.33169],[4.2599,50.33247],[4.26685,50.33916],[4.25013,50.33714],[4.2497,50.3426],[4.23091,50.33229],[4.22675,50.32006],[4.24043,50.31376],[4.25215,50.31161],[4.25517,50.29748],[4.25775,50.29442],[4.26746,50.29201],[4.27336,50.29465],[4.29172,50.29186],[4.30858,50.29976],[4.31307,50.30695]]]},"properties":{"postcode":"6532","nl":"Thuin","fr":"Thuin"}},
{"type":"Feature","geometry":{"type":"Polygon","coordinates":[[[3.74547,50.50234],[3.74361,50.51951],[3.71295,50.51544],[3.71897,50.49243],[3.73627,50.49609],[3.74547,50.50234]]]},"properties":{"postcode":"7973","nl":"Beloeil","fr":"Beloeil"}},
{"type":"Feature","geometry":{"type":"Polygon","coordinates":[[[4.21463,50.18595],[4.22046,50.18458],[4.22932,50.18817],[4.2385,50.18842],[4.25264,50.20053],[4.27126,50.20346],[4.26348,50.21918],[4.27553,50.23133],[4.28675,50.23578],[4.27604,50.24996],[4.25109,50.2327],[4.23052,50.22489],[4.22769,50.219],[4.21351,50.21071],[4.2105,50.20723],[4.20807,50.19974],[4.21403,50.19503],[4.21463,50.18595]]]},"properties":{"postcode":"6500","nl":"Beaumont","fr":"Beaumont"}},
{"type":"Feature","geometry":{"type":"Polygon","coordinates":[[[4.45994,50.40114],[4.46981,50.39556],[4.48824,50.39534],[4.49437,50.39686],[4.50118,50.40011],[4.49157,50.41063],[4.47748,50.41197],[4.46602,50.42668],[4.45009,50.40666],[4.45282,50.40353],[4.45994,50.40114]]]},"properties":{"postcode":"6061","nl":"Charleroi","fr":"Charleroi"}},
{"type":"Feature","geometry":{"type":"Polygon","coordinates":[[[3.35841,50.50475],[3.37705,50.49109],[3.41172,50.51083],[3.39826,50.52182],[3.38052,50.5125],[3.36222,50.51172],[3.35841,50.50475]]]},"properties":{"postcode":"7623","nl":"Brunehaut","fr":"Brunehaut"}},
{"type":"Feature","geometry":{"type":"Polygon","coordinates":[[[4.50217,50.43823],[4.50837,50.43968],[4.51138,50.44183],[4.51752,50.44326],[4.52298,50.44557],[4.52788,50.45082],[4.53961,50.45066],[4.54852,50.45677],[4.55391,50.4622],[4.55696,50.46913],[4.56565,50.47206],[4.55631,50.48073],[4.5624,50.48955],[4.55962,50.49317],[4.56354,50.49766],[4.55907,50.50029],[4.55764,50.5053],[4.55359,50.50436],[4.54589,50.50048],[4.54747,50.49892],[4.53437,50.49576],[4.52768,50.4925],[4.53177,50.48281],[4.52253,50.47542],[4.52055,50.46428],[4.50094,50.45199],[4.49733,50.44299],[4.50217,50.43823]]]},"properties":{"postcode":"6099","nl":"Fleurus","fr":"Fleurus"}},
{"type":"Feature","geometry":{"type":"Polygon","coordinates":[[[3.57683,50.53645],[3.61539,50.53535],[3.61729,50.53535],[3.61342,50.53962],[3.61565,50.55165],[3.60686,50.55881],[3.58742,50.54851],[3.56992,50.54191],[3.57683,50.53645]]]},"properties":{"postcode":"7602","nl":"Péruwelz","fr":"Péruwelz"}},
{"type":"Feature","geometry":{"type":"Polygon","coordinates":[[[4.42312,50.42355],[4.43058,50.428],[4.44294,50.42249],[4.44685,50.42698],[4.46038,50.43002],[4.46969,50.43546],[4.45572,50.43996],[4.41909,50.42729],[4.42312,50.42355]]]},"properties":{"postcode":"6042","nl":"Charleroi","fr":"Charleroi"}},
{"type":"Feature","geometry":{"type":"Polygon","coordinates":[[[4.06825,50.53969],[4.03105,50.52694],[4.014,50.50954],[4.04116,50.50342],[4.04672,50.50421],[4.05091,50.50676],[4.06739,50.50728],[4.0733,50.51053],[4.07113,50.52545],[4.07978,50.53108],[4.07536,50.53716],[4.06825,50.53969]]]},"properties":{"postcode":"7061","nl":"Zinnik","fr":"Soignies"}},
{"type":"Feature","geometry":{"type":"Polygon","coordinates":[[[4.33995,50.84023],[4.33605,50.83894],[4.32927,50.8314],[4.3259,50.83055],[4.33471,50.82798],[4.34454,50.82112],[4.3536,50.82058],[4.35832,50.83063],[4.34286,50.83309],[4.33995,50.84023]]]},"properties":{"postcode":"1050","nl":"Sint-Gillis","fr":"Saint-Gilles"}},
{"type":"Feature","geometry":{"type":"Polygon","coordinates":[[[4.55616,50.72386],[4.56578,50.70936],[4.58305,50.70107],[4.59744,50.70402],[4.61437,50.69772],[4.62022,50.70243],[4.60471,50.71382],[4.58722,50.71868],[4.59087,50.7235],[4.57792,50.7376],[4.56681,50.73823],[4.55759,50.73477],[4.55616,50.72386]]]},"properties":{"postcode":"1301","nl":"Waver","fr":"Wavre"}},
{"type":"Feature","geometry":{"type":"Polygon","coordinates":[[[4.45639,50.60535],[4.4722,50.60959],[4.47166,50.61848],[4.48994,50.63043],[4.48484,50.65319],[4.47842,50.65133],[4.46826,50.6454],[4.46637,50.63727],[4.47097,50.6307],[4.44898,50.62406],[4.44877,50.62138],[4.44931,50.6157],[4.45582,50.60942],[4.45639,50.60535]]]},"properties":{"postcode":"1474","nl":"Genepiën","fr":"Genappe"}},
{"type":"Feature","geometry":{"type":"Polygon","coordinates":[[[4.72492,51.41266],[4.71166,51.4099],[4.71443,51.39876],[4.71848,51.37571],[4.72826,51.38404],[4.73671,51.38602],[4.7406,51.38562],[4.75654,51.38828],[4.76375,51.38694],[4.769,51.38874],[4.76938,51.39254],[4.77283,51.39556],[4.78129,51.39858],[4.77424,51.40458],[4.77373,51.40922],[4.77228,51.41083],[4.77235,51.41055],[4.77166,51.41016],[4.76886,51.41109],[4.76577,51.411],[4.76127,51.41231],[4.75948,51.4125],[4.75909,51.41194],[4.74792,51.41317],[4.74241,51.41373],[4.74128,51.41391],[4.73459,51.41561],[4.73255,51.41368],[4.72982,51.41304],[4.72935,51.41297],[4.72661,51.41275],[4.72492,51.41266]]]},"properties":{"postcode":"2320","nl":"Hoogstraten","fr":"Hoogstraten"}},
{"type":"Feature","geometry":{"type":"Polygon","coordinates":[[[4.77386,51.50511],[4.7527,51.49982],[4.74647,51.48944],[4.72981,51.48424],[4.71691,51.46886],[4.70406,51.46546],[4.69309,51.45173],[4.66659,51.4444],[4.66969,51.42636],[4.68927,51.41884],[4.69506,51.41656],[4.69694,51.41742],[4.69818,51.41807],[4.71637,51.42298],[4.71796,51.42303],[4.71931,51.42307],[4.72095,51.42309],[4.72215,51.42308],[4.72348,51.42317],[4.72326,51.42185],[4.725,51.42208],[4.72962,51.42312],[4.73534,51.42165],[4.74536,51.42501],[4.74717,51.42714],[4.74895,51.42788],[4.75484,51.42988],[4.76362,51.43352],[4.76279,51.43388],[4.76283,51.43451],[4.76261,51.43525],[4.76245,51.43576],[4.76187,51.43637],[4.76208,51.43714],[4.76183,51.44014],[4.75987,51.44139],[4.76341,51.44521],[4.78063,51.45351],[4.77998,51.45444],[4.76387,51.47254],[4.77055,51.48624],[4.76265,51.49333],[4.77386,51.50511]]]},"properties":{"postcode":"2321","nl":"Hoogstraten","fr":"Hoogstraten"}},
{"type":"Feature","geometry":{"type":"Polygon","coordinates":[[[4.50901,51.18971],[4.50213,51.18875],[4.49972,51.19179],[4.49984,51.1959],[4.49048,51.19951],[4.4823,51.20381],[4.47054,51.19933],[4.47397,51.19567],[4.47001,51.18857],[4.47293,51.18672],[4.47663,51.18798],[4.48393,51.18059],[4.49865,51.18371],[4.50447,51.18407],[4.50901,51.18971]]]},"properties":{"postcode":"2150","nl":"Antwerpen","fr":"Anvers"}},
{"type":"Feature","geometry":{"type":"Polygon","coordinates":[[[5.08659,50.35831],[5.06972,50.35133],[5.0501,50.3636],[5.0247,50.35306],[5.03398,50.34038],[5.03758,50.3261],[5.04352,50.31947],[5.04726,50.31687],[5.05963,50.32709],[5.07486,50.33083],[5.08,50.33531],[5.0826,50.33305],[5.10543,50.34215],[5.10068,50.35046],[5.08659,50.35831]]]},"properties":{"postcode":"5360","nl":"Hamois","fr":"Hamois"}},
{"type":"Feature","geometry":{"type":"Polygon","coordinates":[[[5.13885,50.31362],[5.15034,50.30962],[5.16422,50.31031],[5.16358,50.3216],[5.18816,50.33092],[5.21166,50.34548],[5.20659,50.35467],[5.20194,50.35284],[5.15036,50.32851],[5.14446,50.32835],[5.14648,50.32199],[5.13885,50.31362]]]},"properties":{"postcode":"5362","nl":"Hamois","fr":"Hamois"}},
{"type":"Feature","geometry":{"type":"Polygon","coordinates":[[[5.33886,50.33627],[5.32927,50.34567],[5.33179,50.35522],[5.31806,50.37285],[5.29614,50.3643],[5.30112,50.35877],[5.29583,50.35229],[5.30702,50.34301],[5.3098,50.33778],[5.31976,50.34149],[5.32375,50.33906],[5.32787,50.33245],[5.33886,50.33627]]]},"properties":{"postcode":"5374","nl":"Havelange","fr":"Havelange"}},
{"type":"Feature","geometry":{"type":"Polygon","coordinates":[[[4.91925,50.05163],[4.91655,50.05744],[4.91688,50.06424],[4.93307,50.09666],[4.93395,50.10685],[4.92934,50.1125],[4.9149,50.11786],[4.91195,50.09733],[4.90384,50.08989],[4.90728,50.08482],[4.90267,50.07637],[4.90511,50.06782],[4.89428,50.06132],[4.90041,50.05568],[4.90081,50.04672],[4.90604,50.04759],[4.91925,50.05163]]]},"properties":{"postcode":"5570","nl":"Beauraing","fr":"Beauraing"}},
{"type":"Feature","geometry":{"type":"Polygon","coordinates":[[[5.20336,51.0358],[5.20551,51.0369],[5.21801,51.03451],[5.22334,51.0346],[5.22509,51.03085],[5.23015,51.03144],[5.23711,51.03416],[5.24204,51.03406],[5.252,51.03717],[5.25096,51.04],[5.24599,51.04509],[5.22489,51.05733],[5.20903,51.06922],[5.20436,51.06517],[5.213,51.05547],[5.19955,51.04634],[5.20336,51.0358]]]},"properties":{"postcode":"3580","nl":"Beringen","fr":"Beringen"}},
{"type":"Feature","geometry":{"type":"Polygon","coordinates":[[[5.38341,50.84741],[5.39866,50.85448],[5.41571,50.84358],[5.43073,50.85255],[5.41214,50.86774],[5.40801,50.8675],[5.38156,50.85108],[5.38341,50.84741]]]},"properties":{"postcode":"3722","nl":"Hasselt","fr":"Hasselt"}},
{"type":"Feature","geometry":{"type":"Polygon","coordinates":[[[5.4576,50.84075],[5.45756,50.84856],[5.4501,50.85078],[5.43565,50.84387],[5.44471,50.83224],[5.45662,50.83306],[5.4576,50.84075]]]},"properties":{"postcode":"3732","nl":"Bilzen-Hoeselt","fr":"Bilzen-Hoeselt"}},
{"type":"Feature","geometry":{"type":"Polygon","coordinates":[[[5.3379,50.81934],[5.33412,50.80394],[5.31231,50.8174],[5.30654,50.81216],[5.32011,50.80193],[5.33777,50.80097],[5.32911,50.79088],[5.3408,50.79058],[5.34274,50.7841],[5.34704,50.77899],[5.35966,50.77981],[5.36107,50.78489],[5.36874,50.79],[5.37881,50.79427],[5.37548,50.8054],[5.36104,50.80964],[5.34638,50.81997],[5.34034,50.82142],[5.3379,50.81934]]]},"properties":{"postcode":"3840","nl":"Tongeren-Borgloon","fr":"Tongeren-Borgloon"}},
{"type":"Feature","geometry":{"type":"Polygon","coordinates":[[[3.09117,51.14577],[3.08422,51.14428],[3.08036,51.14612],[3.06868,51.14195],[3.0649,51.13926],[3.05791,51.12026],[3.06483,51.11136],[3.06641,51.10243],[3.0785,51.10326],[3.08213,51.10223],[3.09474,51.08928],[3.10125,51.09244],[3.10678,51.08905],[3.1151,51.09188],[3.12107,51.09174],[3.12563,51.09329],[3.13022,51.09904],[3.12583,51.11082],[3.11513,51.1251],[3.11376,51.13454],[3.10764,51.13879],[3.09141,51.1434],[3.09117,51.14577]]]},"properties":{"postcode":"8211","nl":"Zedelgem","fr":"Zedelgem"}},
{"type":"Feature","geometry":{"type":"Polygon","coordinates":[[[3.27585,51.34185],[3.28714,51.33262],[3.29503,51.33686],[3.30506,51.32737],[3.32282,51.33159],[3.34143,51.32849],[3.36001,51.33132],[3.38346,51.34125],[3.37407,51.34851],[3.375,51.35889],[3.3629,51.373],[3.35218,51.36866],[3.30899,51.36081],[3.27193,51.35136],[3.27585,51.34185]]]},"properties":{"postcode":"8300","nl":"Knokke-Heist","fr":"Knokke-Heist"}},
{"type":"Feature","geometry":{"type":"Polygon","coordinates":[[[3.21266,50.76179],[3.22766,50.76505],[3.23995,50.75799],[3.24807,50.75745],[3.24254,50.76933],[3.23637,50.77304],[3.23552,50.78784],[3.22917,50.79519],[3.219,50.79327],[3.21449,50.79109],[3.21159,50.78509],[3.20472,50.78245],[3.20098,50.77711],[3.20363,50.77403],[3.21028,50.77116],[3.21266,50.76179]]]},"properties":{"postcode":"8511","nl":"Kortrijk","fr":"Courtrai"}},
{"type":"Feature","geometry":{"type":"Polygon","coordinates":[[[2.8831,50.87892],[2.89948,50.8788],[2.91082,50.88416],[2.91781,50.88606],[2.90758,50.89381],[2.88207,50.90812],[2.87912,50.9068],[2.86452,50.91733],[2.85553,50.91259],[2.85112,50.91447],[2.84472,50.91958],[2.83826,50.91651],[2.83317,50.91167],[2.82476,50.90712],[2.816,50.90472],[2.83135,50.89999],[2.83718,50.88334],[2.83451,50.87452],[2.85443,50.88145],[2.86023,50.87665],[2.87135,50.88351],[2.8831,50.87892]]]},"properties":{"postcode":"8904","nl":"Ieper","fr":"Ypres"}},
{"type":"Feature","geometry":{"type":"Polygon","coordinates":[[[2.84891,50.81184],[2.85261,50.82447],[2.86608,50.83626],[2.85922,50.85129],[2.83629,50.86307],[2.83467,50.87267],[2.80878,50.86367],[2.79878,50.86421],[2.78843,50.85868],[2.77734,50.86212],[2.77274,50.85371],[2.76964,50.84603],[2.77579,50.83856],[2.79855,50.8398],[2.79977,50.83377],[2.80865,50.82961],[2.82312,50.83538],[2.82941,50.83055],[2.83891,50.83358],[2.84892,50.81921],[2.84443,50.81452],[2.84891,50.81184]]]},"properties":{"postcode":"8908","nl":"Ieper","fr":"Ypres"}},
{"type":"Feature","geometry":{"type":"Polygon","coordinates":[[[5.13896,49.92573],[5.14229,49.9364],[5.16202,49.94796],[5.15585,49.95615],[5.14183,49.96414],[5.12951,49.96599],[5.12587,49.97972],[5.12171,49.98254],[5.10798,49.978],[5.11183,49.97334],[5.10963,49.97085],[5.10076,49.9684],[5.10064,49.9623],[5.1026,49.94673],[5.09908,49.94337],[5.09831,49.93712],[5.10443,49.93004],[5.10933,49.92821],[5.11186,49.92398],[5.11862,49.92219],[5.13507,49.92609],[5.13896,49.92573]]]},"properties":{"postcode":"6852","nl":"Paliseul","fr":"Paliseul"}},
{"type":"Feature","geometry":{"type":"Polygon","coordinates":[[[5.43795,50.11264],[5.41738,50.11621],[5.40841,50.1128],[5.39542,50.09365],[5.39783,50.08491],[5.39024,50.07852],[5.39288,50.07245],[5.40542,50.06536],[5.40544,50.06045],[5.41182,50.052],[5.41792,50.04886],[5.43149,50.05104],[5.46777,50.07291],[5.48431,50.07248],[5.49194,50.07584],[5.51034,50.07748],[5.52368,50.0691],[5.54211,50.06766],[5.54615,50.07521],[5.55586,50.07431],[5.5657,50.08],[5.55144,50.08798],[5.53365,50.10509],[5.50699,50.09597],[5.48898,50.09393],[5.48367,50.09831],[5.45541,50.10005],[5.43795,50.11264]]]},"properties":{"postcode":"6970","nl":"Tenneville","fr":"Tenneville"}},
{"type":"Feature","geometry":{"type":"Polygon","coordinates":[[[4.42433,50.90197],[4.43569,50.90072],[4.4417,50.90535],[4.46696,50.89793],[4.46972,50.89874],[4.46723,50.90521],[4.46429,50.90494],[4.45783,50.90778],[4.46377,50.92078],[4.46137,50.92399],[4.45093,50.92315],[4.43783,50.91899],[4.43041,50.92161],[4.41572,50.90612],[4.42433,50.90197]]]},"properties":{"postcode":"1830","nl":"Machelen","fr":"Machelen"}},
{"type":"Feature","geometry":{"type":"Polygon","coordinates":[[[4.93961,50.89286],[4.95757,50.90123],[4.95191,50.90967],[4.95673,50.91496],[4.97464,50.92018],[4.97072,50.92583],[4.95498,50.92178],[4.95169,50.92977],[4.92642,50.92392],[4.91944,50.9202],[4.92337,50.90938],[4.93961,50.89286]]]},"properties":{"postcode":"3461","nl":"Bekkevoort","fr":"Bekkevoort"}},
{"type":"Feature","geometry":{"type":"Polygon","coordinates":[[[4.04619,50.88519],[4.07124,50.90286],[4.06517,50.91005],[4.05567,50.91],[4.04152,50.90451],[4.03316,50.89762],[4.03994,50.89262],[4.03614,50.88439],[4.04619,50.88519]]]},"properties":{"postcode":"9473","nl":"Denderleeuw","fr":"Denderleeuw"}},
{"type":"Feature","geometry":{"type":"Polygon","coordinates":[[[3.6579,51.07907],[3.65905,51.08716],[3.6527,51.08979],[3.64337,51.09236],[3.62385,51.09175],[3.61814,51.07801],[3.63419,51.08358],[3.64686,51.07875],[3.6579,51.07907]]]},"properties":{"postcode":"9921","nl":"Lievegem","fr":"Lievegem"}},
{"type":"Feature","geometry":{"type":"Polygon","coordinates":[[[4.24838,51.14051],[4.26035,51.1385],[4.26754,51.14421],[4.27401,51.13916],[4.27667,51.133],[4.2834,51.13292],[4.30138,51.13499],[4.30831,51.13172],[4.305,51.12756],[4.30693,51.12483],[4.31784,51.12839],[4.32537,51.13414],[4.32786,51.14093],[4.33026,51.15562],[4.32984,51.16008],[4.30762,51.15411],[4.25309,51.16488],[4.24259,51.16873],[4.2357,51.16461],[4.23776,51.1589],[4.24545,51.1473],[4.24838,51.14051]]]},"properties":{"postcode":"9150","nl":"Beveren-Kruibeke-Zwijndrecht","fr":"Beveren-Kruibeke-Zwijndrecht"}},
{"type":"Feature","geometry":{"type":"Polygon","coordinates":[[[5.72376,50.63335],[5.72458,50.62327],[5.73633,50.61576],[5.73894,50.60178],[5.7443,50.59951],[5.76377,50.60225],[5.76854,50.60964],[5.76827,50.6127],[5.75758,50.62271],[5.76184,50.63141],[5.73882,50.63503],[5.72376,50.63335]]]},"properties":{"postcode":"4630","nl":"Soumagne","fr":"Soumagne"}},
{"type":"Feature","geometry":{"type":"Polygon","coordinates":[[[6.30795,50.31075],[6.30641,50.32016],[6.31786,50.31897],[6.33299,50.32348],[6.35126,50.31094],[6.36149,50.3148],[6.37524,50.31376],[6.38247,50.32216],[6.40553,50.32334],[6.4081,50.33541],[6.3987,50.34557],[6.36977,50.36106],[6.36088,50.37128],[6.34304,50.38061],[6.35623,50.39015],[6.35354,50.39857],[6.32455,50.38441],[6.31646,50.37851],[6.30842,50.38092],[6.2927,50.36795],[6.29446,50.36265],[6.27692,50.35519],[6.26809,50.34081],[6.27072,50.32335],[6.28536,50.30932],[6.30795,50.31075]]]},"properties":{"postcode":"4760","nl":"Büllingen","fr":"Bullange"}},
{"type":"Feature","geometry":{"type":"Polygon","coordinates":[[[5.86055,50.62647],[5.8597,50.63071],[5.85627,50.63463],[5.85051,50.63572],[5.85069,50.63849],[5.84688,50.64078],[5.84215,50.64066],[5.8382,50.63817],[5.82432,50.64318],[5.82016,50.63722],[5.8274,50.62431],[5.84319,50.62236],[5.86055,50.62647]]]},"properties":{"postcode":"4650","nl":"Herve","fr":"Herve"}},
{"type":"Feature","geometry":{"type":"Polygon","coordinates":[[[5.85356,50.57982],[5.86445,50.56217],[5.86088,50.55098],[5.87813,50.55573],[5.89492,50.55779],[5.89551,50.5597],[5.90233,50.56721],[5.90665,50.56656],[5.9106,50.57537],[5.91019,50.57702],[5.89994,50.58103],[5.89906,50.57973],[5.89014,50.57813],[5.89086,50.58161],[5.87872,50.58663],[5.8753,50.58302],[5.85356,50.57982]]]},"properties":{"postcode":"4802","nl":"Verviers","fr":"Verviers"}},
{"type":"Feature","geometry":{"type":"Polygon","coordinates":[[[5.67373,50.6938],[5.6963,50.69063],[5.7007,50.70429],[5.68893,50.71848],[5.67715,50.70292],[5.67373,50.6938]]]},"properties":{"postcode":"4601","nl":"Wezet","fr":"Visé"}},
{"type":"Feature","geometry":{"type":"Polygon","coordinates":[[[6.01245,50.2646],[6.03212,50.26388],[6.05592,50.26057],[6.08165,50.24351],[6.11944,50.24248],[6.11278,50.26087],[6.09518,50.28682],[6.12592,50.29346],[6.12958,50.29962],[6.12347,50.3017],[6.1147,50.31275],[6.0924,50.31636],[6.06917,50.32482],[6.03668,50.31601],[6.0293,50.31193],[6.01355,50.30995],[6.01549,50.29543],[6.01206,50.27674],[6.01245,50.2646]]]},"properties":{"postcode":"4784","nl":"Sankt Vith","fr":"Saint-Vith"}},
{"type":"Feature","geometry":{"type":"Polygon","coordinates":[[[5.60608,50.57544],[5.61647,50.56837],[5.61504,50.55094],[5.65412,50.55246],[5.65149,50.55926],[5.66446,50.56613],[5.66111,50.5717],[5.64779,50.57243],[5.63462,50.57228],[5.60608,50.57544]]]},"properties":{"postcode":"4052","nl":"Chaudfontaine","fr":"Chaudfontaine"}},
{"type":"Feature","geometry":{"type":"Polygon","coordinates":[[[5.09259,50.52903],[5.09245,50.52583],[5.09636,50.52192],[5.09743,50.51653],[5.09477,50.51517],[5.1041,50.50733],[5.11276,50.50682],[5.11731,50.50352],[5.14218,50.51214],[5.14316,50.51615],[5.15475,50.5208],[5.16178,50.52821],[5.16891,50.53114],[5.16831,50.53347],[5.17153,50.53675],[5.16429,50.54064],[5.15222,50.54129],[5.13901,50.5452],[5.12641,50.54328],[5.12141,50.54121],[5.11367,50.54235],[5.09925,50.53422],[5.09458,50.53253],[5.09259,50.52903]]]},"properties":{"postcode":"4218","nl":"Héron","fr":"Héron"}},
{"type":"Feature","geometry":{"type":"Polygon","coordinates":[[[3.34829,50.6796],[3.34234,50.68811],[3.34229,50.69647],[3.32673,50.70444],[3.30648,50.69417],[3.30312,50.6898],[3.31778,50.68662],[3.32054,50.68315],[3.32204,50.6777],[3.32491,50.67389],[3.33254,50.67426],[3.3373,50.6705],[3.34829,50.6796]]]},"properties":{"postcode":"7740","nl":"Pecq","fr":"Pecq"}},
{"type":"Feature","geometry":{"type":"Polygon","coordinates":[[[4.49157,50.41063],[4.4888,50.41574],[4.49794,50.42123],[4.50243,50.42615],[4.50734,50.42869],[4.50217,50.43823],[4.49733,50.44299],[4.48764,50.44307],[4.46969,50.43546],[4.46038,50.43002],[4.46602,50.42668],[4.47748,50.41197],[4.49157,50.41063]]]},"properties":{"postcode":"6060","nl":"Charleroi","fr":"Charleroi"}},
{"type":"Feature","geometry":{"type":"Polygon","coordinates":[[[3.83084,50.68544],[3.84377,50.69637],[3.85395,50.69355],[3.84939,50.70386],[3.85139,50.7174],[3.83741,50.72498],[3.82138,50.71929],[3.80738,50.72162],[3.79632,50.71989],[3.79919,50.70651],[3.81019,50.69842],[3.83084,50.68544]]]},"properties":{"postcode":"7860","nl":"Lessen","fr":"Lessines"}},
{"type":"Feature","geometry":{"type":"Polygon","coordinates":[[[4.33594,50.4546],[4.33665,50.45967],[4.35458,50.46523],[4.35868,50.47069],[4.34994,50.47979],[4.32976,50.4719],[4.31801,50.47359],[4.29812,50.46897],[4.29633,50.45503],[4.29369,50.45127],[4.29388,50.44774],[4.29881,50.44702],[4.31076,50.44945],[4.31931,50.45263],[4.32673,50.45414],[4.33594,50.4546]]]},"properties":{"postcode":"6183","nl":"Courcelles","fr":"Courcelles"}},
{"type":"Feature","geometry":{"type":"Polygon","coordinates":[[[4.46836,50.46148],[4.46211,50.44831],[4.48764,50.44307],[4.49733,50.44299],[4.50094,50.45199],[4.4809,50.47228],[4.46836,50.46148]]]},"properties":{"postcode":"6043","nl":"Charleroi","fr":"Charleroi"}},
{"type":"Feature","geometry":{"type":"Polygon","coordinates":[[[3.64105,50.58053],[3.6664,50.59039],[3.67472,50.5975],[3.6713,50.60345],[3.68362,50.61256],[3.65077,50.60419],[3.64926,50.59874],[3.6317,50.5884],[3.64105,50.58053]]]},"properties":{"postcode":"7903","nl":"Leuze-en-Hainaut","fr":"Leuze-en-Hainaut"}},
{"type":"Feature","geometry":{"type":"Polygon","coordinates":[[[4.02858,50.42693],[4.0359,50.42907],[4.03706,50.43854],[4.03013,50.44474],[4.00673,50.45389],[3.98782,50.44568],[3.99091,50.43669],[4.01078,50.43271],[4.0118,50.42202],[4.02858,50.42693]]]},"properties":{"postcode":"7030","nl":"Bergen","fr":"Mons"}},
{"type":"Feature","geometry":{"type":"Polygon","coordinates":[[[5.21166,50.34548],[5.22357,50.35039],[5.24097,50.3448],[5.26027,50.34928],[5.25838,50.35837],[5.22781,50.36236],[5.20649,50.35495],[5.20659,50.35467],[5.21166,50.34548]]]},"properties":{"postcode":"5370","nl":"Havelange","fr":"Havelange"}},
{"type":"Feature","geometry":{"type":"Polygon","coordinates":[[[4.86208,50.47581],[4.87061,50.47856],[4.89266,50.48854],[4.88741,50.49733],[4.89185,50.50503],[4.88859,50.51192],[4.85513,50.50853],[4.86473,50.49628],[4.85621,50.48452],[4.86208,50.47581]]]},"properties":{"postcode":"5020","nl":"Namen","fr":"Namur"}},
{"type":"Feature","geometry":{"type":"Polygon","coordinates":[[[5.02171,50.11064],[5.02582,50.12362],[5.02021,50.12754],[5.01476,50.13959],[5.00773,50.14525],[5.00738,50.14521],[4.98804,50.14028],[4.98786,50.13467],[5.00166,50.11367],[5.00387,50.10899],[5.02171,50.11064]]]},"properties":{"postcode":"5573","nl":"Beauraing","fr":"Beauraing"}},
{"type":"Feature","geometry":{"type":"Polygon","coordinates":[[[4.95968,50.27286],[4.94274,50.25833],[4.94968,50.24835],[4.96792,50.24861],[4.97856,50.2504],[5.0032,50.24719],[5.01549,50.25063],[5.02307,50.24709],[5.03435,50.24876],[5.04079,50.25132],[5.04234,50.24968],[5.04792,50.25471],[5.02352,50.27972],[5.01897,50.28509],[5.0105,50.28136],[5.01253,50.27796],[4.98885,50.27],[4.97376,50.27241],[4.95968,50.27286]]]},"properties":{"postcode":"5503","nl":"Dinant","fr":"Dinant"}},
{"type":"Feature","geometry":{"type":"Polygon","coordinates":[[[2.8631,50.70828],[2.86961,50.71295],[2.85285,50.72439],[2.84221,50.7357],[2.85268,50.74042],[2.84212,50.75144],[2.85587,50.75765],[2.83055,50.76132],[2.81806,50.76214],[2.80591,50.75909],[2.80576,50.75131],[2.79221,50.74419],[2.78982,50.73186],[2.79457,50.72488],[2.81924,50.71551],[2.84809,50.72302],[2.8631,50.70828]]]},"properties":{"postcode":"8950","nl":"Heuvelland","fr":"Heuvelland"}},
{"type":"Feature","geometry":{"type":"Polygon","coordinates":[[[2.67175,50.86686],[2.68446,50.8757],[2.69514,50.87566],[2.7,50.88179],[2.68344,50.89163],[2.65803,50.89264],[2.65299,50.897],[2.65497,50.90606],[2.64754,50.91436],[2.63449,50.90604],[2.62956,50.89544],[2.63597,50.88496],[2.62205,50.88115],[2.62174,50.87553],[2.62226,50.87239],[2.65087,50.87498],[2.67175,50.86686]]]},"properties":{"postcode":"8972","nl":"Poperinge","fr":"Poperinge"}},
{"type":"Feature","geometry":{"type":"Polygon","coordinates":[[[5.8264,49.71932],[5.83157,49.71934],[5.83864,49.70943],[5.84887,49.70673],[5.85826,49.69815],[5.86892,49.69474],[5.88699,49.70931],[5.87474,49.71591],[5.87517,49.72188],[5.85962,49.72692],[5.84459,49.72134],[5.83761,49.72402],[5.8264,49.71932]]]},"properties":{"postcode":"6704","nl":"Aarlen","fr":"Arlon"}},
{"type":"Feature","geometry":{"type":"Polygon","coordinates":[[[5.44798,49.72812],[5.44838,49.7324],[5.45755,49.74433],[5.43008,49.75932],[5.42083,49.76095],[5.41734,49.76358],[5.42777,49.76793],[5.43012,49.77113],[5.42439,49.77284],[5.42507,49.77599],[5.43216,49.78186],[5.42736,49.78222],[5.41694,49.78549],[5.40936,49.78455],[5.39919,49.77946],[5.39448,49.7789],[5.39561,49.77327],[5.39073,49.76853],[5.38035,49.76229],[5.39003,49.75439],[5.38211,49.74558],[5.38052,49.72708],[5.39012,49.71847],[5.39178,49.71694],[5.41075,49.72347],[5.43371,49.71889],[5.44323,49.70837],[5.44981,49.71138],[5.45291,49.72109],[5.44798,49.72812]]]},"properties":{"postcode":"6811","nl":"Chiny","fr":"Chiny"}},
{"type":"Feature","geometry":{"type":"Polygon","coordinates":[[[5.41738,50.11621],[5.41707,50.11673],[5.39986,50.12752],[5.38035,50.13524],[5.36644,50.14548],[5.36108,50.15616],[5.33501,50.14303],[5.32808,50.12993],[5.33367,50.12052],[5.32185,50.11261],[5.32678,50.10835],[5.34787,50.0991],[5.35283,50.09441],[5.36154,50.09578],[5.37845,50.0893],[5.388,50.07977],[5.39024,50.07852],[5.39783,50.08491],[5.39542,50.09365],[5.40841,50.1128],[5.41738,50.11621]]]},"properties":{"postcode":"6950","nl":"Nassogne","fr":"Nassogne"}},
{"type":"Feature","geometry":{"type":"Polygon","coordinates":[[[4.18785,50.88538],[4.23458,50.89329],[4.24134,50.899],[4.24252,50.91409],[4.2218,50.91],[4.20847,50.92442],[4.201,50.92781],[4.19978,50.93129],[4.20342,50.93412],[4.1981,50.93867],[4.19149,50.93681],[4.18407,50.94266],[4.18085,50.93995],[4.17558,50.93938],[4.17246,50.93409],[4.16713,50.93492],[4.15025,50.92449],[4.14498,50.92515],[4.14377,50.92064],[4.1496,50.91303],[4.14234,50.9104],[4.14551,50.90178],[4.14525,50.89775],[4.15049,50.89207],[4.14915,50.88866],[4.15854,50.88497],[4.17407,50.88837],[4.18785,50.88538]]]},"properties":{"postcode":"1733","nl":"Asse","fr":"Asse"}},
{"type":"Feature","geometry":{"type":"Polygon","coordinates":[[[4.92423,50.77919],[4.90894,50.7882],[4.85814,50.81319],[4.8557,50.80605],[4.85822,50.80307],[4.85318,50.80078],[4.8624,50.79089],[4.85727,50.78333],[4.83123,50.77052],[4.83305,50.76513],[4.83861,50.76318],[4.84816,50.76761],[4.85401,50.76695],[4.86096,50.76386],[4.87679,50.76682],[4.88553,50.76277],[4.89278,50.76654],[4.89294,50.76903],[4.90227,50.76807],[4.90836,50.76942],[4.92168,50.77463],[4.92423,50.77919]]]},"properties":{"postcode":"3320","nl":"Hoegaarden","fr":"Hoegaarden"}},
{"type":"Feature","geometry":{"type":"Polygon","coordinates":[[[5.06546,50.88467],[5.07581,50.89243],[5.07437,50.89699],[5.09203,50.90898],[5.08726,50.91205],[5.07817,50.92168],[5.06781,50.91715],[5.06058,50.91756],[5.054,50.9205],[5.05129,50.92317],[5.0453,50.93244],[5.0263,50.92657],[5.02362,50.92499],[5.029,50.91282],[5.04165,50.91019],[5.04855,50.90244],[5.03362,50.89575],[5.03449,50.89029],[5.04592,50.87944],[5.05803,50.88116],[5.06546,50.88467]]]},"properties":{"postcode":"3470","nl":"Kortenaken","fr":"Kortenaken"}},
{"type":"Feature","geometry":{"type":"Polygon","coordinates":[[[3.52979,50.88564],[3.53267,50.8867],[3.54229,50.88139],[3.54323,50.87949],[3.55485,50.88112],[3.56091,50.88398],[3.56389,50.88382],[3.56961,50.8783],[3.58079,50.88236],[3.58397,50.89149],[3.57254,50.89495],[3.5661,50.90166],[3.53915,50.89543],[3.52768,50.8887],[3.52979,50.88564]]]},"properties":{"postcode":"9772","nl":"Kruisem","fr":"Kruisem"}},
{"type":"Feature","geometry":{"type":"Polygon","coordinates":[[[6.01253,50.73787],[5.99657,50.70844],[6.00267,50.70853],[6.01996,50.71868],[6.02061,50.75333],[6.01253,50.73787]]]},"properties":{"postcode":"4720","nl":"Kelmis","fr":"La Calamine"}},
{"type":"Feature","geometry":{"type":"Polygon","coordinates":[[[6.00793,50.64454],[6.00096,50.63963],[6.00988,50.63296],[6.00286,50.62886],[6.00169,50.6267],[6.00444,50.62302],[6.01699,50.61277],[6.02501,50.61581],[6.02956,50.61613],[6.04223,50.61523],[6.05048,50.60673],[6.0531,50.60586],[6.05543,50.59936],[6.05816,50.59771],[6.06735,50.60097],[6.07336,50.59874],[6.07742,50.60015],[6.08861,50.59595],[6.09549,50.59771],[6.10089,50.59683],[6.10276,50.59277],[6.11062,50.58911],[6.11673,50.5845],[6.11927,50.56991],[6.13515,50.55807],[6.13252,50.55375],[6.13752,50.54804],[6.14497,50.54823],[6.15629,50.55205],[6.16491,50.55739],[6.16571,50.57039],[6.18935,50.56603],[6.19215,50.56562],[6.2031,50.56929],[6.20762,50.57615],[6.22225,50.58452],[6.22534,50.59046],[6.24057,50.58706],[6.24939,50.59876],[6.24887,50.60484],[6.26762,50.61731],[6.26946,50.62518],[6.26928,50.62524],[6.26105,50.62844],[6.23497,50.62618],[6.22389,50.61648],[6.22646,50.60398],[6.20223,50.60979],[6.18777,50.62174],[6.17731,50.61958],[6.15915,50.62676],[6.14883,50.61145],[6.14522,50.60048],[6.1253,50.61594],[6.1277,50.63163],[6.12491,50.63808],[6.08543,50.6416],[6.08008,50.63831],[6.06844,50.63282],[6.05364,50.63145],[6.02926,50.6416],[6.02327,50.64844],[6.01194,50.64266],[6.00793,50.64454]]]},"properties":{"postcode":"4700","nl":"Eupen","fr":"Eupen"}},
{"type":"Feature","geometry":{"type":"Polygon","coordinates":[[[4.45119,50.51126],[4.46341,50.517],[4.47027,50.5243],[4.46454,50.53077],[4.46353,50.53374],[4.46754,50.53793],[4.466,50.5398],[4.46692,50.54715],[4.47732,50.55086],[4.47208,50.55371],[4.46952,50.55891],[4.44961,50.5543],[4.44366,50.56012],[4.43119,50.55948],[4.42229,50.55842],[4.42705,50.54491],[4.41893,50.53875],[4.42788,50.529],[4.4228,50.52559],[4.45119,50.51126]]]},"properties":{"postcode":"6210","nl":"Les Bons Villers","fr":"Les Bons Villers"}},
{"type":"Feature","geometry":{"type":"Polygon","coordinates":[[[4.39731,50.45704],[4.4053,50.45557],[4.41308,50.45836],[4.43103,50.45875],[4.43801,50.45494],[4.45811,50.45668],[4.46836,50.46148],[4.4809,50.47228],[4.4852,50.47629],[4.45749,50.48185],[4.45825,50.4927],[4.4563,50.49176],[4.4354,50.47935],[4.42801,50.47888],[4.41577,50.46926],[4.40021,50.47033],[4.40459,50.46129],[4.39731,50.45704]]]},"properties":{"postcode":"6041","nl":"Charleroi","fr":"Charleroi"}},
{"type":"Feature","geometry":{"type":"Polygon","coordinates":[[[3.7653,50.44429],[3.77021,50.44042],[3.77469,50.44031],[3.77732,50.4258],[3.77498,50.42319],[3.77002,50.42289],[3.75871,50.41978],[3.76768,50.41124],[3.77516,50.40759],[3.791,50.40848],[3.79888,50.40373],[3.80111,50.41047],[3.8075,50.41572],[3.81296,50.43815],[3.80343,50.45224],[3.77112,50.45182],[3.7653,50.44429]]]},"properties":{"postcode":"7300","nl":"Boussu","fr":"Boussu"}},
{"type":"Feature","geometry":{"type":"Polygon","coordinates":[[[4.05735,50.43268],[4.05758,50.43967],[4.07554,50.44054],[4.08463,50.44703],[4.06994,50.45848],[4.07667,50.46675],[4.07612,50.46778],[4.06101,50.47376],[4.05652,50.4799],[4.04603,50.48936],[4.03691,50.48212],[4.02454,50.47765],[4.0239,50.46749],[4.00664,50.46727],[4.00278,50.46009],[4.00673,50.45389],[4.03013,50.44474],[4.03706,50.43854],[4.05735,50.43268]]]},"properties":{"postcode":"7021","nl":"Bergen","fr":"Mons"}},
{"type":"Feature","geometry":{"type":"Polygon","coordinates":[[[4.00545,50.39226],[4.00374,50.38568],[3.99245,50.38272],[4.00376,50.37464],[4.0064,50.3603],[3.99996,50.35335],[4.01138,50.35003],[4.02422,50.35918],[4.04604,50.35882],[4.04607,50.36525],[4.05504,50.36999],[4.05241,50.37586],[4.0491,50.37944],[4.05363,50.38106],[4.04749,50.38459],[4.04495,50.39194],[4.04045,50.39502],[4.04092,50.40097],[4.0282,50.39425],[4.01449,50.39061],[4.00545,50.39226]]]},"properties":{"postcode":"7041","nl":"Quévy","fr":"Quévy"}},
{"type":"Feature","geometry":{"type":"Polygon","coordinates":[[[4.4517,50.50596],[4.45119,50.51126],[4.4228,50.52559],[4.41509,50.53283],[4.40385,50.52776],[4.40904,50.52258],[4.40602,50.5151],[4.40806,50.50942],[4.41672,50.50199],[4.43508,50.49774],[4.44504,50.50108],[4.4517,50.50596]]]},"properties":{"postcode":"6238","nl":"Pont-à-Celles","fr":"Pont-à-Celles"}},
{"type":"Feature","geometry":{"type":"Polygon","coordinates":[[[3.70525,50.37794],[3.7067,50.38317],[3.71001,50.38642],[3.70521,50.38853],[3.7251,50.39763],[3.70957,50.39615],[3.70428,50.40449],[3.68414,50.39727],[3.67301,50.39976],[3.6732,50.38797],[3.66863,50.38415],[3.67315,50.3831],[3.67191,50.37801],[3.6729,50.37485],[3.68521,50.37473],[3.693,50.3768],[3.69823,50.37611],[3.70525,50.37794]]]},"properties":{"postcode":"7380","nl":"Quiévrain","fr":"Quiévrain"}},
{"type":"Feature","geometry":{"type":"Polygon","coordinates":[[[4.26926,50.61358],[4.25365,50.61592],[4.24557,50.61226],[4.25167,50.60122],[4.24695,50.5964],[4.25494,50.59343],[4.27017,50.59455],[4.27988,50.59836],[4.28275,50.60831],[4.26926,50.61358]]]},"properties":{"postcode":"1404","nl":"Nijvel","fr":"Nivelles"}},
{"type":"Feature","geometry":{"type":"Polygon","coordinates":[[[4.33357,50.68187],[4.33499,50.68037],[4.34275,50.67922],[4.35751,50.67282],[4.38968,50.65158],[4.39239,50.65432],[4.40055,50.65829],[4.39588,50.66103],[4.39467,50.67033],[4.40229,50.67357],[4.40628,50.67382],[4.41198,50.67993],[4.40525,50.6796],[4.40013,50.68125],[4.39101,50.68631],[4.39582,50.7012],[4.3854,50.70518],[4.36631,50.70077],[4.35956,50.70586],[4.3515,50.7151],[4.34007,50.73187],[4.33359,50.73361],[4.32856,50.72879],[4.32383,50.72891],[4.32534,50.72325],[4.33083,50.72074],[4.32647,50.7154],[4.32158,50.71978],[4.31372,50.72027],[4.31099,50.71363],[4.30796,50.70022],[4.31289,50.69508],[4.32355,50.68976],[4.33321,50.68782],[4.33357,50.68187]]]},"properties":{"postcode":"1420","nl":"Eigenbrakel","fr":"Braine-l'Alleud"}},
{"type":"Feature","geometry":{"type":"Polygon","coordinates":[[[4.46952,50.55891],[4.47448,50.56123],[4.46549,50.56318],[4.45777,50.56288],[4.45629,50.57261],[4.47129,50.57535],[4.48108,50.57651],[4.49258,50.57234],[4.50006,50.5745],[4.51359,50.58648],[4.52675,50.59025],[4.53134,50.596],[4.52341,50.60325],[4.5139,50.60801],[4.49908,50.61051],[4.49546,50.61584],[4.50832,50.64162],[4.50594,50.64603],[4.48484,50.65319],[4.48994,50.63043],[4.47166,50.61848],[4.4722,50.60959],[4.45639,50.60535],[4.45714,50.59451],[4.44058,50.57549],[4.42885,50.56502],[4.43119,50.55948],[4.44366,50.56012],[4.44961,50.5543],[4.46952,50.55891]]]},"properties":{"postcode":"1470","nl":"Genepiën","fr":"Genappe"}},
{"type":"Feature","geometry":{"type":"Polygon","coordinates":[[[4.97423,51.38269],[4.99367,51.3874],[5.00024,51.38757],[5.00398,51.39427],[5.02154,51.39951],[5.03392,51.4069],[5.06115,51.40142],[5.07117,51.39348],[5.08861,51.41451],[5.05276,51.4303],[5.04597,51.43593],[5.03142,51.43003],[4.99825,51.4405],[4.96323,51.42228],[4.9287,51.39591],[4.9279,51.39545],[4.97423,51.38269]]]},"properties":{"postcode":"2381","nl":"Ravels","fr":"Ravels"}},
{"type":"Feature","geometry":{"type":"Polygon","coordinates":[[[4.83214,50.44961],[4.8313,50.44007],[4.85187,50.43543],[4.86339,50.43638],[4.86154,50.45183],[4.87599,50.46354],[4.902,50.46973],[4.88484,50.46909],[4.87472,50.47244],[4.87061,50.47856],[4.86208,50.47581],[4.85261,50.47061],[4.83124,50.47139],[4.83273,50.45991],[4.83214,50.44961]]]},"properties":{"postcode":"5000","nl":"Namen","fr":"Namur"}},
{"type":"Feature","geometry":{"type":"Polygon","coordinates":[[[5.27356,50.14476],[5.28261,50.15476],[5.27918,50.15867],[5.27236,50.15922],[5.26721,50.16328],[5.26669,50.16828],[5.2605,50.17057],[5.2569,50.17546],[5.25417,50.1711],[5.24189,50.16655],[5.23039,50.15825],[5.23529,50.13926],[5.24265,50.13432],[5.27356,50.14476]]]},"properties":{"postcode":"5589","nl":"Rochefort","fr":"Rochefort"}},
{"type":"Feature","geometry":{"type":"Polygon","coordinates":[[[5.16652,50.44326],[5.18004,50.4475],[5.19358,50.45639],[5.19402,50.46465],[5.18995,50.47602],[5.17952,50.47597],[5.17238,50.46934],[5.16395,50.46761],[5.15826,50.46627],[5.15078,50.463],[5.16065,50.45595],[5.16652,50.44326]]]},"properties":{"postcode":"5352","nl":"Ohey","fr":"Ohey"}},
{"type":"Feature","geometry":{"type":"Polygon","coordinates":[[[4.96666,50.45161],[4.96186,50.45463],[4.96547,50.45689],[4.96832,50.4627],[4.96019,50.4733],[4.95031,50.47461],[4.93285,50.46027],[4.92024,50.45933],[4.9167,50.45372],[4.92594,50.44619],[4.94052,50.4475],[4.94375,50.44438],[4.96152,50.44189],[4.96705,50.44218],[4.97022,50.44798],[4.96666,50.45161]]]},"properties":{"postcode":"5101","nl":"Namen","fr":"Namur"}},
{"type":"Feature","geometry":{"type":"Polygon","coordinates":[[[4.85319,50.20193],[4.83737,50.21083],[4.82423,50.20049],[4.82476,50.1928],[4.82418,50.18351],[4.83187,50.17907],[4.85273,50.17859],[4.86144,50.18461],[4.85319,50.20193]]]},"properties":{"postcode":"5542","nl":"Hastière","fr":"Hastière"}},
{"type":"Feature","geometry":{"type":"Polygon","coordinates":[[[4.83124,50.47139],[4.85261,50.47061],[4.86208,50.47581],[4.85621,50.48452],[4.85157,50.48306],[4.82932,50.49099],[4.8176,50.48213],[4.83124,50.47139]]]},"properties":{"postcode":"5002","nl":"Namen","fr":"Namur"}},
{"type":"Feature","geometry":{"type":"Polygon","coordinates":[[[5.59533,50.97744],[5.59826,50.9777],[5.61576,50.95608],[5.64089,50.95064],[5.65226,50.95838],[5.69394,50.95344],[5.70286,50.94822],[5.72486,50.95463],[5.72012,50.96242],[5.73119,50.9716],[5.70505,50.96908],[5.68821,50.97804],[5.68458,50.9855],[5.67243,50.99131],[5.65778,50.99574],[5.65778,50.99654],[5.63573,50.99585],[5.62246,50.99927],[5.60346,51.00569],[5.59728,51.00167],[5.59533,50.97744]]]},"properties":{"postcode":"3630","nl":"Maasmechelen","fr":"Maasmechelen"}},
{"type":"Feature","geometry":{"type":"Polygon","coordinates":[[[5.54488,50.85215],[5.53265,50.86429],[5.52361,50.85458],[5.52197,50.84986],[5.52936,50.84088],[5.54488,50.85215]]]},"properties":{"postcode":"3742","nl":"Bilzen-Hoeselt","fr":"Bilzen-Hoeselt"}},
{"type":"Feature","geometry":{"type":"Polygon","coordinates":[[[3.12583,51.11082],[3.14314,51.11951],[3.16771,51.12337],[3.17508,51.12747],[3.14751,51.15942],[3.1425,51.16019],[3.12393,51.15483],[3.11217,51.15038],[3.09323,51.14533],[3.09117,51.14577],[3.09141,51.1434],[3.10764,51.13879],[3.11376,51.13454],[3.11513,51.1251],[3.12583,51.11082]]]},"properties":{"postcode":"8210","nl":"Zedelgem","fr":"Zedelgem"}},
{"type":"Feature","geometry":{"type":"Polygon","coordinates":[[[2.88696,50.82904],[2.89326,50.82106],[2.91637,50.81372],[2.92783,50.81996],[2.94195,50.82075],[2.94793,50.81804],[2.95726,50.81869],[2.95559,50.82407],[2.95917,50.82699],[2.96843,50.82522],[2.97648,50.83202],[2.97549,50.83935],[2.95901,50.84426],[2.95338,50.84535],[2.95046,50.84971],[2.94555,50.85408],[2.9318,50.85435],[2.91761,50.8456],[2.90817,50.8457],[2.90112,50.83682],[2.88696,50.82904]]]},"properties":{"postcode":"8902","nl":"Ieper","fr":"Ypres"}},
{"type":"Feature","geometry":{"type":"Polygon","coordinates":[[[2.83055,50.76132],[2.85587,50.75765],[2.85958,50.75762],[2.86088,50.7624],[2.84844,50.77189],[2.85154,50.77749],[2.82829,50.77532],[2.82399,50.77096],[2.83055,50.76132]]]},"properties":{"postcode":"8952","nl":"Heuvelland","fr":"Heuvelland"}},
{"type":"Feature","geometry":{"type":"Polygon","coordinates":[[[5.81598,49.54837],[5.84196,49.5531],[5.84651,49.5621],[5.86753,49.57304],[5.87313,49.58404],[5.83861,49.58674],[5.84174,49.57303],[5.82302,49.57394],[5.81598,49.54837]]]},"properties":{"postcode":"6791","nl":"Aubange","fr":"Aubange"}},
{"type":"Feature","geometry":{"type":"Polygon","coordinates":[[[5.44798,49.72812],[5.44838,49.7324],[5.45755,49.74433],[5.43008,49.75932],[5.42083,49.76095],[5.41734,49.76358],[5.42777,49.76793],[5.43012,49.77113],[5.42439,49.77284],[5.42507,49.77599],[5.43216,49.78186],[5.42736,49.78222],[5.41694,49.78549],[5.40936,49.78455],[5.39919,49.77946],[5.39448,49.7789],[5.39561,49.77327],[5.39073,49.76853],[5.38035,49.76229],[5.39003,49.75439],[5.38211,49.74558],[5.38052,49.72708],[5.39012,49.71847],[5.39178,49.71694],[5.41075,49.72347],[5.43371,49.71889],[5.44323,49.70837],[5.44981,49.71138],[5.45291,49.72109],[5.44798,49.72812]]]},"properties":{"postcode":"6812","nl":"Chiny","fr":"Chiny"}},
{"type":"Feature","geometry":{"type":"Polygon","coordinates":[[[5.44981,49.71138],[5.44099,49.70296],[5.44583,49.69015],[5.46098,49.69125],[5.46807,49.69785],[5.46872,49.70393],[5.47455,49.70515],[5.47703,49.70319],[5.48146,49.705],[5.47919,49.71266],[5.47438,49.71621],[5.46965,49.71661],[5.46778,49.72221],[5.4638,49.72308],[5.46224,49.72586],[5.44798,49.72812],[5.45291,49.72109],[5.44981,49.71138]]]},"properties":{"postcode":"6813","nl":"Chiny","fr":"Chiny"}},
{"type":"Feature","geometry":{"type":"Polygon","coordinates":[[[5.03709,49.77189],[5.04768,49.77992],[5.04851,49.80294],[5.0414,49.80778],[5.04273,49.81675],[5.03803,49.80563],[5.02526,49.81032],[5.01822,49.81136],[5.01002,49.80303],[4.99649,49.80776],[4.98964,49.81533],[4.9815,49.81249],[4.97195,49.81063],[4.97108,49.81251],[4.96919,49.81064],[4.97021,49.80403],[4.98463,49.79964],[4.99826,49.79957],[5.00855,49.78204],[5.03709,49.77189]]]},"properties":{"postcode":"6838","nl":"Bouillon","fr":"Bouillon"}},
{"type":"Feature","geometry":{"type":"Polygon","coordinates":[[[5.16421,49.82565],[5.16405,49.83067],[5.16916,49.83068],[5.17199,49.83348],[5.18104,49.83843],[5.18733,49.84313],[5.18409,49.84747],[5.18271,49.85688],[5.17477,49.8683],[5.15164,49.87918],[5.1385,49.87333],[5.12976,49.87215],[5.12856,49.86163],[5.13986,49.85179],[5.15318,49.82993],[5.16081,49.8293],[5.16421,49.82565]]]},"properties":{"postcode":"6856","nl":"Paliseul","fr":"Paliseul"}},
{"type":"Feature","geometry":{"type":"Polygon","coordinates":[[[4.68838,50.89452],[4.69478,50.88953],[4.70997,50.88697],[4.7112,50.90268],[4.71591,50.90954],[4.71567,50.91429],[4.74491,50.92539],[4.74348,50.93608],[4.73125,50.939],[4.72201,50.93241],[4.70457,50.94362],[4.68947,50.94407],[4.67641,50.93945],[4.67118,50.93596],[4.68522,50.92665],[4.69379,50.91882],[4.69522,50.91077],[4.69159,50.90371],[4.69314,50.89935],[4.68867,50.89689],[4.68838,50.89452]]]},"properties":{"postcode":"3018","nl":"Leuven","fr":"Louvain"}},
{"type":"Feature","geometry":{"type":"Polygon","coordinates":[[[4.55221,50.8559],[4.58462,50.86372],[4.5907,50.86988],[4.57885,50.87634],[4.57723,50.88752],[4.56158,50.88624],[4.54484,50.88211],[4.54211,50.87578],[4.5252,50.87288],[4.53424,50.86784],[4.54273,50.86343],[4.55221,50.8559]]]},"properties":{"postcode":"3078","nl":"Kortenberg","fr":"Kortenberg"}},
{"type":"Feature","geometry":{"type":"Polygon","coordinates":[[[4.64597,50.84922],[4.64102,50.85291],[4.64637,50.8611],[4.64469,50.87688],[4.64939,50.87847],[4.64889,50.8826],[4.62104,50.89096],[4.61374,50.88295],[4.61186,50.87322],[4.605,50.86821],[4.59117,50.86551],[4.60621,50.85672],[4.62012,50.85948],[4.62674,50.84946],[4.64597,50.84922]]]},"properties":{"postcode":"3060","nl":"Bertem","fr":"Bertem"}},
{"type":"Feature","geometry":{"type":"Polygon","coordinates":[[[3.85831,50.84793],[3.86612,50.84968],[3.89507,50.84308],[3.91735,50.84246],[3.91275,50.848],[3.92035,50.85938],[3.89225,50.87253],[3.87859,50.87288],[3.86969,50.87049],[3.86662,50.87245],[3.86006,50.87208],[3.8558,50.86664],[3.86353,50.86319],[3.85494,50.8588],[3.85173,50.85308],[3.85222,50.85075],[3.85831,50.84793]]]},"properties":{"postcode":"9550","nl":"Herzele","fr":"Herzele"}},
{"type":"Feature","geometry":{"type":"Polygon","coordinates":[[[3.56318,51.24792],[3.55546,51.25129],[3.5376,51.26571],[3.56964,51.28018],[3.5602,51.29084],[3.54343,51.2912],[3.51542,51.28715],[3.52797,51.24659],[3.53255,51.24518],[3.56318,51.24792]]]},"properties":{"postcode":"9981","nl":"Sint-Laureins","fr":"Sint-Laureins"}},
{"type":"Feature","geometry":{"type":"Polygon","coordinates":[[[5.67089,50.61394],[5.67453,50.6109],[5.69253,50.60585],[5.69348,50.60847],[5.69644,50.61627],[5.69295,50.62512],[5.67497,50.62995],[5.67276,50.62566],[5.66949,50.62246],[5.67325,50.61882],[5.66883,50.6163],[5.67089,50.61394]]]},"properties":{"postcode":"4620","nl":"Fléron","fr":"Fléron"}},
{"type":"Feature","geometry":{"type":"Polygon","coordinates":[[[5.85356,50.57982],[5.8753,50.58302],[5.87872,50.58663],[5.89127,50.59888],[5.88874,50.60304],[5.85428,50.59754],[5.84658,50.59863],[5.84522,50.58968],[5.85356,50.57982]]]},"properties":{"postcode":"4800","nl":"Verviers","fr":"Verviers"}},
{"type":"Feature","geometry":{"type":"Polygon","coordinates":[[[6.00793,50.64454],[6.01194,50.64266],[6.02327,50.64844],[6.02926,50.6416],[6.05364,50.63145],[6.06844,50.63282],[6.08008,50.63831],[6.07505,50.6415],[6.07341,50.65257],[6.0776,50.65592],[6.06717,50.66688],[6.07263,50.67176],[6.06995,50.6725],[6.05933,50.67172],[6.04437,50.66089],[6.03302,50.66132],[6.01491,50.65125],[6.01061,50.65449],[6.00034,50.64985],[6.00793,50.64454]]]},"properties":{"postcode":"4701","nl":"Eupen","fr":"Eupen"}},
{"type":"Feature","geometry":{"type":"Polygon","coordinates":[[[3.34618,50.58928],[3.35975,50.59519],[3.36214,50.61213],[3.35661,50.61384],[3.34175,50.61459],[3.3318,50.60124],[3.33484,50.59386],[3.34618,50.58928]]]},"properties":{"postcode":"7510","nl":"Doornik","fr":"Tournai"}},
{"type":"Feature","geometry":{"type":"Polygon","coordinates":[[[4.15838,49.99072],[4.1475,49.98361],[4.14471,49.97613],[4.17278,49.97718],[4.17819,49.97197],[4.19673,49.9677],[4.19501,49.95615],[4.22668,49.95859],[4.23564,49.96285],[4.24042,49.97509],[4.23347,49.98204],[4.21798,49.98576],[4.20083,50.00112],[4.19941,49.99572],[4.18178,49.99407],[4.16422,49.98682],[4.15838,49.99072]]]},"properties":{"postcode":"6593","nl":"Momignies","fr":"Momignies"}},
{"type":"Feature","geometry":{"type":"Polygon","coordinates":[[[3.64105,50.58053],[3.6317,50.5884],[3.64926,50.59874],[3.65077,50.60419],[3.64145,50.60369],[3.61615,50.61266],[3.59594,50.60987],[3.59029,50.60458],[3.59554,50.59586],[3.58718,50.5881],[3.58897,50.57788],[3.59655,50.57155],[3.60913,50.57298],[3.62809,50.57963],[3.64105,50.58053]]]},"properties":{"postcode":"7904","nl":"Leuze-en-Hainaut","fr":"Leuze-en-Hainaut"}},
{"type":"Feature","geometry":{"type":"Polygon","coordinates":[[[4.26746,50.29201],[4.26305,50.28847],[4.26145,50.28426],[4.25392,50.28198],[4.24251,50.28235],[4.24035,50.27295],[4.25678,50.27145],[4.26782,50.2616],[4.28804,50.25652],[4.30808,50.26622],[4.31274,50.2798],[4.29055,50.29109],[4.27336,50.29465],[4.26746,50.29201]]]},"properties":{"postcode":"6511","nl":"Beaumont","fr":"Beaumont"}},
{"type":"Feature","geometry":{"type":"Polygon","coordinates":[[[4.36607,50.40413],[4.37043,50.40973],[4.36699,50.4219],[4.35327,50.42753],[4.34997,50.42981],[4.34809,50.42958],[4.3545,50.41557],[4.35633,50.40447],[4.36607,50.40413]]]},"properties":{"postcode":"6030","nl":"Charleroi","fr":"Charleroi"}},
{"type":"Feature","geometry":{"type":"Polygon","coordinates":[[[3.84328,50.62611],[3.83962,50.6265],[3.82506,50.61507],[3.82061,50.60437],[3.83023,50.59498],[3.83597,50.59466],[3.83262,50.59971],[3.84859,50.60792],[3.83971,50.61475],[3.84328,50.62611]]]},"properties":{"postcode":"7941","nl":"Brugelette","fr":"Brugelette"}},
{"type":"Feature","geometry":{"type":"Polygon","coordinates":[[[2.8631,50.70828],[2.86972,50.70326],[2.88534,50.70648],[2.90116,50.69285],[2.9099,50.69366],[2.91167,50.704],[2.90879,50.71165],[2.9114,50.72131],[2.89216,50.73274],[2.88781,50.74701],[2.88022,50.74974],[2.88645,50.7549],[2.87822,50.76154],[2.87582,50.76117],[2.86963,50.76003],[2.85958,50.75762],[2.85587,50.75765],[2.84212,50.75144],[2.85268,50.74042],[2.84221,50.7357],[2.85285,50.72439],[2.86961,50.71295],[2.8631,50.70828]]]},"properties":{"postcode":"7782","nl":"Komen-Waasten","fr":"Comines-Warneton"}},
{"type":"Feature","geometry":{"type":"Polygon","coordinates":[[[4.31307,50.30695],[4.32936,50.31158],[4.32964,50.32083],[4.31644,50.32955],[4.3055,50.32513],[4.28732,50.32293],[4.31307,50.30695]]]},"properties":{"postcode":"6531","nl":"Thuin","fr":"Thuin"}},
{"type":"Feature","geometry":{"type":"Polygon","coordinates":[[[3.41377,50.61296],[3.40792,50.6072],[3.43971,50.60334],[3.44701,50.60865],[3.45623,50.6077],[3.44869,50.61863],[3.43187,50.61778],[3.41377,50.61296]]]},"properties":{"postcode":"7548","nl":"Doornik","fr":"Tournai"}},
{"type":"Feature","geometry":{"type":"Polygon","coordinates":[[[4.38077,50.60341],[4.37099,50.605],[4.35847,50.59897],[4.37146,50.59344],[4.36763,50.58606],[4.35341,50.57875],[4.35642,50.57157],[4.36746,50.57054],[4.37784,50.58014],[4.38482,50.58062],[4.39962,50.58718],[4.40527,50.59342],[4.4005,50.59919],[4.39423,50.60385],[4.38077,50.60341]]]},"properties":{"postcode":"1402","nl":"Nijvel","fr":"Nivelles"}},
{"type":"Feature","geometry":{"type":"Polygon","coordinates":[[[4.4005,50.59919],[4.41904,50.60628],[4.42743,50.60179],[4.44211,50.60593],[4.44931,50.6157],[4.44877,50.62138],[4.42821,50.62161],[4.42089,50.62525],[4.43212,50.63183],[4.42447,50.63935],[4.43575,50.64532],[4.44068,50.65079],[4.43861,50.6586],[4.42253,50.65148],[4.41468,50.65099],[4.40079,50.64398],[4.38884,50.63889],[4.37565,50.62896],[4.38406,50.6288],[4.38751,50.61285],[4.38077,50.60341],[4.39423,50.60385],[4.4005,50.59919]]]},"properties":{"postcode":"1472","nl":"Genepiën","fr":"Genappe"}},
{"type":"Feature","geometry":{"type":"Polygon","coordinates":[[[5.01073,51.07371],[5.02383,51.07291],[5.04932,51.07633],[5.06328,51.08102],[5.09493,51.08539],[5.10038,51.09375],[5.09742,51.09432],[5.07194,51.10432],[5.05895,51.10108],[5.04104,51.09935],[5.03182,51.09899],[5.01964,51.09512],[5.01733,51.09221],[5.01253,51.09251],[4.98898,51.08214],[4.9899,51.07931],[5.01073,51.07371]]]},"properties":{"postcode":"2430","nl":"Laakdal","fr":"Laakdal"}},
{"type":"Feature","geometry":{"type":"Polygon","coordinates":[[[4.52979,51.04689],[4.54496,51.04298],[4.55437,51.04158],[4.5577,51.04318],[4.56649,51.04087],[4.57294,51.04184],[4.60888,51.05553],[4.60552,51.05996],[4.60882,51.06279],[4.60537,51.06518],[4.6078,51.07027],[4.59995,51.07526],[4.59445,51.08086],[4.59175,51.08166],[4.58105,51.07587],[4.57574,51.07406],[4.56269,51.07476],[4.57,51.07037],[4.56118,51.06605],[4.54029,51.05109],[4.52979,51.04689]]]},"properties":{"postcode":"2861","nl":"Sint-Katelijne-Waver","fr":"Sint-Katelijne-Waver"}},
{"type":"Feature","geometry":{"type":"Polygon","coordinates":[[[5.07358,50.13549],[5.08503,50.13736],[5.08272,50.14639],[5.07043,50.15562],[5.06926,50.16294],[5.05793,50.16657],[5.05496,50.14717],[5.05148,50.14497],[5.05917,50.14381],[5.07358,50.13549]]]},"properties":{"postcode":"5564","nl":"Houyet","fr":"Houyet"}},
{"type":"Feature","geometry":{"type":"Polygon","coordinates":[[[4.85319,50.20193],[4.84557,50.2125],[4.82611,50.21571],[4.8193,50.20104],[4.82476,50.1928],[4.82423,50.20049],[4.83737,50.21083],[4.85319,50.20193]]]},"properties":{"postcode":"5540","nl":"Hastière","fr":"Hastière"}},
{"type":"Feature","geometry":{"type":"Polygon","coordinates":[[[5.5289,51.01888],[5.57154,51.02359],[5.58964,51.0189],[5.60306,51.02894],[5.60734,51.03747],[5.61436,51.03993],[5.62209,51.04781],[5.62231,51.04994],[5.62968,51.05417],[5.62544,51.05772],[5.61426,51.05914],[5.60804,51.05906],[5.60067,51.06437],[5.56114,51.05488],[5.54769,51.0573],[5.52839,51.04716],[5.52217,51.02952],[5.51828,51.01881],[5.5289,51.01888]]]},"properties":{"postcode":"3660","nl":"Oudsbergen","fr":"Oudsbergen"}},
{"type":"Feature","geometry":{"type":"Polygon","coordinates":[[[5.38341,50.84741],[5.38156,50.85108],[5.40801,50.8675],[5.41214,50.86774],[5.40794,50.87052],[5.40657,50.87436],[5.40056,50.87872],[5.39581,50.88061],[5.38202,50.87926],[5.36678,50.88341],[5.36241,50.88288],[5.35485,50.87701],[5.35246,50.86759],[5.37226,50.8427],[5.38581,50.8453],[5.38341,50.84741]]]},"properties":{"postcode":"3720","nl":"Hasselt","fr":"Hasselt"}},
{"type":"Feature","geometry":{"type":"Polygon","coordinates":[[[5.81271,50.71888],[5.81295,50.71533],[5.81875,50.7144],[5.82268,50.71368],[5.83643,50.71466],[5.84729,50.71673],[5.84795,50.71853],[5.83326,50.72959],[5.82386,50.74359],[5.81183,50.73764],[5.81271,50.71888]]]},"properties":{"postcode":"3792","nl":"Voeren","fr":"Fourons"}},
{"type":"Feature","geometry":{"type":"Polygon","coordinates":[[[3.41826,50.76991],[3.40811,50.77033],[3.38505,50.78633],[3.37304,50.79111],[3.36615,50.79888],[3.35171,50.79139],[3.36293,50.78083],[3.36577,50.77406],[3.3834,50.75725],[3.39178,50.75284],[3.41028,50.75579],[3.42103,50.76466],[3.41826,50.76991]]]},"properties":{"postcode":"8552","nl":"Zwevegem","fr":"Zwevegem"}},
{"type":"Feature","geometry":{"type":"Polygon","coordinates":[[[3.22946,50.94736],[3.24748,50.94725],[3.25236,50.94294],[3.25862,50.94179],[3.26478,50.94553],[3.26748,50.9417],[3.27731,50.94057],[3.27911,50.93747],[3.27807,50.93353],[3.28252,50.92976],[3.28073,50.92625],[3.28712,50.92204],[3.29491,50.9209],[3.29749,50.91912],[3.3144,50.92321],[3.31298,50.92743],[3.32016,50.93354],[3.33127,50.93735],[3.33583,50.94022],[3.34371,50.94868],[3.35033,50.95171],[3.35269,50.95484],[3.34709,50.96107],[3.31985,50.9704],[3.30913,50.97803],[3.29689,50.97379],[3.29115,50.97045],[3.28646,50.96979],[3.28019,50.97079],[3.27835,50.97502],[3.26899,50.96937],[3.26268,50.96806],[3.25868,50.9657],[3.24762,50.96444],[3.2438,50.96515],[3.22946,50.94736]]]},"properties":{"postcode":"8760","nl":"Tielt","fr":"Tielt"}},
{"type":"Feature","geometry":{"type":"Polygon","coordinates":[[[5.80473,50.13119],[5.80189,50.13933],[5.78069,50.13909],[5.77212,50.13316],[5.75883,50.13365],[5.77598,50.12477],[5.7753,50.11488],[5.7884,50.11633],[5.80473,50.13119]]]},"properties":{"postcode":"6660","nl":"Houffalize","fr":"Houffalize"}},
{"type":"Feature","geometry":{"type":"Polygon","coordinates":[[[4.27449,50.73643],[4.2878,50.7406],[4.28395,50.74931],[4.26534,50.76182],[4.25916,50.75329],[4.26861,50.74589],[4.27449,50.73643]]]},"properties":{"postcode":"1654","nl":"Beersel","fr":"Beersel"}},
{"type":"Feature","geometry":{"type":"Polygon","coordinates":[[[4.24493,50.81773],[4.23047,50.81847],[4.22467,50.82618],[4.21612,50.82221],[4.2119,50.81754],[4.21163,50.81469],[4.20729,50.80769],[4.20954,50.80423],[4.2048,50.80174],[4.20833,50.7986],[4.20548,50.79655],[4.20614,50.79358],[4.21112,50.78388],[4.22996,50.79001],[4.24337,50.80304],[4.26764,50.80757],[4.27692,50.80846],[4.27294,50.81216],[4.25994,50.81112],[4.25632,50.81741],[4.24493,50.81773]]]},"properties":{"postcode":"1602","nl":"Sint-Pieters-Leeuw","fr":"Sint-Pieters-Leeuw"}},
{"type":"Feature","geometry":{"type":"Polygon","coordinates":[[[3.86913,50.90557],[3.87888,50.91609],[3.86816,50.92846],[3.84338,50.93643],[3.83276,50.93499],[3.82742,50.93227],[3.8295,50.92702],[3.83206,50.92551],[3.82608,50.92135],[3.82343,50.91671],[3.82758,50.91445],[3.83464,50.90763],[3.83677,50.90825],[3.85067,50.90538],[3.85584,50.90326],[3.86913,50.90557]]]},"properties":{"postcode":"9520","nl":"Sint-Lievens-Houtem","fr":"Sint-Lievens-Houtem"}},
{"type":"Feature","geometry":{"type":"Polygon","coordinates":[[[3.98366,50.81551],[3.96844,50.80519],[3.9802,50.79842],[4.01479,50.77117],[4.02227,50.77976],[4.03683,50.77735],[4.04927,50.7861],[4.04175,50.79322],[4.05671,50.80082],[4.05476,50.80508],[4.04541,50.80275],[4.03182,50.81192],[4.02201,50.81212],[4.00515,50.81222],[3.99867,50.80814],[3.98366,50.81551]]]},"properties":{"postcode":"9400","nl":"Ninove","fr":"Ninove"}},
{"type":"Feature","geometry":{"type":"Polygon","coordinates":[[[5.48553,50.46787],[5.49267,50.46154],[5.49998,50.4621],[5.50472,50.46052],[5.5167,50.46313],[5.53254,50.45759],[5.54199,50.46137],[5.53567,50.46727],[5.54503,50.47307],[5.55147,50.49635],[5.55146,50.49949],[5.54675,50.50283],[5.54564,50.50562],[5.52874,50.50396],[5.52591,50.49977],[5.52574,50.49535],[5.51493,50.48987],[5.50188,50.47849],[5.48917,50.47734],[5.48325,50.47494],[5.48553,50.46787]]]},"properties":{"postcode":"4160","nl":"Anthisnes","fr":"Anthisnes"}},
{"type":"Feature","geometry":{"type":"Polygon","coordinates":[[[5.85428,50.59754],[5.88874,50.60304],[5.89976,50.60265],[5.91266,50.60663],[5.91203,50.61419],[5.90073,50.62645],[5.88442,50.63384],[5.87913,50.63274],[5.87413,50.62967],[5.86208,50.62684],[5.86762,50.62497],[5.87284,50.62122],[5.85813,50.60662],[5.85428,50.59754]]]},"properties":{"postcode":"4821","nl":"Dison","fr":"Dison"}},
{"type":"Feature","geometry":{"type":"Polygon","coordinates":[[[3.83572,50.58211],[3.84377,50.58152],[3.86225,50.58218],[3.86643,50.58159],[3.8862,50.59817],[3.87607,50.61412],[3.88023,50.62218],[3.87527,50.62403],[3.8607,50.61706],[3.85254,50.60266],[3.83597,50.59466],[3.83023,50.59498],[3.83619,50.59004],[3.83572,50.58211]]]},"properties":{"postcode":"7940","nl":"Brugelette","fr":"Brugelette"}},
{"type":"Feature","geometry":{"type":"Polygon","coordinates":[[[4.16023,50.41955],[4.15698,50.41072],[4.1711,50.4035],[4.19749,50.39529],[4.20121,50.39807],[4.18242,50.41105],[4.1745,50.42461],[4.16023,50.41955]]]},"properties":{"postcode":"7130","nl":"Binche","fr":"Binche"}},
{"type":"Feature","geometry":{"type":"Polygon","coordinates":[[[3.95713,50.41173],[3.95183,50.41877],[3.94281,50.42175],[3.93028,50.41441],[3.92919,50.41041],[3.93984,50.40821],[3.95311,50.40322],[3.95713,50.41173]]]},"properties":{"postcode":"7024","nl":"Bergen","fr":"Mons"}},
{"type":"Feature","geometry":{"type":"Polygon","coordinates":[[[3.67292,50.54469],[3.68387,50.54467],[3.69131,50.53894],[3.70825,50.53932],[3.72336,50.5415],[3.72302,50.54746],[3.73307,50.55384],[3.71535,50.55658],[3.71411,50.56248],[3.70034,50.5694],[3.68809,50.56448],[3.66439,50.56618],[3.65754,50.55576],[3.66069,50.5521],[3.67292,50.54469]]]},"properties":{"postcode":"7972","nl":"Beloeil","fr":"Beloeil"}},
{"type":"Feature","geometry":{"type":"Polygon","coordinates":[[[3.42086,50.56908],[3.40833,50.56663],[3.42596,50.54866],[3.4421,50.56759],[3.42086,50.56908]]]},"properties":{"postcode":"7641","nl":"Antoing","fr":"Antoing"}},
{"type":"Feature","geometry":{"type":"Polygon","coordinates":[[[4.5438,50.52464],[4.55314,50.52103],[4.56282,50.52172],[4.56448,50.51759],[4.56738,50.52015],[4.57255,50.52064],[4.5756,50.52632],[4.57951,50.52831],[4.58041,50.53468],[4.57747,50.54236],[4.54325,50.53334],[4.5438,50.52464]]]},"properties":{"postcode":"6222","nl":"Fleurus","fr":"Fleurus"}},
{"type":"Feature","geometry":{"type":"Polygon","coordinates":[[[4.33995,50.84023],[4.34286,50.83309],[4.35832,50.83063],[4.36722,50.82299],[4.36812,50.81487],[4.36975,50.80945],[4.37538,50.79973],[4.40081,50.79636],[4.3969,50.80175],[4.39046,50.80216],[4.38259,50.81585],[4.35609,50.83577],[4.36868,50.84002],[4.37961,50.83683],[4.38026,50.84001],[4.39333,50.83794],[4.39603,50.84341],[4.38405,50.85142],[4.37322,50.84729],[4.35719,50.86031],[4.36109,50.8688],[4.38839,50.88106],[4.402,50.88593],[4.41068,50.87697],[4.42572,50.87213],[4.43706,50.87878],[4.42704,50.89089],[4.43279,50.89473],[4.42433,50.90197],[4.41572,50.90612],[4.40347,50.9139],[4.38776,50.90994],[4.37822,50.89728],[4.36046,50.90118],[4.33092,50.90092],[4.3246,50.89859],[4.32354,50.89412],[4.32987,50.88535],[4.33704,50.88697],[4.33929,50.88175],[4.34052,50.87136],[4.34359,50.86905],[4.34174,50.86496],[4.34665,50.85903],[4.33564,50.84815],[4.33788,50.84645],[4.33995,50.84023]]]},"properties":{"postcode":"1008","nl":"Brussel","fr":"Bruxelles"}},
{"type":"Feature","geometry":{"type":"Polygon","coordinates":[[[4.43119,50.55948],[4.42885,50.56502],[4.44058,50.57549],[4.43283,50.57785],[4.43356,50.59103],[4.41536,50.58897],[4.40527,50.59342],[4.39962,50.58718],[4.38482,50.58062],[4.37832,50.56846],[4.38229,50.56404],[4.39999,50.56219],[4.41712,50.56457],[4.42229,50.55842],[4.43119,50.55948]]]},"properties":{"postcode":"1476","nl":"Genepiën","fr":"Genappe"}},
{"type":"Feature","geometry":{"type":"Polygon","coordinates":[[[4.37842,51.18436],[4.38642,51.1795],[4.39473,51.18397],[4.4055,51.17691],[4.41839,51.17546],[4.42228,51.18037],[4.41037,51.19739],[4.42556,51.2013],[4.43665,51.20744],[4.44433,51.20548],[4.42714,51.21018],[4.42651,51.2157],[4.43826,51.22024],[4.44268,51.22735],[4.44273,51.23004],[4.42534,51.24075],[4.42861,51.26405],[4.41333,51.26565],[4.4012,51.27638],[4.38591,51.27654],[4.38748,51.28594],[4.40901,51.28794],[4.40583,51.29272],[4.39798,51.29723],[4.35992,51.31055],[4.35544,51.31367],[4.31529,51.30245],[4.30953,51.29212],[4.31735,51.28826],[4.31702,51.27756],[4.30079,51.26237],[4.30652,51.25492],[4.33087,51.25011],[4.35203,51.24012],[4.34033,51.23119],[4.34476,51.21583],[4.3573,51.20193],[4.33958,51.19626],[4.35257,51.1957],[4.35731,51.18879],[4.37013,51.18989],[4.37842,51.18436]]]},"properties":{"postcode":"2060","nl":"Antwerpen","fr":"Anvers"}},
{"type":"Feature","geometry":{"type":"Polygon","coordinates":[[[4.37842,51.18436],[4.38642,51.1795],[4.39473,51.18397],[4.4055,51.17691],[4.41839,51.17546],[4.42228,51.18037],[4.41037,51.19739],[4.42556,51.2013],[4.43665,51.20744],[4.44433,51.20548],[4.42714,51.21018],[4.42651,51.2157],[4.43826,51.22024],[4.44268,51.22735],[4.44273,51.23004],[4.42534,51.24075],[4.42861,51.26405],[4.41333,51.26565],[4.4012,51.27638],[4.38591,51.27654],[4.38748,51.28594],[4.40901,51.28794],[4.40583,51.29272],[4.39798,51.29723],[4.35992,51.31055],[4.35544,51.31367],[4.31529,51.30245],[4.30953,51.29212],[4.31735,51.28826],[4.31702,51.27756],[4.30079,51.26237],[4.30652,51.25492],[4.33087,51.25011],[4.35203,51.24012],[4.34033,51.23119],[4.34476,51.21583],[4.3573,51.20193],[4.33958,51.19626],[4.35257,51.1957],[4.35731,51.18879],[4.37013,51.18989],[4.37842,51.18436]]]},"properties":{"postcode":"2030","nl":"Antwerpen","fr":"Anvers"}},
{"type":"Feature","geometry":{"type":"Polygon","coordinates":[[[4.77196,51.09643],[4.75871,51.09997],[4.76178,51.106],[4.75747,51.10841],[4.75701,51.11205],[4.74948,51.11365],[4.7469,51.11604],[4.73582,51.11474],[4.72912,51.11976],[4.72077,51.12152],[4.7174,51.1265],[4.71434,51.12598],[4.69993,51.12376],[4.68944,51.12396],[4.68569,51.12033],[4.69581,51.1152],[4.70049,51.10668],[4.69622,51.0979],[4.68173,51.09606],[4.67177,51.09171],[4.67068,51.08734],[4.67321,51.08083],[4.67736,51.08244],[4.68124,51.08096],[4.68297,51.08139],[4.71596,51.09618],[4.73726,51.09653],[4.75371,51.08439],[4.7747,51.09275],[4.77196,51.09643]]]},"properties":{"postcode":"2222","nl":"Heist-op-den-Berg","fr":"Heist-op-den-Berg"}},
{"type":"Feature","geometry":{"type":"Polygon","coordinates":[[[4.47293,51.18672],[4.47001,51.18857],[4.47397,51.19567],[4.47054,51.19933],[4.4823,51.20381],[4.4855,51.20673],[4.48473,51.2129],[4.49556,51.21634],[4.49797,51.2213],[4.49637,51.22761],[4.4839,51.22555],[4.48724,51.23437],[4.4815,51.23807],[4.47163,51.2373],[4.46707,51.23881],[4.45757,51.23831],[4.44268,51.23515],[4.44273,51.23004],[4.44268,51.22735],[4.45681,51.21778],[4.45174,51.19486],[4.4492,51.18944],[4.45004,51.18635],[4.45926,51.18495],[4.46235,51.18815],[4.46821,51.18594],[4.47293,51.18672]]]},"properties":{"postcode":"2100","nl":"Antwerpen","fr":"Anvers"}},
{"type":"Feature","geometry":{"type":"Polygon","coordinates":[[[5.34034,50.82142],[5.33682,50.8352],[5.32581,50.83065],[5.3242,50.8247],[5.3379,50.81934],[5.34034,50.82142]]]},"properties":{"postcode":"3831","nl":"Wellen","fr":"Wellen"}},
{"type":"Feature","geometry":{"type":"Polygon","coordinates":[[[3.48334,50.80031],[3.48678,50.80081],[3.48735,50.80956],[3.47852,50.82351],[3.46353,50.83072],[3.44299,50.82747],[3.45731,50.81287],[3.44848,50.80506],[3.4578,50.79485],[3.47395,50.80143],[3.48334,50.80031]]]},"properties":{"postcode":"8573","nl":"Anzegem","fr":"Anzegem"}},
{"type":"Feature","geometry":{"type":"Polygon","coordinates":[[[5.88013,49.62335],[5.88271,49.63095],[5.89228,49.63624],[5.90771,49.63907],[5.90223,49.6489],[5.90236,49.664],[5.8951,49.66863],[5.87017,49.67534],[5.84911,49.67171],[5.82406,49.67223],[5.80824,49.66832],[5.8081,49.66359],[5.81883,49.65022],[5.81803,49.64034],[5.82595,49.64652],[5.84062,49.64207],[5.86355,49.64174],[5.86653,49.62993],[5.87593,49.62628],[5.88013,49.62335]]]},"properties":{"postcode":"6706","nl":"Aarlen","fr":"Arlon"}},
{"type":"Feature","geometry":{"type":"Polygon","coordinates":[[[5.74422,49.59426],[5.74162,49.58311],[5.73268,49.58097],[5.73223,49.57155],[5.72781,49.56892],[5.72727,49.56293],[5.72906,49.54972],[5.73859,49.5387],[5.75772,49.54297],[5.75664,49.55737],[5.77446,49.5632],[5.78132,49.55973],[5.78879,49.56213],[5.7889,49.56987],[5.79509,49.57574],[5.79239,49.58301],[5.79777,49.58772],[5.77843,49.59442],[5.75516,49.59883],[5.74422,49.59426]]]},"properties":{"postcode":"6792","nl":"Aubange","fr":"Aubange"}},
{"type":"Feature","geometry":{"type":"Polygon","coordinates":[[[5.5491,50.13648],[5.55142,50.14795],[5.54906,50.15863],[5.55703,50.15875],[5.57683,50.17491],[5.56791,50.17418],[5.5624,50.18157],[5.53963,50.18973],[5.53368,50.18768],[5.52968,50.18237],[5.53578,50.17861],[5.53289,50.17181],[5.52026,50.16833],[5.50847,50.16954],[5.50269,50.15678],[5.48538,50.16755],[5.47757,50.16448],[5.47184,50.16343],[5.46605,50.15852],[5.4618,50.15817],[5.46657,50.15413],[5.45964,50.15129],[5.47785,50.1389],[5.49064,50.13445],[5.49657,50.13973],[5.51667,50.14028],[5.52571,50.13802],[5.53573,50.12377],[5.5465,50.12831],[5.5491,50.13648]]]},"properties":{"postcode":"6980","nl":"La Roche-en-Ardenne","fr":"La Roche-en-Ardenne"}},
{"type":"Feature","geometry":{"type":"Polygon","coordinates":[[[4.36046,50.90118],[4.37822,50.89728],[4.38776,50.90994],[4.40347,50.9139],[4.41572,50.90612],[4.43041,50.92161],[4.43783,50.91899],[4.45093,50.92315],[4.45665,50.93939],[4.46943,50.93739],[4.4802,50.94049],[4.48696,50.94562],[4.48414,50.95543],[4.47582,50.95926],[4.45214,50.95201],[4.4444,50.95319],[4.42639,50.94653],[4.41679,50.9374],[4.41315,50.92701],[4.40498,50.92658],[4.39484,50.91969],[4.36834,50.91557],[4.36046,50.90118]]]},"properties":{"postcode":"1804","nl":"Vilvoorde","fr":"Vilvorde"}},
{"type":"Feature","geometry":{"type":"Polygon","coordinates":[[[4.35325,50.94591],[4.38521,50.94949],[4.38247,50.95537],[4.37883,50.96002],[4.36278,50.96011],[4.35319,50.96831],[4.34434,50.95679],[4.35325,50.94591]]]},"properties":{"postcode":"1852","nl":"Grimbergen","fr":"Grimbergen"}},
{"type":"Feature","geometry":{"type":"Polygon","coordinates":[[[4.19544,50.85543],[4.16825,50.86225],[4.15739,50.8632],[4.14112,50.86842],[4.11243,50.87231],[4.11685,50.86974],[4.11791,50.86676],[4.11555,50.86294],[4.12033,50.85931],[4.12635,50.85689],[4.14336,50.85863],[4.14846,50.84322],[4.15539,50.8416],[4.16081,50.8407],[4.16604,50.84184],[4.17998,50.8445],[4.18817,50.84752],[4.19544,50.85543]]]},"properties":{"postcode":"1741","nl":"Ternat","fr":"Ternat"}},
{"type":"Feature","geometry":{"type":"Polygon","coordinates":[[[5.06546,50.88467],[5.07573,50.88147],[5.09114,50.86892],[5.09803,50.87099],[5.10789,50.87708],[5.11371,50.87932],[5.11988,50.87728],[5.12995,50.88836],[5.12884,50.89664],[5.1386,50.90868],[5.13537,50.91404],[5.13465,50.9207],[5.13257,50.92153],[5.12939,50.91975],[5.12026,50.91783],[5.10636,50.91585],[5.09625,50.91201],[5.09203,50.90898],[5.07437,50.89699],[5.07581,50.89243],[5.06546,50.88467]]]},"properties":{"postcode":"3450","nl":"Geetbets","fr":"Geetbets"}},
{"type":"Feature","geometry":{"type":"Polygon","coordinates":[[[3.80231,50.81642],[3.8118,50.80898],[3.84541,50.80743],[3.85973,50.81669],[3.86556,50.83115],[3.85272,50.83527],[3.84765,50.83824],[3.84045,50.83778],[3.83955,50.83513],[3.83478,50.83251],[3.82741,50.82429],[3.81706,50.82599],[3.80231,50.81642]]]},"properties":{"postcode":"9570","nl":"Lierde","fr":"Lierde"}},
{"type":"Feature","geometry":{"type":"Polygon","coordinates":[[[3.68556,50.90784],[3.68029,50.89348],[3.6846,50.87943],[3.69931,50.88054],[3.69271,50.89717],[3.68556,50.90784]]]},"properties":{"postcode":"9636","nl":"Zwalm","fr":"Zwalm"}},
{"type":"Feature","geometry":{"type":"Polygon","coordinates":[[[3.81088,51.07427],[3.81754,51.07738],[3.8294,51.0811],[3.8478,51.08338],[3.87833,51.09038],[3.86295,51.12063],[3.83466,51.11508],[3.82952,51.1212],[3.81362,51.12028],[3.80197,51.11156],[3.78744,51.10394],[3.79956,51.08548],[3.80469,51.07946],[3.81088,51.07427]]]},"properties":{"postcode":"9080","nl":"Lochristi","fr":"Lochristi"}},
{"type":"Feature","geometry":{"type":"Polygon","coordinates":[[[3.87741,50.80532],[3.90339,50.81138],[3.91056,50.81712],[3.90489,50.83023],[3.89226,50.83313],[3.86556,50.83115],[3.85973,50.81669],[3.88093,50.80978],[3.87741,50.80532]]]},"properties":{"postcode":"9500","nl":"Geraardsbergen","fr":"Grammont"}},
{"type":"Feature","geometry":{"type":"Polygon","coordinates":[[[3.49055,51.15275],[3.47344,51.17681],[3.47686,51.18857],[3.46745,51.20242],[3.48098,51.2076],[3.49348,51.22333],[3.48179,51.22835],[3.47578,51.24274],[3.44848,51.24156],[3.44163,51.24322],[3.42809,51.23849],[3.41724,51.24142],[3.39927,51.23729],[3.38972,51.23405],[3.368,51.22793],[3.36701,51.22708],[3.37028,51.22387],[3.37054,51.22082],[3.3768,51.2213],[3.37957,51.21719],[3.37964,51.21223],[3.38309,51.2079],[3.38256,51.19987],[3.37817,51.19792],[3.36479,51.1966],[3.36606,51.19338],[3.36024,51.1919],[3.36527,51.18684],[3.37443,51.19052],[3.38667,51.18736],[3.38761,51.18119],[3.39599,51.1728],[3.40673,51.15967],[3.41487,51.15978],[3.44923,51.14988],[3.49055,51.15275]]]},"properties":{"postcode":"9990","nl":"Maldegem","fr":"Maldegem"}},
{"type":"Feature","geometry":{"type":"Polygon","coordinates":[[[5.75239,50.53892],[5.75946,50.53946],[5.77306,50.54457],[5.78077,50.54816],[5.79275,50.54997],[5.80104,50.54893],[5.82227,50.55441],[5.83701,50.55494],[5.84088,50.55933],[5.82737,50.57021],[5.80191,50.56906],[5.77279,50.55999],[5.7553,50.54681],[5.75239,50.53892]]]},"properties":{"postcode":"4860","nl":"Pepinster","fr":"Pepinster"}},
{"type":"Feature","geometry":{"type":"Polygon","coordinates":[[[5.87872,50.58663],[5.89086,50.58161],[5.89014,50.57813],[5.89906,50.57973],[5.89994,50.58103],[5.90743,50.58607],[5.91077,50.58605],[5.91761,50.5819],[5.92552,50.58178],[5.91978,50.60087],[5.91266,50.60663],[5.89976,50.60265],[5.88874,50.60304],[5.89127,50.59888],[5.87872,50.58663]]]},"properties":{"postcode":"4801","nl":"Verviers","fr":"Verviers"}},
{"type":"Feature","geometry":{"type":"Polygon","coordinates":[[[6.01253,50.73787],[5.99657,50.70844],[6.00267,50.70853],[6.01996,50.71868],[6.02061,50.75333],[6.01253,50.73787]]]},"properties":{"postcode":"4721","nl":"Kelmis","fr":"La Calamine"}},
{"type":"Feature","geometry":{"type":"Polygon","coordinates":[[[6.02611,50.18339],[6.04168,50.18414],[6.04601,50.18833],[6.0739,50.20116],[6.09256,50.18567],[6.10562,50.194],[6.11161,50.20607],[6.11406,50.22239],[6.12981,50.21875],[6.15523,50.21724],[6.16651,50.21976],[6.17647,50.22566],[6.1736,50.23178],[6.1672,50.23032],[6.14974,50.23642],[6.1463,50.23184],[6.13386,50.23181],[6.13076,50.24045],[6.11944,50.24248],[6.08165,50.24351],[6.05592,50.26057],[6.03212,50.26388],[6.01245,50.2646],[6.01651,50.25269],[6.01239,50.24417],[6.00869,50.23814],[6.01507,50.21443],[6.02654,50.20913],[6.03309,50.20122],[6.02036,50.19173],[6.02611,50.18339]]]},"properties":{"postcode":"4791","nl":"Burg-Reuland","fr":"Burg-Reuland"}},
{"type":"Feature","geometry":{"type":"Polygon","coordinates":[[[5.72042,50.63846],[5.70652,50.64827],[5.70547,50.65718],[5.69234,50.66057],[5.69274,50.64491],[5.70706,50.63519],[5.72118,50.63575],[5.72042,50.63846]]]},"properties":{"postcode":"4630","nl":"Soumagne","fr":"Soumagne"}},
{"type":"Feature","geometry":{"type":"Polygon","coordinates":[[[3.83597,50.59466],[3.85254,50.60266],[3.8607,50.61706],[3.87527,50.62403],[3.86692,50.63252],[3.84328,50.62611],[3.83971,50.61475],[3.84859,50.60792],[3.83262,50.59971],[3.83597,50.59466]]]},"properties":{"postcode":"7942","nl":"Brugelette","fr":"Brugelette"}},
{"type":"Feature","geometry":{"type":"Polygon","coordinates":[[[4.29381,50.42468],[4.30388,50.4195],[4.32172,50.42621],[4.34508,50.42478],[4.34415,50.43184],[4.34225,50.43744],[4.33179,50.44092],[4.32747,50.44727],[4.32261,50.44493],[4.31675,50.44143],[4.30355,50.43766],[4.3035,50.43483],[4.29799,50.43207],[4.29381,50.42468]]]},"properties":{"postcode":"6141","nl":"Fontaine-l'Évêque","fr":"Fontaine-l'Évêque"}},
{"type":"Feature","geometry":{"type":"Polygon","coordinates":[[[4.30858,50.29976],[4.31968,50.28442],[4.33306,50.27569],[4.34144,50.27874],[4.35805,50.27498],[4.36825,50.28435],[4.36902,50.29511],[4.36417,50.29905],[4.35685,50.29728],[4.35322,50.30723],[4.34638,50.31126],[4.34914,50.31294],[4.34779,50.31882],[4.33494,50.32373],[4.32431,50.33628],[4.31644,50.32955],[4.32964,50.32083],[4.32936,50.31158],[4.31307,50.30695],[4.30858,50.29976]]]},"properties":{"postcode":"6536","nl":"Thuin","fr":"Thuin"}},
{"type":"Feature","geometry":{"type":"Polygon","coordinates":[[[4.38051,50.39396],[4.37831,50.40079],[4.39388,50.41078],[4.39393,50.42667],[4.39165,50.43147],[4.37417,50.43087],[4.36252,50.43632],[4.35327,50.42753],[4.36699,50.4219],[4.37043,50.40973],[4.36607,50.40413],[4.363,50.396],[4.37922,50.39021],[4.38051,50.39396]]]},"properties":{"postcode":"6031","nl":"Charleroi","fr":"Charleroi"}},
{"type":"Feature","geometry":{"type":"Polygon","coordinates":[[[3.74246,50.61092],[3.75016,50.61979],[3.73825,50.63269],[3.74701,50.63586],[3.7428,50.64391],[3.72932,50.63827],[3.71616,50.63797],[3.70527,50.6427],[3.69192,50.63615],[3.71053,50.63298],[3.72002,50.63554],[3.72803,50.62977],[3.7147,50.62452],[3.71467,50.61809],[3.72939,50.6209],[3.73887,50.61705],[3.72135,50.60502],[3.72765,50.60294],[3.74246,50.61092]]]},"properties":{"postcode":"7812","nl":"Aat","fr":"Ath"}},
{"type":"Feature","geometry":{"type":"Polygon","coordinates":[[[3.30906,50.61423],[3.29197,50.62035],[3.28102,50.61447],[3.281,50.60813],[3.30291,50.60797],[3.30906,50.61423]]]},"properties":{"postcode":"7522","nl":"Doornik","fr":"Tournai"}},
{"type":"Feature","geometry":{"type":"Polygon","coordinates":[[[4.18242,50.41105],[4.20502,50.41523],[4.21052,50.42136],[4.20611,50.4364],[4.20276,50.43518],[4.1745,50.42461],[4.18242,50.41105]]]},"properties":{"postcode":"7134","nl":"Binche","fr":"Binche"}},
{"type":"Feature","geometry":{"type":"Polygon","coordinates":[[[4.00545,50.39226],[4.01449,50.39061],[4.0282,50.39425],[4.04092,50.40097],[4.03961,50.40496],[4.04752,50.40732],[4.04948,50.41701],[4.04849,50.41877],[4.04678,50.42339],[4.02858,50.42693],[4.0118,50.42202],[3.9858,50.41213],[3.99093,50.40402],[4.00623,50.39997],[4.00545,50.39226]]]},"properties":{"postcode":"7022","nl":"Bergen","fr":"Mons"}},
{"type":"Feature","geometry":{"type":"MultiPolygon","coordinates":[[[[4.3536,50.82058],[4.34792,50.81429],[4.35752,50.81469],[4.36651,50.8167],[4.36812,50.81487],[4.36722,50.82299],[4.35832,50.83063],[4.3536,50.82058]]],[[[4.37961,50.83683],[4.36868,50.84002],[4.35609,50.83577],[4.38259,50.81585],[4.39046,50.80216],[4.3969,50.80175],[4.39737,50.80823],[4.39227,50.81208],[4.39804,50.81329],[4.39856,50.81694],[4.40266,50.81801],[4.40244,50.82137],[4.39605,50.82574],[4.38956,50.82247],[4.37998,50.83008],[4.37961,50.83683]]]]},"properties":{"postcode":"1000","nl":"Elsene","fr":"Ixelles"}},
{"type":"Feature","geometry":{"type":"Polygon","coordinates":[[[4.50195,50.71],[4.49962,50.70817],[4.50067,50.70452],[4.51423,50.70085],[4.52637,50.69644],[4.52969,50.69508],[4.53659,50.70112],[4.54821,50.70429],[4.55328,50.72242],[4.52603,50.72661],[4.50709,50.71613],[4.50195,50.71]]]},"properties":{"postcode":"1330","nl":"Rixensart","fr":"Rixensart"}},
{"type":"Feature","geometry":{"type":"Polygon","coordinates":[[[4.55616,50.72386],[4.55759,50.73477],[4.56681,50.73823],[4.56315,50.74096],[4.56229,50.74475],[4.55635,50.74879],[4.53266,50.73894],[4.52983,50.74088],[4.52496,50.73842],[4.53238,50.73365],[4.53174,50.73128],[4.52477,50.72773],[4.52603,50.72661],[4.55328,50.72242],[4.55616,50.72386]]]},"properties":{"postcode":"1331","nl":"Rixensart","fr":"Rixensart"}},
{"type":"Feature","geometry":{"type":"Polygon","coordinates":[[[4.30953,51.29212],[4.31529,51.30245],[4.35544,51.31367],[4.35044,51.31994],[4.34732,51.33036],[4.32875,51.33725],[4.36817,51.35607],[4.34111,51.3576],[4.3345,51.37764],[4.21758,51.37389],[4.22675,51.35976],[4.24205,51.35397],[4.26195,51.34136],[4.27091,51.3316],[4.27567,51.30986],[4.28143,51.30175],[4.30953,51.29212]]]},"properties":{"postcode":"2040","nl":"Antwerpen","fr":"Anvers"}},
{"type":"Feature","geometry":{"type":"Polygon","coordinates":[[[4.44433,51.20548],[4.45174,51.19486],[4.45681,51.21778],[4.44268,51.22735],[4.43826,51.22024],[4.42651,51.2157],[4.42714,51.21018],[4.44433,51.20548]]]},"properties":{"postcode":"2140","nl":"Antwerpen","fr":"Anvers"}},
{"type":"Feature","geometry":{"type":"Polygon","coordinates":[[[4.9213,50.38765],[4.92193,50.40748],[4.91708,50.41824],[4.90214,50.43253],[4.88708,50.42809],[4.87356,50.43106],[4.88385,50.41331],[4.88422,50.40915],[4.88192,50.39717],[4.89463,50.39703],[4.90572,50.39477],[4.90294,50.3897],[4.90677,50.38871],[4.91928,50.3877],[4.9213,50.38765]]]},"properties":{"postcode":"5100","nl":"Namen","fr":"Namur"}},
{"type":"Feature","geometry":{"type":"Polygon","coordinates":[[[5.86071,50.7364],[5.85507,50.74907],[5.8488,50.75369],[5.84504,50.76537],[5.83068,50.75854],[5.80899,50.75591],[5.80045,50.74301],[5.79366,50.73888],[5.81271,50.71888],[5.81183,50.73764],[5.82386,50.74359],[5.83326,50.72959],[5.84795,50.71853],[5.84729,50.71673],[5.85842,50.71751],[5.86636,50.7166],[5.86036,50.72086],[5.86071,50.7364]]]},"properties":{"postcode":"3790","nl":"Voeren","fr":"Fourons"}},
{"type":"Feature","geometry":{"type":"Polygon","coordinates":[[[3.06089,51.23242],[3.05367,51.23604],[3.04734,51.24168],[3.04681,51.25627],[3.0374,51.26629],[3.03418,51.28505],[2.98427,51.26359],[2.99728,51.25053],[2.99892,51.22854],[3.01124,51.22079],[3.02816,51.22446],[3.03641,51.22084],[3.04101,51.22119],[3.04656,51.21967],[3.05582,51.22282],[3.05541,51.22471],[3.06357,51.22921],[3.06089,51.23242]]]},"properties":{"postcode":"8420","nl":"De Haan","fr":"De Haan"}},
{"type":"Feature","geometry":{"type":"Polygon","coordinates":[[[3.25699,50.85052],[3.257,50.8554],[3.24987,50.86023],[3.24635,50.86776],[3.24053,50.87167],[3.22392,50.87162],[3.22034,50.87376],[3.2097,50.87464],[3.20626,50.87371],[3.20695,50.86983],[3.21115,50.86047],[3.22243,50.84492],[3.21896,50.84066],[3.21906,50.8331],[3.233,50.83439],[3.24143,50.82784],[3.25867,50.83729],[3.25497,50.84531],[3.25699,50.85052]]]},"properties":{"postcode":"8501","nl":"Kortrijk","fr":"Courtrai"}},
{"type":"Feature","geometry":{"type":"Polygon","coordinates":[[[3.42014,50.7704],[3.42278,50.78314],[3.43213,50.79099],[3.42058,50.79719],[3.40657,50.8105],[3.39863,50.80975],[3.3873,50.81662],[3.37768,50.81139],[3.37025,50.8087],[3.36615,50.79888],[3.37304,50.79111],[3.38505,50.78633],[3.40811,50.77033],[3.41826,50.76991],[3.42014,50.7704]]]},"properties":{"postcode":"8551","nl":"Zwevegem","fr":"Zwevegem"}},
{"type":"Feature","geometry":{"type":"Polygon","coordinates":[[[3.42014,50.7704],[3.43557,50.76658],[3.44275,50.75857],[3.45335,50.76043],[3.45927,50.76618],[3.47442,50.77566],[3.48398,50.78023],[3.48156,50.7829],[3.47445,50.78596],[3.46503,50.78369],[3.45395,50.7921],[3.43985,50.79388],[3.43213,50.79099],[3.42278,50.78314],[3.42014,50.7704]]]},"properties":{"postcode":"8580","nl":"Avelgem","fr":"Avelgem"}},
{"type":"Feature","geometry":{"type":"Polygon","coordinates":[[[2.8114,50.7781],[2.82829,50.77532],[2.85154,50.77749],[2.87008,50.78293],[2.87149,50.78889],[2.86151,50.79839],[2.85192,50.80181],[2.84891,50.81184],[2.84443,50.81452],[2.83453,50.80463],[2.81757,50.79791],[2.80381,50.79241],[2.792,50.78298],[2.8114,50.7781]]]},"properties":{"postcode":"8956","nl":"Heuvelland","fr":"Heuvelland"}},
{"type":"Feature","geometry":{"type":"Polygon","coordinates":[[[5.69931,49.65686],[5.6896,49.66993],[5.68746,49.67798],[5.67846,49.68733],[5.66098,49.69136],[5.63993,49.69048],[5.63895,49.69008],[5.63978,49.66843],[5.64893,49.6562],[5.66717,49.65981],[5.67388,49.64265],[5.67306,49.63927],[5.66683,49.63743],[5.67211,49.63428],[5.67301,49.63043],[5.68664,49.64229],[5.69812,49.65059],[5.69931,49.65686]]]},"properties":{"postcode":"6741","nl":"Étalle","fr":"Étalle"}},
{"type":"Feature","geometry":{"type":"Polygon","coordinates":[[[5.26131,49.73112],[5.25846,49.72338],[5.24914,49.71703],[5.24575,49.70597],[5.22966,49.69541],[5.247,49.68671],[5.25617,49.69421],[5.26851,49.69657],[5.28408,49.68509],[5.28923,49.70013],[5.29268,49.71133],[5.30817,49.7264],[5.28497,49.73308],[5.26131,49.73112]]]},"properties":{"postcode":"6824","nl":"Florenville","fr":"Florenville"}},
{"type":"Feature","geometry":{"type":"Polygon","coordinates":[[[4.2622,50.7003],[4.2595,50.70351],[4.24199,50.70976],[4.23579,50.71877],[4.22851,50.71648],[4.21357,50.71996],[4.19763,50.72911],[4.18746,50.72287],[4.17682,50.72281],[4.17209,50.72162],[4.1764,50.7163],[4.18188,50.70692],[4.18753,50.70822],[4.19695,50.70812],[4.20483,50.70897],[4.23123,50.69889],[4.23953,50.69254],[4.24629,50.68953],[4.25597,50.69555],[4.2622,50.7003]]]},"properties":{"postcode":"1502","nl":"Halle","fr":"Hal"}},
{"type":"Feature","geometry":{"type":"Polygon","coordinates":[[[4.84286,51.01234],[4.82178,51.0126],[4.81708,51.01051],[4.80369,51.01074],[4.80179,51.00617],[4.80815,50.99994],[4.80966,50.9896],[4.80022,50.98278],[4.80069,50.98072],[4.80459,50.97519],[4.80457,50.97131],[4.82729,50.96991],[4.8298,50.9629],[4.86582,50.95806],[4.87051,50.96858],[4.86159,50.98795],[4.85232,50.98626],[4.84872,51.00364],[4.84286,51.01234]]]},"properties":{"postcode":"3200","nl":"Aarschot","fr":"Aarschot"}},
{"type":"Feature","geometry":{"type":"Polygon","coordinates":[[[4.26534,50.76182],[4.2567,50.76782],[4.27778,50.77983],[4.28943,50.78727],[4.28854,50.79636],[4.29648,50.80072],[4.30109,50.80713],[4.30037,50.81286],[4.29361,50.80831],[4.28368,50.80706],[4.27692,50.80846],[4.26764,50.80757],[4.24337,50.80304],[4.22996,50.79001],[4.21112,50.78388],[4.2115,50.77812],[4.21734,50.75777],[4.22366,50.74949],[4.23847,50.7532],[4.25515,50.75213],[4.25916,50.75329],[4.26534,50.76182]]]},"properties":{"postcode":"1600","nl":"Sint-Pieters-Leeuw","fr":"Sint-Pieters-Leeuw"}},
{"type":"Feature","geometry":{"type":"Polygon","coordinates":[[[4.30001,50.75606],[4.31633,50.75478],[4.33957,50.75901],[4.33862,50.76182],[4.32492,50.77052],[4.32246,50.77808],[4.3137,50.78004],[4.3078,50.78212],[4.30172,50.77337],[4.28497,50.76761],[4.30001,50.75606]]]},"properties":{"postcode":"1650","nl":"Beersel","fr":"Beersel"}},
{"type":"Feature","geometry":{"type":"Polygon","coordinates":[[[4.68554,50.82624],[4.67032,50.83317],[4.67663,50.84717],[4.66802,50.85225],[4.65997,50.84736],[4.64625,50.83902],[4.64522,50.83087],[4.64127,50.82509],[4.64218,50.8211],[4.64574,50.81705],[4.65529,50.81294],[4.66549,50.8121],[4.68073,50.81444],[4.67335,50.82413],[4.68554,50.82624]]]},"properties":{"postcode":"3050","nl":"Oud-Heverlee","fr":"Oud-Heverlee"}},
{"type":"Feature","geometry":{"type":"Polygon","coordinates":[[[5.76201,50.72903],[5.76071,50.73422],[5.74859,50.74297],[5.7356,50.73177],[5.72475,50.73772],[5.71989,50.72285],[5.72335,50.7202],[5.73432,50.71648],[5.74652,50.7221],[5.75536,50.71502],[5.76201,50.72903]]]},"properties":{"postcode":"4607","nl":"Dalhem","fr":"Dalhem"}},
{"type":"Feature","geometry":{"type":"Polygon","coordinates":[[[6.02478,50.1828],[6.02955,50.16592],[6.03883,50.15996],[6.06425,50.1534],[6.07878,50.15654],[6.07924,50.17078],[6.10245,50.17055],[6.11977,50.16337],[6.11497,50.15557],[6.11776,50.14728],[6.11219,50.13798],[6.12661,50.13383],[6.14704,50.13567],[6.15423,50.1424],[6.14759,50.1606],[6.14041,50.16658],[6.14687,50.17774],[6.1604,50.17156],[6.16716,50.17905],[6.18715,50.17909],[6.19028,50.1876],[6.18556,50.20602],[6.17798,50.21649],[6.16651,50.21976],[6.15523,50.21724],[6.12981,50.21875],[6.11406,50.22239],[6.11161,50.20607],[6.10562,50.194],[6.09256,50.18567],[6.0739,50.20116],[6.04601,50.18833],[6.04168,50.18414],[6.02611,50.18339],[6.02478,50.1828]]]},"properties":{"postcode":"4790","nl":"Burg-Reuland","fr":"Burg-Reuland"}},
{"type":"Feature","geometry":{"type":"Polygon","coordinates":[[[5.6065,50.6035],[5.61492,50.59979],[5.6148,50.60626],[5.64029,50.61502],[5.63632,50.61692],[5.64099,50.62267],[5.63843,50.62536],[5.621,50.62324],[5.60938,50.61422],[5.6065,50.6035]]]},"properties":{"postcode":"4032","nl":"Luik","fr":"Liège"}},
{"type":"Feature","geometry":{"type":"Polygon","coordinates":[[[5.55583,50.69361],[5.56479,50.68242],[5.57994,50.68706],[5.58236,50.69839],[5.56311,50.69808],[5.55583,50.69361]]]},"properties":{"postcode":"4042","nl":"Herstal","fr":"Herstal"}},
{"type":"Feature","geometry":{"type":"Polygon","coordinates":[[[5.69106,50.72303],[5.7049,50.72143],[5.70941,50.72562],[5.72335,50.7202],[5.71989,50.72285],[5.72475,50.73772],[5.72228,50.74571],[5.68366,50.75487],[5.68759,50.74626],[5.67663,50.74496],[5.68131,50.73261],[5.69174,50.73239],[5.69106,50.72303]]]},"properties":{"postcode":"4600","nl":"Wezet","fr":"Visé"}},
{"type":"Feature","geometry":{"type":"Polygon","coordinates":[[[3.91067,50.63676],[3.91302,50.64402],[3.90287,50.64732],[3.87747,50.64447],[3.86939,50.64082],[3.86692,50.63252],[3.87527,50.62403],[3.88023,50.62218],[3.89496,50.62287],[3.90246,50.63282],[3.91067,50.63676]]]},"properties":{"postcode":"7823","nl":"Aat","fr":"Ath"}},
{"type":"Feature","geometry":{"type":"Polygon","coordinates":[[[4.38655,50.10702],[4.3884,50.11342],[4.39598,50.11776],[4.39744,50.12721],[4.39326,50.13001],[4.38867,50.13097],[4.38829,50.13393],[4.38433,50.136],[4.38816,50.14164],[4.38491,50.15041],[4.38089,50.15327],[4.37615,50.15278],[4.37595,50.1569],[4.36544,50.15687],[4.3633,50.16159],[4.36268,50.17172],[4.35569,50.18294],[4.34582,50.1844],[4.3366,50.17385],[4.32771,50.16987],[4.32615,50.16025],[4.31821,50.1578],[4.29845,50.1441],[4.29984,50.13857],[4.30418,50.13257],[4.29584,50.12443],[4.30947,50.11866],[4.31801,50.12173],[4.32981,50.12021],[4.34036,50.12036],[4.34274,50.09152],[4.34936,50.08404],[4.36014,50.08283],[4.37696,50.08931],[4.37914,50.10675],[4.38655,50.10702]]]},"properties":{"postcode":"6440","nl":"Froidchapelle","fr":"Froidchapelle"}},
{"type":"Feature","geometry":{"type":"Polygon","coordinates":[[[3.35841,50.50475],[3.36222,50.51172],[3.38052,50.5125],[3.37554,50.52301],[3.36034,50.51764],[3.34885,50.52992],[3.34232,50.5212],[3.32453,50.52678],[3.32819,50.51257],[3.32956,50.50803],[3.35841,50.50475]]]},"properties":{"postcode":"7624","nl":"Brunehaut","fr":"Brunehaut"}},
{"type":"Feature","geometry":{"type":"Polygon","coordinates":[[[4.37227,50.04559],[4.38174,50.04765],[4.38937,50.05193],[4.39573,50.05819],[4.39012,50.06715],[4.3942,50.08114],[4.38948,50.09219],[4.39029,50.09538],[4.38655,50.10702],[4.37914,50.10675],[4.37696,50.08931],[4.3785,50.07903],[4.36862,50.04825],[4.37227,50.04559]]]},"properties":{"postcode":"6463","nl":"Chimay","fr":"Chimay"}},
{"type":"Feature","geometry":{"type":"Polygon","coordinates":[[[4.11102,50.49259],[4.1098,50.48307],[4.10787,50.48007],[4.10957,50.47424],[4.11282,50.4711],[4.11193,50.46833],[4.10444,50.45873],[4.12034,50.45271],[4.13241,50.4635],[4.13936,50.47975],[4.12647,50.49247],[4.13404,50.49451],[4.13293,50.49711],[4.11102,50.49259]]]},"properties":{"postcode":"7110","nl":"La Louvière","fr":"La Louvière"}},
{"type":"Feature","geometry":{"type":"Polygon","coordinates":[[[4.4167,50.41108],[4.43169,50.4075],[4.44222,50.41582],[4.44294,50.42249],[4.43058,50.428],[4.42312,50.42355],[4.41683,50.42075],[4.4167,50.41108]]]},"properties":{"postcode":"6020","nl":"Charleroi","fr":"Charleroi"}},
{"type":"Feature","geometry":{"type":"Polygon","coordinates":[[[4.46216,50.37604],[4.47586,50.37849],[4.4793,50.37612],[4.4859,50.37806],[4.49402,50.38095],[4.48716,50.38689],[4.4827,50.3931],[4.49446,50.39587],[4.49437,50.39686],[4.48824,50.39534],[4.46981,50.39556],[4.45994,50.40114],[4.45348,50.3838],[4.45828,50.38234],[4.45602,50.37655],[4.46216,50.37604]]]},"properties":{"postcode":"6010","nl":"Charleroi","fr":"Charleroi"}},
{"type":"Feature","geometry":{"type":"Polygon","coordinates":[[[4.2497,50.3426],[4.24556,50.35198],[4.2399,50.35386],[4.22929,50.34641],[4.21779,50.34958],[4.19174,50.34957],[4.18579,50.35103],[4.18319,50.34864],[4.19035,50.32953],[4.19741,50.33023],[4.20604,50.32907],[4.21046,50.32561],[4.21361,50.32676],[4.21618,50.32699],[4.21783,50.32377],[4.21584,50.32178],[4.22015,50.31908],[4.22675,50.32006],[4.23091,50.33229],[4.2497,50.3426]]]},"properties":{"postcode":"6542","nl":"Lobbes","fr":"Lobbes"}},
{"type":"Feature","geometry":{"type":"Polygon","coordinates":[[[4.36268,50.17172],[4.35938,50.19429],[4.37125,50.20224],[4.36509,50.21676],[4.33971,50.21634],[4.32937,50.20541],[4.35103,50.19194],[4.35569,50.18294],[4.36268,50.17172]]]},"properties":{"postcode":"6441","nl":"Froidchapelle","fr":"Froidchapelle"}},
{"type":"Feature","geometry":{"type":"Polygon","coordinates":[[[3.86939,50.64082],[3.8616,50.64406],[3.86335,50.65224],[3.85827,50.66944],[3.84299,50.67336],[3.83362,50.6638],[3.81921,50.64185],[3.81324,50.63052],[3.82085,50.63081],[3.83962,50.6265],[3.84328,50.62611],[3.86692,50.63252],[3.86939,50.64082]]]},"properties":{"postcode":"7822","nl":"Aat","fr":"Ath"}},
{"type":"Feature","geometry":{"type":"Polygon","coordinates":[[[4.3186,50.63207],[4.32429,50.63496],[4.30091,50.65019],[4.31225,50.66102],[4.3078,50.6631],[4.30321,50.66755],[4.28441,50.66596],[4.2791,50.66015],[4.30287,50.63066],[4.3186,50.63207]]]},"properties":{"postcode":"1461","nl":"Itter","fr":"Ittre"}},
{"type":"Feature","geometry":{"type":"Polygon","coordinates":[[[5.0826,50.33305],[5.08163,50.33211],[5.08995,50.32417],[5.095,50.3236],[5.10059,50.31653],[5.10395,50.32126],[5.11395,50.31527],[5.12719,50.31227],[5.1354,50.3121],[5.13885,50.31362],[5.14648,50.32199],[5.14446,50.32835],[5.12699,50.33752],[5.13237,50.34568],[5.11468,50.35642],[5.11149,50.36417],[5.10069,50.36492],[5.08659,50.35831],[5.10068,50.35046],[5.10543,50.34215],[5.0826,50.33305]]]},"properties":{"postcode":"5363","nl":"Hamois","fr":"Hamois"}},
{"type":"Feature","geometry":{"type":"Polygon","coordinates":[[[4.54683,50.29458],[4.55357,50.28369],[4.56561,50.28018],[4.57755,50.28085],[4.5852,50.28897],[4.58855,50.29845],[4.57937,50.30714],[4.55723,50.30508],[4.54082,50.30706],[4.53803,50.29988],[4.54683,50.29458]]]},"properties":{"postcode":"5621","nl":"Florennes","fr":"Florennes"}},
{"type":"Feature","geometry":{"type":"Polygon","coordinates":[[[4.93432,50.48441],[4.93771,50.47957],[4.95823,50.48111],[4.9709,50.47885],[4.97497,50.4772],[4.98186,50.48468],[4.98414,50.48965],[4.98155,50.49368],[4.98435,50.49665],[4.9821,50.5002],[4.97245,50.50317],[4.9647,50.5069],[4.96277,50.50395],[4.95407,50.50198],[4.94059,50.48685],[4.93432,50.48441]]]},"properties":{"postcode":"5024","nl":"Namen","fr":"Namur"}},
{"type":"Feature","geometry":{"type":"Polygon","coordinates":[[[5.14446,50.32835],[5.15036,50.32851],[5.20194,50.35284],[5.1922,50.35789],[5.18213,50.35692],[5.16824,50.36889],[5.15623,50.36849],[5.1487,50.37235],[5.14772,50.36262],[5.13237,50.34568],[5.12699,50.33752],[5.14446,50.32835]]]},"properties":{"postcode":"5360","nl":"Hamois","fr":"Hamois"}},
{"type":"Feature","geometry":{"type":"Polygon","coordinates":[[[4.75504,50.56117],[4.74988,50.5416],[4.75627,50.52619],[4.76711,50.51923],[4.77165,50.52735],[4.78931,50.52453],[4.80141,50.53157],[4.81324,50.5305],[4.81817,50.53549],[4.80613,50.53908],[4.79586,50.5371],[4.76403,50.55381],[4.75504,50.56117]]]},"properties":{"postcode":"5081","nl":"La Bruyère","fr":"La Bruyère"}},
{"type":"Feature","geometry":{"type":"Polygon","coordinates":[[[5.27113,50.93731],[5.2703,50.94796],[5.2591,50.96187],[5.24953,50.97257],[5.24459,50.97332],[5.23479,50.96513],[5.23502,50.96093],[5.23862,50.95315],[5.23381,50.9366],[5.24929,50.93962],[5.25875,50.93311],[5.27113,50.93731]]]},"properties":{"postcode":"3510","nl":"Hasselt","fr":"Hasselt"}},
{"type":"Feature","geometry":{"type":"Polygon","coordinates":[[[5.20295,51.07487],[5.21832,51.07387],[5.24574,51.0773],[5.26452,51.08438],[5.31114,51.09355],[5.32974,51.09391],[5.31393,51.0983],[5.30093,51.10579],[5.25709,51.09922],[5.23204,51.09587],[5.22723,51.10021],[5.21328,51.09762],[5.20534,51.10066],[5.20652,51.09737],[5.19359,51.07888],[5.20295,51.07487]]]},"properties":{"postcode":"3581","nl":"Beringen","fr":"Beringen"}},
{"type":"Feature","geometry":{"type":"Polygon","coordinates":[[[5.11693,50.76421],[5.13132,50.76734],[5.15692,50.76277],[5.15921,50.79158],[5.14431,50.79707],[5.13876,50.79196],[5.11743,50.79256],[5.10659,50.77905],[5.11693,50.76421]]]},"properties":{"postcode":"3806","nl":"Sint-Truiden","fr":"Saint-Trond"}},
{"type":"Feature","geometry":{"type":"Polygon","coordinates":[[[5.19473,50.74449],[5.19902,50.74868],[5.19004,50.75739],[5.17756,50.75577],[5.16162,50.75908],[5.1571,50.74055],[5.1676,50.74673],[5.18203,50.74807],[5.19473,50.74449]]]},"properties":{"postcode":"3891","nl":"Gingelom","fr":"Gingelom"}},
{"type":"Feature","geometry":{"type":"Polygon","coordinates":[[[2.87822,50.76154],[2.88872,50.76504],[2.90182,50.76701],[2.9188,50.76396],[2.93522,50.76854],[2.95979,50.77351],[2.96034,50.77956],[2.94704,50.79101],[2.93718,50.79361],[2.9329,50.80459],[2.91911,50.80671],[2.90396,50.80029],[2.89664,50.80523],[2.88703,50.80119],[2.87622,50.80637],[2.86151,50.79839],[2.87149,50.78889],[2.87008,50.78293],[2.85154,50.77749],[2.84844,50.77189],[2.86088,50.7624],[2.85958,50.75762],[2.86963,50.76003],[2.87582,50.76117],[2.87822,50.76154]]]},"properties":{"postcode":"8953","nl":"Heuvelland","fr":"Heuvelland"}},
{"type":"Feature","geometry":{"type":"Polygon","coordinates":[[[5.54211,50.06766],[5.52368,50.0691],[5.51034,50.07748],[5.49194,50.07584],[5.48431,50.07248],[5.46777,50.07291],[5.43149,50.05104],[5.41792,50.04886],[5.42867,50.03502],[5.44461,50.02297],[5.45436,50.02474],[5.4646,50.02509],[5.47672,50.02327],[5.49832,50.03674],[5.50103,50.04187],[5.52559,50.03902],[5.54221,50.05925],[5.54211,50.06766]]]},"properties":{"postcode":"6681","nl":"Sainte-Ode","fr":"Sainte-Ode"}},
{"type":"Feature","geometry":{"type":"Polygon","coordinates":[[[5.58989,49.63595],[5.57344,49.63817],[5.57424,49.62215],[5.55556,49.62398],[5.55309,49.60613],[5.55883,49.59506],[5.55379,49.58951],[5.55539,49.5766],[5.55924,49.57269],[5.58838,49.57507],[5.60935,49.57458],[5.61503,49.57876],[5.61116,49.58963],[5.61898,49.60043],[5.61613,49.61021],[5.61674,49.61465],[5.61978,49.61761],[5.63084,49.61921],[5.62695,49.62342],[5.62905,49.62695],[5.62518,49.62596],[5.60973,49.62362],[5.59349,49.62721],[5.58989,49.63595]]]},"properties":{"postcode":"6760","nl":"Virton","fr":"Virton"}},
{"type":"Feature","geometry":{"type":"Polygon","coordinates":[[[5.43795,50.11264],[5.44273,50.11789],[5.45919,50.12176],[5.45386,50.13815],[5.44628,50.14838],[5.45964,50.15129],[5.46657,50.15413],[5.4618,50.15817],[5.44811,50.15751],[5.44154,50.16722],[5.44272,50.16822],[5.43105,50.17599],[5.42488,50.17915],[5.41826,50.17601],[5.4125,50.17497],[5.39623,50.16498],[5.40159,50.15642],[5.41115,50.15786],[5.42472,50.15144],[5.40971,50.14241],[5.40913,50.13553],[5.41919,50.12759],[5.41707,50.11673],[5.41738,50.11621],[5.43795,50.11264]]]},"properties":{"postcode":"6951","nl":"Nassogne","fr":"Nassogne"}},
{"type":"Feature","geometry":{"type":"Polygon","coordinates":[[[4.36046,50.90118],[4.37822,50.89728],[4.38776,50.90994],[4.40347,50.9139],[4.41572,50.90612],[4.43041,50.92161],[4.43783,50.91899],[4.45093,50.92315],[4.45665,50.93939],[4.46943,50.93739],[4.4802,50.94049],[4.48696,50.94562],[4.48414,50.95543],[4.47582,50.95926],[4.45214,50.95201],[4.4444,50.95319],[4.42639,50.94653],[4.41679,50.9374],[4.41315,50.92701],[4.40498,50.92658],[4.39484,50.91969],[4.36834,50.91557],[4.36046,50.90118]]]},"properties":{"postcode":"1800","nl":"Vilvoorde","fr":"Vilvorde"}},
{"type":"Feature","geometry":{"type":"Polygon","coordinates":[[[3.96109,50.72238],[3.96442,50.71844],[3.97417,50.71075],[3.97116,50.70219],[3.95878,50.68958],[3.99072,50.68787],[4.00327,50.69679],[4.01712,50.69392],[4.03637,50.69642],[4.03124,50.70324],[4.01339,50.71142],[3.98835,50.71797],[3.97593,50.72668],[3.96109,50.72238]]]},"properties":{"postcode":"1541","nl":"Pajottegem","fr":"Pajottegem"}},
{"type":"Feature","geometry":{"type":"Polygon","coordinates":[[[4.32126,50.72801],[4.3178,50.72963],[4.31805,50.73325],[4.30587,50.73671],[4.31526,50.74345],[4.31442,50.75169],[4.30033,50.75493],[4.28395,50.74931],[4.2878,50.7406],[4.27449,50.73643],[4.27742,50.7329],[4.27195,50.72173],[4.29508,50.72006],[4.31099,50.71363],[4.31372,50.72027],[4.32158,50.71978],[4.32126,50.72801]]]},"properties":{"postcode":"1653","nl":"Beersel","fr":"Beersel"}},
{"type":"Feature","geometry":{"type":"Polygon","coordinates":[[[3.96913,50.8393],[3.96961,50.83243],[3.98283,50.82504],[3.99906,50.82568],[4.00695,50.82988],[4.01663,50.8419],[4.00772,50.85293],[3.99849,50.84984],[3.9922,50.86103],[3.97356,50.86778],[3.96666,50.86794],[3.98299,50.85237],[3.98095,50.84543],[3.96913,50.8393]]]},"properties":{"postcode":"9406","nl":"Ninove","fr":"Ninove"}},
{"type":"Feature","geometry":{"type":"Polygon","coordinates":[[[3.71977,51.21087],[3.71452,51.22119],[3.71286,51.23572],[3.70693,51.23741],[3.69283,51.25078],[3.68108,51.25289],[3.66467,51.2515],[3.64568,51.25524],[3.61258,51.24902],[3.62849,51.24813],[3.63408,51.2319],[3.64437,51.23036],[3.65795,51.22065],[3.66221,51.20715],[3.6798,51.21155],[3.70937,51.20492],[3.71977,51.21087]]]},"properties":{"postcode":"9968","nl":"Assenede","fr":"Assenede"}},
{"type":"Feature","geometry":{"type":"Polygon","coordinates":[[[4.05671,50.80082],[4.07024,50.80617],[4.05476,50.80508],[4.05671,50.80082]]]},"properties":{"postcode":"9403","nl":"Ninove","fr":"Ninove"}},
{"type":"Feature","geometry":{"type":"Polygon","coordinates":[[[5.51332,50.71999],[5.51292,50.73826],[5.47885,50.7237],[5.49306,50.72285],[5.50845,50.71773],[5.51332,50.71999]]]},"properties":{"postcode":"4452","nl":"Juprelle","fr":"Juprelle"}},
{"type":"Feature","geometry":{"type":"Polygon","coordinates":[[[5.90073,50.62645],[5.90579,50.63248],[5.9004,50.63747],[5.91717,50.64334],[5.92047,50.64911],[5.93714,50.64995],[5.95159,50.64892],[5.9395,50.66199],[5.96139,50.67984],[5.95506,50.68403],[5.96721,50.69505],[5.95882,50.69949],[5.94033,50.69351],[5.92237,50.67853],[5.91882,50.67626],[5.90566,50.67251],[5.89663,50.66612],[5.90023,50.65832],[5.89818,50.6537],[5.89889,50.64947],[5.90332,50.6453],[5.896,50.64263],[5.88442,50.63384],[5.90073,50.62645]]]},"properties":{"postcode":"4841","nl":"Welkenraedt","fr":"Welkenraedt"}},
{"type":"Feature","geometry":{"type":"Polygon","coordinates":[[[5.35681,50.68947],[5.31789,50.69549],[5.31635,50.6878],[5.34901,50.67854],[5.35681,50.68947]]]},"properties":{"postcode":"4350","nl":"Remicourt","fr":"Remicourt"}},
{"type":"Feature","geometry":{"type":"Polygon","coordinates":[[[5.79574,50.70271],[5.79212,50.70771],[5.80207,50.71713],[5.79098,50.72593],[5.77556,50.7335],[5.76201,50.72903],[5.75536,50.71502],[5.76224,50.71234],[5.76559,50.70039],[5.77743,50.69619],[5.78281,50.69537],[5.79574,50.70271]]]},"properties":{"postcode":"4608","nl":"Dalhem","fr":"Dalhem"}},
{"type":"Feature","geometry":{"type":"Polygon","coordinates":[[[3.56081,50.59929],[3.56484,50.60614],[3.57567,50.61155],[3.5732,50.62036],[3.56008,50.62738],[3.54973,50.63],[3.53703,50.62623],[3.53905,50.61115],[3.52674,50.60069],[3.52751,50.59919],[3.53794,50.59452],[3.55733,50.59168],[3.56081,50.59929]]]},"properties":{"postcode":"7534","nl":"Doornik","fr":"Tournai"}},
{"type":"Feature","geometry":{"type":"Polygon","coordinates":[[[3.3547,50.58869],[3.37147,50.58641],[3.37464,50.58266],[3.39683,50.59197],[3.4081,50.59666],[3.41911,50.59167],[3.42525,50.5975],[3.43987,50.60046],[3.43971,50.60334],[3.40792,50.6072],[3.41377,50.61296],[3.41264,50.62613],[3.38716,50.62048],[3.37579,50.62436],[3.35661,50.61384],[3.36214,50.61213],[3.35975,50.59519],[3.34618,50.58928],[3.35053,50.58655],[3.3547,50.58869]]]},"properties":{"postcode":"7500","nl":"Doornik","fr":"Tournai"}},
{"type":"Feature","geometry":{"type":"Polygon","coordinates":[[[3.77819,50.60584],[3.78713,50.61324],[3.799,50.62298],[3.81324,50.63052],[3.81921,50.64185],[3.80615,50.64455],[3.78771,50.65542],[3.77833,50.65442],[3.77268,50.64734],[3.7618,50.64289],[3.75203,50.64714],[3.7442,50.64447],[3.7428,50.64391],[3.74701,50.63586],[3.76779,50.6266],[3.76966,50.61685],[3.75336,50.60653],[3.7574,50.60171],[3.77819,50.60584]]]},"properties":{"postcode":"7803","nl":"Aat","fr":"Ath"}},
{"type":"Feature","geometry":{"type":"Polygon","coordinates":[[[3.55529,50.51601],[3.56781,50.52196],[3.58527,50.51905],[3.58668,50.52579],[3.59606,50.527],[3.61539,50.53535],[3.57683,50.53645],[3.57422,50.53003],[3.55529,50.51601]]]},"properties":{"postcode":"7601","nl":"Péruwelz","fr":"Péruwelz"}},
{"type":"Feature","geometry":{"type":"Polygon","coordinates":[[[4.43169,50.4075],[4.45282,50.40353],[4.45009,50.40666],[4.46602,50.42668],[4.46038,50.43002],[4.44685,50.42698],[4.44294,50.42249],[4.44222,50.41582],[4.43169,50.4075]]]},"properties":{"postcode":"6000","nl":"Charleroi","fr":"Charleroi"}},
{"type":"Feature","geometry":{"type":"Polygon","coordinates":[[[4.33995,50.84023],[4.34286,50.83309],[4.35832,50.83063],[4.36722,50.82299],[4.36812,50.81487],[4.36975,50.80945],[4.37538,50.79973],[4.40081,50.79636],[4.3969,50.80175],[4.39046,50.80216],[4.38259,50.81585],[4.35609,50.83577],[4.36868,50.84002],[4.37961,50.83683],[4.38026,50.84001],[4.39333,50.83794],[4.39603,50.84341],[4.38405,50.85142],[4.37322,50.84729],[4.35719,50.86031],[4.36109,50.8688],[4.38839,50.88106],[4.402,50.88593],[4.41068,50.87697],[4.42572,50.87213],[4.43706,50.87878],[4.42704,50.89089],[4.43279,50.89473],[4.42433,50.90197],[4.41572,50.90612],[4.40347,50.9139],[4.38776,50.90994],[4.37822,50.89728],[4.36046,50.90118],[4.33092,50.90092],[4.3246,50.89859],[4.32354,50.89412],[4.32987,50.88535],[4.33704,50.88697],[4.33929,50.88175],[4.34052,50.87136],[4.34359,50.86905],[4.34174,50.86496],[4.34665,50.85903],[4.33564,50.84815],[4.33788,50.84645],[4.33995,50.84023]]]},"properties":{"postcode":"1011","nl":"Brussel","fr":"Bruxelles"}},
{"type":"Feature","geometry":{"type":"Polygon","coordinates":[[[4.33995,50.84023],[4.34286,50.83309],[4.35832,50.83063],[4.36722,50.82299],[4.36812,50.81487],[4.36975,50.80945],[4.37538,50.79973],[4.40081,50.79636],[4.3969,50.80175],[4.39046,50.80216],[4.38259,50.81585],[4.35609,50.83577],[4.36868,50.84002],[4.37961,50.83683],[4.38026,50.84001],[4.39333,50.83794],[4.39603,50.84341],[4.38405,50.85142],[4.37322,50.84729],[4.35719,50.86031],[4.36109,50.8688],[4.38839,50.88106],[4.402,50.88593],[4.41068,50.87697],[4.42572,50.87213],[4.43706,50.87878],[4.42704,50.89089],[4.43279,50.89473],[4.42433,50.90197],[4.41572,50.90612],[4.40347,50.9139],[4.38776,50.90994],[4.37822,50.89728],[4.36046,50.90118],[4.33092,50.90092],[4.3246,50.89859],[4.32354,50.89412],[4.32987,50.88535],[4.33704,50.88697],[4.33929,50.88175],[4.34052,50.87136],[4.34359,50.86905],[4.34174,50.86496],[4.34665,50.85903],[4.33564,50.84815],[4.33788,50.84645],[4.33995,50.84023]]]},"properties":{"postcode":"1005","nl":"Brussel","fr":"Bruxelles"}},
{"type":"Feature","geometry":{"type":"Polygon","coordinates":[[[4.33995,50.84023],[4.34286,50.83309],[4.35832,50.83063],[4.36722,50.82299],[4.36812,50.81487],[4.36975,50.80945],[4.37538,50.79973],[4.40081,50.79636],[4.3969,50.80175],[4.39046,50.80216],[4.38259,50.81585],[4.35609,50.83577],[4.36868,50.84002],[4.37961,50.83683],[4.38026,50.84001],[4.39333,50.83794],[4.39603,50.84341],[4.38405,50.85142],[4.37322,50.84729],[4.35719,50.86031],[4.36109,50.8688],[4.38839,50.88106],[4.402,50.88593],[4.41068,50.87697],[4.42572,50.87213],[4.43706,50.87878],[4.42704,50.89089],[4.43279,50.89473],[4.42433,50.90197],[4.41572,50.90612],[4.40347,50.9139],[4.38776,50.90994],[4.37822,50.89728],[4.36046,50.90118],[4.33092,50.90092],[4.3246,50.89859],[4.32354,50.89412],[4.32987,50.88535],[4.33704,50.88697],[4.33929,50.88175],[4.34052,50.87136],[4.34359,50.86905],[4.34174,50.86496],[4.34665,50.85903],[4.33564,50.84815],[4.33788,50.84645],[4.33995,50.84023]]]},"properties":{"postcode":"1020","nl":"Brussel","fr":"Bruxelles"}},
{"type":"Feature","geometry":{"type":"Polygon","coordinates":[[[4.37842,51.18436],[4.38642,51.1795],[4.39473,51.18397],[4.4055,51.17691],[4.41839,51.17546],[4.42228,51.18037],[4.41037,51.19739],[4.42556,51.2013],[4.43665,51.20744],[4.44433,51.20548],[4.42714,51.21018],[4.42651,51.2157],[4.43826,51.22024],[4.44268,51.22735],[4.44273,51.23004],[4.42534,51.24075],[4.42861,51.26405],[4.41333,51.26565],[4.4012,51.27638],[4.38591,51.27654],[4.38748,51.28594],[4.40901,51.28794],[4.40583,51.29272],[4.39798,51.29723],[4.35992,51.31055],[4.35544,51.31367],[4.31529,51.30245],[4.30953,51.29212],[4.31735,51.28826],[4.31702,51.27756],[4.30079,51.26237],[4.30652,51.25492],[4.33087,51.25011],[4.35203,51.24012],[4.34033,51.23119],[4.34476,51.21583],[4.3573,51.20193],[4.33958,51.19626],[4.35257,51.1957],[4.35731,51.18879],[4.37013,51.18989],[4.37842,51.18436]]]},"properties":{"postcode":"2000","nl":"Antwerpen","fr":"Anvers"}},
{"type":"Feature","geometry":{"type":"Polygon","coordinates":[[[4.49169,51.00933],[4.5287,50.99229],[4.53757,50.99956],[4.54812,51.00275],[4.54886,51.00523],[4.54351,51.0081],[4.53678,51.01335],[4.53407,51.0197],[4.52832,51.02065],[4.52664,51.02277],[4.52016,51.02424],[4.51334,51.02425],[4.50051,51.01237],[4.49169,51.00933]]]},"properties":{"postcode":"2812","nl":"Mechelen","fr":"Malines"}},
{"type":"Feature","geometry":{"type":"Polygon","coordinates":[[[4.9816,51.03488],[4.99787,51.05417],[5.00869,51.05737],[5.01073,51.07371],[4.9899,51.07931],[4.98898,51.08214],[4.96987,51.08318],[4.96758,51.07345],[4.95654,51.0762],[4.94196,51.06945],[4.9517,51.06373],[4.95266,51.05659],[4.96404,51.05432],[4.96819,51.05199],[4.96891,51.04717],[4.96651,51.04612],[4.97149,51.03689],[4.9816,51.03488]]]},"properties":{"postcode":"2431","nl":"Laakdal","fr":"Laakdal"}},
{"type":"Feature","geometry":{"type":"Polygon","coordinates":[[[4.48393,51.18059],[4.48267,51.17208],[4.47993,51.16284],[4.48286,51.15592],[4.48906,51.14996],[4.50036,51.14402],[4.50912,51.14304],[4.50818,51.13973],[4.51005,51.13486],[4.51984,51.13446],[4.52725,51.12961],[4.53237,51.13199],[4.52398,51.14179],[4.52157,51.14292],[4.52168,51.14749],[4.52687,51.1493],[4.52652,51.15408],[4.52376,51.15807],[4.53953,51.15894],[4.53762,51.16322],[4.528,51.17302],[4.51438,51.17041],[4.51257,51.18686],[4.50901,51.18971],[4.50447,51.18407],[4.49865,51.18371],[4.48393,51.18059]]]},"properties":{"postcode":"2530","nl":"Boechout","fr":"Boechout"}},
{"type":"Feature","geometry":{"type":"Polygon","coordinates":[[[4.82597,50.22438],[4.82187,50.23702],[4.82835,50.24908],[4.81384,50.25287],[4.80051,50.25156],[4.78805,50.24233],[4.79392,50.23966],[4.80486,50.23936],[4.81155,50.22857],[4.82597,50.22438]]]},"properties":{"postcode":"5524","nl":"Onhaye","fr":"Onhaye"}},
{"type":"Feature","geometry":{"type":"Polygon","coordinates":[[[4.98679,50.06154],[4.99404,50.0672],[5.01355,50.07027],[5.01269,50.05348],[5.02005,50.05081],[5.02299,50.06746],[5.01716,50.07509],[5.02786,50.09153],[5.03624,50.09319],[5.03404,50.10908],[5.02171,50.11064],[5.00387,50.10899],[5.00166,50.11367],[4.98628,50.11213],[4.97504,50.10714],[4.98116,50.09482],[4.97695,50.07635],[4.98679,50.06154]]]},"properties":{"postcode":"5574","nl":"Beauraing","fr":"Beauraing"}},
{"type":"Feature","geometry":{"type":"Polygon","coordinates":[[[3.35171,50.79139],[3.36615,50.79888],[3.37025,50.8087],[3.37768,50.81139],[3.36776,50.81912],[3.36125,50.82086],[3.34805,50.82693],[3.33454,50.82213],[3.3244,50.82323],[3.31366,50.81798],[3.3108,50.81299],[3.32096,50.80698],[3.30539,50.79599],[3.3147,50.78775],[3.32573,50.78548],[3.33012,50.77956],[3.35171,50.79139]]]},"properties":{"postcode":"8550","nl":"Zwevegem","fr":"Zwevegem"}},
{"type":"Feature","geometry":{"type":"MultiPolygon","coordinates":[[[[5.07928,49.87204],[5.08824,49.87596],[5.09673,49.87189],[5.1089,49.88364],[5.10471,49.88629],[5.09741,49.89041],[5.07928,49.87204]]],[[[5.16568,49.90371],[5.16111,49.90362],[5.15936,49.90671],[5.15394,49.90686],[5.14661,49.91157],[5.13896,49.92573],[5.13507,49.92609],[5.11862,49.92219],[5.11927,49.92048],[5.11054,49.91733],[5.11535,49.90519],[5.10756,49.89203],[5.10989,49.88857],[5.13259,49.88326],[5.12741,49.87844],[5.1385,49.87333],[5.15164,49.87918],[5.15197,49.89643],[5.16193,49.90006],[5.16612,49.90018],[5.16568,49.90371]]]]},"properties":{"postcode":"6850","nl":"Paliseul","fr":"Paliseul"}},
{"type":"Feature","geometry":{"type":"Polygon","coordinates":[[[4.18785,50.88538],[4.23458,50.89329],[4.24134,50.899],[4.24252,50.91409],[4.2218,50.91],[4.20847,50.92442],[4.201,50.92781],[4.19978,50.93129],[4.20342,50.93412],[4.1981,50.93867],[4.19149,50.93681],[4.18407,50.94266],[4.18085,50.93995],[4.17558,50.93938],[4.17246,50.93409],[4.16713,50.93492],[4.15025,50.92449],[4.14498,50.92515],[4.14377,50.92064],[4.1496,50.91303],[4.14234,50.9104],[4.14551,50.90178],[4.14525,50.89775],[4.15049,50.89207],[4.14915,50.88866],[4.15854,50.88497],[4.17407,50.88837],[4.18785,50.88538]]]},"properties":{"postcode":"1730","nl":"Asse","fr":"Asse"}},
{"type":"Feature","geometry":{"type":"Polygon","coordinates":[[[4.97237,50.88194],[4.97771,50.887],[4.97207,50.9],[4.95757,50.90123],[4.93961,50.89286],[4.93936,50.89279],[4.94874,50.87396],[4.96831,50.87729],[4.97237,50.88194]]]},"properties":{"postcode":"3381","nl":"Glabbeek","fr":"Glabbeek"}},
{"type":"Feature","geometry":{"type":"Polygon","coordinates":[[[4.71268,50.84407],[4.73025,50.84407],[4.742,50.84267],[4.73929,50.84611],[4.73444,50.85702],[4.74615,50.86468],[4.75395,50.87174],[4.74659,50.87113],[4.73776,50.87266],[4.72873,50.87032],[4.71471,50.87366],[4.70177,50.86807],[4.67918,50.87941],[4.67064,50.88137],[4.6681,50.87988],[4.64939,50.87847],[4.64469,50.87688],[4.64637,50.8611],[4.64102,50.85291],[4.64597,50.84922],[4.65997,50.84736],[4.66802,50.85225],[4.67663,50.84717],[4.67032,50.83317],[4.68554,50.82624],[4.697,50.83337],[4.71268,50.84407]]]},"properties":{"postcode":"3000","nl":"Leuven","fr":"Louvain"}},
{"type":"Feature","geometry":{"type":"Polygon","coordinates":[[[4.66995,50.98599],[4.67173,50.98317],[4.67255,50.97575],[4.67777,50.97465],[4.67481,50.97102],[4.676,50.96624],[4.67069,50.96376],[4.67761,50.96055],[4.68155,50.95559],[4.68714,50.95579],[4.69644,50.96751],[4.71683,50.96779],[4.73353,50.97193],[4.76493,50.97673],[4.76602,50.97979],[4.76614,50.98151],[4.75691,50.98237],[4.74777,50.98055],[4.72772,50.98453],[4.70533,50.98132],[4.69804,50.97921],[4.69484,50.98285],[4.68269,50.98421],[4.67861,50.98605],[4.66995,50.98599]]]},"properties":{"postcode":"3118","nl":"Rotselaar","fr":"Rotselaar"}},
{"type":"Feature","geometry":{"type":"Polygon","coordinates":[[[5.05839,51.01562],[5.05257,51.00603],[5.0599,51.00056],[5.05793,50.99265],[5.07692,50.98241],[5.08346,50.98675],[5.09458,50.98886],[5.10803,50.99641],[5.11692,50.9988],[5.1253,50.99785],[5.12087,51.00588],[5.12242,51.00784],[5.11527,51.0192],[5.12317,51.02338],[5.12391,51.01968],[5.12986,51.01505],[5.15972,51.02418],[5.14672,51.03037],[5.12487,51.04507],[5.11946,51.03766],[5.1013,51.02671],[5.08344,51.02443],[5.05839,51.01562]]]},"properties":{"postcode":"3290","nl":"Diest","fr":"Diest"}},
{"type":"Feature","geometry":{"type":"Polygon","coordinates":[[[4.27195,50.72173],[4.27742,50.7329],[4.27449,50.73643],[4.26861,50.74589],[4.25916,50.75329],[4.25515,50.75213],[4.24254,50.74094],[4.27195,50.72173]]]},"properties":{"postcode":"1501","nl":"Halle","fr":"Hal"}},
{"type":"Feature","geometry":{"type":"Polygon","coordinates":[[[3.78885,50.80395],[3.77026,50.8144],[3.75974,50.82599],[3.74749,50.81691],[3.7465,50.80889],[3.73886,50.80127],[3.75057,50.79726],[3.76484,50.78454],[3.78296,50.78952],[3.78592,50.79811],[3.78885,50.80395]]]},"properties":{"postcode":"9660","nl":"Brakel","fr":"Brakel"}},
{"type":"Feature","geometry":{"type":"Polygon","coordinates":[[[3.64153,50.77168],[3.63025,50.77802],[3.62537,50.79386],[3.61143,50.79359],[3.60596,50.80236],[3.59927,50.80832],[3.59687,50.80548],[3.5909,50.80661],[3.58011,50.80226],[3.58376,50.79403],[3.57811,50.78171],[3.58713,50.76484],[3.63099,50.76757],[3.63473,50.77097],[3.64153,50.77168]]]},"properties":{"postcode":"9681","nl":"Maarkedal","fr":"Maarkedal"}},
{"type":"Feature","geometry":{"type":"Polygon","coordinates":[[[5.50645,50.66558],[5.52496,50.66456],[5.53512,50.67124],[5.53654,50.67854],[5.53347,50.68018],[5.51045,50.6881],[5.49264,50.69882],[5.48184,50.69669],[5.48181,50.69081],[5.47661,50.68232],[5.49123,50.67718],[5.4973,50.67774],[5.50645,50.66558]]]},"properties":{"postcode":"4432","nl":"Ans","fr":"Ans"}},
{"type":"Feature","geometry":{"type":"Polygon","coordinates":[[[5.53407,50.60941],[5.53076,50.59284],[5.53859,50.58244],[5.54505,50.57697],[5.55573,50.58875],[5.56555,50.59054],[5.55892,50.60711],[5.53407,50.60941]]]},"properties":{"postcode":"4102","nl":"Seraing","fr":"Seraing"}},
{"type":"Feature","geometry":{"type":"Polygon","coordinates":[[[5.79592,50.33996],[5.80925,50.34288],[5.82304,50.3448],[5.82877,50.34728],[5.83458,50.34806],[5.83973,50.351],[5.84001,50.36516],[5.83369,50.37934],[5.82569,50.38074],[5.81487,50.37604],[5.80669,50.37479],[5.79435,50.3744],[5.77069,50.36784],[5.76025,50.36574],[5.76468,50.35794],[5.76901,50.35609],[5.77302,50.34979],[5.78912,50.34168],[5.79592,50.33996]]]},"properties":{"postcode":"4983","nl":"Trois-Ponts","fr":"Trois-Ponts"}},
{"type":"Feature","geometry":{"type":"Polygon","coordinates":[[[5.52874,50.50396],[5.5205,50.50539],[5.5151,50.51684],[5.50778,50.5151],[5.50471,50.51253],[5.50042,50.51114],[5.50477,50.50634],[5.50287,50.50278],[5.49721,50.49526],[5.51493,50.48987],[5.52574,50.49535],[5.52591,50.49977],[5.52874,50.50396]]]},"properties":{"postcode":"4161","nl":"Anthisnes","fr":"Anthisnes"}},
{"type":"Feature","geometry":{"type":"Polygon","coordinates":[[[5.72042,50.63846],[5.70652,50.64827],[5.70547,50.65718],[5.69234,50.66057],[5.69274,50.64491],[5.70706,50.63519],[5.72118,50.63575],[5.72042,50.63846]]]},"properties":{"postcode":"4631","nl":"Soumagne","fr":"Soumagne"}},
{"type":"Feature","geometry":{"type":"Polygon","coordinates":[[[5.67373,50.6938],[5.67715,50.70292],[5.68893,50.71848],[5.69106,50.72303],[5.69174,50.73239],[5.68131,50.73261],[5.67772,50.72763],[5.65347,50.71544],[5.6595,50.70801],[5.67401,50.69954],[5.67373,50.6938]]]},"properties":{"postcode":"4681","nl":"Oupeye","fr":"Oupeye"}},
{"type":"Feature","geometry":{"type":"Polygon","coordinates":[[[3.37579,50.62436],[3.38716,50.62048],[3.41264,50.62613],[3.41992,50.63333],[3.41312,50.63778],[3.39759,50.64496],[3.39352,50.65698],[3.36201,50.64775],[3.34749,50.64756],[3.35333,50.63661],[3.36382,50.63269],[3.37579,50.62436]]]},"properties":{"postcode":"7513","nl":"Doornik","fr":"Tournai"}},
{"type":"Feature","geometry":{"type":"Polygon","coordinates":[[[4.02655,50.63375],[4.03088,50.63704],[4.03745,50.63802],[4.04368,50.64283],[4.06664,50.65416],[4.06447,50.664],[4.04819,50.67036],[4.03812,50.68519],[4.02922,50.68136],[4.00715,50.65364],[4.01632,50.64967],[4.02977,50.6494],[4.01939,50.63281],[4.02655,50.63375]]]},"properties":{"postcode":"7850","nl":"Opzullik","fr":"Silly"}},
{"type":"Feature","geometry":{"type":"Polygon","coordinates":[[[3.78573,50.47351],[3.77112,50.45182],[3.80343,50.45224],[3.80997,50.45858],[3.83154,50.46027],[3.81676,50.47672],[3.80118,50.48721],[3.79802,50.48008],[3.78573,50.47351]]]},"properties":{"postcode":"7333","nl":"Saint-Ghislain","fr":"Saint-Ghislain"}},
{"type":"Feature","geometry":{"type":"Polygon","coordinates":[[[3.94627,50.43826],[3.95187,50.44366],[3.96661,50.44456],[3.98026,50.43213],[3.99091,50.43669],[3.98782,50.44568],[4.00673,50.45389],[4.00278,50.46009],[4.00664,50.46727],[3.99779,50.46792],[3.9797,50.4777],[3.97345,50.47801],[3.96936,50.47139],[3.95999,50.46896],[3.94984,50.47336],[3.94117,50.46956],[3.92801,50.46008],[3.92783,50.45177],[3.93589,50.45017],[3.94627,50.43826]]]},"properties":{"postcode":"7000","nl":"Bergen","fr":"Mons"}},
{"type":"Feature","geometry":{"type":"Polygon","coordinates":[[[4.15838,49.99072],[4.16422,49.98682],[4.18178,49.99407],[4.1722,50.01879],[4.15003,50.01728],[4.13724,50.01428],[4.14538,50.00391],[4.16314,49.995],[4.15838,49.99072]]]},"properties":{"postcode":"6594","nl":"Momignies","fr":"Momignies"}},
{"type":"Feature","geometry":{"type":"Polygon","coordinates":[[[4.21458,50.52348],[4.21867,50.5174],[4.24516,50.51646],[4.2558,50.5115],[4.25366,50.5083],[4.25763,50.504],[4.2662,50.49905],[4.26974,50.50111],[4.27507,50.50088],[4.28172,50.49631],[4.28306,50.50186],[4.28697,50.50704],[4.29314,50.51183],[4.29684,50.51244],[4.31026,50.52383],[4.31377,50.52873],[4.2963,50.54281],[4.28487,50.54513],[4.27502,50.55122],[4.26446,50.55085],[4.24587,50.54397],[4.22306,50.53246],[4.21458,50.52348]]]},"properties":{"postcode":"7180","nl":"Seneffe","fr":"Seneffe"}},
{"type":"Feature","geometry":{"type":"Polygon","coordinates":[[[4.33995,50.84023],[4.34286,50.83309],[4.35832,50.83063],[4.36722,50.82299],[4.36812,50.81487],[4.36975,50.80945],[4.37538,50.79973],[4.40081,50.79636],[4.3969,50.80175],[4.39046,50.80216],[4.38259,50.81585],[4.35609,50.83577],[4.36868,50.84002],[4.37961,50.83683],[4.38026,50.84001],[4.39333,50.83794],[4.39603,50.84341],[4.38405,50.85142],[4.37322,50.84729],[4.35719,50.86031],[4.36109,50.8688],[4.38839,50.88106],[4.402,50.88593],[4.41068,50.87697],[4.42572,50.87213],[4.43706,50.87878],[4.42704,50.89089],[4.43279,50.89473],[4.42433,50.90197],[4.41572,50.90612],[4.40347,50.9139],[4.38776,50.90994],[4.37822,50.89728],[4.36046,50.90118],[4.33092,50.90092],[4.3246,50.89859],[4.32354,50.89412],[4.32987,50.88535],[4.33704,50.88697],[4.33929,50.88175],[4.34052,50.87136],[4.34359,50.86905],[4.34174,50.86496],[4.34665,50.85903],[4.33564,50.84815],[4.33788,50.84645],[4.33995,50.84023]]]},"properties":{"postcode":"1105","nl":"Brussel","fr":"Bruxelles"}},
{"type":"Feature","geometry":{"type":"Polygon","coordinates":[[[4.38405,50.85142],[4.35719,50.86031],[4.37322,50.84729],[4.38405,50.85142]]]},"properties":{"postcode":"1212","nl":"Sint-Joost-ten-Node","fr":"Saint-Josse-ten-Noode"}},
{"type":"Feature","geometry":{"type":"Polygon","coordinates":[[[4.44877,50.62138],[4.44898,50.62406],[4.47097,50.6307],[4.46637,50.63727],[4.46826,50.6454],[4.46332,50.64443],[4.45464,50.64803],[4.44068,50.65079],[4.43575,50.64532],[4.42447,50.63935],[4.43212,50.63183],[4.42089,50.62525],[4.42821,50.62161],[4.44877,50.62138]]]},"properties":{"postcode":"1473","nl":"Genepiën","fr":"Genappe"}},
{"type":"Feature","geometry":{"type":"Polygon","coordinates":[[[4.72796,50.30815],[4.72594,50.3163],[4.71747,50.31785],[4.69405,50.31536],[4.68506,50.31681],[4.67432,50.30976],[4.69797,50.29913],[4.71058,50.29952],[4.71601,50.30616],[4.72796,50.30815]]]},"properties":{"postcode":"5641","nl":"Mettet","fr":"Mettet"}},
{"type":"Feature","geometry":{"type":"Polygon","coordinates":[[[4.89185,50.50503],[4.91504,50.50552],[4.92199,50.50901],[4.92255,50.51294],[4.93236,50.51602],[4.92561,50.51969],[4.91984,50.51897],[4.91896,50.52606],[4.91068,50.52985],[4.90318,50.52964],[4.89594,50.52664],[4.89867,50.52207],[4.88859,50.51192],[4.89185,50.50503]]]},"properties":{"postcode":"5022","nl":"Namen","fr":"Namur"}},
{"type":"Feature","geometry":{"type":"Polygon","coordinates":[[[4.44521,50.22965],[4.43829,50.24233],[4.44443,50.24972],[4.45232,50.25015],[4.45973,50.24218],[4.47317,50.24514],[4.46851,50.25739],[4.43826,50.25718],[4.44057,50.26594],[4.42754,50.26569],[4.41199,50.24141],[4.42341,50.23949],[4.42124,50.23407],[4.44521,50.22965]]]},"properties":{"postcode":"5650","nl":"Walcourt","fr":"Walcourt"}},
{"type":"Feature","geometry":{"type":"Polygon","coordinates":[[[4.98585,50.36914],[5.00202,50.37201],[4.99383,50.38549],[5.00364,50.39173],[5.02368,50.39923],[5.03341,50.40195],[5.02879,50.40806],[5.01938,50.41399],[5.01593,50.41698],[5.01118,50.41575],[5.0071,50.41253],[5.00738,50.40919],[4.99441,50.40804],[4.9869,50.40814],[4.97856,50.41037],[4.97419,50.40827],[4.9714,50.40092],[4.9785,50.38649],[4.97781,50.36695],[4.98585,50.36914]]]},"properties":{"postcode":"5336","nl":"Assesse","fr":"Assesse"}},
{"type":"Feature","geometry":{"type":"Polygon","coordinates":[[[5.24599,51.04509],[5.24861,51.04767],[5.25539,51.05049],[5.2694,51.04942],[5.27275,51.04763],[5.28147,51.04859],[5.30177,51.0569],[5.31105,51.05806],[5.32625,51.06459],[5.33937,51.07267],[5.34419,51.084],[5.34119,51.09323],[5.34184,51.09516],[5.33859,51.09555],[5.33261,51.09313],[5.32974,51.09391],[5.31114,51.09355],[5.26452,51.08438],[5.24574,51.0773],[5.21832,51.07387],[5.20295,51.07487],[5.20903,51.06922],[5.22489,51.05733],[5.24599,51.04509]]]},"properties":{"postcode":"3582","nl":"Beringen","fr":"Beringen"}},
{"type":"Feature","geometry":{"type":"Polygon","coordinates":[[[5.44606,50.85505],[5.44614,50.86993],[5.44926,50.87655],[5.43573,50.88215],[5.42155,50.87761],[5.40956,50.87614],[5.40657,50.87436],[5.40794,50.87052],[5.41214,50.86774],[5.43073,50.85255],[5.44606,50.85505]]]},"properties":{"postcode":"3721","nl":"Hasselt","fr":"Hasselt"}},
{"type":"Feature","geometry":{"type":"Polygon","coordinates":[[[3.21367,51.20042],[3.23154,51.19964],[3.24119,51.20754],[3.23439,51.22183],[3.24512,51.22734],[3.23056,51.23388],[3.23086,51.24881],[3.21988,51.24592],[3.21434,51.26977],[3.19725,51.26757],[3.18808,51.26543],[3.1849,51.26224],[3.19301,51.25062],[3.18792,51.25],[3.17927,51.24363],[3.16376,51.23885],[3.15987,51.23696],[3.16939,51.23241],[3.1731,51.22613],[3.17608,51.22315],[3.17811,51.21709],[3.20049,51.21737],[3.21245,51.21039],[3.21367,51.20042]]]},"properties":{"postcode":"8000","nl":"Brugge","fr":"Bruges"}},
{"type":"Feature","geometry":{"type":"Polygon","coordinates":[[[3.2769,50.87605],[3.29488,50.8742],[3.30548,50.88446],[3.30421,50.89102],[3.30852,50.89274],[3.30888,50.89723],[3.31404,50.90514],[3.30412,50.90706],[3.28169,50.9031],[3.2733,50.89838],[3.26729,50.897],[3.2726,50.8858],[3.27116,50.87919],[3.2769,50.87605]]]},"properties":{"postcode":"8531","nl":"Harelbeke","fr":"Harelbeke"}},
{"type":"Feature","geometry":{"type":"Polygon","coordinates":[[[3.29095,51.03731],[3.28922,51.03557],[3.29314,51.02296],[3.29824,51.01926],[3.28644,51.01202],[3.29794,51.00134],[3.30263,50.99994],[3.30996,50.99167],[3.31165,50.98511],[3.30913,50.97803],[3.31985,50.9704],[3.34709,50.96107],[3.35859,50.96424],[3.36081,50.96404],[3.36245,50.96934],[3.36875,50.97444],[3.36681,50.97795],[3.3692,50.97942],[3.37959,50.98113],[3.37565,50.98809],[3.382,50.99477],[3.37034,51.01454],[3.36672,51.03122],[3.35922,51.03497],[3.34883,51.0279],[3.33559,51.02595],[3.32441,51.02001],[3.31415,51.0271],[3.30452,51.0292],[3.30735,51.03894],[3.29095,51.03731]]]},"properties":{"postcode":"8700","nl":"Tielt","fr":"Tielt"}},
{"type":"Feature","geometry":{"type":"Polygon","coordinates":[[[3.42629,50.85472],[3.42737,50.85737],[3.43568,50.86174],[3.43794,50.86094],[3.45317,50.86612],[3.45649,50.86821],[3.45564,50.87226],[3.45746,50.87622],[3.47091,50.87826],[3.47056,50.88938],[3.47644,50.89567],[3.47124,50.89794],[3.46673,50.90207],[3.45323,50.90765],[3.44515,50.90065],[3.43151,50.89681],[3.42348,50.89855],[3.41671,50.90354],[3.40647,50.8977],[3.39977,50.89027],[3.39291,50.88842],[3.38188,50.88338],[3.38323,50.87616],[3.38393,50.86788],[3.38273,50.86578],[3.38689,50.86392],[3.39174,50.86418],[3.39355,50.85851],[3.39084,50.85319],[3.39194,50.85058],[3.40603,50.84502],[3.42629,50.85472]]]},"properties":{"postcode":"8790","nl":"Waregem","fr":"Waregem"}},
{"type":"Feature","geometry":{"type":"Polygon","coordinates":[[[2.75868,50.77317],[2.76201,50.78095],[2.77244,50.7876],[2.77223,50.79611],[2.75072,50.80938],[2.74799,50.81663],[2.73597,50.82728],[2.71302,50.81535],[2.72592,50.809],[2.72133,50.80231],[2.72623,50.79239],[2.73724,50.78293],[2.75868,50.77317]]]},"properties":{"postcode":"8954","nl":"Heuvelland","fr":"Heuvelland"}},
{"type":"Feature","geometry":{"type":"Polygon","coordinates":[[[5.53934,49.56486],[5.52103,49.56256],[5.5167,49.56418],[5.51123,49.56911],[5.50369,49.57023],[5.50074,49.56532],[5.50633,49.55977],[5.50103,49.55233],[5.50815,49.54854],[5.50732,49.54424],[5.51501,49.53437],[5.51722,49.52146],[5.52133,49.51326],[5.54117,49.51527],[5.54559,49.52374],[5.56476,49.53355],[5.5584,49.53837],[5.55534,49.54799],[5.53934,49.56486]]]},"properties":{"postcode":"6762","nl":"Virton","fr":"Virton"}},
{"type":"Feature","geometry":{"type":"Polygon","coordinates":[[[5.81598,49.54837],[5.82302,49.57394],[5.79777,49.58772],[5.79239,49.58301],[5.79509,49.57574],[5.7889,49.56987],[5.78879,49.56213],[5.78132,49.55973],[5.79211,49.55182],[5.81598,49.54837]]]},"properties":{"postcode":"6790","nl":"Aubange","fr":"Aubange"}},
{"type":"Feature","geometry":{"type":"Polygon","coordinates":[[[5.31819,49.66503],[5.33269,49.65274],[5.3182,49.64636],[5.30499,49.63022],[5.31209,49.61165],[5.33042,49.61677],[5.33694,49.61555],[5.34737,49.63131],[5.3822,49.62013],[5.39336,49.61833],[5.40266,49.62467],[5.40614,49.62935],[5.41544,49.62821],[5.419,49.6352],[5.42034,49.64145],[5.42455,49.64658],[5.41476,49.65941],[5.39264,49.65265],[5.3848,49.66035],[5.3729,49.6622],[5.35243,49.65713],[5.34175,49.65704],[5.33332,49.6676],[5.31819,49.66503]]]},"properties":{"postcode":"6823","nl":"Florenville","fr":"Florenville"}},
{"type":"Feature","geometry":{"type":"Polygon","coordinates":[[[5.14081,50.04551],[5.14533,50.04598],[5.15022,50.04421],[5.16145,50.04549],[5.16776,50.0427],[5.17818,50.04507],[5.17089,50.06325],[5.16928,50.07255],[5.15856,50.08344],[5.16043,50.08469],[5.16049,50.09213],[5.15194,50.09457],[5.1365,50.09439],[5.13644,50.08646],[5.14761,50.07305],[5.13971,50.06404],[5.14547,50.05464],[5.14289,50.05107],[5.13509,50.04762],[5.14081,50.04551]]]},"properties":{"postcode":"6921","nl":"Wellin","fr":"Wellin"}},
{"type":"Feature","geometry":{"type":"Polygon","coordinates":[[[5.53365,50.10509],[5.52894,50.1136],[5.51427,50.12507],[5.50627,50.12581],[5.49064,50.13445],[5.47785,50.1389],[5.45964,50.15129],[5.44628,50.14838],[5.45386,50.13815],[5.45919,50.12176],[5.44273,50.11789],[5.43795,50.11264],[5.45541,50.10005],[5.48367,50.09831],[5.48898,50.09393],[5.50699,50.09597],[5.53365,50.10509]]]},"properties":{"postcode":"6971","nl":"Tenneville","fr":"Tenneville"}},
{"type":"Feature","geometry":{"type":"Polygon","coordinates":[[[4.15739,50.8632],[4.16407,50.87757],[4.14903,50.88354],[4.14224,50.88402],[4.12801,50.88403],[4.11613,50.88571],[4.10612,50.8845],[4.10821,50.87564],[4.11243,50.87231],[4.14112,50.86842],[4.15739,50.8632]]]},"properties":{"postcode":"1742","nl":"Ternat","fr":"Ternat"}},
{"type":"Feature","geometry":{"type":"Polygon","coordinates":[[[3.91863,51.20777],[3.89881,51.20172],[3.8863,51.20018],[3.87763,51.20801],[3.88982,51.21361],[3.88865,51.22296],[3.87015,51.21626],[3.85957,51.21083],[3.85611,51.21106],[3.84006,51.19965],[3.83229,51.19163],[3.83679,51.18381],[3.83566,51.18262],[3.82902,51.1688],[3.84306,51.15559],[3.84934,51.14761],[3.87087,51.14946],[3.87902,51.14411],[3.90268,51.14825],[3.90919,51.157],[3.90173,51.16724],[3.91246,51.19508],[3.92216,51.19895],[3.91863,51.20777]]]},"properties":{"postcode":"9185","nl":"Lochristi","fr":"Lochristi"}},
{"type":"Feature","geometry":{"type":"Polygon","coordinates":[[[3.81418,50.78742],[3.82633,50.77775],[3.84483,50.77472],[3.86825,50.78495],[3.86493,50.79266],[3.87231,50.80416],[3.85825,50.80001],[3.81853,50.79571],[3.81418,50.78742]]]},"properties":{"postcode":"9570","nl":"Lierde","fr":"Lierde"}},
{"type":"Feature","geometry":{"type":"Polygon","coordinates":[[[3.89273,50.91815],[3.89746,50.92841],[3.90845,50.93135],[3.91034,50.93714],[3.92081,50.94036],[3.93124,50.94088],[3.93096,50.94837],[3.93778,50.94987],[3.91928,50.95336],[3.9014,50.94995],[3.89379,50.94753],[3.88915,50.9504],[3.8863,50.94927],[3.88807,50.94451],[3.88259,50.94268],[3.89111,50.93486],[3.8911,50.91775],[3.89273,50.91815]]]},"properties":{"postcode":"9520","nl":"Sint-Lievens-Houtem","fr":"Sint-Lievens-Houtem"}},
{"type":"Feature","geometry":{"type":"Polygon","coordinates":[[[3.98763,51.15139],[3.97964,51.14653],[3.9815,51.14056],[3.99476,51.13583],[3.99974,51.12888],[3.99403,51.11755],[3.98524,51.11557],[3.97752,51.12289],[3.96076,51.12892],[3.94667,51.11524],[3.92693,51.11127],[3.90978,51.11602],[3.90204,51.11325],[3.90199,51.09242],[3.90813,51.08204],[3.91721,51.08066],[3.92815,51.07129],[3.97151,51.07393],[3.99142,51.07568],[4.01611,51.08426],[4.03405,51.09489],[4.02869,51.09847],[4.02217,51.09693],[4.01949,51.09969],[4.02598,51.1047],[4.02577,51.11187],[4.01218,51.13415],[3.98533,51.14773],[3.98763,51.15139]]]},"properties":{"postcode":"9160","nl":"Lokeren","fr":"Lokeren"}},
{"type":"Feature","geometry":{"type":"Polygon","coordinates":[[[3.67256,51.05325],[3.691,51.06872],[3.70173,51.07461],[3.68739,51.089],[3.68493,51.09309],[3.65905,51.08716],[3.6579,51.07907],[3.65959,51.06388],[3.67256,51.05325]]]},"properties":{"postcode":"9030","nl":"Gent","fr":"Gand"}},
{"type":"Feature","geometry":{"type":"Polygon","coordinates":[[[3.98366,50.81551],[3.99867,50.80814],[4.00515,50.81222],[4.02201,50.81212],[4.01532,50.82416],[4.00695,50.82988],[3.99906,50.82568],[3.99623,50.81938],[3.98366,50.81551]]]},"properties":{"postcode":"9401","nl":"Ninove","fr":"Ninove"}},
{"type":"Feature","geometry":{"type":"Polygon","coordinates":[[[5.44761,50.6736],[5.46375,50.67822],[5.47206,50.6843],[5.45495,50.69362],[5.44069,50.69025],[5.44761,50.6736]]]},"properties":{"postcode":"4342","nl":"Awans","fr":"Awans"}},
{"type":"Feature","geometry":{"type":"Polygon","coordinates":[[[4.23289,50.44306],[4.23004,50.44503],[4.25615,50.45493],[4.26971,50.45935],[4.26723,50.46805],[4.24101,50.47408],[4.23124,50.46901],[4.22878,50.46585],[4.22233,50.46509],[4.21653,50.45268],[4.20276,50.43518],[4.20611,50.4364],[4.23289,50.44306]]]},"properties":{"postcode":"7140","nl":"Morlanwelz","fr":"Morlanwelz"}},
{"type":"Feature","geometry":{"type":"Polygon","coordinates":[[[4.37227,50.04559],[4.36862,50.04825],[4.3785,50.07903],[4.37696,50.08931],[4.36014,50.08283],[4.36544,50.07517],[4.34963,50.05475],[4.35011,50.04414],[4.35385,50.04245],[4.3592,50.04689],[4.37227,50.04559]]]},"properties":{"postcode":"6462","nl":"Chimay","fr":"Chimay"}},
{"type":"Feature","geometry":{"type":"Polygon","coordinates":[[[4.50217,50.43823],[4.50837,50.43968],[4.51138,50.44183],[4.51752,50.44326],[4.52298,50.44557],[4.52788,50.45082],[4.53961,50.45066],[4.54852,50.45677],[4.55391,50.4622],[4.55696,50.46913],[4.56565,50.47206],[4.55631,50.48073],[4.5624,50.48955],[4.55962,50.49317],[4.56354,50.49766],[4.55907,50.50029],[4.55764,50.5053],[4.55359,50.50436],[4.54589,50.50048],[4.54747,50.49892],[4.53437,50.49576],[4.52768,50.4925],[4.53177,50.48281],[4.52253,50.47542],[4.52055,50.46428],[4.50094,50.45199],[4.49733,50.44299],[4.50217,50.43823]]]},"properties":{"postcode":"6220","nl":"Fleurus","fr":"Fleurus"}},
{"type":"Feature","geometry":{"type":"Polygon","coordinates":[[[3.4421,50.56759],[3.44126,50.58074],[3.43087,50.58622],[3.42178,50.57842],[3.42086,50.56908],[3.4421,50.56759]]]},"properties":{"postcode":"7642","nl":"Antoing","fr":"Antoing"}},
{"type":"Feature","geometry":{"type":"Polygon","coordinates":[[[4.31225,50.66102],[4.30091,50.65019],[4.32429,50.63496],[4.3186,50.63207],[4.32159,50.63123],[4.33028,50.63528],[4.34833,50.65106],[4.36251,50.65423],[4.38572,50.64912],[4.38968,50.65158],[4.35751,50.67282],[4.34275,50.67922],[4.33499,50.68037],[4.33357,50.68187],[4.33147,50.68016],[4.32897,50.67232],[4.32554,50.66625],[4.31846,50.66161],[4.31225,50.66102]]]},"properties":{"postcode":"1421","nl":"Eigenbrakel","fr":"Braine-l'Alleud"}},
{"type":"Feature","geometry":{"type":"Polygon","coordinates":[[[4.70947,51.16504],[4.72899,51.17038],[4.75288,51.17425],[4.75472,51.16861],[4.76151,51.16733],[4.76485,51.16446],[4.76847,51.16236],[4.77563,51.16139],[4.78369,51.16387],[4.78912,51.1684],[4.78731,51.17182],[4.79307,51.17283],[4.78376,51.17981],[4.78468,51.18363],[4.7801,51.18627],[4.77295,51.18734],[4.76203,51.1953],[4.76713,51.19832],[4.75395,51.19952],[4.74659,51.20479],[4.74216,51.21103],[4.73906,51.21076],[4.73379,51.21625],[4.73056,51.21568],[4.72344,51.21069],[4.719,51.20046],[4.71227,51.19531],[4.69401,51.19438],[4.6944,51.17852],[4.70148,51.17761],[4.70248,51.17432],[4.70657,51.17153],[4.70947,51.16504]]]},"properties":{"postcode":"2280","nl":"Grobbendonk","fr":"Grobbendonk"}},
{"type":"Feature","geometry":{"type":"Polygon","coordinates":[[[4.769,51.38874],[4.77461,51.38598],[4.8017,51.38692],[4.82778,51.38127],[4.83139,51.3877],[4.85093,51.41176],[4.84626,51.41286],[4.83933,51.41462],[4.78933,51.40899],[4.77286,51.41342],[4.77297,51.41129],[4.77228,51.41083],[4.77373,51.40922],[4.77424,51.40458],[4.78129,51.39858],[4.77283,51.39556],[4.76938,51.39254],[4.769,51.38874]]]},"properties":{"postcode":"2323","nl":"Hoogstraten","fr":"Hoogstraten"}},
{"type":"Feature","geometry":{"type":"Polygon","coordinates":[[[5.04985,51.2192],[5.0553,51.21872],[5.10607,51.22586],[5.10947,51.22941],[5.12541,51.22166],[5.1599,51.22571],[5.16622,51.23535],[5.1766,51.23722],[5.17748,51.24258],[5.17106,51.24863],[5.15905,51.26971],[5.12237,51.25984],[5.11682,51.26138],[5.08777,51.2478],[5.07812,51.24867],[5.05628,51.22348],[5.04985,51.2192]]]},"properties":{"postcode":"2400","nl":"Dessel","fr":"Dessel"}},
{"type":"Feature","geometry":{"type":"Polygon","coordinates":[[[4.70947,51.16504],[4.71365,51.15989],[4.71473,51.1554],[4.72029,51.15065],[4.73458,51.15208],[4.76088,51.15951],[4.76485,51.16446],[4.76151,51.16733],[4.75472,51.16861],[4.75288,51.17425],[4.72899,51.17038],[4.70947,51.16504]]]},"properties":{"postcode":"2288","nl":"Grobbendonk","fr":"Grobbendonk"}},
{"type":"Feature","geometry":{"type":"Polygon","coordinates":[[[4.6944,51.17852],[4.69401,51.19438],[4.71227,51.19531],[4.719,51.20046],[4.72344,51.21069],[4.73056,51.21568],[4.72637,51.22589],[4.7255,51.22288],[4.67886,51.20301],[4.66879,51.19174],[4.66427,51.18106],[4.67352,51.17747],[4.68638,51.17645],[4.6944,51.17852]]]},"properties":{"postcode":"2243","nl":"Zandhoven","fr":"Zandhoven"}},
{"type":"Feature","geometry":{"type":"Polygon","coordinates":[[[4.45373,51.00597],[4.46544,50.99313],[4.4804,50.99121],[4.48856,50.99716],[4.48621,51.00543],[4.49169,51.00933],[4.50051,51.01237],[4.51334,51.02425],[4.50545,51.02528],[4.50504,51.03047],[4.51558,51.03484],[4.48233,51.05432],[4.46664,51.04957],[4.46653,51.0605],[4.45241,51.06188],[4.44219,51.05777],[4.43016,51.06504],[4.43054,51.05651],[4.42358,51.0369],[4.43576,51.02856],[4.45149,51.01853],[4.45373,51.00597]]]},"properties":{"postcode":"2800","nl":"Mechelen","fr":"Malines"}},
{"type":"Feature","geometry":{"type":"Polygon","coordinates":[[[5.01897,50.28509],[5.01681,50.28947],[5.01344,50.29021],[5.00256,50.3],[4.99819,50.30177],[4.99243,50.30181],[4.97786,50.29907],[4.97486,50.29792],[4.97376,50.27241],[4.98885,50.27],[5.01253,50.27796],[5.0105,50.28136],[5.01897,50.28509]]]},"properties":{"postcode":"5502","nl":"Dinant","fr":"Dinant"}},
{"type":"Feature","geometry":{"type":"Polygon","coordinates":[[[4.98323,50.23286],[4.97063,50.2273],[4.9635,50.20896],[4.96634,50.19724],[4.97685,50.19563],[4.98102,50.20361],[4.99712,50.20304],[5.02657,50.20943],[5.02931,50.21382],[5.05419,50.22565],[5.04607,50.2302],[5.04245,50.23426],[5.03776,50.23533],[5.03787,50.24004],[5.04142,50.24546],[5.04234,50.24968],[5.04079,50.25132],[5.03435,50.24876],[5.02307,50.24709],[5.01549,50.25063],[5.0032,50.24719],[4.99442,50.22528],[4.98323,50.23286]]]},"properties":{"postcode":"5561","nl":"Houyet","fr":"Houyet"}},
{"type":"Feature","geometry":{"type":"Polygon","coordinates":[[[4.8244,50.16926],[4.82381,50.16225],[4.83367,50.15366],[4.85121,50.1522],[4.87187,50.15656],[4.85601,50.17052],[4.85273,50.17859],[4.83187,50.17907],[4.82418,50.18351],[4.82346,50.17948],[4.8244,50.16926]]]},"properties":{"postcode":"5543","nl":"Hastière","fr":"Hastière"}},
{"type":"Feature","geometry":{"type":"Polygon","coordinates":[[[5.54488,50.85215],[5.55694,50.84834],[5.56771,50.85552],[5.55073,50.86461],[5.55377,50.87038],[5.54258,50.8885],[5.53742,50.88027],[5.54086,50.87487],[5.53265,50.86429],[5.54488,50.85215]]]},"properties":{"postcode":"3746","nl":"Bilzen-Hoeselt","fr":"Bilzen-Hoeselt"}},
{"type":"Feature","geometry":{"type":"Polygon","coordinates":[[[5.7329,50.75525],[5.73053,50.75737],[5.72231,50.76278],[5.68366,50.75487],[5.72228,50.74571],[5.7329,50.75525]]]},"properties":{"postcode":"3790","nl":"Voeren","fr":"Fourons"}},
{"type":"Feature","geometry":{"type":"Polygon","coordinates":[[[5.16358,50.8272],[5.15676,50.83335],[5.15657,50.84112],[5.14369,50.84354],[5.13585,50.83524],[5.13455,50.83034],[5.1381,50.82512],[5.14804,50.82509],[5.16358,50.8272]]]},"properties":{"postcode":"3803","nl":"Sint-Truiden","fr":"Saint-Trond"}},
{"type":"Feature","geometry":{"type":"Polygon","coordinates":[[[5.3242,50.8247],[5.32581,50.83065],[5.33682,50.8352],[5.34034,50.82142],[5.34638,50.81997],[5.37226,50.8427],[5.35246,50.86759],[5.35201,50.86755],[5.33574,50.86703],[5.31723,50.86566],[5.30051,50.85601],[5.30668,50.84951],[5.31086,50.84697],[5.31136,50.83728],[5.30253,50.8337],[5.30546,50.82926],[5.3242,50.8247]]]},"properties":{"postcode":"3830","nl":"Wellen","fr":"Wellen"}},
{"type":"Feature","geometry":{"type":"Polygon","coordinates":[[[5.30253,50.8337],[5.31136,50.83728],[5.31086,50.84697],[5.30668,50.84951],[5.30051,50.85601],[5.283,50.85367],[5.26479,50.85434],[5.26919,50.84565],[5.29034,50.8306],[5.30253,50.8337]]]},"properties":{"postcode":"3832","nl":"Wellen","fr":"Wellen"}},
{"type":"Feature","geometry":{"type":"Polygon","coordinates":[[[5.25709,51.09922],[5.2562,51.10545],[5.24263,51.11327],[5.23925,51.12028],[5.24776,51.12752],[5.23622,51.13326],[5.23035,51.13395],[5.21782,51.12899],[5.20534,51.10066],[5.21328,51.09762],[5.22723,51.10021],[5.23204,51.09587],[5.25709,51.09922]]]},"properties":{"postcode":"3971","nl":"Leopoldsburg","fr":"Bourg-Léopold"}},
{"type":"Feature","geometry":{"type":"Polygon","coordinates":[[[5.05839,51.01562],[5.08344,51.02443],[5.07796,51.0428],[5.0868,51.04969],[5.12162,51.04764],[5.13476,51.05595],[5.16675,51.06202],[5.17368,51.07168],[5.18391,51.07705],[5.16395,51.07773],[5.15171,51.08031],[5.11471,51.07382],[5.09545,51.0795],[5.09493,51.08539],[5.06328,51.08102],[5.04932,51.07633],[5.02383,51.07291],[5.01073,51.07371],[5.00869,51.05737],[4.99787,51.05417],[4.9816,51.03488],[4.98437,51.03069],[5.00158,51.03452],[5.00778,51.03755],[5.02223,51.01991],[5.04037,51.02241],[5.05581,51.02186],[5.05839,51.01562]]]},"properties":{"postcode":"3980","nl":"Tessenderlo-Ham","fr":"Tessenderlo-Ham"}},
{"type":"Feature","geometry":{"type":"Polygon","coordinates":[[[3.48334,50.80031],[3.48231,50.79263],[3.49001,50.78687],[3.49595,50.791],[3.50277,50.79369],[3.5145,50.79506],[3.51806,50.79715],[3.52335,50.80534],[3.51901,50.80897],[3.5162,50.80899],[3.51165,50.81464],[3.50948,50.81359],[3.51095,50.80753],[3.48678,50.80081],[3.48334,50.80031]]]},"properties":{"postcode":"8581","nl":"Avelgem","fr":"Avelgem"}},
{"type":"Feature","geometry":{"type":"Polygon","coordinates":[[[5.63027,49.69206],[5.62799,49.69715],[5.6364,49.71026],[5.63263,49.71462],[5.63916,49.72608],[5.62772,49.73147],[5.61569,49.74912],[5.6094,49.74719],[5.60557,49.74078],[5.59406,49.73803],[5.59437,49.72951],[5.60306,49.7172],[5.59864,49.71002],[5.59914,49.69669],[5.63027,49.69206]]]},"properties":{"postcode":"6723","nl":"Habay","fr":"Habay"}},
{"type":"Feature","geometry":{"type":"Polygon","coordinates":[[[5.01955,50.75123],[5.02619,50.7483],[5.04482,50.76191],[5.05825,50.76623],[5.05952,50.77489],[5.05456,50.7762],[5.04352,50.78127],[5.03996,50.78127],[5.03291,50.77545],[5.03298,50.77138],[5.01955,50.75123]]]},"properties":{"postcode":"3400","nl":"Landen","fr":"Landen"}},
{"type":"Feature","geometry":{"type":"Polygon","coordinates":[[[4.19763,50.72911],[4.21357,50.71996],[4.22851,50.71648],[4.23579,50.71877],[4.24199,50.70976],[4.2595,50.70351],[4.2622,50.7003],[4.28447,50.69809],[4.29082,50.69422],[4.30291,50.69937],[4.30796,50.70022],[4.31099,50.71363],[4.29508,50.72006],[4.27195,50.72173],[4.24254,50.74094],[4.25515,50.75213],[4.23847,50.7532],[4.22366,50.74949],[4.21734,50.75777],[4.2115,50.77812],[4.1897,50.7696],[4.18856,50.75987],[4.19804,50.75331],[4.19569,50.74395],[4.18275,50.74725],[4.19763,50.72911]]]},"properties":{"postcode":"1500","nl":"Halle","fr":"Hal"}},
{"type":"Feature","geometry":{"type":"Polygon","coordinates":[[[4.14587,50.78014],[4.13571,50.78437],[4.11864,50.78761],[4.10609,50.78201],[4.12388,50.76966],[4.13551,50.76938],[4.15171,50.7731],[4.14566,50.7766],[4.14587,50.78014]]]},"properties":{"postcode":"1755","nl":"Pajottegem","fr":"Pajottegem"}},
{"type":"Feature","geometry":{"type":"Polygon","coordinates":[[[3.7335,50.86077],[3.74227,50.86449],[3.74163,50.87385],[3.75555,50.88182],[3.73078,50.89283],[3.71729,50.87881],[3.72353,50.8669],[3.7335,50.86077]]]},"properties":{"postcode":"9630","nl":"Zwalm","fr":"Zwalm"}},
{"type":"Feature","geometry":{"type":"Polygon","coordinates":[[[4.16264,51.27461],[4.19022,51.27252],[4.20305,51.27513],[4.26071,51.27953],[4.25389,51.28855],[4.23803,51.29277],[4.21655,51.29219],[4.21849,51.33503],[4.16613,51.29289],[4.16264,51.27461]]]},"properties":{"postcode":"9130","nl":"Beveren-Kruibeke-Zwijndrecht","fr":"Beveren-Kruibeke-Zwijndrecht"}},
{"type":"Feature","geometry":{"type":"Polygon","coordinates":[[[4.01259,50.9562],[4.02813,50.95106],[4.03728,50.95425],[4.04048,50.962],[4.04861,50.96669],[4.05411,50.97132],[4.04723,50.97703],[4.02127,50.98278],[4.01471,50.97728],[4.01513,50.96991],[4.01054,50.96647],[4.01042,50.96377],[4.01507,50.96116],[4.00996,50.95777],[4.01259,50.9562]]]},"properties":{"postcode":"9308","nl":"Aalst","fr":"Alost"}},
{"type":"Feature","geometry":{"type":"Polygon","coordinates":[[[5.18246,50.66841],[5.19215,50.65936],[5.20327,50.66605],[5.2049,50.67367],[5.18778,50.67079],[5.18246,50.66841]]]},"properties":{"postcode":"4253","nl":"Geer","fr":"Geer"}},
{"type":"Feature","geometry":{"type":"Polygon","coordinates":[[[5.54505,50.57697],[5.55162,50.57165],[5.55109,50.56641],[5.55269,50.56102],[5.56185,50.56184],[5.5677,50.56395],[5.56944,50.56653],[5.57742,50.57063],[5.57422,50.57302],[5.57775,50.57625],[5.59845,50.57602],[5.60014,50.58105],[5.58967,50.588],[5.59108,50.59596],[5.6065,50.6035],[5.60938,50.61422],[5.59986,50.61613],[5.585,50.62062],[5.57132,50.60962],[5.55892,50.60711],[5.56555,50.59054],[5.55573,50.58875],[5.54505,50.57697]]]},"properties":{"postcode":"4000","nl":"Luik","fr":"Liège"}},
{"type":"Feature","geometry":{"type":"Polygon","coordinates":[[[5.85356,50.57982],[5.86445,50.56217],[5.86088,50.55098],[5.87813,50.55573],[5.89492,50.55779],[5.89551,50.5597],[5.90233,50.56721],[5.90665,50.56656],[5.9106,50.57537],[5.91019,50.57702],[5.89994,50.58103],[5.89906,50.57973],[5.89014,50.57813],[5.89086,50.58161],[5.87872,50.58663],[5.8753,50.58302],[5.85356,50.57982]]]},"properties":{"postcode":"4800","nl":"Verviers","fr":"Verviers"}},
{"type":"Feature","geometry":{"type":"Polygon","coordinates":[[[6.12958,50.29962],[6.12592,50.29346],[6.09518,50.28682],[6.11278,50.26087],[6.137,50.26262],[6.14904,50.27897],[6.17747,50.27452],[6.19576,50.27879],[6.19126,50.28664],[6.1886,50.29539],[6.17331,50.29987],[6.16949,50.3077],[6.1526,50.30967],[6.14375,50.29793],[6.12958,50.29962]]]},"properties":{"postcode":"4780","nl":"Sankt Vith","fr":"Saint-Vith"}},
{"type":"Feature","geometry":{"type":"Polygon","coordinates":[[[4.17344,50.38199],[4.1711,50.4035],[4.15698,50.41072],[4.16023,50.41955],[4.15174,50.42273],[4.13214,50.42135],[4.12625,50.42148],[4.1313,50.41718],[4.1316,50.41228],[4.12897,50.41097],[4.13014,50.40688],[4.12555,50.4007],[4.12727,50.39685],[4.13446,50.39675],[4.14307,50.39476],[4.14686,50.39229],[4.15835,50.39031],[4.16764,50.38677],[4.17344,50.38199]]]},"properties":{"postcode":"7131","nl":"Binche","fr":"Binche"}},
{"type":"Feature","geometry":{"type":"Polygon","coordinates":[[[4.34994,50.47979],[4.36324,50.48405],[4.35983,50.48963],[4.33614,50.50504],[4.32433,50.51059],[4.31967,50.51885],[4.31026,50.52383],[4.29684,50.51244],[4.29314,50.51183],[4.28697,50.50704],[4.29415,50.50338],[4.29879,50.49625],[4.30875,50.4912],[4.29854,50.48211],[4.29998,50.47814],[4.29812,50.46897],[4.31801,50.47359],[4.32976,50.4719],[4.34994,50.47979]]]},"properties":{"postcode":"6181","nl":"Courcelles","fr":"Courcelles"}},
{"type":"Feature","geometry":{"type":"Polygon","coordinates":[[[4.07978,50.53108],[4.10524,50.53037],[4.11686,50.53185],[4.13069,50.54499],[4.12782,50.55808],[4.12341,50.56475],[4.11026,50.56915],[4.10311,50.56372],[4.09363,50.56493],[4.07145,50.55316],[4.06825,50.53969],[4.07536,50.53716],[4.07978,50.53108]]]},"properties":{"postcode":"7062","nl":"Zinnik","fr":"Soignies"}},
{"type":"Feature","geometry":{"type":"Polygon","coordinates":[[[3.85827,50.66944],[3.88477,50.67646],[3.89871,50.68664],[3.88693,50.69453],[3.85395,50.69355],[3.84377,50.69637],[3.83084,50.68544],[3.84299,50.67336],[3.85827,50.66944]]]},"properties":{"postcode":"7866","nl":"Lessen","fr":"Lessines"}},
{"type":"Feature","geometry":{"type":"Polygon","coordinates":[[[4.33995,50.84023],[4.34286,50.83309],[4.35832,50.83063],[4.36722,50.82299],[4.36812,50.81487],[4.36975,50.80945],[4.37538,50.79973],[4.40081,50.79636],[4.3969,50.80175],[4.39046,50.80216],[4.38259,50.81585],[4.35609,50.83577],[4.36868,50.84002],[4.37961,50.83683],[4.38026,50.84001],[4.39333,50.83794],[4.39603,50.84341],[4.38405,50.85142],[4.37322,50.84729],[4.35719,50.86031],[4.36109,50.8688],[4.38839,50.88106],[4.402,50.88593],[4.41068,50.87697],[4.42572,50.87213],[4.43706,50.87878],[4.42704,50.89089],[4.43279,50.89473],[4.42433,50.90197],[4.41572,50.90612],[4.40347,50.9139],[4.38776,50.90994],[4.37822,50.89728],[4.36046,50.90118],[4.33092,50.90092],[4.3246,50.89859],[4.32354,50.89412],[4.32987,50.88535],[4.33704,50.88697],[4.33929,50.88175],[4.34052,50.87136],[4.34359,50.86905],[4.34174,50.86496],[4.34665,50.85903],[4.33564,50.84815],[4.33788,50.84645],[4.33995,50.84023]]]},"properties":{"postcode":"1048","nl":"Brussel","fr":"Bruxelles"}},
{"type":"Feature","geometry":{"type":"Polygon","coordinates":[[[4.37842,51.18436],[4.38642,51.1795],[4.39473,51.18397],[4.4055,51.17691],[4.41839,51.17546],[4.42228,51.18037],[4.41037,51.19739],[4.42556,51.2013],[4.43665,51.20744],[4.44433,51.20548],[4.42714,51.21018],[4.42651,51.2157],[4.43826,51.22024],[4.44268,51.22735],[4.44273,51.23004],[4.42534,51.24075],[4.42861,51.26405],[4.41333,51.26565],[4.4012,51.27638],[4.38591,51.27654],[4.38748,51.28594],[4.40901,51.28794],[4.40583,51.29272],[4.39798,51.29723],[4.35992,51.31055],[4.35544,51.31367],[4.31529,51.30245],[4.30953,51.29212],[4.31735,51.28826],[4.31702,51.27756],[4.30079,51.26237],[4.30652,51.25492],[4.33087,51.25011],[4.35203,51.24012],[4.34033,51.23119],[4.34476,51.21583],[4.3573,51.20193],[4.33958,51.19626],[4.35257,51.1957],[4.35731,51.18879],[4.37013,51.18989],[4.37842,51.18436]]]},"properties":{"postcode":"2050","nl":"Antwerpen","fr":"Anvers"}},
{"type":"Feature","geometry":{"type":"Polygon","coordinates":[[[5.08861,51.41451],[5.10461,51.43135],[5.07897,51.47152],[5.04569,51.47111],[5.0332,51.4873],[5.01083,51.47231],[5.00729,51.46463],[5.01052,51.45393],[4.99825,51.4405],[5.03142,51.43003],[5.04597,51.43593],[5.05276,51.4303],[5.08861,51.41451]]]},"properties":{"postcode":"2382","nl":"Ravels","fr":"Ravels"}},
{"type":"Feature","geometry":{"type":"Polygon","coordinates":[[[4.82932,50.49099],[4.85157,50.48306],[4.85621,50.48452],[4.86473,50.49628],[4.85513,50.50853],[4.85503,50.50867],[4.83469,50.50359],[4.83816,50.49708],[4.82932,50.49099]]]},"properties":{"postcode":"5003","nl":"Namen","fr":"Namur"}},
{"type":"Feature","geometry":{"type":"Polygon","coordinates":[[[4.69839,50.5402],[4.7211,50.55626],[4.70729,50.57579],[4.6935,50.58411],[4.67059,50.56867],[4.68951,50.55879],[4.68752,50.5435],[4.69813,50.53964],[4.69839,50.5402]]]},"properties":{"postcode":"5030","nl":"Gembloux","fr":"Gembloux"}},
{"type":"Feature","geometry":{"type":"Polygon","coordinates":[[[4.82597,50.22438],[4.83333,50.2214],[4.84914,50.22689],[4.85861,50.23813],[4.87114,50.23984],[4.88293,50.24744],[4.873,50.25513],[4.87751,50.26098],[4.86911,50.26754],[4.84386,50.2642],[4.84198,50.2554],[4.82835,50.24908],[4.82187,50.23702],[4.82597,50.22438]]]},"properties":{"postcode":"5520","nl":"Onhaye","fr":"Onhaye"}},
{"type":"Feature","geometry":{"type":"Polygon","coordinates":[[[5.1571,50.74055],[5.15812,50.73205],[5.17942,50.72695],[5.19473,50.74449],[5.18203,50.74807],[5.1676,50.74673],[5.1571,50.74055]]]},"properties":{"postcode":"3890","nl":"Gingelom","fr":"Gingelom"}},
{"type":"Feature","geometry":{"type":"Polygon","coordinates":[[[3.5007,50.82426],[3.49905,50.83992],[3.50322,50.84115],[3.49356,50.8456],[3.4882,50.85404],[3.48208,50.85768],[3.46879,50.85355],[3.46442,50.86143],[3.46239,50.86082],[3.45317,50.86612],[3.43794,50.86094],[3.43568,50.86174],[3.42737,50.85737],[3.42629,50.85472],[3.42845,50.84826],[3.44299,50.82747],[3.46353,50.83072],[3.47852,50.82351],[3.5007,50.82426]]]},"properties":{"postcode":"8570","nl":"Anzegem","fr":"Anzegem"}},
{"type":"Feature","geometry":{"type":"Polygon","coordinates":[[[5.88025,50.21704],[5.88723,50.19758],[5.90181,50.1946],[5.90889,50.18894],[5.92894,50.19083],[5.93625,50.20124],[5.95179,50.20259],[5.96858,50.2086],[5.9686,50.22239],[5.98309,50.22474],[5.98317,50.23449],[5.96688,50.24154],[5.97997,50.24784],[5.96911,50.26107],[5.97869,50.27034],[5.95009,50.26276],[5.92776,50.25331],[5.91382,50.25394],[5.91051,50.24563],[5.88163,50.23796],[5.86875,50.23651],[5.88025,50.21704]]]},"properties":{"postcode":"6671","nl":"Gouvy","fr":"Gouvy"}},
{"type":"Feature","geometry":{"type":"Polygon","coordinates":[[[5.58989,49.63595],[5.59349,49.62721],[5.60973,49.62362],[5.62518,49.62596],[5.61978,49.62655],[5.59959,49.64355],[5.60389,49.65031],[5.59141,49.65796],[5.5771,49.6519],[5.58989,49.63595]]]},"properties":{"postcode":"6743","nl":"Étalle","fr":"Étalle"}},
{"type":"Feature","geometry":{"type":"Polygon","coordinates":[[[4.44969,50.87968],[4.47034,50.86871],[4.50018,50.86912],[4.49606,50.89348],[4.49251,50.89687],[4.49066,50.9019],[4.46972,50.89874],[4.46696,50.89793],[4.44969,50.87968]]]},"properties":{"postcode":"1930","nl":"Zaventem","fr":"Zaventem"}},
{"type":"Feature","geometry":{"type":"Polygon","coordinates":[[[4.75673,50.98867],[4.766,50.99066],[4.77315,50.9933],[4.77435,50.99692],[4.77071,51.00128],[4.76939,51.00832],[4.7645,51.00983],[4.75756,51.014],[4.76161,51.01595],[4.75806,51.02047],[4.75312,51.02411],[4.73798,51.02677],[4.73065,51.0199],[4.73193,50.98807],[4.7448,50.9879],[4.75673,50.98867]]]},"properties":{"postcode":"3128","nl":"Tremelo","fr":"Tremelo"}},
{"type":"Feature","geometry":{"type":"Polygon","coordinates":[[[4.68838,50.89452],[4.69478,50.88953],[4.70997,50.88697],[4.7112,50.90268],[4.71591,50.90954],[4.71567,50.91429],[4.74491,50.92539],[4.74348,50.93608],[4.73125,50.939],[4.72201,50.93241],[4.70457,50.94362],[4.68947,50.94407],[4.67641,50.93945],[4.67118,50.93596],[4.68522,50.92665],[4.69379,50.91882],[4.69522,50.91077],[4.69159,50.90371],[4.69314,50.89935],[4.68867,50.89689],[4.68838,50.89452]]]},"properties":{"postcode":"3012","nl":"Leuven","fr":"Louvain"}},
{"type":"Feature","geometry":{"type":"Polygon","coordinates":[[[4.64574,50.81705],[4.64001,50.81132],[4.63426,50.80916],[4.63216,50.80516],[4.63238,50.79834],[4.63606,50.80065],[4.6494,50.79775],[4.66323,50.79316],[4.66929,50.79746],[4.65801,50.80692],[4.66549,50.8121],[4.65529,50.81294],[4.64574,50.81705]]]},"properties":{"postcode":"3051","nl":"Oud-Heverlee","fr":"Oud-Heverlee"}},
{"type":"Feature","geometry":{"type":"Polygon","coordinates":[[[4.16653,50.74556],[4.16094,50.75186],[4.15064,50.75355],[4.14349,50.75045],[4.15027,50.74621],[4.14981,50.73501],[4.14861,50.72823],[4.15285,50.72476],[4.15635,50.72907],[4.16484,50.72341],[4.17209,50.72162],[4.17682,50.72281],[4.1692,50.73174],[4.16653,50.74556]]]},"properties":{"postcode":"1674","nl":"Pepingen","fr":"Pepingen"}},
{"type":"Feature","geometry":{"type":"Polygon","coordinates":[[[4.91023,50.86422],[4.91798,50.86005],[4.91644,50.85501],[4.92145,50.85459],[4.93206,50.85787],[4.93772,50.86163],[4.92792,50.86601],[4.9321,50.87506],[4.92656,50.88397],[4.91109,50.88027],[4.90559,50.86931],[4.91023,50.86422]]]},"properties":{"postcode":"3384","nl":"Glabbeek","fr":"Glabbeek"}},
{"type":"Feature","geometry":{"type":"Polygon","coordinates":[[[4.81363,50.85785],[4.81147,50.85991],[4.81068,50.86979],[4.80487,50.87332],[4.80502,50.88615],[4.79244,50.88975],[4.76963,50.88964],[4.77043,50.88511],[4.76004,50.87296],[4.7695,50.87485],[4.78646,50.86443],[4.79153,50.85777],[4.79901,50.85795],[4.80319,50.85926],[4.81363,50.85785]]]},"properties":{"postcode":"3212","nl":"Lubbeek","fr":"Lubbeek"}},
{"type":"Feature","geometry":{"type":"Polygon","coordinates":[[[3.96775,50.87408],[3.97381,50.8795],[3.99157,50.8805],[4.00587,50.88903],[3.98876,50.89482],[3.97395,50.88678],[3.96241,50.88774],[3.96775,50.87408]]]},"properties":{"postcode":"9451","nl":"Haaltert","fr":"Haaltert"}},
{"type":"Feature","geometry":{"type":"Polygon","coordinates":[[[3.89533,50.89803],[3.90565,50.8877],[3.90832,50.87889],[3.92511,50.8852],[3.92167,50.89113],[3.92566,50.89929],[3.92051,50.89904],[3.91217,50.90456],[3.91021,50.90697],[3.90032,50.90315],[3.89606,50.90282],[3.89533,50.89803]]]},"properties":{"postcode":"9551","nl":"Herzele","fr":"Herzele"}},
{"type":"Feature","geometry":{"type":"Polygon","coordinates":[[[6.02031,50.69157],[6.03056,50.70219],[6.0375,50.70357],[6.05364,50.70576],[6.06144,50.71203],[6.05574,50.71629],[6.06078,50.72371],[6.04446,50.72843],[6.04153,50.7188],[6.02904,50.72244],[6.02001,50.71302],[6.00274,50.70798],[6.00469,50.70408],[5.9951,50.69426],[6.02031,50.69157]]]},"properties":{"postcode":"4728","nl":"Kelmis","fr":"La Calamine"}},
{"type":"Feature","geometry":{"type":"Polygon","coordinates":[[[5.79913,50.64682],[5.78664,50.64525],[5.78302,50.63833],[5.79622,50.63162],[5.80545,50.63866],[5.79913,50.64682]]]},"properties":{"postcode":"4651","nl":"Herve","fr":"Herve"}},
{"type":"Feature","geometry":{"type":"Polygon","coordinates":[[[6.01355,50.30995],[6.0293,50.31193],[6.03668,50.31601],[6.06917,50.32482],[6.0924,50.31636],[6.08068,50.33609],[6.08005,50.34115],[6.06972,50.35066],[6.0583,50.35261],[6.03511,50.35284],[6.02193,50.35064],[6.02091,50.34338],[6.00432,50.34117],[5.99573,50.3355],[5.9979,50.32972],[5.98017,50.32983],[5.98044,50.32442],[5.98337,50.32038],[6.00621,50.31514],[6.01355,50.30995]]]},"properties":{"postcode":"4780","nl":"Sankt Vith","fr":"Saint-Vith"}},
{"type":"Feature","geometry":{"type":"Polygon","coordinates":[[[5.70028,50.59546],[5.71169,50.57802],[5.69896,50.57054],[5.70365,50.56569],[5.71698,50.56857],[5.73522,50.56446],[5.73384,50.57389],[5.7392,50.57919],[5.75095,50.5725],[5.76667,50.57762],[5.77195,50.58272],[5.76776,50.59501],[5.76377,50.60225],[5.7443,50.59951],[5.73894,50.60178],[5.72689,50.60243],[5.70969,50.61038],[5.69638,50.6006],[5.70028,50.59546]]]},"properties":{"postcode":"4870","nl":"Olne","fr":"Olne"}},
{"type":"Feature","geometry":{"type":"MultiPolygon","coordinates":[[[[5.76776,50.59501],[5.79011,50.60313],[5.79364,50.61288],[5.77425,50.60691],[5.76854,50.60964],[5.76377,50.60225],[5.76776,50.59501]]],[[[5.76827,50.6127],[5.77547,50.61372],[5.76259,50.63165],[5.76184,50.63141],[5.75758,50.62271],[5.76827,50.6127]]]]},"properties":{"postcode":"4652","nl":"Herve","fr":"Herve"}},
{"type":"Feature","geometry":{"type":"Polygon","coordinates":[[[5.64941,50.7186],[5.65621,50.72667],[5.64358,50.74114],[5.62819,50.7408],[5.60638,50.73148],[5.59904,50.72616],[5.59831,50.72342],[5.60964,50.72599],[5.62012,50.72162],[5.64941,50.7186]]]},"properties":{"postcode":"4682","nl":"Oupeye","fr":"Oupeye"}},
{"type":"Feature","geometry":{"type":"Polygon","coordinates":[[[5.60608,50.57544],[5.63462,50.57228],[5.64779,50.57243],[5.65854,50.58189],[5.67113,50.58563],[5.68023,50.59277],[5.66582,50.59365],[5.65434,50.59958],[5.63512,50.59517],[5.62448,50.58839],[5.61979,50.58185],[5.60539,50.57808],[5.60608,50.57544]]]},"properties":{"postcode":"4050","nl":"Chaudfontaine","fr":"Chaudfontaine"}},
{"type":"Feature","geometry":{"type":"Polygon","coordinates":[[[5.09259,50.52903],[5.09458,50.53253],[5.09925,50.53422],[5.11367,50.54235],[5.10808,50.56197],[5.11174,50.56298],[5.11001,50.56797],[5.11181,50.57247],[5.10271,50.57745],[5.09718,50.57919],[5.09012,50.57401],[5.09081,50.56866],[5.08662,50.56496],[5.08544,50.55868],[5.05163,50.53412],[5.06824,50.5302],[5.09259,50.52903]]]},"properties":{"postcode":"4217","nl":"Héron","fr":"Héron"}},
{"type":"Feature","geometry":{"type":"Polygon","coordinates":[[[6.19721,50.39822],[6.19082,50.3928],[6.18729,50.38673],[6.183,50.37281],[6.18502,50.3654],[6.1734,50.35433],[6.18614,50.34949],[6.18233,50.33991],[6.20449,50.34227],[6.21446,50.33585],[6.24451,50.33781],[6.24946,50.34341],[6.26809,50.34081],[6.27692,50.35519],[6.2569,50.37974],[6.23055,50.38915],[6.22346,50.38805],[6.21546,50.39254],[6.21617,50.39652],[6.20807,50.39574],[6.19721,50.39822]]]},"properties":{"postcode":"4771","nl":"Amel","fr":"Amblève"}},
{"type":"Feature","geometry":{"type":"Polygon","coordinates":[[[3.83741,50.72498],[3.82543,50.72757],[3.82375,50.73811],[3.83834,50.74143],[3.81884,50.74468],[3.81611,50.74996],[3.79636,50.74957],[3.7861,50.74787],[3.7826,50.74902],[3.77567,50.74789],[3.77374,50.7451],[3.77658,50.74279],[3.77627,50.73812],[3.7835,50.73576],[3.79491,50.72533],[3.79632,50.71989],[3.80738,50.72162],[3.82138,50.71929],[3.83741,50.72498]]]},"properties":{"postcode":"7863","nl":"Lessen","fr":"Lessines"}},
{"type":"Feature","geometry":{"type":"Polygon","coordinates":[[[3.56933,50.5009],[3.58098,50.49125],[3.60056,50.4941],[3.60215,50.50389],[3.61961,50.5046],[3.62365,50.51173],[3.61666,50.52066],[3.62142,50.53181],[3.61729,50.53535],[3.61539,50.53535],[3.59606,50.527],[3.58668,50.52579],[3.58527,50.51905],[3.56781,50.52196],[3.55529,50.51601],[3.55059,50.51581],[3.55589,50.50913],[3.56819,50.50858],[3.56933,50.5009]]]},"properties":{"postcode":"7600","nl":"Péruwelz","fr":"Péruwelz"}},
{"type":"Feature","geometry":{"type":"Polygon","coordinates":[[[3.88023,50.62218],[3.87607,50.61412],[3.8862,50.59817],[3.9052,50.59441],[3.91057,50.60243],[3.90878,50.60868],[3.89777,50.62191],[3.89496,50.62287],[3.88023,50.62218]]]},"properties":{"postcode":"7943","nl":"Brugelette","fr":"Brugelette"}},
{"type":"Feature","geometry":{"type":"Polygon","coordinates":[[[3.70525,50.37794],[3.71563,50.36989],[3.71905,50.37138],[3.73001,50.37334],[3.73731,50.37272],[3.74399,50.37786],[3.74046,50.37947],[3.7251,50.39763],[3.70521,50.38853],[3.71001,50.38642],[3.7067,50.38317],[3.70525,50.37794]]]},"properties":{"postcode":"7382","nl":"Quiévrain","fr":"Quiévrain"}},
{"type":"Feature","geometry":{"type":"Polygon","coordinates":[[[3.34885,50.52992],[3.36439,50.56345],[3.33716,50.56418],[3.33326,50.56321],[3.33006,50.5535],[3.32222,50.54639],[3.32195,50.53799],[3.3173,50.53366],[3.32453,50.52678],[3.34232,50.5212],[3.34885,50.52992]]]},"properties":{"postcode":"7618","nl":"Rumes","fr":"Rumes"}},
{"type":"Feature","geometry":{"type":"Polygon","coordinates":[[[3.9858,50.41213],[4.0118,50.42202],[4.01078,50.43271],[3.99091,50.43669],[3.98026,50.43213],[3.97262,50.43139],[3.97037,50.41767],[3.9858,50.41213]]]},"properties":{"postcode":"7032","nl":"Bergen","fr":"Mons"}},
{"type":"Feature","geometry":{"type":"Polygon","coordinates":[[[3.27287,50.71809],[3.28068,50.71654],[3.28545,50.71728],[3.29094,50.721],[3.3003,50.71531],[3.30459,50.71889],[3.31103,50.71849],[3.31601,50.72127],[3.32375,50.72217],[3.32906,50.73083],[3.32278,50.73578],[3.32339,50.73876],[3.30558,50.75469],[3.28872,50.75172],[3.27058,50.75064],[3.27,50.74532],[3.25703,50.72603],[3.27422,50.72241],[3.27287,50.71809]]]},"properties":{"postcode":"7711","nl":"Moeskroen","fr":"Mouscron"}},
{"type":"Feature","geometry":{"type":"Polygon","coordinates":[[[4.33995,50.84023],[4.34286,50.83309],[4.35832,50.83063],[4.36722,50.82299],[4.36812,50.81487],[4.36975,50.80945],[4.37538,50.79973],[4.40081,50.79636],[4.3969,50.80175],[4.39046,50.80216],[4.38259,50.81585],[4.35609,50.83577],[4.36868,50.84002],[4.37961,50.83683],[4.38026,50.84001],[4.39333,50.83794],[4.39603,50.84341],[4.38405,50.85142],[4.37322,50.84729],[4.35719,50.86031],[4.36109,50.8688],[4.38839,50.88106],[4.402,50.88593],[4.41068,50.87697],[4.42572,50.87213],[4.43706,50.87878],[4.42704,50.89089],[4.43279,50.89473],[4.42433,50.90197],[4.41572,50.90612],[4.40347,50.9139],[4.38776,50.90994],[4.37822,50.89728],[4.36046,50.90118],[4.33092,50.90092],[4.3246,50.89859],[4.32354,50.89412],[4.32987,50.88535],[4.33704,50.88697],[4.33929,50.88175],[4.34052,50.87136],[4.34359,50.86905],[4.34174,50.86496],[4.34665,50.85903],[4.33564,50.84815],[4.33788,50.84645],[4.33995,50.84023]]]},"properties":{"postcode":"1099","nl":"Brussel","fr":"Bruxelles"}},
{"type":"Feature","geometry":{"type":"Polygon","coordinates":[[[4.38839,50.88106],[4.40004,50.86389],[4.41178,50.85204],[4.42663,50.86287],[4.42572,50.87213],[4.41068,50.87697],[4.402,50.88593],[4.38839,50.88106]]]},"properties":{"postcode":"1140","nl":"Evere","fr":"Evere"}},
{"type":"Feature","geometry":{"type":"Polygon","coordinates":[[[4.37842,51.18436],[4.38642,51.1795],[4.39473,51.18397],[4.4055,51.17691],[4.41839,51.17546],[4.42228,51.18037],[4.41037,51.19739],[4.42556,51.2013],[4.43665,51.20744],[4.44433,51.20548],[4.42714,51.21018],[4.42651,51.2157],[4.43826,51.22024],[4.44268,51.22735],[4.44273,51.23004],[4.42534,51.24075],[4.42861,51.26405],[4.41333,51.26565],[4.4012,51.27638],[4.38591,51.27654],[4.38748,51.28594],[4.40901,51.28794],[4.40583,51.29272],[4.39798,51.29723],[4.35992,51.31055],[4.35544,51.31367],[4.31529,51.30245],[4.30953,51.29212],[4.31735,51.28826],[4.31702,51.27756],[4.30079,51.26237],[4.30652,51.25492],[4.33087,51.25011],[4.35203,51.24012],[4.34033,51.23119],[4.34476,51.21583],[4.3573,51.20193],[4.33958,51.19626],[4.35257,51.1957],[4.35731,51.18879],[4.37013,51.18989],[4.37842,51.18436]]]},"properties":{"postcode":"2099","nl":"Antwerpen","fr":"Anvers"}},
{"type":"Feature","geometry":{"type":"Polygon","coordinates":[[[4.42358,51.0369],[4.4161,51.03985],[4.38299,51.03726],[4.37887,51.04057],[4.37371,51.03575],[4.37946,51.03313],[4.38118,51.02937],[4.3799,51.02646],[4.37325,51.02245],[4.37129,51.01221],[4.381,51.01243],[4.39006,51.01093],[4.39713,51.01224],[4.40369,51.01685],[4.42766,51.02169],[4.43576,51.02856],[4.42358,51.0369]]]},"properties":{"postcode":"2811","nl":"Mechelen","fr":"Malines"}},
{"type":"Feature","geometry":{"type":"Polygon","coordinates":[[[5.02884,50.04997],[5.04147,50.05312],[5.05386,50.0678],[5.06093,50.08026],[5.0541,50.08173],[5.05508,50.09964],[5.06496,50.12093],[5.05581,50.12218],[5.04332,50.10832],[5.03404,50.10908],[5.03624,50.09319],[5.02786,50.09153],[5.01716,50.07509],[5.02299,50.06746],[5.02005,50.05081],[5.02884,50.04997]]]},"properties":{"postcode":"5570","nl":"Beauraing","fr":"Beauraing"}},
{"type":"Feature","geometry":{"type":"Polygon","coordinates":[[[4.61837,50.27692],[4.64168,50.27679],[4.6404,50.26777],[4.66769,50.2628],[4.69189,50.27744],[4.68807,50.28571],[4.67791,50.29521],[4.66932,50.28909],[4.64337,50.28858],[4.6398,50.29195],[4.62553,50.28459],[4.61837,50.27692]]]},"properties":{"postcode":"5646","nl":"Mettet","fr":"Mettet"}},
{"type":"Feature","geometry":{"type":"Polygon","coordinates":[[[5.21177,50.43572],[5.22815,50.4335],[5.22483,50.44238],[5.21454,50.45518],[5.20978,50.45983],[5.20388,50.47372],[5.19687,50.47902],[5.18995,50.47602],[5.19402,50.46465],[5.19358,50.45639],[5.19638,50.44798],[5.21177,50.43572]]]},"properties":{"postcode":"5353","nl":"Ohey","fr":"Ohey"}},
{"type":"Feature","geometry":{"type":"Polygon","coordinates":[[[4.76403,50.55381],[4.76231,50.5592],[4.7757,50.56209],[4.78904,50.57158],[4.78719,50.57601],[4.78817,50.58039],[4.79347,50.58299],[4.80115,50.58318],[4.80707,50.58515],[4.79716,50.59475],[4.7883,50.60211],[4.78776,50.59842],[4.79701,50.59201],[4.79164,50.58966],[4.78718,50.59631],[4.78282,50.60054],[4.77595,50.59935],[4.77191,50.60061],[4.76132,50.59772],[4.75062,50.59105],[4.74547,50.58465],[4.73421,50.58154],[4.73928,50.57082],[4.75504,50.56117],[4.76403,50.55381]]]},"properties":{"postcode":"5031","nl":"Gembloux","fr":"Gembloux"}},
{"type":"Feature","geometry":{"type":"Polygon","coordinates":[[[4.98323,50.23286],[4.99442,50.22528],[5.0032,50.24719],[4.97856,50.2504],[4.96792,50.24861],[4.97322,50.2365],[4.98323,50.23286]]]},"properties":{"postcode":"5504","nl":"Dinant","fr":"Dinant"}},
{"type":"Feature","geometry":{"type":"Polygon","coordinates":[[[5.26797,51.14108],[5.34433,51.13905],[5.35919,51.13956],[5.37847,51.13331],[5.39602,51.13275],[5.39608,51.13515],[5.40134,51.14008],[5.4095,51.14279],[5.41725,51.14726],[5.41767,51.15163],[5.43057,51.1584],[5.437,51.16412],[5.43621,51.17028],[5.42026,51.17299],[5.4099,51.16426],[5.39633,51.16485],[5.38634,51.16991],[5.38338,51.17678],[5.35883,51.18188],[5.33231,51.176],[5.32014,51.18123],[5.29412,51.16131],[5.28891,51.15792],[5.28086,51.15957],[5.26134,51.15844],[5.26098,51.14697],[5.26797,51.14108]]]},"properties":{"postcode":"3941","nl":"Hechtel-Eksel","fr":"Hechtel-Eksel"}},
{"type":"Feature","geometry":{"type":"Polygon","coordinates":[[[3.06945,51.2894],[3.0887,51.29047],[3.10518,51.29085],[3.10791,51.2995],[3.11422,51.30168],[3.11518,51.30627],[3.10771,51.31503],[3.08134,51.30648],[3.0605,51.297],[3.06945,51.2894]]]},"properties":{"postcode":"8420","nl":"De Haan","fr":"De Haan"}},
{"type":"Feature","geometry":{"type":"Polygon","coordinates":[[[3.06089,51.23242],[3.06634,51.23413],[3.07818,51.23595],[3.08143,51.23754],[3.07951,51.24505],[3.0888,51.25139],[3.08484,51.25602],[3.08852,51.26505],[3.08658,51.27018],[3.07687,51.28663],[3.07437,51.28328],[3.06969,51.28381],[3.06945,51.2894],[3.0605,51.297],[3.03418,51.28505],[3.0374,51.26629],[3.04681,51.25627],[3.04734,51.24168],[3.05367,51.23604],[3.06089,51.23242]]]},"properties":{"postcode":"8421","nl":"De Haan","fr":"De Haan"}},
{"type":"Feature","geometry":{"type":"Polygon","coordinates":[[[3.32679,51.10108],[3.32969,51.09763],[3.3495,51.08153],[3.33512,51.06899],[3.34498,51.05826],[3.3426,51.05301],[3.35086,51.04393],[3.35012,51.0351],[3.35922,51.03497],[3.36672,51.03122],[3.38004,51.02415],[3.39094,51.02517],[3.40547,51.0319],[3.41251,51.02885],[3.42313,51.03234],[3.42683,51.04043],[3.43669,51.03886],[3.44602,51.04731],[3.43102,51.05498],[3.42001,51.05529],[3.41966,51.06252],[3.39078,51.07021],[3.37276,51.08451],[3.3595,51.08696],[3.33136,51.09888],[3.32679,51.10108]]]},"properties":{"postcode":"8755","nl":"Wingene","fr":"Wingene"}},
{"type":"Feature","geometry":{"type":"Polygon","coordinates":[[[5.3848,49.66035],[5.38806,49.67085],[5.39515,49.67874],[5.39098,49.68692],[5.40094,49.69428],[5.39447,49.70311],[5.40015,49.71021],[5.39178,49.71694],[5.39012,49.71847],[5.36526,49.71847],[5.3674,49.70791],[5.36053,49.69822],[5.34759,49.68391],[5.3417,49.68174],[5.33332,49.6676],[5.34175,49.65704],[5.35243,49.65713],[5.3729,49.6622],[5.3848,49.66035]]]},"properties":{"postcode":"6810","nl":"Chiny","fr":"Chiny"}},
{"type":"Feature","geometry":{"type":"Polygon","coordinates":[[[5.28923,49.70013],[5.32034,49.70359],[5.32783,49.70986],[5.34264,49.71023],[5.31408,49.72678],[5.32046,49.73311],[5.31913,49.74249],[5.30901,49.74346],[5.32704,49.77534],[5.32569,49.7812],[5.31853,49.77912],[5.30759,49.77781],[5.29718,49.7805],[5.27481,49.75955],[5.26821,49.7599],[5.26437,49.75109],[5.2515,49.74909],[5.26012,49.74451],[5.26131,49.73112],[5.28497,49.73308],[5.30817,49.7264],[5.29268,49.71133],[5.28923,49.70013]]]},"properties":{"postcode":"6821","nl":"Florenville","fr":"Florenville"}},
{"type":"Feature","geometry":{"type":"Polygon","coordinates":[[[5.13113,49.80678],[5.1328,49.82058],[5.12194,49.82785],[5.10647,49.83592],[5.09106,49.84041],[5.09257,49.82692],[5.08592,49.81382],[5.09556,49.80379],[5.10057,49.78765],[5.11144,49.78717],[5.10966,49.79929],[5.12428,49.80145],[5.13113,49.80678]]]},"properties":{"postcode":"6831","nl":"Bouillon","fr":"Bouillon"}},
{"type":"Feature","geometry":{"type":"Polygon","coordinates":[[[4.42433,50.90197],[4.43279,50.89473],[4.42704,50.89089],[4.43706,50.87878],[4.44969,50.87968],[4.46696,50.89793],[4.4417,50.90535],[4.43569,50.90072],[4.42433,50.90197]]]},"properties":{"postcode":"1831","nl":"Machelen","fr":"Machelen"}},
{"type":"Feature","geometry":{"type":"Polygon","coordinates":[[[4.10152,50.8447],[4.12347,50.84726],[4.14064,50.84165],[4.14846,50.84322],[4.14336,50.85863],[4.12635,50.85689],[4.11749,50.85364],[4.11463,50.85593],[4.1088,50.85603],[4.1043,50.85061],[4.09812,50.85064],[4.10152,50.8447]]]},"properties":{"postcode":"1761","nl":"Roosdaal","fr":"Roosdaal"}},
{"type":"Feature","geometry":{"type":"Polygon","coordinates":[[[4.17394,50.76857],[4.18921,50.77637],[4.18045,50.78751],[4.17349,50.78891],[4.15711,50.78177],[4.17394,50.76857]]]},"properties":{"postcode":"1671","nl":"Pepingen","fr":"Pepingen"}},
{"type":"Feature","geometry":{"type":"Polygon","coordinates":[[[4.19866,50.8584],[4.20671,50.86903],[4.20419,50.88101],[4.18785,50.88538],[4.17407,50.88837],[4.15854,50.88497],[4.14915,50.88866],[4.14224,50.88402],[4.14903,50.88354],[4.16407,50.87757],[4.15739,50.8632],[4.16825,50.86225],[4.19544,50.85543],[4.19866,50.8584]]]},"properties":{"postcode":"1740","nl":"Ternat","fr":"Ternat"}},
{"type":"Feature","geometry":{"type":"Polygon","coordinates":[[[5.02183,50.96423],[5.03508,50.96991],[5.0451,50.9782],[5.03258,50.99052],[5.01882,50.99015],[5.01191,50.98395],[5.02183,50.96423]]]},"properties":{"postcode":"3293","nl":"Diest","fr":"Diest"}},
{"type":"Feature","geometry":{"type":"Polygon","coordinates":[[[4.30001,50.75606],[4.28497,50.76761],[4.30172,50.77337],[4.27778,50.77983],[4.2567,50.76782],[4.26534,50.76182],[4.28395,50.74931],[4.30033,50.75493],[4.30001,50.75606]]]},"properties":{"postcode":"1651","nl":"Beersel","fr":"Beersel"}},
{"type":"Feature","geometry":{"type":"Polygon","coordinates":[[[3.70374,51.0239],[3.71424,51.01457],[3.73797,51.01162],[3.74531,51.02685],[3.74468,51.02821],[3.73342,51.03706],[3.74721,51.04666],[3.73868,51.05736],[3.74735,51.06805],[3.74601,51.07569],[3.75581,51.08598],[3.75591,51.09287],[3.74295,51.1102],[3.7347,51.10168],[3.72626,51.08671],[3.7278,51.0683],[3.70903,51.06563],[3.70173,51.07461],[3.691,51.06872],[3.67256,51.05325],[3.68496,51.03499],[3.70109,51.02977],[3.70374,51.0239]]]},"properties":{"postcode":"9000","nl":"Gent","fr":"Gand"}},
{"type":"Feature","geometry":{"type":"Polygon","coordinates":[[[3.68443,50.99736],[3.67399,50.99283],[3.66189,50.98202],[3.67389,50.96521],[3.67853,50.95481],[3.69876,50.96881],[3.71105,50.97951],[3.7111,50.97954],[3.69388,50.99523],[3.68443,50.99736]]]},"properties":{"postcode":"9840","nl":"Nazareth-De Pinte","fr":"Nazareth-De Pinte"}},
{"type":"Feature","geometry":{"type":"Polygon","coordinates":[[[3.76289,51.01852],[3.76705,51.02518],[3.77861,51.02964],[3.7889,51.03089],[3.79224,51.03726],[3.79301,51.04266],[3.79047,51.04582],[3.7863,51.04792],[3.7786,51.04964],[3.76695,51.04979],[3.74721,51.04666],[3.75796,51.03731],[3.75374,51.03049],[3.74468,51.02821],[3.74531,51.02685],[3.76289,51.01852]]]},"properties":{"postcode":"9050","nl":"Gent","fr":"Gand"}},
{"type":"Feature","geometry":{"type":"Polygon","coordinates":[[[5.97557,50.73019],[5.98659,50.73517],[5.99328,50.73229],[6.01253,50.73787],[6.02061,50.75333],[5.99927,50.75303],[5.97414,50.75521],[5.9692,50.7606],[5.95797,50.76211],[5.93897,50.75794],[5.94694,50.74738],[5.95907,50.74476],[5.96689,50.7387],[5.97557,50.73019]]]},"properties":{"postcode":"4851","nl":"Plombières","fr":"Plombières"}},
{"type":"Feature","geometry":{"type":"Polygon","coordinates":[[[6.25196,50.2923],[6.23538,50.2814],[6.215,50.27833],[6.20535,50.26804],[6.20904,50.25344],[6.25905,50.26779],[6.27645,50.26655],[6.29222,50.2788],[6.28515,50.28596],[6.29852,50.30425],[6.30795,50.31075],[6.28536,50.30932],[6.2775,50.30572],[6.26116,50.30676],[6.25713,50.29442],[6.25196,50.2923]]]},"properties":{"postcode":"4782","nl":"Sankt Vith","fr":"Saint-Vith"}},
{"type":"Feature","geometry":{"type":"Polygon","coordinates":[[[5.48769,50.66041],[5.49114,50.65917],[5.49955,50.65929],[5.50659,50.65556],[5.50645,50.66558],[5.4973,50.67774],[5.49123,50.67718],[5.48599,50.66676],[5.48769,50.66041]]]},"properties":{"postcode":"4431","nl":"Ans","fr":"Ans"}},
{"type":"Feature","geometry":{"type":"Polygon","coordinates":[[[5.76642,50.64286],[5.774,50.64227],[5.77986,50.66177],[5.75249,50.67233],[5.74045,50.67594],[5.73158,50.66836],[5.73237,50.66262],[5.73253,50.66248],[5.74657,50.66244],[5.75541,50.64868],[5.76642,50.64286]]]},"properties":{"postcode":"4653","nl":"Herve","fr":"Herve"}},
{"type":"Feature","geometry":{"type":"Polygon","coordinates":[[[5.76259,50.63165],[5.76642,50.64286],[5.75541,50.64868],[5.74657,50.66244],[5.73253,50.66248],[5.74244,50.65399],[5.72042,50.63846],[5.72118,50.63575],[5.72376,50.63335],[5.73882,50.63503],[5.76184,50.63141],[5.76259,50.63165]]]},"properties":{"postcode":"4633","nl":"Soumagne","fr":"Soumagne"}},
{"type":"Feature","geometry":{"type":"Polygon","coordinates":[[[3.78057,50.49065],[3.79206,50.49716],[3.80356,50.49201],[3.81703,50.50261],[3.81844,50.50936],[3.82345,50.51687],[3.81428,50.52474],[3.80811,50.52035],[3.78513,50.51858],[3.75529,50.53117],[3.74361,50.51951],[3.74547,50.50234],[3.74987,50.49923],[3.78057,50.49065]]]},"properties":{"postcode":"7332","nl":"Saint-Ghislain","fr":"Saint-Ghislain"}},
{"type":"Feature","geometry":{"type":"Polygon","coordinates":[[[4.40602,50.5151],[4.3879,50.52486],[4.36916,50.51113],[4.38739,50.50547],[4.39712,50.49631],[4.40697,50.50071],[4.40806,50.50942],[4.40602,50.5151]]]},"properties":{"postcode":"6230","nl":"Pont-à-Celles","fr":"Pont-à-Celles"}},
{"type":"Feature","geometry":{"type":"Polygon","coordinates":[[[3.52674,50.60069],[3.53905,50.61115],[3.53703,50.62623],[3.54973,50.63],[3.56533,50.63791],[3.54404,50.64787],[3.53902,50.64133],[3.52686,50.63486],[3.51415,50.63278],[3.50214,50.63593],[3.49027,50.63721],[3.48578,50.63242],[3.49607,50.61655],[3.49738,50.60811],[3.5084,50.60699],[3.52674,50.60069]]]},"properties":{"postcode":"7532","nl":"Doornik","fr":"Tournai"}},
{"type":"Feature","geometry":{"type":"Polygon","coordinates":[[[4.37961,50.83683],[4.37998,50.83008],[4.38956,50.82247],[4.39605,50.82574],[4.39934,50.82486],[4.40436,50.82704],[4.41219,50.83046],[4.4051,50.83762],[4.40756,50.83887],[4.40253,50.84031],[4.40005,50.84365],[4.39603,50.84341],[4.39333,50.83794],[4.38026,50.84001],[4.37961,50.83683]]]},"properties":{"postcode":"1040","nl":"Etterbeek","fr":"Etterbeek"}},
{"type":"Feature","geometry":{"type":"Polygon","coordinates":[[[4.33995,50.84023],[4.33605,50.83894],[4.32927,50.8314],[4.3259,50.83055],[4.33471,50.82798],[4.34454,50.82112],[4.3536,50.82058],[4.35832,50.83063],[4.34286,50.83309],[4.33995,50.84023]]]},"properties":{"postcode":"1060","nl":"Sint-Gillis","fr":"Saint-Gilles"}},
{"type":"Feature","geometry":{"type":"Polygon","coordinates":[[[4.25365,50.61592],[4.26926,50.61358],[4.27055,50.61794],[4.29429,50.6259],[4.30287,50.63066],[4.2791,50.66015],[4.27023,50.66215],[4.25774,50.65883],[4.24387,50.66298],[4.23836,50.67097],[4.23761,50.67768],[4.22266,50.67905],[4.22193,50.67802],[4.22324,50.6738],[4.23319,50.67256],[4.23621,50.66359],[4.23115,50.65812],[4.23169,50.65143],[4.23488,50.64922],[4.23281,50.63802],[4.22528,50.62636],[4.23991,50.62243],[4.25365,50.61592]]]},"properties":{"postcode":"1460","nl":"Itter","fr":"Ittre"}},
{"type":"Feature","geometry":{"type":"Polygon","coordinates":[[[4.78063,51.45351],[4.78232,51.45277],[4.78404,51.45183],[4.79024,51.44833],[4.80444,51.44981],[4.81334,51.44433],[4.82592,51.43604],[4.82469,51.44206],[4.83611,51.46124],[4.84032,51.47853],[4.82114,51.48307],[4.81665,51.49404],[4.79862,51.4997],[4.78612,51.49881],[4.77386,51.50511],[4.76265,51.49333],[4.77055,51.48624],[4.76387,51.47254],[4.77998,51.45444],[4.78063,51.45351]]]},"properties":{"postcode":"2328","nl":"Hoogstraten","fr":"Hoogstraten"}},
{"type":"Feature","geometry":{"type":"Polygon","coordinates":[[[4.69684,51.2403],[4.69542,51.24268],[4.68234,51.24168],[4.67616,51.24314],[4.66997,51.24267],[4.65447,51.2341],[4.65202,51.22932],[4.64678,51.22375],[4.6427,51.21733],[4.63307,51.2136],[4.63521,51.21188],[4.63455,51.20663],[4.63863,51.2045],[4.65984,51.20322],[4.66879,51.19174],[4.67886,51.20301],[4.67727,51.21663],[4.68128,51.22629],[4.69415,51.23184],[4.69374,51.23488],[4.69684,51.2403]]]},"properties":{"postcode":"2240","nl":"Zandhoven","fr":"Zandhoven"}},
{"type":"Feature","geometry":{"type":"Polygon","coordinates":[[[4.75312,51.02411],[4.75965,51.02462],[4.77509,51.03522],[4.78924,51.03895],[4.79587,51.05584],[4.7931,51.0617],[4.78116,51.06122],[4.77598,51.06327],[4.77444,51.0681],[4.7673,51.06982],[4.76163,51.07085],[4.75496,51.06544],[4.75782,51.06047],[4.75319,51.0445],[4.73355,51.02882],[4.73798,51.02677],[4.75312,51.02411]]]},"properties":{"postcode":"2221","nl":"Heist-op-den-Berg","fr":"Heist-op-den-Berg"}},
{"type":"Feature","geometry":{"type":"Polygon","coordinates":[[[5.02884,50.04997],[5.02005,50.05081],[5.01269,50.05348],[5.01355,50.07027],[4.99404,50.0672],[4.98679,50.06154],[4.98868,50.05673],[4.98523,50.03879],[4.97838,50.03072],[4.98818,50.02721],[4.99421,50.03257],[4.99517,50.04343],[5.00099,50.04443],[5.00662,50.0397],[5.01098,50.03798],[5.02394,50.04342],[5.02884,50.04997]]]},"properties":{"postcode":"5576","nl":"Beauraing","fr":"Beauraing"}},
{"type":"Feature","geometry":{"type":"Polygon","coordinates":[[[4.82346,50.17948],[4.81557,50.1768],[4.79567,50.17637],[4.77751,50.16847],[4.76641,50.16591],[4.75693,50.1681],[4.75236,50.1618],[4.76495,50.15682],[4.76871,50.15088],[4.79459,50.14908],[4.79637,50.14829],[4.80652,50.15268],[4.8244,50.16926],[4.82346,50.17948]]]},"properties":{"postcode":"5544","nl":"Hastière","fr":"Hastière"}},
{"type":"Feature","geometry":{"type":"Polygon","coordinates":[[[4.91431,50.35418],[4.91703,50.34737],[4.91627,50.34231],[4.92534,50.3381],[4.93894,50.34171],[4.9493,50.34121],[4.98079,50.34376],[4.9924,50.3456],[4.99912,50.3495],[4.99098,50.36493],[4.98585,50.36914],[4.97781,50.36695],[4.95771,50.35403],[4.94506,50.3523],[4.93197,50.34655],[4.92054,50.34677],[4.91889,50.35284],[4.91431,50.35418]]]},"properties":{"postcode":"5332","nl":"Assesse","fr":"Assesse"}},
{"type":"Feature","geometry":{"type":"Polygon","coordinates":[[[5.05535,50.17121],[5.04316,50.17254],[5.04694,50.19382],[5.03979,50.19701],[5.02215,50.19289],[5.01601,50.18241],[5.02031,50.16761],[5.0023,50.16232],[5.00063,50.15745],[5.00738,50.14521],[5.00773,50.14525],[5.01896,50.13787],[5.03351,50.13222],[5.05148,50.14497],[5.05496,50.14717],[5.05793,50.16657],[5.05535,50.17121]]]},"properties":{"postcode":"5563","nl":"Houyet","fr":"Houyet"}},
{"type":"Feature","geometry":{"type":"Polygon","coordinates":[[[5.35246,50.86759],[5.35485,50.87701],[5.36241,50.88288],[5.34685,50.88652],[5.35201,50.86755],[5.35246,50.86759]]]},"properties":{"postcode":"3501","nl":"Hasselt","fr":"Hasselt"}},
{"type":"Feature","geometry":{"type":"Polygon","coordinates":[[[5.58964,51.0189],[5.59032,51.01265],[5.60346,51.00569],[5.62246,50.99927],[5.62548,51.01769],[5.64233,51.01821],[5.64303,51.01878],[5.60742,51.03703],[5.60734,51.03747],[5.60306,51.02894],[5.58964,51.0189]]]},"properties":{"postcode":"3668","nl":"As","fr":"As"}},
{"type":"Feature","geometry":{"type":"Polygon","coordinates":[[[2.80093,51.16693],[2.78011,51.16877],[2.77334,51.17553],[2.76213,51.17107],[2.76011,51.15317],[2.76814,51.14735],[2.75132,51.14651],[2.75335,51.13976],[2.77477,51.13922],[2.78748,51.14627],[2.79713,51.15027],[2.79519,51.15771],[2.80093,51.16693]]]},"properties":{"postcode":"8434","nl":"Middelkerke","fr":"Middelkerke"}},
{"type":"Feature","geometry":{"type":"Polygon","coordinates":[[[2.663,50.97453],[2.65417,50.97808],[2.64851,50.98686],[2.65028,50.99363],[2.64209,51.00621],[2.62815,51.0012],[2.62265,50.99794],[2.6145,50.99615],[2.61581,50.99269],[2.61265,50.98769],[2.60671,50.98202],[2.62115,50.96484],[2.62873,50.95057],[2.63591,50.94743],[2.64698,50.95145],[2.6652,50.96703],[2.663,50.97453]]]},"properties":{"postcode":"8691","nl":"Alveringem","fr":"Alveringem"}},
{"type":"Feature","geometry":{"type":"Polygon","coordinates":[[[2.816,50.90472],[2.8098,50.90503],[2.79521,50.89018],[2.78435,50.88794],[2.76906,50.88948],[2.78185,50.88617],[2.78263,50.86909],[2.77734,50.86212],[2.78843,50.85868],[2.79878,50.86421],[2.80878,50.86367],[2.83467,50.87267],[2.83451,50.87452],[2.83718,50.88334],[2.83135,50.89999],[2.816,50.90472]]]},"properties":{"postcode":"8906","nl":"Ieper","fr":"Ypres"}},
{"type":"Feature","geometry":{"type":"Polygon","coordinates":[[[5.77843,49.59442],[5.78718,49.60316],[5.79685,49.60259],[5.79809,49.61545],[5.78105,49.61915],[5.77167,49.62402],[5.75729,49.62554],[5.75179,49.62211],[5.74521,49.6242],[5.73639,49.62208],[5.73656,49.61979],[5.73023,49.61475],[5.72999,49.61102],[5.73689,49.61024],[5.74231,49.6039],[5.74422,49.59426],[5.75516,49.59883],[5.77843,49.59442]]]},"properties":{"postcode":"6782","nl":"Messancy","fr":"Messancy"}},
{"type":"Feature","geometry":{"type":"Polygon","coordinates":[[[4.42433,50.90197],[4.43279,50.89473],[4.42704,50.89089],[4.43706,50.87878],[4.44969,50.87968],[4.46696,50.89793],[4.4417,50.90535],[4.43569,50.90072],[4.42433,50.90197]]]},"properties":{"postcode":"1931","nl":"Machelen","fr":"Machelen"}},
{"type":"Feature","geometry":{"type":"Polygon","coordinates":[[[4.67064,50.88137],[4.67918,50.87941],[4.70177,50.86807],[4.71471,50.87366],[4.71788,50.8798],[4.70997,50.88697],[4.69478,50.88953],[4.68838,50.89452],[4.67759,50.88986],[4.67258,50.88498],[4.67064,50.88137]]]},"properties":{"postcode":"3000","nl":"Leuven","fr":"Louvain"}},
{"type":"Feature","geometry":{"type":"Polygon","coordinates":[[[4.84286,51.01234],[4.84872,51.00364],[4.85232,50.98626],[4.86159,50.98795],[4.8752,50.99363],[4.90238,50.99611],[4.92992,51.00375],[4.93232,51.02906],[4.93605,51.03636],[4.92202,51.03714],[4.91128,51.03509],[4.90452,51.02588],[4.88965,51.02291],[4.88225,51.01968],[4.87561,51.02326],[4.86576,51.02198],[4.86115,51.02051],[4.85918,51.01755],[4.85127,51.01696],[4.84286,51.01234]]]},"properties":{"postcode":"3201","nl":"Aarschot","fr":"Aarschot"}},
{"type":"Feature","geometry":{"type":"Polygon","coordinates":[[[4.24447,50.81999],[4.25316,50.82515],[4.25552,50.82845],[4.25469,50.83356],[4.25877,50.83598],[4.2719,50.83621],[4.27323,50.83868],[4.28294,50.83785],[4.28462,50.8453],[4.28825,50.84827],[4.28338,50.85391],[4.28984,50.85587],[4.28838,50.85757],[4.28034,50.85991],[4.27926,50.86559],[4.26857,50.86076],[4.24101,50.86845],[4.22845,50.84711],[4.23804,50.84255],[4.25505,50.84106],[4.24061,50.82442],[4.24447,50.81999]]]},"properties":{"postcode":"1700","nl":"Dilbeek","fr":"Dilbeek"}},
{"type":"Feature","geometry":{"type":"Polygon","coordinates":[[[4.46233,50.86508],[4.46748,50.86419],[4.47467,50.86551],[4.4759,50.86216],[4.48663,50.85971],[4.49222,50.85679],[4.49728,50.85746],[4.50727,50.84781],[4.50963,50.83841],[4.51709,50.83444],[4.52165,50.83485],[4.5331,50.84081],[4.53639,50.84444],[4.52989,50.85039],[4.53064,50.85349],[4.52703,50.85895],[4.52653,50.86316],[4.53203,50.86384],[4.53424,50.86784],[4.5252,50.87288],[4.50018,50.86912],[4.47034,50.86871],[4.46504,50.86856],[4.46233,50.86508]]]},"properties":{"postcode":"1933","nl":"Zaventem","fr":"Zaventem"}},
{"type":"Feature","geometry":{"type":"Polygon","coordinates":[[[4.20572,51.19056],[4.2345,51.1986],[4.24827,51.18854],[4.28084,51.19772],[4.27192,51.2076],[4.27771,51.21286],[4.26947,51.22245],[4.25779,51.23021],[4.25482,51.23704],[4.22547,51.23442],[4.20796,51.23582],[4.20103,51.22609],[4.22405,51.21398],[4.21234,51.20606],[4.21296,51.19991],[4.20558,51.19118],[4.20572,51.19056]]]},"properties":{"postcode":"9120","nl":"Beveren-Kruibeke-Zwijndrecht","fr":"Beveren-Kruibeke-Zwijndrecht"}},
{"type":"Feature","geometry":{"type":"Polygon","coordinates":[[[3.58079,50.88236],[3.59214,50.88629],[3.59795,50.88985],[3.59508,50.89556],[3.62719,50.90076],[3.63361,50.91063],[3.6418,50.91618],[3.61675,50.92148],[3.61027,50.9192],[3.59823,50.90708],[3.58812,50.91382],[3.5661,50.90166],[3.57254,50.89495],[3.58397,50.89149],[3.58079,50.88236]]]},"properties":{"postcode":"9750","nl":"Kruisem","fr":"Kruisem"}},
{"type":"Feature","geometry":{"type":"Polygon","coordinates":[[[3.81418,50.78742],[3.81853,50.79571],[3.79997,50.79297],[3.78592,50.79811],[3.78296,50.78952],[3.79687,50.78024],[3.80412,50.77953],[3.81418,50.78742]]]},"properties":{"postcode":"9661","nl":"Brakel","fr":"Brakel"}},
{"type":"Feature","geometry":{"type":"Polygon","coordinates":[[[3.68443,50.99736],[3.69388,50.99523],[3.7111,50.97954],[3.73041,51.00299],[3.74303,51.00157],[3.73797,51.01162],[3.71424,51.01457],[3.70374,51.0239],[3.68354,51.01373],[3.67445,51.00664],[3.68443,50.99736]]]},"properties":{"postcode":"9052","nl":"Gent","fr":"Gand"}},
{"type":"Feature","geometry":{"type":"Polygon","coordinates":[[[3.87741,50.80532],[3.88093,50.80978],[3.85973,50.81669],[3.84541,50.80743],[3.85825,50.80001],[3.87231,50.80416],[3.87741,50.80532]]]},"properties":{"postcode":"9571","nl":"Lierde","fr":"Lierde"}},
{"type":"Feature","geometry":{"type":"Polygon","coordinates":[[[5.80398,50.59722],[5.79011,50.60313],[5.76776,50.59501],[5.77195,50.58272],[5.76667,50.57762],[5.79116,50.58476],[5.80656,50.59183],[5.80398,50.59722]]]},"properties":{"postcode":"4861","nl":"Pepinster","fr":"Pepinster"}},
{"type":"Feature","geometry":{"type":"Polygon","coordinates":[[[5.44699,50.54463],[5.46181,50.54086],[5.46573,50.53641],[5.48671,50.54188],[5.4964,50.54724],[5.49781,50.56437],[5.49248,50.56849],[5.48358,50.57168],[5.47776,50.56863],[5.46583,50.56781],[5.46296,50.56667],[5.45999,50.55707],[5.45301,50.55765],[5.44779,50.56136],[5.44403,50.56091],[5.439,50.56341],[5.43171,50.56511],[5.4353,50.55336],[5.44832,50.54918],[5.44699,50.54463]]]},"properties":{"postcode":"4121","nl":"Neupré","fr":"Neupré"}},
{"type":"Feature","geometry":{"type":"Polygon","coordinates":[[[3.79919,50.70651],[3.79632,50.71989],[3.79491,50.72533],[3.7835,50.73576],[3.77627,50.73812],[3.76902,50.73212],[3.76395,50.73439],[3.75916,50.7339],[3.75676,50.73632],[3.74939,50.73348],[3.74486,50.72938],[3.7556,50.72421],[3.75489,50.72064],[3.76363,50.71326],[3.76227,50.70899],[3.76646,50.70551],[3.76936,50.70668],[3.77486,50.70423],[3.78122,50.70344],[3.78939,50.70854],[3.79919,50.70651]]]},"properties":{"postcode":"7862","nl":"Lessen","fr":"Lessines"}},
{"type":"Feature","geometry":{"type":"Polygon","coordinates":[[[3.28127,50.53766],[3.28852,50.52581],[3.30458,50.52038],[3.3206,50.51873],[3.32819,50.51257],[3.32453,50.52678],[3.3173,50.53366],[3.32195,50.53799],[3.30885,50.53994],[3.28127,50.53766]]]},"properties":{"postcode":"7611","nl":"Rumes","fr":"Rumes"}},
{"type":"Feature","geometry":{"type":"Polygon","coordinates":[[[4.22308,50.01425],[4.23699,50.01828],[4.23004,50.03076],[4.23712,50.04157],[4.22934,50.0466],[4.2066,50.04399],[4.20633,50.03832],[4.21625,50.03459],[4.21725,50.01466],[4.22308,50.01425]]]},"properties":{"postcode":"6592","nl":"Momignies","fr":"Momignies"}},
{"type":"Feature","geometry":{"type":"Polygon","coordinates":[[[3.50214,50.63593],[3.51415,50.63278],[3.52686,50.63486],[3.53902,50.64133],[3.54404,50.64787],[3.52939,50.64896],[3.51796,50.64259],[3.51046,50.6441],[3.50214,50.63593]]]},"properties":{"postcode":"7533","nl":"Doornik","fr":"Tournai"}},
{"type":"Feature","geometry":{"type":"Polygon","coordinates":[[[4.51281,50.52543],[4.51243,50.52194],[4.51906,50.52096],[4.51802,50.51196],[4.53548,50.5141],[4.5438,50.52464],[4.54325,50.53334],[4.53503,50.53122],[4.53153,50.53195],[4.52681,50.52895],[4.51281,50.52543]]]},"properties":{"postcode":"6223","nl":"Fleurus","fr":"Fleurus"}},
{"type":"Feature","geometry":{"type":"Polygon","coordinates":[[[3.78579,50.59302],[3.79445,50.58663],[3.79546,50.57923],[3.78308,50.56864],[3.78039,50.55892],[3.7886,50.55397],[3.78333,50.54583],[3.78628,50.53742],[3.79352,50.53979],[3.80747,50.53986],[3.81783,50.54715],[3.82032,50.55186],[3.82666,50.55044],[3.83157,50.55095],[3.83213,50.55489],[3.83788,50.56124],[3.83307,50.56375],[3.8304,50.56734],[3.83393,50.57311],[3.83572,50.58211],[3.83619,50.59004],[3.83023,50.59498],[3.82061,50.60437],[3.81136,50.60722],[3.80135,50.60717],[3.78713,50.61324],[3.77819,50.60584],[3.78726,50.60121],[3.78579,50.59302]]]},"properties":{"postcode":"7950","nl":"Chièvres","fr":"Chièvres"}},
{"type":"Feature","geometry":{"type":"Polygon","coordinates":[[[4.33995,50.84023],[4.34286,50.83309],[4.35832,50.83063],[4.36722,50.82299],[4.36812,50.81487],[4.36975,50.80945],[4.37538,50.79973],[4.40081,50.79636],[4.3969,50.80175],[4.39046,50.80216],[4.38259,50.81585],[4.35609,50.83577],[4.36868,50.84002],[4.37961,50.83683],[4.38026,50.84001],[4.39333,50.83794],[4.39603,50.84341],[4.38405,50.85142],[4.37322,50.84729],[4.35719,50.86031],[4.36109,50.8688],[4.38839,50.88106],[4.402,50.88593],[4.41068,50.87697],[4.42572,50.87213],[4.43706,50.87878],[4.42704,50.89089],[4.43279,50.89473],[4.42433,50.90197],[4.41572,50.90612],[4.40347,50.9139],[4.38776,50.90994],[4.37822,50.89728],[4.36046,50.90118],[4.33092,50.90092],[4.3246,50.89859],[4.32354,50.89412],[4.32987,50.88535],[4.33704,50.88697],[4.33929,50.88175],[4.34052,50.87136],[4.34359,50.86905],[4.34174,50.86496],[4.34665,50.85903],[4.33564,50.84815],[4.33788,50.84645],[4.33995,50.84023]]]},"properties":{"postcode":"1041","nl":"Brussel","fr":"Bruxelles"}},
{"type":"Feature","geometry":{"type":"Polygon","coordinates":[[[4.80444,51.44981],[4.79024,51.44833],[4.78404,51.45183],[4.78232,51.45277],[4.78063,51.45351],[4.77998,51.45444],[4.76849,51.45393],[4.76341,51.44521],[4.75987,51.44139],[4.76183,51.44014],[4.76208,51.43714],[4.76187,51.43637],[4.76245,51.43576],[4.76261,51.43525],[4.76283,51.43451],[4.76279,51.43388],[4.76362,51.43352],[4.75484,51.42988],[4.74895,51.42788],[4.74717,51.42714],[4.74536,51.42501],[4.73534,51.42165],[4.72962,51.42312],[4.725,51.42208],[4.72326,51.42185],[4.72348,51.42317],[4.72215,51.42308],[4.72095,51.42309],[4.71931,51.42307],[4.71796,51.42303],[4.71637,51.42298],[4.69818,51.41807],[4.69694,51.41742],[4.709,51.41138],[4.71978,51.41619],[4.72492,51.41266],[4.72661,51.41275],[4.72935,51.41297],[4.72982,51.41304],[4.73255,51.41368],[4.73459,51.41561],[4.74128,51.41391],[4.74241,51.41373],[4.74792,51.41317],[4.75909,51.41194],[4.75948,51.4125],[4.76127,51.41231],[4.76577,51.411],[4.76886,51.41109],[4.77166,51.41016],[4.77235,51.41055],[4.77227,51.41087],[4.77297,51.41129],[4.77286,51.41342],[4.76858,51.41979],[4.76903,51.42998],[4.78944,51.42959],[4.82861,51.42375],[4.82592,51.43604],[4.82469,51.44206],[4.81334,51.44433],[4.80444,51.44981]]]},"properties":{"postcode":"2322","nl":"Minderhout","fr":"Minderhout"}},
{"type":"Feature","geometry":{"type":"Polygon","coordinates":[[[4.52969,50.69508],[4.55745,50.68804],[4.57897,50.68799],[4.59702,50.68293],[4.61288,50.68865],[4.61437,50.69772],[4.59744,50.70402],[4.58305,50.70107],[4.56578,50.70936],[4.55616,50.72386],[4.55328,50.72242],[4.54821,50.70429],[4.53659,50.70112],[4.52969,50.69508]]]},"properties":{"postcode":"1300","nl":"Waver","fr":"Wavre"}},
{"type":"Feature","geometry":{"type":"Polygon","coordinates":[[[4.30079,51.26237],[4.2911,51.26027],[4.29635,51.24998],[4.29965,51.23197],[4.31477,51.2071],[4.32626,51.20603],[4.34476,51.21583],[4.34033,51.23119],[4.35203,51.24012],[4.33087,51.25011],[4.30652,51.25492],[4.30079,51.26237]]]},"properties":{"postcode":"2070","nl":"Beveren-Kruibeke-Zwijndrecht","fr":"Beveren-Kruibeke-Zwijndrecht"}},
{"type":"Feature","geometry":{"type":"Polygon","coordinates":[[[5.04601,50.38975],[5.03966,50.39729],[5.03341,50.40195],[5.02368,50.39923],[5.00364,50.39173],[5.01239,50.37857],[5.03614,50.38187],[5.04601,50.38975]]]},"properties":{"postcode":"5333","nl":"Assesse","fr":"Assesse"}},
{"type":"Feature","geometry":{"type":"Polygon","coordinates":[[[5.05535,50.17121],[5.07217,50.17684],[5.07838,50.16505],[5.09378,50.16267],[5.11269,50.16424],[5.11048,50.1755],[5.11989,50.17963],[5.11231,50.19371],[5.09489,50.20169],[5.07485,50.19764],[5.04694,50.19382],[5.04316,50.17254],[5.05535,50.17121]]]},"properties":{"postcode":"5560","nl":"Houyet","fr":"Houyet"}},
{"type":"Feature","geometry":{"type":"Polygon","coordinates":[[[4.7042,50.21579],[4.71244,50.22163],[4.72151,50.21928],[4.72505,50.23052],[4.71712,50.24009],[4.70348,50.24388],[4.64673,50.24161],[4.64782,50.21431],[4.65639,50.21753],[4.66061,50.2181],[4.66663,50.21388],[4.67305,50.21351],[4.67729,50.21148],[4.69052,50.21091],[4.69131,50.21451],[4.69432,50.2172],[4.70151,50.21729],[4.7042,50.21579]]]},"properties":{"postcode":"5620","nl":"Florennes","fr":"Florennes"}},
{"type":"Feature","geometry":{"type":"Polygon","coordinates":[[[5.13237,50.34568],[5.14772,50.36262],[5.1487,50.37235],[5.13239,50.37651],[5.13695,50.37885],[5.12997,50.38351],[5.12681,50.38044],[5.11967,50.37801],[5.1162,50.38125],[5.09722,50.3733],[5.10069,50.36492],[5.11149,50.36417],[5.11468,50.35642],[5.13237,50.34568]]]},"properties":{"postcode":"5364","nl":"Hamois","fr":"Hamois"}},
{"type":"Feature","geometry":{"type":"Polygon","coordinates":[[[5.04694,50.19382],[5.07485,50.19764],[5.08386,50.20345],[5.08162,50.21096],[5.08829,50.2134],[5.08542,50.21523],[5.08043,50.22268],[5.0747,50.22478],[5.06886,50.22897],[5.05419,50.22565],[5.02931,50.21382],[5.02657,50.20943],[5.04085,50.20197],[5.03979,50.19701],[5.04694,50.19382]]]},"properties":{"postcode":"5562","nl":"Houyet","fr":"Houyet"}},
{"type":"Feature","geometry":{"type":"Polygon","coordinates":[[[3.17098,50.99038],[3.17276,50.98497],[3.17036,50.9742],[3.16433,50.96497],[3.1648,50.96177],[3.17149,50.95316],[3.17597,50.95339],[3.18077,50.95408],[3.18548,50.94923],[3.18914,50.95025],[3.19607,50.94513],[3.20256,50.94581],[3.20482,50.94435],[3.21398,50.9474],[3.22946,50.94736],[3.2438,50.96515],[3.24032,50.97208],[3.24118,50.9783],[3.23915,50.98395],[3.2289,50.99208],[3.22541,50.99309],[3.22237,50.99779],[3.21855,50.99436],[3.21014,50.99323],[3.19724,50.99675],[3.19119,50.99311],[3.17425,50.99202],[3.17098,50.99038]]]},"properties":{"postcode":"8850","nl":"Ardooie","fr":"Ardooie"}},
{"type":"Feature","geometry":{"type":"Polygon","coordinates":[[[3.22237,50.99779],[3.22645,51.00465],[3.22537,51.01703],[3.22361,51.01923],[3.2134,51.01969],[3.21196,51.02503],[3.20152,51.02548],[3.18941,51.01981],[3.18324,51.01608],[3.18349,51.01401],[3.17416,51.00286],[3.16794,50.99856],[3.16573,50.9933],[3.17098,50.99038],[3.17425,50.99202],[3.19119,50.99311],[3.19724,50.99675],[3.21014,50.99323],[3.21855,50.99436],[3.22237,50.99779]]]},"properties":{"postcode":"8851","nl":"Ardooie","fr":"Ardooie"}},
{"type":"Feature","geometry":{"type":"Polygon","coordinates":[[[2.86608,50.83626],[2.87561,50.82999],[2.88696,50.82904],[2.90112,50.83682],[2.90817,50.8457],[2.91761,50.8456],[2.9318,50.85435],[2.94555,50.85408],[2.95046,50.84971],[2.92907,50.87465],[2.909,50.86592],[2.90993,50.86065],[2.89297,50.86168],[2.89347,50.86648],[2.8831,50.87892],[2.87135,50.88351],[2.86023,50.87665],[2.87607,50.86742],[2.85784,50.85573],[2.85922,50.85129],[2.86608,50.83626]]]},"properties":{"postcode":"8900","nl":"Ieper","fr":"Ypres"}},
{"type":"Feature","geometry":{"type":"Polygon","coordinates":[[[5.77506,49.96073],[5.78552,49.96097],[5.79603,49.96572],[5.8064,49.96229],[5.81044,49.97068],[5.83183,49.97651],[5.83858,49.9823],[5.82072,50.00084],[5.82,50.00932],[5.80463,50.00629],[5.80063,50.01752],[5.79406,50.01867],[5.79675,50.03395],[5.77998,50.03081],[5.7708,50.03578],[5.74569,50.03105],[5.75053,50.02427],[5.74408,50.0191],[5.73928,50.00525],[5.73895,49.99348],[5.72137,49.98543],[5.72761,49.97582],[5.73587,49.97259],[5.75075,49.96094],[5.76614,49.95882],[5.77506,49.96073]]]},"properties":{"postcode":"6600","nl":"Bastenaken","fr":"Bastogne"}},
{"type":"Feature","geometry":{"type":"Polygon","coordinates":[[[5.85886,50.13698],[5.86512,50.14623],[5.88031,50.15316],[5.89598,50.15611],[5.90333,50.16451],[5.91562,50.17077],[5.91963,50.1799],[5.90889,50.18894],[5.90181,50.1946],[5.88723,50.19758],[5.88025,50.21704],[5.87274,50.21388],[5.87661,50.18986],[5.8501,50.17957],[5.83035,50.17398],[5.81135,50.18696],[5.82199,50.17168],[5.83573,50.16221],[5.83895,50.15165],[5.82863,50.14047],[5.84866,50.14373],[5.85886,50.13698]]]},"properties":{"postcode":"6673","nl":"Gouvy","fr":"Gouvy"}},
{"type":"Feature","geometry":{"type":"Polygon","coordinates":[[[5.73019,50.08556],[5.72553,50.08446],[5.70039,50.1016],[5.6947,50.11129],[5.67786,50.11474],[5.64671,50.10755],[5.64563,50.10182],[5.63121,50.10196],[5.62978,50.09679],[5.63725,50.09071],[5.64878,50.07478],[5.66024,50.06704],[5.68736,50.07063],[5.68993,50.08027],[5.70661,50.0732],[5.7207,50.06907],[5.73204,50.07941],[5.73019,50.08556]]]},"properties":{"postcode":"6687","nl":"Bastenaken","fr":"Bastogne"}},
{"type":"Feature","geometry":{"type":"Polygon","coordinates":[[[5.79554,50.21967],[5.8124,50.2225],[5.83445,50.23604],[5.8631,50.23997],[5.86875,50.23651],[5.88163,50.23796],[5.91051,50.24563],[5.91382,50.25394],[5.90594,50.25609],[5.90491,50.26654],[5.89475,50.26892],[5.88311,50.26866],[5.87064,50.26918],[5.86241,50.2685],[5.84866,50.26365],[5.83657,50.26267],[5.82748,50.26659],[5.82155,50.26428],[5.80987,50.26432],[5.80597,50.26093],[5.79987,50.26502],[5.78871,50.26461],[5.77902,50.26302],[5.7685,50.26769],[5.76355,50.26811],[5.75106,50.26605],[5.74738,50.26122],[5.73362,50.26021],[5.72108,50.2622],[5.72617,50.25167],[5.71571,50.23771],[5.70966,50.23062],[5.73608,50.23609],[5.76931,50.22858],[5.78337,50.21885],[5.79554,50.21967]]]},"properties":{"postcode":"6690","nl":"Vielsalm","fr":"Vielsalm"}},
{"type":"Feature","geometry":{"type":"Polygon","coordinates":[[[5.87593,49.62628],[5.86653,49.62993],[5.86355,49.64174],[5.84062,49.64207],[5.82595,49.64652],[5.81803,49.64034],[5.81199,49.62622],[5.81606,49.61811],[5.84303,49.62002],[5.85808,49.62475],[5.87593,49.62628]]]},"properties":{"postcode":"6780","nl":"Messancy","fr":"Messancy"}},
{"type":"Feature","geometry":{"type":"Polygon","coordinates":[[[5.12428,49.80145],[5.12566,49.79545],[5.11539,49.78465],[5.1174,49.78025],[5.13186,49.77938],[5.13878,49.78318],[5.13988,49.79119],[5.15741,49.80088],[5.13113,49.80678],[5.12428,49.80145]]]},"properties":{"postcode":"6836","nl":"Bouillon","fr":"Bouillon"}},
{"type":"Feature","geometry":{"type":"Polygon","coordinates":[[[5.57972,50.12674],[5.58884,50.13337],[5.58762,50.14469],[5.60068,50.151],[5.6003,50.15781],[5.58855,50.16401],[5.57683,50.17491],[5.55703,50.15875],[5.54906,50.15863],[5.55142,50.14795],[5.5491,50.13648],[5.55864,50.14031],[5.57315,50.12529],[5.57972,50.12674]]]},"properties":{"postcode":"6984","nl":"La Roche-en-Ardenne","fr":"La Roche-en-Ardenne"}},
{"type":"Feature","geometry":{"type":"Polygon","coordinates":[[[4.42663,50.86287],[4.43737,50.85851],[4.44501,50.85814],[4.44596,50.85547],[4.45042,50.85352],[4.45787,50.85277],[4.45599,50.85653],[4.45255,50.85847],[4.45231,50.86352],[4.45619,50.86535],[4.46233,50.86508],[4.46504,50.86856],[4.47034,50.86871],[4.44969,50.87968],[4.43706,50.87878],[4.42572,50.87213],[4.42663,50.86287]]]},"properties":{"postcode":"1932","nl":"Zaventem","fr":"Zaventem"}},
{"type":"Feature","geometry":{"type":"Polygon","coordinates":[[[4.03637,50.69642],[4.04751,50.70161],[4.05874,50.69449],[4.07994,50.72193],[4.07597,50.72781],[4.05822,50.73528],[4.05521,50.74068],[4.05949,50.75068],[4.04363,50.74946],[4.03654,50.74479],[4.00543,50.72857],[3.98918,50.73305],[3.97593,50.72668],[3.98835,50.71797],[4.01339,50.71142],[4.03124,50.70324],[4.03637,50.69642]]]},"properties":{"postcode":"1540","nl":"Pajottegem","fr":"Pajottegem"}},
{"type":"Feature","geometry":{"type":"Polygon","coordinates":[[[3.70173,51.07461],[3.70903,51.06563],[3.7278,51.0683],[3.72626,51.08671],[3.7347,51.10168],[3.74295,51.1102],[3.76446,51.12614],[3.77653,51.14037],[3.79645,51.17277],[3.80276,51.18616],[3.79871,51.18889],[3.79144,51.18065],[3.7927,51.17674],[3.79052,51.17194],[3.77888,51.16813],[3.77299,51.16826],[3.76362,51.16487],[3.76045,51.15193],[3.76238,51.14606],[3.77701,51.14748],[3.7677,51.13318],[3.75375,51.12162],[3.72033,51.10488],[3.71385,51.10489],[3.70669,51.10248],[3.6927,51.09564],[3.68493,51.09309],[3.68739,51.089],[3.70173,51.07461]]]},"properties":{"postcode":"9099","nl":"Gent","fr":"Gand"}},
{"type":"Feature","geometry":{"type":"Polygon","coordinates":[[[3.56409,51.14868],[3.57575,51.14456],[3.58876,51.14463],[3.59921,51.13427],[3.61213,51.12718],[3.61059,51.11875],[3.63163,51.12978],[3.64771,51.13896],[3.64607,51.14813],[3.64049,51.15622],[3.63272,51.15902],[3.64603,51.16296],[3.64113,51.16653],[3.64579,51.1699],[3.63743,51.17277],[3.60817,51.1727],[3.59361,51.17554],[3.59369,51.17281],[3.58384,51.17258],[3.58464,51.1701],[3.57463,51.16679],[3.56353,51.16165],[3.56409,51.14868]]]},"properties":{"postcode":"9950","nl":"Lievegem","fr":"Lievegem"}},
{"type":"Feature","geometry":{"type":"Polygon","coordinates":[[[3.96913,50.8393],[3.94855,50.85867],[3.93842,50.84946],[3.92567,50.84901],[3.92738,50.83524],[3.94126,50.83645],[3.96098,50.83185],[3.96913,50.8393]]]},"properties":{"postcode":"9404","nl":"Ninove","fr":"Ninove"}},
{"type":"Feature","geometry":{"type":"Polygon","coordinates":[[[3.49348,51.22333],[3.48098,51.2076],[3.46745,51.20242],[3.47686,51.18857],[3.47344,51.17681],[3.49055,51.15275],[3.51583,51.1469],[3.53343,51.16184],[3.54506,51.16228],[3.53855,51.17252],[3.52765,51.18535],[3.5267,51.19178],[3.52479,51.19553],[3.51597,51.20274],[3.51475,51.20973],[3.5084,51.21545],[3.49348,51.22333]]]},"properties":{"postcode":"9991","nl":"Maldegem","fr":"Maldegem"}},
{"type":"Feature","geometry":{"type":"Polygon","coordinates":[[[3.79196,51.13644],[3.81694,51.14945],[3.82241,51.14788],[3.84306,51.15559],[3.82902,51.1688],[3.83566,51.18262],[3.82795,51.18632],[3.80361,51.1825],[3.80276,51.18616],[3.79645,51.17277],[3.77653,51.14037],[3.79196,51.13644]]]},"properties":{"postcode":"9042","nl":"Gent","fr":"Gand"}},
{"type":"Feature","geometry":{"type":"Polygon","coordinates":[[[3.61242,51.2494],[3.61418,51.25682],[3.60774,51.26511],[3.59283,51.26701],[3.56964,51.28018],[3.5376,51.26571],[3.55546,51.25129],[3.56318,51.24792],[3.57463,51.24813],[3.59501,51.2393],[3.61242,51.2494]]]},"properties":{"postcode":"9982","nl":"Sint-Laureins","fr":"Sint-Laureins"}},
{"type":"Feature","geometry":{"type":"Polygon","coordinates":[[[4.01532,50.82416],[4.03222,50.82896],[4.04074,50.83766],[4.05419,50.84643],[4.04166,50.8549],[4.04678,50.8647],[4.03879,50.8653],[4.02513,50.85894],[4.01205,50.86179],[3.9922,50.86103],[3.99849,50.84984],[4.00772,50.85293],[4.01663,50.8419],[4.00695,50.82988],[4.01532,50.82416]]]},"properties":{"postcode":"9400","nl":"Ninove","fr":"Ninove"}},
{"type":"Feature","geometry":{"type":"Polygon","coordinates":[[[5.70383,50.50038],[5.69806,50.49741],[5.7094,50.49713],[5.71499,50.50034],[5.72053,50.50755],[5.72418,50.51624],[5.73098,50.5193],[5.73705,50.51538],[5.74973,50.51862],[5.75547,50.51909],[5.7631,50.52149],[5.75239,50.53892],[5.7553,50.54681],[5.71924,50.55436],[5.71409,50.54062],[5.70205,50.53958],[5.68961,50.54331],[5.68067,50.53586],[5.67133,50.5223],[5.67302,50.5136],[5.69049,50.51216],[5.70383,50.50038]]]},"properties":{"postcode":"4141","nl":"Sprimont","fr":"Sprimont"}},
{"type":"Feature","geometry":{"type":"Polygon","coordinates":[[[5.95159,50.64892],[5.97515,50.64699],[5.98894,50.64729],[6.00034,50.64985],[5.98091,50.66045],[5.96139,50.67984],[5.9395,50.66199],[5.95159,50.64892]]]},"properties":{"postcode":"4840","nl":"Welkenraedt","fr":"Welkenraedt"}},
{"type":"Feature","geometry":{"type":"Polygon","coordinates":[[[5.72042,50.63846],[5.74244,50.65399],[5.73253,50.66248],[5.73237,50.66262],[5.71788,50.66454],[5.70547,50.65718],[5.70652,50.64827],[5.72042,50.63846]]]},"properties":{"postcode":"4632","nl":"Soumagne","fr":"Soumagne"}},
{"type":"Feature","geometry":{"type":"MultiPolygon","coordinates":[[[[5.73237,50.66262],[5.73158,50.66836],[5.71788,50.66454],[5.73237,50.66262]]],[[[5.75249,50.67233],[5.76693,50.66963],[5.77434,50.67749],[5.77115,50.68592],[5.76144,50.68094],[5.74996,50.68198],[5.74406,50.69707],[5.72767,50.68758],[5.74045,50.67594],[5.75249,50.67233]]]]},"properties":{"postcode":"4670","nl":"Blegny","fr":"Blegny"}},
{"type":"Feature","geometry":{"type":"Polygon","coordinates":[[[5.68131,50.73261],[5.67663,50.74496],[5.66092,50.74764],[5.65078,50.75316],[5.64484,50.74862],[5.62819,50.7408],[5.64358,50.74114],[5.65621,50.72667],[5.64941,50.7186],[5.65347,50.71544],[5.67772,50.72763],[5.68131,50.73261]]]},"properties":{"postcode":"4684","nl":"Oupeye","fr":"Oupeye"}},
{"type":"Feature","geometry":{"type":"Polygon","coordinates":[[[5.94729,50.57945],[5.93178,50.59212],[5.95009,50.60407],[5.95367,50.61128],[5.9453,50.61166],[5.95437,50.61655],[5.95888,50.61772],[5.94456,50.62619],[5.93821,50.62768],[5.93732,50.61312],[5.91533,50.61111],[5.91203,50.61419],[5.91266,50.60663],[5.91978,50.60087],[5.92552,50.58178],[5.92765,50.57786],[5.93299,50.57629],[5.94011,50.57649],[5.94729,50.57945]]]},"properties":{"postcode":"4830","nl":"Limburg","fr":"Limbourg"}},
{"type":"Feature","geometry":{"type":"Polygon","coordinates":[[[5.14753,50.60302],[5.17043,50.59258],[5.19126,50.59651],[5.19233,50.6021],[5.20083,50.60965],[5.1904,50.62003],[5.17972,50.61952],[5.17384,50.61368],[5.15861,50.61158],[5.14753,50.60302]]]},"properties":{"postcode":"4260","nl":"Braives","fr":"Braives"}},
{"type":"Feature","geometry":{"type":"Polygon","coordinates":[[[3.35661,50.61384],[3.37579,50.62436],[3.36382,50.63269],[3.35534,50.62872],[3.3271,50.63506],[3.32795,50.61765],[3.34175,50.61459],[3.35661,50.61384]]]},"properties":{"postcode":"7503","nl":"Doornik","fr":"Tournai"}},
{"type":"Feature","geometry":{"type":"Polygon","coordinates":[[[3.82061,50.60437],[3.82506,50.61507],[3.83962,50.6265],[3.82085,50.63081],[3.8166,50.62328],[3.80379,50.61348],[3.81136,50.60722],[3.82061,50.60437]]]},"properties":{"postcode":"7811","nl":"Aat","fr":"Ath"}},
{"type":"Feature","geometry":{"type":"Polygon","coordinates":[[[3.33326,50.56321],[3.32013,50.57229],[3.30751,50.56376],[3.29723,50.56148],[3.28884,50.55481],[3.2809,50.55597],[3.27825,50.55169],[3.28127,50.53766],[3.30885,50.53994],[3.32195,50.53799],[3.32222,50.54639],[3.33006,50.5535],[3.33326,50.56321]]]},"properties":{"postcode":"7610","nl":"Rumes","fr":"Rumes"}},
{"type":"Feature","geometry":{"type":"Polygon","coordinates":[[[3.22674,50.73386],[3.22268,50.72024],[3.21281,50.71263],[3.24049,50.71232],[3.25496,50.71526],[3.2675,50.71663],[3.27287,50.71809],[3.27422,50.72241],[3.25703,50.72603],[3.24356,50.72926],[3.24532,50.73648],[3.23145,50.73707],[3.22674,50.73386]]]},"properties":{"postcode":"7712","nl":"Moeskroen","fr":"Mouscron"}},
{"type":"Feature","geometry":{"type":"Polygon","coordinates":[[[4.18453,50.46132],[4.20088,50.47213],[4.21274,50.47583],[4.21258,50.48456],[4.20416,50.49093],[4.21053,50.4967],[4.20548,50.50469],[4.19585,50.49766],[4.19638,50.49216],[4.1768,50.48727],[4.15949,50.474],[4.16458,50.47007],[4.18274,50.46629],[4.18453,50.46132]]]},"properties":{"postcode":"7100","nl":"La Louvière","fr":"La Louvière"}},
{"type":"Feature","geometry":{"type":"Polygon","coordinates":[[[4.23289,50.44306],[4.241,50.44248],[4.23603,50.43152],[4.24392,50.42581],[4.25178,50.42786],[4.25696,50.42708],[4.25824,50.42446],[4.26315,50.42538],[4.26866,50.42863],[4.2662,50.43416],[4.27111,50.43831],[4.27147,50.44262],[4.2785,50.44384],[4.27759,50.45032],[4.28259,50.4516],[4.26971,50.45935],[4.25615,50.45493],[4.23004,50.44503],[4.23289,50.44306]]]},"properties":{"postcode":"7141","nl":"Morlanwelz","fr":"Morlanwelz"}},
{"type":"Feature","geometry":{"type":"Polygon","coordinates":[[[4.33995,50.84023],[4.34286,50.83309],[4.35832,50.83063],[4.36722,50.82299],[4.36812,50.81487],[4.36975,50.80945],[4.37538,50.79973],[4.40081,50.79636],[4.3969,50.80175],[4.39046,50.80216],[4.38259,50.81585],[4.35609,50.83577],[4.36868,50.84002],[4.37961,50.83683],[4.38026,50.84001],[4.39333,50.83794],[4.39603,50.84341],[4.38405,50.85142],[4.37322,50.84729],[4.35719,50.86031],[4.36109,50.8688],[4.38839,50.88106],[4.402,50.88593],[4.41068,50.87697],[4.42572,50.87213],[4.43706,50.87878],[4.42704,50.89089],[4.43279,50.89473],[4.42433,50.90197],[4.41572,50.90612],[4.40347,50.9139],[4.38776,50.90994],[4.37822,50.89728],[4.36046,50.90118],[4.33092,50.90092],[4.3246,50.89859],[4.32354,50.89412],[4.32987,50.88535],[4.33704,50.88697],[4.33929,50.88175],[4.34052,50.87136],[4.34359,50.86905],[4.34174,50.86496],[4.34665,50.85903],[4.33564,50.84815],[4.33788,50.84645],[4.33995,50.84023]]]},"properties":{"postcode":"1130","nl":"Brussel","fr":"Bruxelles"}},
{"type":"Feature","geometry":{"type":"Polygon","coordinates":[[[4.38077,50.60341],[4.38751,50.61285],[4.38406,50.6288],[4.37565,50.62896],[4.36116,50.62624],[4.3362,50.63103],[4.33028,50.63528],[4.32159,50.63123],[4.33717,50.61254],[4.35847,50.59897],[4.37099,50.605],[4.38077,50.60341]]]},"properties":{"postcode":"1401","nl":"Nijvel","fr":"Nivelles"}},
{"type":"Feature","geometry":{"type":"Polygon","coordinates":[[[4.73355,51.02882],[4.75319,51.0445],[4.75782,51.06047],[4.75496,51.06544],[4.76163,51.07085],[4.7673,51.06982],[4.77998,51.0804],[4.78538,51.08179],[4.78966,51.07944],[4.80613,51.08651],[4.78463,51.09365],[4.77196,51.09643],[4.7747,51.09275],[4.75371,51.08439],[4.74202,51.07738],[4.73209,51.08261],[4.71149,51.07792],[4.69089,51.07813],[4.68297,51.08139],[4.68124,51.08096],[4.68326,51.07466],[4.68927,51.07279],[4.68498,51.06919],[4.67708,51.0546],[4.6835,51.0483],[4.68249,51.04463],[4.69305,51.04245],[4.70233,51.0414],[4.70827,51.03588],[4.73355,51.02882]]]},"properties":{"postcode":"2220","nl":"Heist-op-den-Berg","fr":"Heist-op-den-Berg"}},
{"type":"Feature","geometry":{"type":"Polygon","coordinates":[[[4.97423,51.38269],[4.9816,51.37867],[4.97402,51.36309],[4.97621,51.35944],[4.98153,51.35492],[5.00261,51.35826],[5.02194,51.35493],[5.04401,51.35273],[5.05364,51.3707],[5.07117,51.39348],[5.06115,51.40142],[5.03392,51.4069],[5.02154,51.39951],[5.00398,51.39427],[5.00024,51.38757],[4.99367,51.3874],[4.97423,51.38269]]]},"properties":{"postcode":"2380","nl":"Ravels","fr":"Ravels"}},
{"type":"Feature","geometry":{"type":"Polygon","coordinates":[[[4.75754,50.28237],[4.74296,50.28027],[4.73877,50.2875],[4.73452,50.28852],[4.73211,50.29386],[4.73833,50.30289],[4.7378,50.30647],[4.73212,50.30581],[4.72796,50.30815],[4.71601,50.30616],[4.71058,50.29952],[4.69797,50.29913],[4.70681,50.28838],[4.70504,50.27819],[4.73293,50.27509],[4.7532,50.27518],[4.75754,50.28237]]]},"properties":{"postcode":"5644","nl":"Mettet","fr":"Mettet"}},
{"type":"Feature","geometry":{"type":"Polygon","coordinates":[[[5.42731,50.77537],[5.45089,50.76911],[5.46383,50.75982],[5.50066,50.7727],[5.51846,50.787],[5.50993,50.79023],[5.48755,50.78617],[5.48116,50.78961],[5.44923,50.79916],[5.43646,50.80497],[5.43783,50.79279],[5.42731,50.77537]]]},"properties":{"postcode":"3700","nl":"Tongeren-Borgloon","fr":"Tongeren-Borgloon"}},
{"type":"Feature","geometry":{"type":"Polygon","coordinates":[[[2.84443,50.81452],[2.84892,50.81921],[2.83891,50.83358],[2.82941,50.83055],[2.82312,50.83538],[2.80865,50.82961],[2.79977,50.83377],[2.79635,50.82176],[2.78976,50.81831],[2.81757,50.79791],[2.83453,50.80463],[2.84443,50.81452]]]},"properties":{"postcode":"8900","nl":"Ieper","fr":"Ypres"}},
{"type":"Feature","geometry":{"type":"Polygon","coordinates":[[[2.76169,50.77026],[2.76788,50.76753],[2.79169,50.77223],[2.79478,50.77581],[2.8114,50.7781],[2.792,50.78298],[2.80381,50.79241],[2.81757,50.79791],[2.78976,50.81831],[2.77473,50.80561],[2.77223,50.79611],[2.77244,50.7876],[2.76201,50.78095],[2.75868,50.77317],[2.76169,50.77026]]]},"properties":{"postcode":"8958","nl":"Heuvelland","fr":"Heuvelland"}},
{"type":"Feature","geometry":{"type":"Polygon","coordinates":[[[5.88013,49.62335],[5.87593,49.62628],[5.85808,49.62475],[5.84303,49.62002],[5.84023,49.61105],[5.82885,49.61011],[5.82896,49.60247],[5.84648,49.5968],[5.87652,49.60848],[5.87564,49.61884],[5.88013,49.62335]]]},"properties":{"postcode":"6781","nl":"Messancy","fr":"Messancy"}},
{"type":"Feature","geometry":{"type":"Polygon","coordinates":[[[5.62978,50.09679],[5.63121,50.10196],[5.64563,50.10182],[5.64671,50.10755],[5.67786,50.11474],[5.67148,50.12447],[5.67767,50.13329],[5.67197,50.15303],[5.6622,50.15024],[5.65573,50.16644],[5.62648,50.16693],[5.61959,50.15928],[5.6003,50.15781],[5.60068,50.151],[5.58762,50.14469],[5.58884,50.13337],[5.57972,50.12674],[5.59057,50.11231],[5.58694,50.10857],[5.59736,50.09617],[5.60188,50.08985],[5.62088,50.098],[5.62978,50.09679]]]},"properties":{"postcode":"6983","nl":"La Roche-en-Ardenne","fr":"La Roche-en-Ardenne"}},
{"type":"Feature","geometry":{"type":"Polygon","coordinates":[[[4.24101,50.86845],[4.26857,50.86076],[4.27926,50.86559],[4.28863,50.87344],[4.27967,50.87832],[4.26732,50.88265],[4.24941,50.88261],[4.24054,50.87652],[4.24101,50.86845]]]},"properties":{"postcode":"1702","nl":"Dilbeek","fr":"Dilbeek"}},
{"type":"Feature","geometry":{"type":"Polygon","coordinates":[[[4.51341,50.97971],[4.5287,50.99229],[4.49169,51.00933],[4.48621,51.00543],[4.48856,50.99716],[4.4804,50.99121],[4.48457,50.9882],[4.49318,50.98369],[4.51341,50.97971]]]},"properties":{"postcode":"1981","nl":"Zemst","fr":"Zemst"}},
{"type":"Feature","geometry":{"type":"Polygon","coordinates":[[[3.71977,51.21087],[3.72248,51.20043],[3.74093,51.19254],[3.75622,51.19019],[3.77725,51.20156],[3.78052,51.2096],[3.7909,51.21426],[3.78845,51.22637],[3.78945,51.24579],[3.79547,51.25605],[3.7783,51.26235],[3.76252,51.26178],[3.75371,51.26991],[3.73216,51.25432],[3.73359,51.2368],[3.71452,51.22119],[3.71977,51.21087]]]},"properties":{"postcode":"9960","nl":"Assenede","fr":"Assenede"}},
{"type":"Feature","geometry":{"type":"Polygon","coordinates":[[[3.89533,50.89803],[3.89606,50.90282],[3.90032,50.90315],[3.91021,50.90697],[3.90522,50.91485],[3.89945,50.91342],[3.89273,50.91815],[3.8911,50.91775],[3.87888,50.91609],[3.86913,50.90557],[3.88334,50.89957],[3.89533,50.89803]]]},"properties":{"postcode":"9552","nl":"Herzele","fr":"Herzele"}},
{"type":"Feature","geometry":{"type":"Polygon","coordinates":[[[5.35681,50.68947],[5.36342,50.69941],[5.32719,50.70189],[5.31789,50.69549],[5.35681,50.68947]]]},"properties":{"postcode":"4351","nl":"Remicourt","fr":"Remicourt"}},
{"type":"Feature","geometry":{"type":"Polygon","coordinates":[[[5.68194,50.63792],[5.69274,50.64491],[5.69234,50.66057],[5.68296,50.67389],[5.68438,50.67951],[5.67394,50.67116],[5.67262,50.66551],[5.66183,50.65875],[5.64314,50.65232],[5.65387,50.64852],[5.65679,50.65091],[5.66487,50.64607],[5.66821,50.64619],[5.67321,50.6414],[5.68194,50.63792]]]},"properties":{"postcode":"4671","nl":"Blegny","fr":"Blegny"}},
{"type":"Feature","geometry":{"type":"Polygon","coordinates":[[[4.28732,50.32293],[4.3055,50.32513],[4.31644,50.32955],[4.32431,50.33628],[4.32568,50.35363],[4.3173,50.35772],[4.3044,50.36932],[4.30413,50.36946],[4.29361,50.36797],[4.29021,50.3764],[4.28065,50.35025],[4.26685,50.33916],[4.2599,50.33247],[4.27748,50.3219],[4.28732,50.32293]]]},"properties":{"postcode":"6530","nl":"Thuin","fr":"Thuin"}},
{"type":"Feature","geometry":{"type":"Polygon","coordinates":[[[3.5241,50.54309],[3.53017,50.53566],[3.54642,50.54696],[3.56005,50.53973],[3.56484,50.54336],[3.55159,50.55832],[3.54062,50.55725],[3.53175,50.56846],[3.52017,50.56029],[3.51658,50.55146],[3.5241,50.54309]]]},"properties":{"postcode":"7604","nl":"Péruwelz","fr":"Péruwelz"}},
{"type":"Feature","geometry":{"type":"Polygon","coordinates":[[[3.96326,50.38497],[3.9547,50.38769],[3.94857,50.38159],[3.92214,50.3812],[3.91655,50.37631],[3.8955,50.37189],[3.89315,50.36803],[3.91172,50.36317],[3.90266,50.34813],[3.91325,50.34076],[3.91804,50.34789],[3.93283,50.36022],[3.95737,50.37712],[3.96326,50.38497]]]},"properties":{"postcode":"7040","nl":"Quévy","fr":"Quévy"}},
{"type":"Feature","geometry":{"type":"Polygon","coordinates":[[[4.42844,50.36074],[4.43237,50.36038],[4.43446,50.35303],[4.44332,50.35385],[4.45399,50.36144],[4.45894,50.36199],[4.4576,50.36828],[4.46216,50.37604],[4.45602,50.37655],[4.45828,50.38234],[4.45348,50.3838],[4.45994,50.40114],[4.45282,50.40353],[4.43169,50.4075],[4.4167,50.41108],[4.42334,50.40116],[4.41985,50.38863],[4.42299,50.37389],[4.43023,50.36736],[4.42844,50.36074]]]},"properties":{"postcode":"6001","nl":"Charleroi","fr":"Charleroi"}},
{"type":"Feature","geometry":{"type":"Polygon","coordinates":[[[4.01939,50.63281],[3.97826,50.62194],[3.98344,50.60837],[4.01562,50.60601],[4.022,50.58605],[4.04026,50.5826],[4.05351,50.59527],[4.06511,50.59859],[4.07086,50.60161],[4.06599,50.60618],[4.06331,50.61197],[4.07003,50.61501],[4.06934,50.61748],[4.07238,50.62123],[4.0602,50.62592],[4.05689,50.62923],[4.04788,50.63193],[4.03574,50.63093],[4.02655,50.63375],[4.01939,50.63281]]]},"properties":{"postcode":"7060","nl":"Zinnik","fr":"Soignies"}},
{"type":"Feature","geometry":{"type":"Polygon","coordinates":[[[3.42178,50.57842],[3.43087,50.58622],[3.41911,50.59167],[3.4081,50.59666],[3.39683,50.59197],[3.40183,50.57696],[3.42178,50.57842]]]},"properties":{"postcode":"7521","nl":"Doornik","fr":"Tournai"}},
{"type":"Feature","geometry":{"type":"Polygon","coordinates":[[[2.96741,50.77141],[2.98279,50.78669],[2.98019,50.79056],[2.98313,50.79435],[2.98355,50.8048],[2.97672,50.80312],[2.96511,50.80161],[2.95991,50.79767],[2.93718,50.79361],[2.94704,50.79101],[2.96034,50.77956],[2.95979,50.77351],[2.96741,50.77141]]]},"properties":{"postcode":"7781","nl":"Komen-Waasten","fr":"Comines-Warneton"}},
{"type":"Feature","geometry":{"type":"Polygon","coordinates":[[[3.43087,50.58622],[3.44126,50.58074],[3.46099,50.58736],[3.45407,50.59742],[3.43987,50.60046],[3.42525,50.5975],[3.41911,50.59167],[3.43087,50.58622]]]},"properties":{"postcode":"7536","nl":"Doornik","fr":"Tournai"}},
{"type":"Feature","geometry":{"type":"Polygon","coordinates":[[[3.7442,50.64447],[3.75203,50.64714],[3.7618,50.64289],[3.77268,50.64734],[3.77833,50.65442],[3.76525,50.66393],[3.75201,50.6625],[3.74148,50.6528],[3.7442,50.64447]]]},"properties":{"postcode":"7803","nl":"Aat","fr":"Ath"}},
{"type":"Feature","geometry":{"type":"Polygon","coordinates":[[[2.96741,50.77141],[2.98705,50.76725],[2.99713,50.76223],[3.01204,50.7692],[3.02753,50.78026],[3.01874,50.78223],[3.01275,50.78639],[3.01467,50.78997],[3.00858,50.79525],[3.01503,50.80267],[3.01116,50.80754],[3.00264,50.80838],[3.00002,50.81079],[2.98355,50.8048],[2.98313,50.79435],[2.98019,50.79056],[2.98279,50.78669],[2.96741,50.77141]]]},"properties":{"postcode":"7780","nl":"Komen-Waasten","fr":"Comines-Warneton"}},
{"type":"Feature","geometry":{"type":"Polygon","coordinates":[[[3.49738,50.60811],[3.49607,50.61655],[3.48578,50.63242],[3.49027,50.63721],[3.46912,50.64241],[3.46266,50.63127],[3.44869,50.61863],[3.45623,50.6077],[3.4895,50.60618],[3.49738,50.60811]]]},"properties":{"postcode":"7531","nl":"Doornik","fr":"Tournai"}},
{"type":"Feature","geometry":{"type":"Polygon","coordinates":[[[4.35719,50.86031],[4.38405,50.85142],[4.39603,50.84341],[4.40005,50.84365],[4.41084,50.84914],[4.41178,50.85204],[4.40004,50.86389],[4.38839,50.88106],[4.36109,50.8688],[4.35719,50.86031]]]},"properties":{"postcode":"1043","nl":"Schaarbeek","fr":"Schaerbeek"}},
{"type":"Feature","geometry":{"type":"Polygon","coordinates":[[[4.59475,50.65575],[4.62688,50.66087],[4.64122,50.66506],[4.63289,50.67129],[4.62511,50.68419],[4.61773,50.68262],[4.61288,50.68865],[4.59702,50.68293],[4.57287,50.67316],[4.55097,50.6768],[4.54224,50.68294],[4.52551,50.68484],[4.51763,50.68633],[4.51167,50.67784],[4.51475,50.67548],[4.57353,50.65833],[4.59475,50.65575]]]},"properties":{"postcode":"1340","nl":"Ottignies-Louvain-la-Neuve","fr":"Ottignies-Louvain-la-Neuve"}},
{"type":"Feature","geometry":{"type":"Polygon","coordinates":[[[4.52551,50.68484],[4.54224,50.68294],[4.55097,50.6768],[4.57287,50.67316],[4.59702,50.68293],[4.57897,50.68799],[4.55745,50.68804],[4.52969,50.69508],[4.52637,50.69644],[4.52492,50.69142],[4.52157,50.68708],[4.52551,50.68484]]]},"properties":{"postcode":"1342","nl":"Ottignies-Louvain-la-Neuve","fr":"Ottignies-Louvain-la-Neuve"}},
{"type":"Feature","geometry":{"type":"Polygon","coordinates":[[[4.59119,50.65436],[4.59506,50.65301],[4.60791,50.65474],[4.60435,50.64725],[4.6062,50.64461],[4.59813,50.63746],[4.59277,50.62426],[4.61307,50.6342],[4.6158,50.64569],[4.62684,50.64981],[4.62688,50.66087],[4.59475,50.65575],[4.59119,50.65436]]]},"properties":{"postcode":"1348","nl":"Mont-Saint-Guibert","fr":"Mont-Saint-Guibert"}},
{"type":"Feature","geometry":{"type":"Polygon","coordinates":[[[4.42228,51.18037],[4.43295,51.17699],[4.44219,51.17957],[4.44417,51.18713],[4.4492,51.18944],[4.45174,51.19486],[4.44433,51.20548],[4.43665,51.20744],[4.42556,51.2013],[4.41037,51.19739],[4.42228,51.18037]]]},"properties":{"postcode":"2600","nl":"Antwerpen","fr":"Anvers"}},
{"type":"Feature","geometry":{"type":"Polygon","coordinates":[[[5.04985,51.2192],[5.0553,51.21872],[5.10607,51.22586],[5.10947,51.22941],[5.12541,51.22166],[5.1599,51.22571],[5.16622,51.23535],[5.1766,51.23722],[5.17748,51.24258],[5.17106,51.24863],[5.15905,51.26971],[5.12237,51.25984],[5.11682,51.26138],[5.08777,51.2478],[5.07812,51.24867],[5.05628,51.22348],[5.04985,51.2192]]]},"properties":{"postcode":"2480","nl":"Dessel","fr":"Dessel"}},
{"type":"Feature","geometry":{"type":"Polygon","coordinates":[[[5.33886,50.33627],[5.36177,50.35009],[5.35329,50.36242],[5.3509,50.36802],[5.3503,50.37471],[5.34645,50.38651],[5.33734,50.38051],[5.31806,50.37285],[5.33179,50.35522],[5.32927,50.34567],[5.33886,50.33627]]]},"properties":{"postcode":"5372","nl":"Havelange","fr":"Havelange"}},
{"type":"Feature","geometry":{"type":"Polygon","coordinates":[[[4.91382,50.47742],[4.93432,50.48441],[4.94059,50.48685],[4.95407,50.50198],[4.94038,50.50353],[4.93111,50.50631],[4.92088,50.50301],[4.92245,50.49916],[4.91224,50.49015],[4.91382,50.47742]]]},"properties":{"postcode":"5021","nl":"Namen","fr":"Namur"}},
{"type":"Feature","geometry":{"type":"Polygon","coordinates":[[[5.66912,50.91401],[5.69654,50.91334],[5.71156,50.92738],[5.71191,50.93578],[5.70044,50.93874],[5.68169,50.93443],[5.66171,50.93748],[5.63183,50.94452],[5.60432,50.93448],[5.61375,50.92787],[5.62688,50.92258],[5.64091,50.92206],[5.66912,50.91401]]]},"properties":{"postcode":"3621","nl":"Lanaken","fr":"Lanaken"}},
{"type":"Feature","geometry":{"type":"Polygon","coordinates":[[[3.39291,50.88842],[3.39977,50.89027],[3.40647,50.8977],[3.41671,50.90354],[3.4196,50.91095],[3.40699,50.91051],[3.39512,50.90536],[3.3811,50.90157],[3.3708,50.90011],[3.37784,50.89794],[3.37601,50.89564],[3.38175,50.8909],[3.39291,50.88842]]]},"properties":{"postcode":"8793","nl":"Waregem","fr":"Waregem"}},
{"type":"Feature","geometry":{"type":"Polygon","coordinates":[[[5.61488,50.02299],[5.62194,50.03582],[5.61956,50.04187],[5.63497,50.04398],[5.63815,50.03598],[5.64998,50.0361],[5.64696,50.04995],[5.64974,50.06221],[5.66024,50.06704],[5.64878,50.07478],[5.63725,50.09071],[5.62978,50.09679],[5.62088,50.098],[5.60188,50.08985],[5.59736,50.09617],[5.59303,50.08903],[5.5657,50.08],[5.55586,50.07431],[5.54615,50.07521],[5.54211,50.06766],[5.54221,50.05925],[5.5625,50.06129],[5.57329,50.05772],[5.58513,50.04284],[5.5838,50.03761],[5.60364,50.02542],[5.61488,50.02299]]]},"properties":{"postcode":"6686","nl":"Bastenaken","fr":"Bastogne"}},
{"type":"Feature","geometry":{"type":"Polygon","coordinates":[[[5.12194,49.82785],[5.13444,49.8289],[5.15124,49.82547],[5.16421,49.82565],[5.16081,49.8293],[5.15318,49.82993],[5.13986,49.85179],[5.1423,49.84466],[5.13068,49.84332],[5.12134,49.84975],[5.10021,49.85001],[5.0918,49.85781],[5.08087,49.85303],[5.0719,49.84423],[5.08515,49.84855],[5.09106,49.84041],[5.10647,49.83592],[5.12194,49.82785]]]},"properties":{"postcode":"6834","nl":"Bouillon","fr":"Bouillon"}},
{"type":"Feature","geometry":{"type":"Polygon","coordinates":[[[5.10059,50.0236],[5.0969,50.03065],[5.09071,50.03259],[5.08775,50.04081],[5.10338,50.04297],[5.09689,50.05646],[5.1024,50.08147],[5.09484,50.09493],[5.08901,50.09461],[5.08913,50.08916],[5.06835,50.08175],[5.07472,50.07843],[5.07913,50.06552],[5.07348,50.05587],[5.08262,50.04679],[5.07718,50.03917],[5.06067,50.02943],[5.05964,50.02357],[5.0621,50.0207],[5.07246,50.01824],[5.0807,50.01752],[5.08379,50.016],[5.09022,50.02307],[5.09649,50.02424],[5.10059,50.0236]]]},"properties":{"postcode":"6924","nl":"Wellin","fr":"Wellin"}},
{"type":"Feature","geometry":{"type":"Polygon","coordinates":[[[5.55381,50.38851],[5.53932,50.39112],[5.53119,50.3942],[5.52892,50.39728],[5.51795,50.39434],[5.50059,50.38593],[5.50811,50.36782],[5.50654,50.35757],[5.51481,50.35365],[5.53136,50.36397],[5.54766,50.36875],[5.54676,50.37877],[5.55381,50.38851]]]},"properties":{"postcode":"6941","nl":"Durbuy","fr":"Durbuy"}},
{"type":"Feature","geometry":{"type":"Polygon","coordinates":[[[5.24265,50.13432],[5.26251,50.12052],[5.2816,50.12008],[5.29998,50.1143],[5.30896,50.11611],[5.31849,50.12625],[5.30572,50.13598],[5.29707,50.14641],[5.28121,50.14206],[5.27356,50.14476],[5.24265,50.13432]]]},"properties":{"postcode":"6953","nl":"Nassogne","fr":"Nassogne"}},
{"type":"Feature","geometry":{"type":"Polygon","coordinates":[[[4.32126,50.72801],[4.32571,50.73266],[4.3233,50.73606],[4.33548,50.74082],[4.34098,50.73956],[4.33967,50.74421],[4.3456,50.74597],[4.3476,50.74953],[4.35317,50.74964],[4.35599,50.75712],[4.35217,50.75626],[4.34482,50.76022],[4.33862,50.76182],[4.33957,50.75901],[4.31633,50.75478],[4.30001,50.75606],[4.30033,50.75493],[4.31442,50.75169],[4.31526,50.74345],[4.30587,50.73671],[4.31805,50.73325],[4.3178,50.72963],[4.32126,50.72801]]]},"properties":{"postcode":"1652","nl":"Beersel","fr":"Beersel"}},
{"type":"Feature","geometry":{"type":"Polygon","coordinates":[[[4.70323,50.82031],[4.69411,50.82568],[4.697,50.83337],[4.68554,50.82624],[4.67335,50.82413],[4.68073,50.81444],[4.70224,50.81655],[4.70323,50.82031]]]},"properties":{"postcode":"3054","nl":"Oud-Heverlee","fr":"Oud-Heverlee"}},
{"type":"Feature","geometry":{"type":"Polygon","coordinates":[[[4.04074,50.83766],[4.06951,50.83345],[4.06876,50.82588],[4.07466,50.81351],[4.09059,50.81774],[4.09576,50.82592],[4.10152,50.8447],[4.09812,50.85064],[4.09373,50.85569],[4.08041,50.85593],[4.06924,50.85176],[4.05898,50.85482],[4.05984,50.85032],[4.05419,50.84643],[4.04074,50.83766]]]},"properties":{"postcode":"1760","nl":"Roosdaal","fr":"Roosdaal"}},
{"type":"Feature","geometry":{"type":"Polygon","coordinates":[[[4.55221,50.8559],[4.54651,50.85329],[4.55229,50.85175],[4.55591,50.84635],[4.57325,50.83573],[4.5804,50.82983],[4.59156,50.82743],[4.60308,50.83521],[4.60729,50.82987],[4.61551,50.83204],[4.61905,50.82996],[4.62316,50.83098],[4.62639,50.83622],[4.61702,50.84056],[4.62674,50.84946],[4.62012,50.85948],[4.60621,50.85672],[4.59117,50.86551],[4.58462,50.86372],[4.55221,50.8559]]]},"properties":{"postcode":"3061","nl":"Bertem","fr":"Bertem"}},
{"type":"Feature","geometry":{"type":"Polygon","coordinates":[[[3.53132,51.13755],[3.53366,51.12909],[3.55381,51.12635],[3.56108,51.12905],[3.55881,51.14062],[3.53132,51.13755]]]},"properties":{"postcode":"9932","nl":"Lievegem","fr":"Lievegem"}},
{"type":"Feature","geometry":{"type":"Polygon","coordinates":[[[3.65436,50.78421],[3.66866,50.77043],[3.67751,50.7707],[3.68852,50.7736],[3.69805,50.77454],[3.71018,50.78186],[3.71034,50.79495],[3.70434,50.79744],[3.70511,50.805],[3.69917,50.81144],[3.6945,50.80993],[3.69381,50.80481],[3.68769,50.7984],[3.68247,50.80118],[3.685,50.80944],[3.67642,50.81048],[3.65869,50.79646],[3.65511,50.78455],[3.65436,50.78421]]]},"properties":{"postcode":"9688","nl":"Maarkedal","fr":"Maarkedal"}},
{"type":"Feature","geometry":{"type":"Polygon","coordinates":[[[3.8911,50.91775],[3.89111,50.93486],[3.88259,50.94268],[3.87081,50.9412],[3.86002,50.93548],[3.84338,50.93643],[3.86816,50.92846],[3.87888,50.91609],[3.8911,50.91775]]]},"properties":{"postcode":"9521","nl":"Sint-Lievens-Houtem","fr":"Sint-Lievens-Houtem"}},
{"type":"Feature","geometry":{"type":"Polygon","coordinates":[[[5.98171,50.70257],[5.9723,50.71175],[5.96882,50.72265],[5.97557,50.73019],[5.96689,50.7387],[5.95322,50.73411],[5.93857,50.72523],[5.92354,50.70778],[5.93012,50.69405],[5.92433,50.68711],[5.91516,50.68269],[5.92237,50.67853],[5.94033,50.69351],[5.95882,50.69949],[5.96721,50.69505],[5.98171,50.70257]]]},"properties":{"postcode":"4850","nl":"Plombières","fr":"Plombières"}},
{"type":"Feature","geometry":{"type":"Polygon","coordinates":[[[5.48917,50.47734],[5.48213,50.48706],[5.49721,50.49526],[5.50287,50.50278],[5.50477,50.50634],[5.50042,50.51114],[5.50471,50.51253],[5.49835,50.52023],[5.50148,50.52252],[5.4874,50.52247],[5.48123,50.52025],[5.47694,50.52147],[5.47114,50.51692],[5.46223,50.51539],[5.46366,50.51229],[5.46303,50.50734],[5.45596,50.50599],[5.44924,50.50081],[5.45008,50.49688],[5.43781,50.48995],[5.43792,50.48625],[5.4406,50.48128],[5.45925,50.48139],[5.46379,50.46833],[5.47377,50.46541],[5.47783,50.46549],[5.48553,50.46787],[5.48325,50.47494],[5.48917,50.47734]]]},"properties":{"postcode":"4163","nl":"Anthisnes","fr":"Anthisnes"}},
{"type":"Feature","geometry":{"type":"Polygon","coordinates":[[[5.77115,50.68592],[5.75875,50.69395],[5.75338,50.7022],[5.74705,50.70357],[5.73723,50.71329],[5.72932,50.70734],[5.74406,50.69707],[5.74996,50.68198],[5.76144,50.68094],[5.77115,50.68592]]]},"properties":{"postcode":"4606","nl":"Dalhem","fr":"Dalhem"}},
{"type":"Feature","geometry":{"type":"Polygon","coordinates":[[[5.19215,50.65936],[5.18246,50.66841],[5.17454,50.6668],[5.16485,50.65908],[5.16515,50.64713],[5.1823,50.64727],[5.18007,50.65048],[5.19215,50.65936]]]},"properties":{"postcode":"4254","nl":"Geer","fr":"Geer"}},
{"type":"Feature","geometry":{"type":"Polygon","coordinates":[[[3.71411,50.56248],[3.72963,50.56481],[3.71974,50.57494],[3.74497,50.58127],[3.76098,50.59519],[3.7574,50.60171],[3.75336,50.60653],[3.74246,50.61092],[3.72765,50.60294],[3.72234,50.59522],[3.71328,50.59249],[3.70781,50.58268],[3.69687,50.57879],[3.70034,50.5694],[3.71411,50.56248]]]},"properties":{"postcode":"7802","nl":"Aat","fr":"Ath"}},
{"type":"Feature","geometry":{"type":"Polygon","coordinates":[[[4.21458,50.52348],[4.22306,50.53246],[4.24587,50.54397],[4.26446,50.55085],[4.27163,50.56622],[4.25767,50.56622],[4.25163,50.59119],[4.25494,50.59343],[4.24695,50.5964],[4.24262,50.5952],[4.23753,50.59988],[4.23115,50.60069],[4.2289,50.59641],[4.23417,50.59331],[4.23498,50.59057],[4.2287,50.58627],[4.22222,50.57624],[4.22853,50.57302],[4.21685,50.56096],[4.22225,50.55881],[4.22529,50.54748],[4.21962,50.53756],[4.20831,50.53109],[4.21458,50.52348]]]},"properties":{"postcode":"7181","nl":"Seneffe","fr":"Seneffe"}},
{"type":"Feature","geometry":{"type":"Polygon","coordinates":[[[4.39393,50.42667],[4.40406,50.42717],[4.40807,50.43177],[4.40418,50.44295],[4.4053,50.45557],[4.39731,50.45704],[4.37877,50.44784],[4.37569,50.44108],[4.36252,50.43632],[4.37417,50.43087],[4.39165,50.43147],[4.39393,50.42667]]]},"properties":{"postcode":"6044","nl":"Charleroi","fr":"Charleroi"}},
{"type":"Feature","geometry":{"type":"Polygon","coordinates":[[[3.77112,50.45182],[3.78573,50.47351],[3.77707,50.48216],[3.78057,50.49065],[3.74987,50.49923],[3.74547,50.50234],[3.73627,50.49609],[3.74812,50.48628],[3.7538,50.47637],[3.74624,50.45783],[3.75207,50.44606],[3.75771,50.44449],[3.7653,50.44429],[3.77112,50.45182]]]},"properties":{"postcode":"7334","nl":"Saint-Ghislain","fr":"Saint-Ghislain"}},
{"type":"Feature","geometry":{"type":"Polygon","coordinates":[[[4.35719,50.86031],[4.38405,50.85142],[4.39603,50.84341],[4.40005,50.84365],[4.41084,50.84914],[4.41178,50.85204],[4.40004,50.86389],[4.38839,50.88106],[4.36109,50.8688],[4.35719,50.86031]]]},"properties":{"postcode":"1031","nl":"Schaarbeek","fr":"Schaerbeek"}},
{"type":"Feature","geometry":{"type":"Polygon","coordinates":[[[4.33995,50.84023],[4.34286,50.83309],[4.35832,50.83063],[4.36722,50.82299],[4.36812,50.81487],[4.36975,50.80945],[4.37538,50.79973],[4.40081,50.79636],[4.3969,50.80175],[4.39046,50.80216],[4.38259,50.81585],[4.35609,50.83577],[4.36868,50.84002],[4.37961,50.83683],[4.38026,50.84001],[4.39333,50.83794],[4.39603,50.84341],[4.38405,50.85142],[4.37322,50.84729],[4.35719,50.86031],[4.36109,50.8688],[4.38839,50.88106],[4.402,50.88593],[4.41068,50.87697],[4.42572,50.87213],[4.43706,50.87878],[4.42704,50.89089],[4.43279,50.89473],[4.42433,50.90197],[4.41572,50.90612],[4.40347,50.9139],[4.38776,50.90994],[4.37822,50.89728],[4.36046,50.90118],[4.33092,50.90092],[4.3246,50.89859],[4.32354,50.89412],[4.32987,50.88535],[4.33704,50.88697],[4.33929,50.88175],[4.34052,50.87136],[4.34359,50.86905],[4.34174,50.86496],[4.34665,50.85903],[4.33564,50.84815],[4.33788,50.84645],[4.33995,50.84023]]]},"properties":{"postcode":"1007","nl":"Brussel","fr":"Bruxelles"}},
{"type":"Feature","geometry":{"type":"Polygon","coordinates":[[[4.35719,50.86031],[4.38405,50.85142],[4.39603,50.84341],[4.40005,50.84365],[4.41084,50.84914],[4.41178,50.85204],[4.40004,50.86389],[4.38839,50.88106],[4.36109,50.8688],[4.35719,50.86031]]]},"properties":{"postcode":"1030","nl":"Schaarbeek","fr":"Schaerbeek"}},
{"type":"Feature","geometry":{"type":"Polygon","coordinates":[[[4.44273,51.23004],[4.44268,51.23515],[4.45757,51.23831],[4.45602,51.24569],[4.46626,51.25006],[4.46374,51.25397],[4.4642,51.2599],[4.46098,51.26824],[4.42861,51.26405],[4.42534,51.24075],[4.44273,51.23004]]]},"properties":{"postcode":"2170","nl":"Antwerpen","fr":"Anvers"}},
{"type":"Feature","geometry":{"type":"Polygon","coordinates":[[[4.91431,50.35418],[4.91889,50.35284],[4.92054,50.34677],[4.93197,50.34655],[4.94506,50.3523],[4.95771,50.35403],[4.97781,50.36695],[4.9785,50.38649],[4.9714,50.40092],[4.95743,50.39871],[4.96252,50.38872],[4.95799,50.38503],[4.9325,50.38517],[4.9213,50.38765],[4.91928,50.3877],[4.91417,50.37694],[4.91873,50.37354],[4.91251,50.37112],[4.91076,50.36804],[4.89944,50.36789],[4.89662,50.36359],[4.90122,50.35805],[4.91216,50.35843],[4.91431,50.35418]]]},"properties":{"postcode":"5330","nl":"Assesse","fr":"Assesse"}},
{"type":"Feature","geometry":{"type":"Polygon","coordinates":[[[5.05148,50.14497],[5.03351,50.13222],[5.01896,50.13787],[5.00773,50.14525],[5.01476,50.13959],[5.02021,50.12754],[5.02582,50.12362],[5.02171,50.11064],[5.03404,50.10908],[5.04332,50.10832],[5.05581,50.12218],[5.06496,50.12093],[5.06571,50.12279],[5.08084,50.1268],[5.07358,50.13549],[5.05917,50.14381],[5.05148,50.14497]]]},"properties":{"postcode":"5572","nl":"Beauraing","fr":"Beauraing"}},
{"type":"Feature","geometry":{"type":"Polygon","coordinates":[[[5.60432,50.93448],[5.60426,50.93446],[5.60569,50.92458],[5.60932,50.91786],[5.61146,50.91033],[5.61171,50.90275],[5.61359,50.89816],[5.6236,50.88581],[5.6355,50.87436],[5.64416,50.87135],[5.67197,50.88111],[5.69234,50.89371],[5.68756,50.90018],[5.67439,50.90688],[5.66912,50.91401],[5.64091,50.92206],[5.62688,50.92258],[5.61375,50.92787],[5.60432,50.93448]]]},"properties":{"postcode":"3620","nl":"Lanaken","fr":"Lanaken"}},
{"type":"Feature","geometry":{"type":"Polygon","coordinates":[[[5.16395,51.07773],[5.15793,51.08425],[5.15863,51.09409],[5.16744,51.10249],[5.15831,51.10957],[5.16174,51.11792],[5.15138,51.11938],[5.13022,51.11659],[5.12983,51.11242],[5.12682,51.10833],[5.11844,51.1038],[5.11305,51.10194],[5.10849,51.09862],[5.10285,51.09654],[5.10038,51.09375],[5.09493,51.08539],[5.09545,51.0795],[5.11471,51.07382],[5.15171,51.08031],[5.16395,51.07773]]]},"properties":{"postcode":"3945","nl":"Tessenderlo-Ham","fr":"Tessenderlo-Ham"}},
{"type":"Feature","geometry":{"type":"Polygon","coordinates":[[[2.79713,51.15027],[2.81506,51.14549],[2.81961,51.14146],[2.83327,51.14147],[2.83696,51.13144],[2.84434,51.12871],[2.85107,51.11973],[2.8688,51.12291],[2.87719,51.13211],[2.87373,51.13815],[2.86395,51.14391],[2.85063,51.16291],[2.84394,51.16746],[2.83668,51.16657],[2.83015,51.17858],[2.80218,51.16903],[2.80093,51.16693],[2.79519,51.15771],[2.79713,51.15027]]]},"properties":{"postcode":"8433","nl":"Middelkerke","fr":"Middelkerke"}},
{"type":"Feature","geometry":{"type":"Polygon","coordinates":[[[3.30735,51.03894],[3.32071,51.03988],[3.32225,51.05036],[3.3426,51.05301],[3.34498,51.05826],[3.33512,51.06899],[3.3495,51.08153],[3.32969,51.09763],[3.32679,51.10108],[3.32117,51.10403],[3.30212,51.09935],[3.29995,51.09797],[3.28329,51.09745],[3.27541,51.09254],[3.26652,51.09769],[3.25967,51.09428],[3.26123,51.09123],[3.23445,51.07861],[3.23543,51.06959],[3.23187,51.06476],[3.22472,51.06442],[3.22726,51.05606],[3.23456,51.05328],[3.25022,51.03611],[3.26787,51.03682],[3.27376,51.03413],[3.28528,51.03751],[3.29095,51.03731],[3.30735,51.03894]]]},"properties":{"postcode":"8750","nl":"Wingene","fr":"Wingene"}},
{"type":"Feature","geometry":{"type":"Polygon","coordinates":[[[5.94895,50.31497],[5.9551,50.31872],[5.97113,50.31871],[5.98044,50.32442],[5.98017,50.32983],[5.96075,50.32738],[5.95565,50.33337],[5.9374,50.33835],[5.92835,50.33249],[5.91073,50.33514],[5.90134,50.3394],[5.87974,50.34168],[5.86105,50.34529],[5.85129,50.33528],[5.85404,50.32782],[5.8624,50.32522],[5.86652,50.3198],[5.86925,50.31945],[5.86389,50.30548],[5.86958,50.3043],[5.87443,50.30979],[5.88363,50.31001],[5.8906,50.30457],[5.92017,50.3032],[5.94895,50.31497]]]},"properties":{"postcode":"6698","nl":"Vielsalm","fr":"Vielsalm"}},
{"type":"Feature","geometry":{"type":"Polygon","coordinates":[[[5.13986,49.85179],[5.12856,49.86163],[5.12976,49.87215],[5.1385,49.87333],[5.12741,49.87844],[5.13259,49.88326],[5.10989,49.88857],[5.10471,49.88629],[5.1089,49.88364],[5.09673,49.87189],[5.08824,49.87596],[5.07928,49.87204],[5.08932,49.86694],[5.0918,49.85781],[5.10021,49.85001],[5.12134,49.84975],[5.13068,49.84332],[5.1423,49.84466],[5.13986,49.85179]]]},"properties":{"postcode":"6851","nl":"Paliseul","fr":"Paliseul"}},
{"type":"Feature","geometry":{"type":"Polygon","coordinates":[[[4.8687,50.95621],[4.86582,50.95806],[4.8298,50.9629],[4.79846,50.95418],[4.79752,50.94688],[4.78324,50.94452],[4.78493,50.93664],[4.79976,50.94009],[4.81184,50.9369],[4.81892,50.93725],[4.84276,50.93112],[4.85091,50.93346],[4.85774,50.9428],[4.87205,50.9506],[4.8687,50.95621]]]},"properties":{"postcode":"3221","nl":"Holsbeek","fr":"Holsbeek"}},
{"type":"Feature","geometry":{"type":"Polygon","coordinates":[[[4.97237,50.88194],[4.96831,50.87729],[4.94874,50.87396],[4.93936,50.89279],[4.92656,50.88397],[4.9321,50.87506],[4.92792,50.86601],[4.93772,50.86163],[4.94821,50.87105],[4.95584,50.85913],[4.97595,50.86563],[4.98653,50.87405],[4.97237,50.88194]]]},"properties":{"postcode":"3380","nl":"Glabbeek","fr":"Glabbeek"}},
{"type":"Feature","geometry":{"type":"Polygon","coordinates":[[[4.90836,50.76942],[4.90738,50.76486],[4.90258,50.76052],[4.90914,50.75639],[4.90652,50.74947],[4.93895,50.74736],[4.94267,50.74906],[4.95154,50.75038],[4.95326,50.75209],[4.93397,50.77067],[4.92423,50.77919],[4.92168,50.77463],[4.90836,50.76942]]]},"properties":{"postcode":"3321","nl":"Hoegaarden","fr":"Hoegaarden"}},
{"type":"Feature","geometry":{"type":"Polygon","coordinates":[[[4.3078,50.78212],[4.3134,50.78766],[4.30713,50.78917],[4.30365,50.79474],[4.2914,50.79667],[4.28854,50.79636],[4.28943,50.78727],[4.27778,50.77983],[4.30172,50.77337],[4.3078,50.78212]]]},"properties":{"postcode":"1601","nl":"Sint-Pieters-Leeuw","fr":"Sint-Pieters-Leeuw"}},
{"type":"Feature","geometry":{"type":"Polygon","coordinates":[[[3.50383,50.98353],[3.5281,50.97688],[3.53631,50.98146],[3.54963,50.98207],[3.56219,50.99004],[3.5579,50.99628],[3.54445,50.9885],[3.52752,50.99453],[3.48968,50.99376],[3.46789,50.98986],[3.48116,50.98121],[3.48812,50.98123],[3.49491,50.98302],[3.50383,50.98353]]]},"properties":{"postcode":"9800","nl":"Deinze","fr":"Deinze"}},
{"type":"Feature","geometry":{"type":"Polygon","coordinates":[[[4.02769,50.92104],[4.02242,50.91684],[4.0238,50.90689],[4.04152,50.90451],[4.05567,50.91],[4.06517,50.91005],[4.07124,50.90286],[4.07424,50.8994],[4.07893,50.90151],[4.08603,50.90245],[4.10111,50.91003],[4.09489,50.91563],[4.0921,50.91607],[4.0891,50.92646],[4.09585,50.9324],[4.09582,50.93251],[4.06535,50.92415],[4.05184,50.92849],[4.03235,50.92003],[4.02769,50.92104]]]},"properties":{"postcode":"9320","nl":"Aalst","fr":"Alost"}},
{"type":"Feature","geometry":{"type":"Polygon","coordinates":[[[3.9922,50.86103],[4.01205,50.86179],[4.02513,50.85894],[4.03879,50.8653],[4.02921,50.87709],[4.03614,50.88439],[4.03994,50.89262],[4.03316,50.89762],[4.00587,50.88903],[3.99157,50.8805],[3.97381,50.8795],[3.96775,50.87408],[3.97356,50.86778],[3.9922,50.86103]]]},"properties":{"postcode":"9450","nl":"Haaltert","fr":"Haaltert"}},
{"type":"Feature","geometry":{"type":"Polygon","coordinates":[[[5.55583,50.69361],[5.56311,50.69808],[5.55433,50.7011],[5.56386,50.70936],[5.55441,50.71633],[5.54262,50.72312],[5.53451,50.70747],[5.54596,50.69956],[5.55583,50.69361]]]},"properties":{"postcode":"4450","nl":"Juprelle","fr":"Juprelle"}},
{"type":"Feature","geometry":{"type":"Polygon","coordinates":[[[5.55583,50.69361],[5.56311,50.69808],[5.55433,50.7011],[5.56386,50.70936],[5.55441,50.71633],[5.54262,50.72312],[5.53451,50.70747],[5.54596,50.69956],[5.55583,50.69361]]]},"properties":{"postcode":"4453","nl":"Juprelle","fr":"Juprelle"}},
{"type":"Feature","geometry":{"type":"Polygon","coordinates":[[[5.46066,50.70137],[5.44778,50.72188],[5.43582,50.7221],[5.42438,50.71225],[5.42678,50.6934],[5.44069,50.69025],[5.45495,50.69362],[5.46066,50.70137]]]},"properties":{"postcode":"4340","nl":"Awans","fr":"Awans"}},
{"type":"Feature","geometry":{"type":"Polygon","coordinates":[[[5.87974,50.34168],[5.90134,50.3394],[5.91073,50.33514],[5.92835,50.33249],[5.9374,50.33835],[5.95565,50.33337],[5.96075,50.32738],[5.98017,50.32983],[5.9979,50.32972],[5.99573,50.3355],[5.99963,50.34826],[5.99493,50.3581],[5.9838,50.36187],[5.97091,50.36405],[5.96716,50.37132],[5.95548,50.37392],[5.94343,50.37311],[5.93714,50.37106],[5.92896,50.37113],[5.926,50.37295],[5.91901,50.37427],[5.91596,50.37352],[5.91172,50.37747],[5.90619,50.37904],[5.89704,50.37677],[5.88952,50.378],[5.87115,50.37356],[5.8736,50.36698],[5.88807,50.36242],[5.88944,50.34731],[5.87974,50.34168]]]},"properties":{"postcode":"4980","nl":"Trois-Ponts","fr":"Trois-Ponts"}},
{"type":"Feature","geometry":{"type":"Polygon","coordinates":[[[5.61492,50.59979],[5.62448,50.58839],[5.63512,50.59517],[5.65434,50.59958],[5.65472,50.60494],[5.64604,50.61157],[5.64029,50.61502],[5.6148,50.60626],[5.61492,50.59979]]]},"properties":{"postcode":"4051","nl":"Chaudfontaine","fr":"Chaudfontaine"}},
{"type":"Feature","geometry":{"type":"Polygon","coordinates":[[[5.91516,50.68269],[5.92433,50.68711],[5.93012,50.69405],[5.92354,50.70778],[5.93857,50.72523],[5.95322,50.73411],[5.96689,50.7387],[5.95907,50.74476],[5.94694,50.74738],[5.94208,50.74341],[5.92618,50.74137],[5.9102,50.73614],[5.8866,50.71559],[5.88337,50.70986],[5.88806,50.7089],[5.8951,50.703],[5.89963,50.6954],[5.90915,50.68838],[5.91516,50.68269]]]},"properties":{"postcode":"4852","nl":"Plombières","fr":"Plombières"}},
{"type":"Feature","geometry":{"type":"Polygon","coordinates":[[[4.29302,50.38998],[4.31444,50.40395],[4.32642,50.40039],[4.35636,50.40285],[4.35633,50.40447],[4.3545,50.41557],[4.34809,50.42958],[4.34415,50.43184],[4.34508,50.42478],[4.32172,50.42621],[4.30388,50.4195],[4.29381,50.42468],[4.29227,50.41739],[4.29302,50.38998]]]},"properties":{"postcode":"6140","nl":"Fontaine-l'Évêque","fr":"Fontaine-l'Évêque"}},
{"type":"Feature","geometry":{"type":"Polygon","coordinates":[[[3.48442,50.57497],[3.49164,50.57555],[3.49752,50.588],[3.51135,50.58916],[3.52751,50.59919],[3.52674,50.60069],[3.5084,50.60699],[3.49738,50.60811],[3.4895,50.60618],[3.45623,50.6077],[3.44701,50.60865],[3.43971,50.60334],[3.43987,50.60046],[3.45407,50.59742],[3.46099,50.58736],[3.4744,50.57918],[3.48442,50.57497]]]},"properties":{"postcode":"7530","nl":"Doornik","fr":"Tournai"}},
{"type":"Feature","geometry":{"type":"Polygon","coordinates":[[[3.91067,50.63676],[3.94219,50.62918],[3.95053,50.6319],[3.96154,50.6283],[3.96876,50.63312],[3.97811,50.64707],[3.97651,50.65488],[3.94941,50.66182],[3.93595,50.66291],[3.93006,50.66984],[3.90745,50.67006],[3.91062,50.6647],[3.90287,50.64732],[3.91302,50.64402],[3.91067,50.63676]]]},"properties":{"postcode":"7830","nl":"Opzullik","fr":"Silly"}},
{"type":"Feature","geometry":{"type":"Polygon","coordinates":[[[4.35719,50.86031],[4.38405,50.85142],[4.39603,50.84341],[4.40005,50.84365],[4.41084,50.84914],[4.41178,50.85204],[4.40004,50.86389],[4.38839,50.88106],[4.36109,50.8688],[4.35719,50.86031]]]},"properties":{"postcode":"1044","nl":"Schaarbeek","fr":"Schaerbeek"}},
{"type":"Feature","geometry":{"type":"Polygon","coordinates":[[[4.35719,50.86031],[4.38405,50.85142],[4.39603,50.84341],[4.40005,50.84365],[4.41084,50.84914],[4.41178,50.85204],[4.40004,50.86389],[4.38839,50.88106],[4.36109,50.8688],[4.35719,50.86031]]]},"properties":{"postcode":"1035","nl":"Schaarbeek","fr":"Schaerbeek"}},
{"type":"Feature","geometry":{"type":"Polygon","coordinates":[[[4.33995,50.84023],[4.34286,50.83309],[4.35832,50.83063],[4.36722,50.82299],[4.36812,50.81487],[4.36975,50.80945],[4.37538,50.79973],[4.40081,50.79636],[4.3969,50.80175],[4.39046,50.80216],[4.38259,50.81585],[4.35609,50.83577],[4.36868,50.84002],[4.37961,50.83683],[4.38026,50.84001],[4.39333,50.83794],[4.39603,50.84341],[4.38405,50.85142],[4.37322,50.84729],[4.35719,50.86031],[4.36109,50.8688],[4.38839,50.88106],[4.402,50.88593],[4.41068,50.87697],[4.42572,50.87213],[4.43706,50.87878],[4.42704,50.89089],[4.43279,50.89473],[4.42433,50.90197],[4.41572,50.90612],[4.40347,50.9139],[4.38776,50.90994],[4.37822,50.89728],[4.36046,50.90118],[4.33092,50.90092],[4.3246,50.89859],[4.32354,50.89412],[4.32987,50.88535],[4.33704,50.88697],[4.33929,50.88175],[4.34052,50.87136],[4.34359,50.86905],[4.34174,50.86496],[4.34665,50.85903],[4.33564,50.84815],[4.33788,50.84645],[4.33995,50.84023]]]},"properties":{"postcode":"1009","nl":"Brussel","fr":"Bruxelles"}},
{"type":"Feature","geometry":{"type":"Polygon","coordinates":[[[4.38839,50.88106],[4.40004,50.86389],[4.41178,50.85204],[4.42663,50.86287],[4.42572,50.87213],[4.41068,50.87697],[4.402,50.88593],[4.38839,50.88106]]]},"properties":{"postcode":"1049","nl":"Evere","fr":"Evere"}},
{"type":"Feature","geometry":{"type":"Polygon","coordinates":[[[4.59475,50.65575],[4.62688,50.66087],[4.64122,50.66506],[4.63289,50.67129],[4.62511,50.68419],[4.61773,50.68262],[4.61288,50.68865],[4.59702,50.68293],[4.57287,50.67316],[4.55097,50.6768],[4.54224,50.68294],[4.52551,50.68484],[4.51763,50.68633],[4.51167,50.67784],[4.51475,50.67548],[4.57353,50.65833],[4.59475,50.65575]]]},"properties":{"postcode":"1348","nl":"Ottignies-Louvain-la-Neuve","fr":"Ottignies-Louvain-la-Neuve"}},
{"type":"Feature","geometry":{"type":"Polygon","coordinates":[[[4.67886,51.20301],[4.7255,51.22288],[4.72637,51.22589],[4.72635,51.22912],[4.72997,51.23211],[4.73261,51.2408],[4.74147,51.24856],[4.7144,51.2432],[4.70397,51.23932],[4.69684,51.2403],[4.69374,51.23488],[4.69415,51.23184],[4.68128,51.22629],[4.67727,51.21663],[4.67886,51.20301]]]},"properties":{"postcode":"2242","nl":"Zandhoven","fr":"Zandhoven"}},
{"type":"Feature","geometry":{"type":"Polygon","coordinates":[[[5.20484,51.13973],[5.19003,51.14606],[5.14492,51.15004],[5.12142,51.14228],[5.12486,51.13527],[5.12499,51.128],[5.12346,51.12087],[5.13022,51.11659],[5.15138,51.11938],[5.16174,51.11792],[5.18192,51.11819],[5.19923,51.12488],[5.20484,51.13973]]]},"properties":{"postcode":"2491","nl":"Balen","fr":"Balen"}},
{"type":"Feature","geometry":{"type":"Polygon","coordinates":[[[4.6398,50.29195],[4.67432,50.30976],[4.68506,50.31681],[4.68802,50.32685],[4.67429,50.34086],[4.68031,50.34944],[4.67994,50.3546],[4.67274,50.36182],[4.66403,50.36402],[4.66132,50.36588],[4.65435,50.36592],[4.64434,50.36838],[4.63591,50.36513],[4.62892,50.36651],[4.62491,50.3627],[4.62782,50.36047],[4.62784,50.35703],[4.63678,50.35135],[4.64054,50.32887],[4.62627,50.30769],[4.62168,50.29727],[4.61054,50.28569],[4.59745,50.27753],[4.61837,50.27692],[4.62553,50.28459],[4.6398,50.29195]]]},"properties":{"postcode":"5640","nl":"Mettet","fr":"Mettet"}},
{"type":"Feature","geometry":{"type":"Polygon","coordinates":[[[5.40592,50.83054],[5.41571,50.84358],[5.39866,50.85448],[5.38341,50.84741],[5.38581,50.8453],[5.38438,50.84065],[5.40592,50.83054]]]},"properties":{"postcode":"3723","nl":"Hasselt","fr":"Hasselt"}},
{"type":"Feature","geometry":{"type":"Polygon","coordinates":[[[5.48217,50.87775],[5.48311,50.8726],[5.49651,50.86326],[5.50376,50.85229],[5.52361,50.85458],[5.53265,50.86429],[5.54086,50.87487],[5.53742,50.88027],[5.52732,50.88147],[5.51349,50.89004],[5.50895,50.90287],[5.52831,50.91389],[5.52823,50.91396],[5.52694,50.91548],[5.5191,50.91528],[5.50827,50.91306],[5.50812,50.91153],[5.49855,50.90388],[5.49344,50.90398],[5.48755,50.89429],[5.4942,50.89164],[5.48217,50.87775]]]},"properties":{"postcode":"3740","nl":"Bilzen-Hoeselt","fr":"Bilzen-Hoeselt"}},
{"type":"Feature","geometry":{"type":"Polygon","coordinates":[[[5.722,50.13372],[5.74408,50.14411],[5.75387,50.17005],[5.74266,50.1931],[5.71654,50.18668],[5.71566,50.19909],[5.69749,50.19824],[5.68278,50.18072],[5.69353,50.1806],[5.6918,50.1715],[5.69716,50.1616],[5.69301,50.15635],[5.70809,50.14974],[5.70282,50.13476],[5.722,50.13372]]]},"properties":{"postcode":"6666","nl":"Houffalize","fr":"Houffalize"}},
{"type":"Feature","geometry":{"type":"Polygon","coordinates":[[[4.99649,49.80776],[4.99166,49.81923],[5.02526,49.83463],[5.02713,49.84415],[5.02594,49.85441],[5.01537,49.8567],[4.99906,49.85644],[4.99573,49.85312],[4.98948,49.85285],[4.98345,49.843],[4.98547,49.83822],[4.98336,49.83375],[4.98443,49.82632],[4.9875,49.82459],[4.98802,49.82042],[4.97707,49.81996],[4.98109,49.81645],[4.97108,49.81251],[4.97195,49.81063],[4.9815,49.81249],[4.98964,49.81533],[4.99649,49.80776]]]},"properties":{"postcode":"6830","nl":"Bouillon","fr":"Bouillon"}},
{"type":"Feature","geometry":{"type":"Polygon","coordinates":[[[4.41759,50.96995],[4.43215,50.9671],[4.45019,50.97447],[4.45961,50.97196],[4.46105,50.97594],[4.48457,50.9882],[4.4804,50.99121],[4.46544,50.99313],[4.45373,51.00597],[4.43317,51.00105],[4.40304,50.99947],[4.39544,50.99568],[4.39449,51.0005],[4.38986,51.00575],[4.38618,51.00311],[4.3696,51.00046],[4.38018,50.9904],[4.39217,50.98218],[4.40536,50.98794],[4.40757,50.97027],[4.41759,50.96995]]]},"properties":{"postcode":"1980","nl":"Zemst","fr":"Zemst"}},
{"type":"Feature","geometry":{"type":"Polygon","coordinates":[[[4.93615,50.97915],[4.95398,50.97868],[4.97382,50.98465],[4.99671,50.98032],[5.01191,50.98395],[5.01882,50.99015],[5.00252,50.99305],[4.99475,51.00295],[5.0067,51.014],[5.02223,51.01991],[5.00778,51.03755],[5.00158,51.03452],[5.00545,51.02516],[4.99959,51.01624],[4.98688,51.00954],[4.97092,51.01017],[4.95289,51.00604],[4.95214,51.00179],[4.94193,50.99542],[4.93615,50.97915]]]},"properties":{"postcode":"3271","nl":"Scherpenheuvel-Zichem","fr":"Montaigu-Zichem"}},
{"type":"Feature","geometry":{"type":"Polygon","coordinates":[[[4.14861,50.72823],[4.14981,50.73501],[4.15027,50.74621],[4.14349,50.75045],[4.15064,50.75355],[4.16094,50.75186],[4.16653,50.74556],[4.17256,50.73032],[4.18083,50.73336],[4.17497,50.74511],[4.18275,50.74725],[4.19569,50.74395],[4.19804,50.75331],[4.18856,50.75987],[4.1897,50.7696],[4.17394,50.76857],[4.15711,50.78177],[4.14929,50.78226],[4.14587,50.78014],[4.14566,50.7766],[4.15171,50.7731],[4.13551,50.76938],[4.14387,50.75917],[4.1434,50.75396],[4.13531,50.75046],[4.13649,50.74169],[4.14564,50.74808],[4.14994,50.74478],[4.14736,50.73424],[4.13679,50.7384],[4.13456,50.72379],[4.14239,50.72897],[4.14861,50.72823]]]},"properties":{"postcode":"1670","nl":"Pepingen","fr":"Pepingen"}},
{"type":"Feature","geometry":{"type":"Polygon","coordinates":[[[4.89542,50.88858],[4.90603,50.88722],[4.91109,50.88027],[4.92656,50.88397],[4.93936,50.89279],[4.93961,50.89286],[4.92337,50.90938],[4.9026,50.90655],[4.89519,50.90448],[4.89542,50.88858]]]},"properties":{"postcode":"3391","nl":"Tielt-Winge","fr":"Tielt-Winge"}},
{"type":"Feature","geometry":{"type":"Polygon","coordinates":[[[5.79913,50.64682],[5.78664,50.64525],[5.78302,50.63833],[5.79622,50.63162],[5.80545,50.63866],[5.79913,50.64682]]]},"properties":{"postcode":"4650","nl":"Herve","fr":"Herve"}},
{"type":"Feature","geometry":{"type":"Polygon","coordinates":[[[5.19554,50.64382],[5.1823,50.64727],[5.16515,50.64713],[5.16651,50.63793],[5.17402,50.63401],[5.18208,50.63512],[5.18827,50.62992],[5.19345,50.63362],[5.19668,50.63604],[5.19224,50.63961],[5.19554,50.64382]]]},"properties":{"postcode":"4263","nl":"Braives","fr":"Braives"}},
{"type":"Feature","geometry":{"type":"Polygon","coordinates":[[[6.0375,50.70357],[6.0418,50.69597],[6.05344,50.69175],[6.06985,50.69268],[6.06906,50.70055],[6.09016,50.70928],[6.09704,50.71492],[6.09151,50.72281],[6.07314,50.72101],[6.06078,50.72371],[6.05574,50.71629],[6.06144,50.71203],[6.05364,50.70576],[6.0375,50.70357]]]},"properties":{"postcode":"4730","nl":"Raeren","fr":"Raeren"}},
{"type":"Feature","geometry":{"type":"Polygon","coordinates":[[[5.54776,50.41448],[5.5451,50.42002],[5.56235,50.43264],[5.577,50.43679],[5.5668,50.43955],[5.56271,50.44555],[5.55195,50.44117],[5.53551,50.44461],[5.53232,50.44023],[5.52772,50.43779],[5.51697,50.43773],[5.50783,50.43351],[5.51287,50.42501],[5.51117,50.42213],[5.51492,50.42053],[5.50936,50.41452],[5.51874,50.4105],[5.52257,50.40735],[5.531,50.40909],[5.53864,50.41209],[5.54776,50.41448]]]},"properties":{"postcode":"4180","nl":"Hamoir","fr":"Hamoir"}},
{"type":"Feature","geometry":{"type":"Polygon","coordinates":[[[5.56311,50.69808],[5.58236,50.69839],[5.59339,50.70141],[5.59891,50.70608],[5.59498,50.72102],[5.59831,50.72342],[5.59904,50.72616],[5.59434,50.73408],[5.57539,50.72968],[5.55441,50.71633],[5.56386,50.70936],[5.55433,50.7011],[5.56311,50.69808]]]},"properties":{"postcode":"4458","nl":"Juprelle","fr":"Juprelle"}},
{"type":"Feature","geometry":{"type":"Polygon","coordinates":[[[5.67394,50.67116],[5.68438,50.67951],[5.69618,50.68897],[5.6963,50.69063],[5.67373,50.6938],[5.65907,50.68403],[5.66325,50.67663],[5.67394,50.67116]]]},"properties":{"postcode":"4602","nl":"Wezet","fr":"Visé"}},
{"type":"Feature","geometry":{"type":"Polygon","coordinates":[[[5.19554,50.64382],[5.20278,50.64725],[5.20622,50.64691],[5.21359,50.65114],[5.20948,50.65392],[5.20946,50.65809],[5.20327,50.66605],[5.19215,50.65936],[5.18007,50.65048],[5.1823,50.64727],[5.19554,50.64382]]]},"properties":{"postcode":"4252","nl":"Geer","fr":"Geer"}},
{"type":"Feature","geometry":{"type":"Polygon","coordinates":[[[3.61522,50.49041],[3.63022,50.4792],[3.64341,50.46334],[3.657,50.46237],[3.66657,50.47432],[3.67641,50.47629],[3.65892,50.49146],[3.64472,50.49608],[3.62439,50.49217],[3.61522,50.49041]]]},"properties":{"postcode":"7320","nl":"Bernissart","fr":"Bernissart"}},
{"type":"Feature","geometry":{"type":"Polygon","coordinates":[[[4.52768,50.4925],[4.53437,50.49576],[4.54747,50.49892],[4.54589,50.50048],[4.55359,50.50436],[4.55764,50.5053],[4.56311,50.50842],[4.56569,50.5135],[4.56448,50.51759],[4.56282,50.52172],[4.55314,50.52103],[4.5438,50.52464],[4.53548,50.5141],[4.51802,50.51196],[4.51906,50.52096],[4.51243,50.52194],[4.51281,50.52543],[4.50263,50.52846],[4.49594,50.52121],[4.48661,50.51856],[4.4938,50.5178],[4.51295,50.4995],[4.52768,50.4925]]]},"properties":{"postcode":"6221","nl":"Fleurus","fr":"Fleurus"}},
{"type":"Feature","geometry":{"type":"Polygon","coordinates":[[[3.64105,50.58053],[3.6317,50.5884],[3.64926,50.59874],[3.65077,50.60419],[3.64145,50.60369],[3.61615,50.61266],[3.59594,50.60987],[3.59029,50.60458],[3.59554,50.59586],[3.58718,50.5881],[3.58897,50.57788],[3.59655,50.57155],[3.60913,50.57298],[3.62809,50.57963],[3.64105,50.58053]]]},"properties":{"postcode":"7900","nl":"Leuze-en-Hainaut","fr":"Leuze-en-Hainaut"}},
{"type":"Feature","geometry":{"type":"Polygon","coordinates":[[[4.39003,50.38868],[4.39812,50.39051],[4.40056,50.40237],[4.4061,50.40577],[4.42334,50.40116],[4.4167,50.41108],[4.41683,50.42075],[4.42312,50.42355],[4.41909,50.42729],[4.40406,50.42717],[4.39393,50.42667],[4.39388,50.41078],[4.37831,50.40079],[4.38051,50.39396],[4.39003,50.38868]]]},"properties":{"postcode":"6030","nl":"Charleroi","fr":"Charleroi"}},
{"type":"Feature","geometry":{"type":"Polygon","coordinates":[[[3.48442,50.57497],[3.4744,50.57918],[3.46463,50.57027],[3.46936,50.55621],[3.49095,50.55901],[3.48352,50.5663],[3.48442,50.57497]]]},"properties":{"postcode":"7643","nl":"Antoing","fr":"Antoing"}},
{"type":"Feature","geometry":{"type":"Polygon","coordinates":[[[3.74624,50.45783],[3.7538,50.47637],[3.74812,50.48628],[3.73627,50.49609],[3.71897,50.49243],[3.71865,50.48604],[3.71091,50.47998],[3.71316,50.47345],[3.73448,50.45695],[3.74624,50.45783]]]},"properties":{"postcode":"7322","nl":"Bernissart","fr":"Bernissart"}},
{"type":"Feature","geometry":{"type":"Polygon","coordinates":[[[4.26685,50.33916],[4.28065,50.35025],[4.29021,50.3764],[4.26701,50.37565],[4.24937,50.36728],[4.24556,50.35198],[4.2497,50.3426],[4.25013,50.33714],[4.26685,50.33916]]]},"properties":{"postcode":"6540","nl":"Lobbes","fr":"Lobbes"}},
{"type":"Feature","geometry":{"type":"Polygon","coordinates":[[[3.55152,50.69158],[3.53832,50.69832],[3.51585,50.69154],[3.50834,50.69134],[3.51114,50.68681],[3.51725,50.68136],[3.5204,50.67675],[3.5423,50.68017],[3.55152,50.69158]]]},"properties":{"postcode":"7910","nl":"Frasnes-lez-Anvaing","fr":"Frasnes-lez-Anvaing"}},
{"type":"Feature","geometry":{"type":"Polygon","coordinates":[[[3.97543,50.54729],[3.98044,50.54975],[3.98595,50.54699],[3.98708,50.54464],[3.98301,50.54264],[3.99055,50.53736],[3.99282,50.53309],[4.01758,50.53499],[4.02721,50.54418],[4.04038,50.54626],[4.03229,50.57545],[4.01337,50.58178],[3.9955,50.57518],[3.98855,50.57823],[3.97072,50.56854],[3.97939,50.55515],[3.97543,50.54729]]]},"properties":{"postcode":"7063","nl":"Zinnik","fr":"Soignies"}},
{"type":"Feature","geometry":{"type":"Polygon","coordinates":[[[4.4563,50.49176],[4.45825,50.4927],[4.47753,50.49937],[4.48481,50.49313],[4.50468,50.49181],[4.51295,50.4995],[4.4938,50.5178],[4.48661,50.51856],[4.47083,50.51137],[4.4517,50.50596],[4.44504,50.50108],[4.4563,50.49176]]]},"properties":{"postcode":"6211","nl":"Les Bons Villers","fr":"Les Bons Villers"}},
{"type":"Feature","geometry":{"type":"Polygon","coordinates":[[[4.32981,50.12021],[4.31955,50.08645],[4.30016,50.06923],[4.3119,50.059],[4.32417,50.06038],[4.33235,50.04808],[4.34382,50.04448],[4.35011,50.04414],[4.34963,50.05475],[4.36544,50.07517],[4.36014,50.08283],[4.34936,50.08404],[4.34274,50.09152],[4.34036,50.12036],[4.32981,50.12021]]]},"properties":{"postcode":"6461","nl":"Chimay","fr":"Chimay"}},
{"type":"Feature","geometry":{"type":"Polygon","coordinates":[[[3.55059,50.51581],[3.54707,50.52632],[3.53684,50.53004],[3.5178,50.52174],[3.51619,50.51287],[3.4963,50.49887],[3.50073,50.4867],[3.52296,50.49539],[3.56933,50.5009],[3.56819,50.50858],[3.55589,50.50913],[3.55059,50.51581]]]},"properties":{"postcode":"7608","nl":"Péruwelz","fr":"Péruwelz"}},
{"type":"Feature","geometry":{"type":"Polygon","coordinates":[[[4.38405,50.85142],[4.35719,50.86031],[4.37322,50.84729],[4.38405,50.85142]]]},"properties":{"postcode":"1210","nl":"Sint-Joost-ten-Node","fr":"Saint-Josse-ten-Noode"}},
{"type":"Feature","geometry":{"type":"Polygon","coordinates":[[[4.46653,51.0605],[4.46664,51.04957],[4.48233,51.05432],[4.51558,51.03484],[4.51583,51.04189],[4.52014,51.04495],[4.52979,51.04689],[4.54029,51.05109],[4.56118,51.06605],[4.57,51.07037],[4.56269,51.07476],[4.54857,51.08069],[4.53524,51.08887],[4.52546,51.08792],[4.51508,51.08434],[4.51168,51.08145],[4.49989,51.07575],[4.48756,51.07255],[4.47995,51.07677],[4.47515,51.0737],[4.47069,51.07305],[4.46356,51.07217],[4.46653,51.0605]]]},"properties":{"postcode":"2860","nl":"Sint-Katelijne-Waver","fr":"Sint-Katelijne-Waver"}},
{"type":"Feature","geometry":{"type":"Polygon","coordinates":[[[5.12142,51.14228],[5.14492,51.15004],[5.19003,51.14606],[5.20484,51.13973],[5.22267,51.13905],[5.23035,51.13395],[5.23622,51.13326],[5.26098,51.14697],[5.26134,51.15844],[5.26019,51.18382],[5.23872,51.20102],[5.22632,51.19985],[5.22595,51.18607],[5.21871,51.18486],[5.19308,51.18756],[5.18343,51.19115],[5.19601,51.19936],[5.17914,51.20279],[5.16166,51.19962],[5.17144,51.19143],[5.12929,51.18497],[5.13411,51.17743],[5.11766,51.16385],[5.09962,51.15885],[5.08872,51.14707],[5.09079,51.14163],[5.09475,51.1369],[5.10315,51.13755],[5.10761,51.14074],[5.12142,51.14228]]]},"properties":{"postcode":"2490","nl":"Balen","fr":"Balen"}},
{"type":"Feature","geometry":{"type":"Polygon","coordinates":[[[5.28002,50.92156],[5.29944,50.91895],[5.31322,50.91077],[5.33535,50.90534],[5.34854,50.89828],[5.34685,50.88652],[5.36241,50.88288],[5.36678,50.88341],[5.36912,50.89093],[5.37362,50.89452],[5.36821,50.89846],[5.36518,50.90548],[5.37475,50.91122],[5.3809,50.91668],[5.37607,50.92041],[5.3747,50.92365],[5.37684,50.92687],[5.37612,50.93159],[5.38408,50.93392],[5.39834,50.93652],[5.40818,50.94007],[5.41494,50.9437],[5.40057,50.95433],[5.39428,50.95401],[5.3848,50.9594],[5.39393,50.96495],[5.40133,50.96756],[5.38861,50.97783],[5.37842,50.97603],[5.35431,50.96806],[5.35079,50.96825],[5.33965,50.96289],[5.34172,50.95084],[5.3372,50.94643],[5.31746,50.94534],[5.31196,50.93686],[5.29968,50.93161],[5.29274,50.92449],[5.27795,50.92225],[5.28002,50.92156]]]},"properties":{"postcode":"3500","nl":"Hasselt","fr":"Hasselt"}},
{"type":"Feature","geometry":{"type":"Polygon","coordinates":[[[5.54769,51.0573],[5.56114,51.05488],[5.60067,51.06437],[5.60804,51.05906],[5.61426,51.05914],[5.62544,51.05772],[5.63231,51.06377],[5.62694,51.06503],[5.62693,51.06745],[5.63523,51.06714],[5.63683,51.07143],[5.65139,51.07718],[5.65479,51.08261],[5.66039,51.08327],[5.66475,51.08776],[5.65961,51.09183],[5.66166,51.09503],[5.66286,51.10254],[5.65606,51.10587],[5.64685,51.1066],[5.63547,51.10379],[5.62751,51.09677],[5.62589,51.08668],[5.61838,51.08253],[5.60877,51.08677],[5.60791,51.09796],[5.62311,51.10438],[5.63222,51.11396],[5.61841,51.1138],[5.61523,51.11455],[5.60141,51.11304],[5.58664,51.11023],[5.57806,51.10954],[5.56488,51.10504],[5.56181,51.0995],[5.54851,51.0949],[5.5434,51.08113],[5.54769,51.0573]]]},"properties":{"postcode":"3670","nl":"Oudsbergen","fr":"Oudsbergen"}},
{"type":"Feature","geometry":{"type":"Polygon","coordinates":[[[3.14751,51.15942],[3.16146,51.15819],[3.17227,51.1713],[3.17888,51.17383],[3.18882,51.18876],[3.21367,51.20042],[3.21245,51.21039],[3.20049,51.21737],[3.17811,51.21709],[3.17608,51.22315],[3.1731,51.22613],[3.15638,51.21928],[3.14598,51.21758],[3.14087,51.21589],[3.1457,51.2114],[3.1495,51.20521],[3.16122,51.1899],[3.13736,51.1771],[3.13945,51.17358],[3.13587,51.1627],[3.1425,51.16019],[3.14751,51.15942]]]},"properties":{"postcode":"8200","nl":"Brugge","fr":"Bruges"}},
{"type":"Feature","geometry":{"type":"Polygon","coordinates":[[[3.23591,51.31974],[3.26189,51.29608],[3.28229,51.30191],[3.2825,51.30844],[3.26569,51.31366],[3.26397,51.32155],[3.24565,51.32654],[3.23591,51.31974]]]},"properties":{"postcode":"8301","nl":"Knokke-Heist","fr":"Knokke-Heist"}},
{"type":"Feature","geometry":{"type":"Polygon","coordinates":[[[3.24119,51.20754],[3.26158,51.20367],[3.27852,51.19695],[3.30061,51.20478],[3.30514,51.20895],[3.30948,51.21784],[3.30997,51.22203],[3.30594,51.22328],[3.29148,51.22677],[3.28501,51.22746],[3.27875,51.22625],[3.27345,51.23031],[3.27477,51.23159],[3.26587,51.24032],[3.25878,51.23445],[3.24512,51.22734],[3.23439,51.22183],[3.24119,51.20754]]]},"properties":{"postcode":"8310","nl":"Brugge","fr":"Bruges"}},
{"type":"Feature","geometry":{"type":"Polygon","coordinates":[[[3.42014,50.7704],[3.41826,50.76991],[3.42103,50.76466],[3.41028,50.75579],[3.41404,50.75017],[3.42078,50.75125],[3.42633,50.74669],[3.43498,50.75013],[3.43068,50.75538],[3.43857,50.75862],[3.44275,50.75857],[3.43557,50.76658],[3.42014,50.7704]]]},"properties":{"postcode":"8582","nl":"Avelgem","fr":"Avelgem"}},
{"type":"Feature","geometry":{"type":"Polygon","coordinates":[[[5.70282,50.13476],[5.70809,50.14974],[5.69301,50.15635],[5.69716,50.1616],[5.6918,50.1715],[5.69353,50.1806],[5.68278,50.18072],[5.66327,50.1736],[5.65573,50.16644],[5.6622,50.15024],[5.67197,50.15303],[5.67767,50.13329],[5.68471,50.12938],[5.70282,50.13476]]]},"properties":{"postcode":"6660","nl":"Houffalize","fr":"Houffalize"}},
{"type":"Feature","geometry":{"type":"Polygon","coordinates":[[[5.62252,50.01177],[5.63661,50.00712],[5.64848,50.00662],[5.65845,50.01097],[5.66221,50.01955],[5.67134,50.0269],[5.69114,50.03173],[5.70718,50.03221],[5.72031,50.04484],[5.71436,50.05181],[5.72182,50.06154],[5.70661,50.0732],[5.68993,50.08027],[5.68736,50.07063],[5.66024,50.06704],[5.64974,50.06221],[5.64696,50.04995],[5.64998,50.0361],[5.63815,50.03598],[5.63497,50.04398],[5.61956,50.04187],[5.62194,50.03582],[5.61488,50.02299],[5.62966,50.01697],[5.62252,50.01177]]]},"properties":{"postcode":"6688","nl":"Bastenaken","fr":"Bastogne"}},
{"type":"Feature","geometry":{"type":"Polygon","coordinates":[[[5.98317,50.23449],[5.99924,50.23624],[6.01239,50.24417],[6.01651,50.25269],[6.01245,50.2646],[6.01206,50.27674],[6.01549,50.29543],[6.01355,50.30995],[6.00621,50.31514],[5.98337,50.32038],[5.98044,50.32442],[5.97113,50.31871],[5.9551,50.31872],[5.94895,50.31497],[5.95427,50.3143],[5.95343,50.30164],[5.95777,50.29556],[5.96989,50.29359],[5.97164,50.28612],[5.95009,50.26276],[5.97869,50.27034],[5.96911,50.26107],[5.97997,50.24784],[5.96688,50.24154],[5.98317,50.23449]]]},"properties":{"postcode":"6690","nl":"Vielsalm","fr":"Vielsalm"}},
{"type":"Feature","geometry":{"type":"Polygon","coordinates":[[[5.65039,49.64505],[5.64546,49.65099],[5.64893,49.6562],[5.63978,49.66843],[5.63895,49.69008],[5.63027,49.69206],[5.59914,49.69669],[5.58252,49.69314],[5.57641,49.68295],[5.58155,49.67233],[5.57697,49.66854],[5.59141,49.65796],[5.60389,49.65031],[5.59959,49.64355],[5.61978,49.62655],[5.62518,49.62596],[5.62905,49.62695],[5.645,49.63162],[5.64123,49.63597],[5.64146,49.63982],[5.64895,49.64233],[5.65039,49.64505]]]},"properties":{"postcode":"6740","nl":"Étalle","fr":"Étalle"}},
{"type":"Feature","geometry":{"type":"Polygon","coordinates":[[[5.34264,49.71023],[5.32783,49.70986],[5.32034,49.70359],[5.28923,49.70013],[5.28408,49.68509],[5.29371,49.67724],[5.30915,49.67195],[5.31819,49.66503],[5.33332,49.6676],[5.3417,49.68174],[5.34759,49.68391],[5.36053,49.69822],[5.34264,49.71023]]]},"properties":{"postcode":"6820","nl":"Florenville","fr":"Florenville"}},
{"type":"Feature","geometry":{"type":"Polygon","coordinates":[[[5.09556,49.80379],[5.08592,49.81382],[5.09257,49.82692],[5.09106,49.84041],[5.08515,49.84855],[5.0719,49.84423],[5.07194,49.84388],[5.07063,49.83177],[5.05321,49.8169],[5.04273,49.81675],[5.0414,49.80778],[5.04851,49.80294],[5.05729,49.80089],[5.08588,49.80129],[5.09556,49.80379]]]},"properties":{"postcode":"6832","nl":"Bouillon","fr":"Bouillon"}},
{"type":"Feature","geometry":{"type":"Polygon","coordinates":[[[5.44186,50.30361],[5.45516,50.3085],[5.4588,50.30887],[5.4661,50.31284],[5.46148,50.31844],[5.45825,50.32809],[5.46461,50.33526],[5.46103,50.34364],[5.44111,50.3413],[5.4339,50.35002],[5.41802,50.34392],[5.39539,50.33807],[5.39579,50.33553],[5.39013,50.33461],[5.37657,50.32847],[5.37153,50.32523],[5.35064,50.32103],[5.34238,50.31583],[5.34199,50.31026],[5.34971,50.30819],[5.35605,50.31109],[5.35922,50.31651],[5.3651,50.31835],[5.3816,50.31377],[5.38819,50.3178],[5.40022,50.3143],[5.41019,50.31784],[5.41316,50.31312],[5.40812,50.30994],[5.4115,50.30431],[5.42076,50.30838],[5.44186,50.30361]]]},"properties":{"postcode":"6940","nl":"Durbuy","fr":"Durbuy"}},
{"type":"Feature","geometry":{"type":"Polygon","coordinates":[[[4.95169,50.92977],[4.94609,50.946],[4.93346,50.96031],[4.91783,50.95789],[4.90873,50.95978],[4.89812,50.95611],[4.89431,50.94843],[4.87795,50.93925],[4.88514,50.92598],[4.9018,50.91049],[4.9026,50.90655],[4.92337,50.90938],[4.91944,50.9202],[4.92642,50.92392],[4.95169,50.92977]]]},"properties":{"postcode":"3390","nl":"Tielt-Winge","fr":"Tielt-Winge"}},
{"type":"Feature","geometry":{"type":"Polygon","coordinates":[[[4.29155,50.94529],[4.31556,50.94904],[4.32026,50.95346],[4.30926,50.96585],[4.32822,50.96059],[4.34179,50.97156],[4.343,50.97486],[4.34991,50.97846],[4.33864,50.99545],[4.3213,51.00438],[4.31294,50.99483],[4.30847,50.99465],[4.30708,50.99097],[4.29878,50.98984],[4.29068,50.98672],[4.28752,50.98404],[4.28307,50.98107],[4.27689,50.98055],[4.27339,50.97733],[4.27261,50.97401],[4.271,50.96901],[4.2749,50.96727],[4.27392,50.96475],[4.28388,50.95499],[4.27655,50.95066],[4.29155,50.94529]]]},"properties":{"postcode":"1861","nl":"Meise","fr":"Meise"}},
{"type":"Feature","geometry":{"type":"Polygon","coordinates":[[[4.27781,50.91289],[4.26453,50.90422],[4.26917,50.89178],[4.28373,50.89292],[4.284,50.89153],[4.29595,50.89426],[4.28868,50.9078],[4.27781,50.91289]]]},"properties":{"postcode":"1731","nl":"Asse","fr":"Asse"}},
{"type":"Feature","geometry":{"type":"Polygon","coordinates":[[[3.77177,50.99706],[3.77169,50.99082],[3.78934,50.98703],[3.80438,50.99297],[3.80533,50.98118],[3.81167,50.97409],[3.82738,50.97485],[3.82624,50.98151],[3.83623,50.98493],[3.82972,50.99369],[3.81697,50.99969],[3.80855,51.00239],[3.79509,51.01125],[3.79082,51.01851],[3.7882,51.02071],[3.7889,51.03089],[3.77861,51.02964],[3.76705,51.02518],[3.76289,51.01852],[3.77851,51.0063],[3.77177,50.99706]]]},"properties":{"postcode":"9090","nl":"Merelbeke-Melle","fr":"Merelbeke-Melle"}},
{"type":"Feature","geometry":{"type":"Polygon","coordinates":[[[3.94991,50.79809],[3.92855,50.79909],[3.92375,50.79509],[3.92839,50.78701],[3.92397,50.78141],[3.93849,50.77028],[3.94443,50.7766],[3.93917,50.78147],[3.95296,50.78953],[3.94991,50.79809]]]},"properties":{"postcode":"9506","nl":"Geraardsbergen","fr":"Grammont"}},
{"type":"Feature","geometry":{"type":"Polygon","coordinates":[[[3.51234,51.13623],[3.51583,51.1469],[3.49055,51.15275],[3.44923,51.14988],[3.44577,51.14249],[3.44408,51.12223],[3.44603,51.11778],[3.4781,51.10929],[3.48748,51.11229],[3.51071,51.11389],[3.52519,51.12625],[3.51234,51.13623]]]},"properties":{"postcode":"9910","nl":"Aalter","fr":"Aalter"}},
{"type":"Feature","geometry":{"type":"Polygon","coordinates":[[[3.94855,50.85867],[3.96913,50.8393],[3.98095,50.84543],[3.98299,50.85237],[3.96666,50.86794],[3.95842,50.86009],[3.94855,50.85867]]]},"properties":{"postcode":"9400","nl":"Ninove","fr":"Ninove"}},
{"type":"Feature","geometry":{"type":"Polygon","coordinates":[[[5.10721,50.59449],[5.11757,50.59832],[5.13387,50.6064],[5.13544,50.61865],[5.1219,50.62488],[5.10809,50.62345],[5.09523,50.59904],[5.09805,50.5987],[5.1044,50.59357],[5.10721,50.59449]]]},"properties":{"postcode":"4260","nl":"Braives","fr":"Braives"}},
{"type":"Feature","geometry":{"type":"Polygon","coordinates":[[[5.65907,50.68403],[5.67373,50.6938],[5.67401,50.69954],[5.6595,50.70801],[5.6471,50.69969],[5.63218,50.7046],[5.62429,50.70125],[5.65743,50.688],[5.6526,50.68136],[5.65907,50.68403]]]},"properties":{"postcode":"4683","nl":"Oupeye","fr":"Oupeye"}},
{"type":"Feature","geometry":{"type":"Polygon","coordinates":[[[5.70028,50.59546],[5.71169,50.57802],[5.69896,50.57054],[5.70365,50.56569],[5.71698,50.56857],[5.73522,50.56446],[5.73384,50.57389],[5.7392,50.57919],[5.75095,50.5725],[5.76667,50.57762],[5.77195,50.58272],[5.76776,50.59501],[5.76377,50.60225],[5.7443,50.59951],[5.73894,50.60178],[5.72689,50.60243],[5.70969,50.61038],[5.69638,50.6006],[5.70028,50.59546]]]},"properties":{"postcode":"4877","nl":"Olne","fr":"Olne"}},
{"type":"Feature","geometry":{"type":"Polygon","coordinates":[[[5.54776,50.41448],[5.55343,50.41287],[5.56087,50.4138],[5.57203,50.41931],[5.58352,50.42252],[5.58698,50.41852],[5.59807,50.42435],[5.60596,50.42756],[5.61881,50.42226],[5.61646,50.42809],[5.60669,50.43113],[5.59142,50.433],[5.577,50.43679],[5.56235,50.43264],[5.5451,50.42002],[5.54776,50.41448]]]},"properties":{"postcode":"4181","nl":"Hamoir","fr":"Hamoir"}},
{"type":"Feature","geometry":{"type":"Polygon","coordinates":[[[5.62429,50.70125],[5.63218,50.7046],[5.62081,50.71532],[5.62012,50.72162],[5.60964,50.72599],[5.59831,50.72342],[5.59498,50.72102],[5.59891,50.70608],[5.59339,50.70141],[5.60925,50.69836],[5.62429,50.70125]]]},"properties":{"postcode":"4680","nl":"Oupeye","fr":"Oupeye"}},
{"type":"Feature","geometry":{"type":"Polygon","coordinates":[[[5.78223,50.67914],[5.78281,50.69537],[5.77743,50.69619],[5.75338,50.7022],[5.75875,50.69395],[5.77115,50.68592],[5.77434,50.67749],[5.78223,50.67914]]]},"properties":{"postcode":"4650","nl":"Herve","fr":"Herve"}},
{"type":"Feature","geometry":{"type":"Polygon","coordinates":[[[5.69348,50.60847],[5.70336,50.61624],[5.71427,50.63065],[5.70706,50.63519],[5.69274,50.64491],[5.68194,50.63792],[5.68301,50.63234],[5.69295,50.62512],[5.69644,50.61627],[5.69348,50.60847]]]},"properties":{"postcode":"4621","nl":"Fléron","fr":"Fléron"}},
{"type":"Feature","geometry":{"type":"Polygon","coordinates":[[[4.13214,50.42135],[4.12236,50.43236],[4.10688,50.43946],[4.09636,50.43795],[4.07554,50.44054],[4.05758,50.43967],[4.05735,50.43268],[4.05857,50.43049],[4.0774,50.42854],[4.10609,50.42655],[4.12625,50.42148],[4.13214,50.42135]]]},"properties":{"postcode":"7130","nl":"Binche","fr":"Binche"}},
{"type":"Feature","geometry":{"type":"Polygon","coordinates":[[[4.35327,50.42753],[4.36252,50.43632],[4.37569,50.44108],[4.37877,50.44784],[4.39731,50.45704],[4.40459,50.46129],[4.40021,50.47033],[4.39675,50.47801],[4.36324,50.48405],[4.34994,50.47979],[4.35868,50.47069],[4.35458,50.46523],[4.33665,50.45967],[4.33594,50.4546],[4.35647,50.45433],[4.35873,50.44447],[4.34676,50.43972],[4.34997,50.42981],[4.35327,50.42753]]]},"properties":{"postcode":"6180","nl":"Courcelles","fr":"Courcelles"}},
{"type":"Feature","geometry":{"type":"Polygon","coordinates":[[[4.19174,50.34957],[4.21779,50.34958],[4.22929,50.34641],[4.2399,50.35386],[4.23428,50.35652],[4.21922,50.36148],[4.198,50.362],[4.19174,50.34957]]]},"properties":{"postcode":"6543","nl":"Lobbes","fr":"Lobbes"}},
{"type":"Feature","geometry":{"type":"Polygon","coordinates":[[[3.21266,50.76179],[3.17956,50.75366],[3.18745,50.74076],[3.19856,50.73145],[3.1915,50.72469],[3.20367,50.71983],[3.22674,50.73386],[3.23145,50.73707],[3.24149,50.74641],[3.25483,50.74623],[3.25942,50.75165],[3.24807,50.75745],[3.23995,50.75799],[3.22766,50.76505],[3.21266,50.76179]]]},"properties":{"postcode":"7700","nl":"Moeskroen","fr":"Mouscron"}},
{"type":"Feature","geometry":{"type":"Polygon","coordinates":[[[3.33716,50.56418],[3.34341,50.58067],[3.35053,50.58655],[3.34618,50.58928],[3.33484,50.59386],[3.31452,50.59136],[3.32013,50.57229],[3.33326,50.56321],[3.33716,50.56418]]]},"properties":{"postcode":"7504","nl":"Doornik","fr":"Tournai"}},
{"type":"Feature","geometry":{"type":"Polygon","coordinates":[[[3.56081,50.59929],[3.57334,50.59656],[3.5895,50.60554],[3.57567,50.61155],[3.56484,50.60614],[3.56081,50.59929]]]},"properties":{"postcode":"7906","nl":"Leuze-en-Hainaut","fr":"Leuze-en-Hainaut"}},
{"type":"Feature","geometry":{"type":"Polygon","coordinates":[[[3.25828,50.62622],[3.26752,50.62497],[3.32452,50.65181],[3.3195,50.657],[3.3192,50.66035],[3.31072,50.66359],[3.30547,50.661],[3.29853,50.6648],[3.29539,50.66856],[3.28597,50.66384],[3.27651,50.66238],[3.27005,50.65802],[3.25593,50.65775],[3.24702,50.65328],[3.24942,50.64713],[3.24412,50.64068],[3.25919,50.62973],[3.25828,50.62622]]]},"properties":{"postcode":"7520","nl":"Doornik","fr":"Tournai"}},
{"type":"Feature","geometry":{"type":"Polygon","coordinates":[[[4.59119,50.65436],[4.59506,50.65301],[4.60791,50.65474],[4.60435,50.64725],[4.6062,50.64461],[4.59813,50.63746],[4.59277,50.62426],[4.61307,50.6342],[4.6158,50.64569],[4.62684,50.64981],[4.62688,50.66087],[4.59475,50.65575],[4.59119,50.65436]]]},"properties":{"postcode":"1435","nl":"Mont-Saint-Guibert","fr":"Mont-Saint-Guibert"}},
{"type":"Feature","geometry":{"type":"Polygon","coordinates":[[[4.25587,51.05974],[4.25897,51.06885],[4.25489,51.07664],[4.24994,51.07835],[4.23425,51.07146],[4.2234,51.06041],[4.23484,51.04974],[4.2536,51.05583],[4.25587,51.05974]]]},"properties":{"postcode":"2890","nl":"Puurs-Sint-Amands","fr":"Puurs-Sint-Amands"}},
{"type":"Feature","geometry":{"type":"Polygon","coordinates":[[[4.83214,50.44961],[4.8313,50.44007],[4.85187,50.43543],[4.86339,50.43638],[4.86154,50.45183],[4.87599,50.46354],[4.902,50.46973],[4.88484,50.46909],[4.87472,50.47244],[4.87061,50.47856],[4.86208,50.47581],[4.85261,50.47061],[4.83124,50.47139],[4.83273,50.45991],[4.83214,50.44961]]]},"properties":{"postcode":"5012","nl":"Namen","fr":"Namur"}},
{"type":"Feature","geometry":{"type":"Polygon","coordinates":[[[5.16652,50.44326],[5.16065,50.45595],[5.15078,50.463],[5.14447,50.4608],[5.13442,50.46074],[5.12182,50.45628],[5.11846,50.4536],[5.12078,50.44988],[5.13,50.4422],[5.1398,50.42571],[5.15458,50.41919],[5.16952,50.42519],[5.16652,50.44326]]]},"properties":{"postcode":"5350","nl":"Ohey","fr":"Ohey"}},
{"type":"Feature","geometry":{"type":"Polygon","coordinates":[[[3.38273,50.86578],[3.38393,50.86788],[3.38323,50.87616],[3.38188,50.88338],[3.39291,50.88842],[3.38175,50.8909],[3.37601,50.89564],[3.37784,50.89794],[3.3708,50.90011],[3.35746,50.8983],[3.34574,50.89592],[3.34103,50.89299],[3.34268,50.88752],[3.3584,50.88215],[3.36295,50.87694],[3.36427,50.87146],[3.36861,50.8667],[3.37269,50.865],[3.38273,50.86578]]]},"properties":{"postcode":"8792","nl":"Waregem","fr":"Waregem"}},
{"type":"Feature","geometry":{"type":"Polygon","coordinates":[[[5.89497,50.11211],[5.90042,50.11586],[5.9297,50.12622],[5.96133,50.13136],[5.95951,50.15205],[5.96367,50.16108],[5.9638,50.17262],[5.96942,50.17887],[5.96537,50.19113],[5.96858,50.2086],[5.95179,50.20259],[5.93625,50.20124],[5.92894,50.19083],[5.90889,50.18894],[5.91963,50.1799],[5.91562,50.17077],[5.90333,50.16451],[5.89598,50.15611],[5.88031,50.15316],[5.86512,50.14623],[5.85886,50.13698],[5.86579,50.13612],[5.87781,50.12068],[5.89497,50.11211]]]},"properties":{"postcode":"6670","nl":"Gouvy","fr":"Gouvy"}},
{"type":"Feature","geometry":{"type":"Polygon","coordinates":[[[4.44969,50.87968],[4.47034,50.86871],[4.50018,50.86912],[4.49606,50.89348],[4.49251,50.89687],[4.49066,50.9019],[4.46972,50.89874],[4.46696,50.89793],[4.44969,50.87968]]]},"properties":{"postcode":"1935","nl":"Zaventem","fr":"Zaventem"}},
{"type":"Feature","geometry":{"type":"Polygon","coordinates":[[[4.19763,50.72911],[4.18275,50.74725],[4.17497,50.74511],[4.18083,50.73336],[4.17256,50.73032],[4.16653,50.74556],[4.1692,50.73174],[4.17682,50.72281],[4.18746,50.72287],[4.19763,50.72911]]]},"properties":{"postcode":"1673","nl":"Pepingen","fr":"Pepingen"}},
{"type":"Feature","geometry":{"type":"Polygon","coordinates":[[[4.97092,51.01017],[4.96388,51.02126],[4.93605,51.03636],[4.93232,51.02906],[4.92992,51.00375],[4.95214,51.00179],[4.95289,51.00604],[4.97092,51.01017]]]},"properties":{"postcode":"3272","nl":"Scherpenheuvel-Zichem","fr":"Montaigu-Zichem"}},
{"type":"Feature","geometry":{"type":"Polygon","coordinates":[[[4.68947,50.94407],[4.70457,50.94362],[4.72201,50.93241],[4.73125,50.939],[4.74348,50.93608],[4.75324,50.93613],[4.75143,50.9415],[4.73869,50.94407],[4.73271,50.95255],[4.74842,50.95799],[4.75365,50.95474],[4.77753,50.96179],[4.78227,50.96344],[4.77907,50.97088],[4.77496,50.97502],[4.77396,50.97823],[4.76602,50.97979],[4.76493,50.97673],[4.73353,50.97193],[4.71683,50.96779],[4.69644,50.96751],[4.68714,50.95579],[4.68947,50.94407]]]},"properties":{"postcode":"3110","nl":"Rotselaar","fr":"Rotselaar"}},
{"type":"Feature","geometry":{"type":"Polygon","coordinates":[[[4.48414,50.95543],[4.49567,50.95789],[4.50297,50.95767],[4.50479,50.95931],[4.51141,50.95858],[4.5174,50.9557],[4.52089,50.95975],[4.52174,50.96533],[4.52745,50.96545],[4.52514,50.97058],[4.51341,50.97971],[4.49318,50.98369],[4.49158,50.9668],[4.4775,50.9613],[4.47582,50.95926],[4.48414,50.95543]]]},"properties":{"postcode":"1982","nl":"Zemst","fr":"Zemst"}},
{"type":"Feature","geometry":{"type":"Polygon","coordinates":[[[4.06749,51.14316],[4.06978,51.13852],[4.07765,51.13359],[4.07954,51.13031],[4.08549,51.1299],[4.10258,51.13148],[4.10323,51.13503],[4.10878,51.13698],[4.10842,51.14005],[4.11907,51.14652],[4.12389,51.16416],[4.11059,51.17966],[4.08838,51.18074],[4.08596,51.17544],[4.06658,51.18083],[4.05897,51.18402],[4.05962,51.16757],[4.06215,51.14736],[4.06749,51.14316]]]},"properties":{"postcode":"9111","nl":"Sint-Niklaas","fr":"Saint-Nicolas"}},
{"type":"Feature","geometry":{"type":"Polygon","coordinates":[[[4.04678,50.8647],[4.06246,50.87158],[4.05197,50.88339],[4.04619,50.88519],[4.03614,50.88439],[4.02921,50.87709],[4.03879,50.8653],[4.04678,50.8647]]]},"properties":{"postcode":"9472","nl":"Denderleeuw","fr":"Denderleeuw"}},
{"type":"Feature","geometry":{"type":"Polygon","coordinates":[[[3.60817,51.1727],[3.63743,51.17277],[3.64579,51.1699],[3.66508,51.1681],[3.66035,51.18704],[3.66433,51.1932],[3.66221,51.20715],[3.65795,51.22065],[3.62317,51.21123],[3.61788,51.21178],[3.61265,51.21003],[3.60225,51.20935],[3.6046,51.20384],[3.59606,51.20372],[3.59579,51.20204],[3.60473,51.19574],[3.60894,51.18586],[3.60817,51.1727]]]},"properties":{"postcode":"9971","nl":"Kaprijke","fr":"Kaprijke"}},
{"type":"Feature","geometry":{"type":"Polygon","coordinates":[[[3.64153,50.77168],[3.64738,50.7692],[3.65486,50.77618],[3.65436,50.78421],[3.65511,50.78455],[3.64719,50.79089],[3.63846,50.80451],[3.6395,50.81824],[3.63214,50.82033],[3.62232,50.81961],[3.61965,50.8226],[3.61571,50.82256],[3.61124,50.8255],[3.59899,50.818],[3.59644,50.81285],[3.60233,50.80991],[3.59927,50.80832],[3.60596,50.80236],[3.61143,50.79359],[3.62537,50.79386],[3.63025,50.77802],[3.64153,50.77168]]]},"properties":{"postcode":"9680","nl":"Maarkedal","fr":"Maarkedal"}},
{"type":"Feature","geometry":{"type":"Polygon","coordinates":[[[3.74721,51.04666],[3.76695,51.04979],[3.75738,51.05175],[3.76157,51.05469],[3.75927,51.05724],[3.76578,51.06259],[3.79928,51.06952],[3.81088,51.07427],[3.80469,51.07946],[3.79956,51.08548],[3.78488,51.07954],[3.77304,51.07148],[3.75382,51.07749],[3.74601,51.07569],[3.74735,51.06805],[3.73868,51.05736],[3.74721,51.04666]]]},"properties":{"postcode":"9040","nl":"Gent","fr":"Gand"}},
{"type":"Feature","geometry":{"type":"Polygon","coordinates":[[[5.59961,50.63486],[5.58807,50.62733],[5.59986,50.61613],[5.60938,50.61422],[5.621,50.62324],[5.63843,50.62536],[5.64417,50.63044],[5.63899,50.6276],[5.61676,50.63611],[5.60549,50.63117],[5.59961,50.63486]]]},"properties":{"postcode":"4030","nl":"Luik","fr":"Liège"}},
{"type":"Feature","geometry":{"type":"Polygon","coordinates":[[[5.14753,50.60302],[5.15861,50.61158],[5.17384,50.61368],[5.17972,50.61952],[5.1904,50.62003],[5.19156,50.62311],[5.19674,50.6268],[5.19386,50.62901],[5.19345,50.63362],[5.18827,50.62992],[5.18208,50.63512],[5.17402,50.63401],[5.16651,50.63793],[5.16174,50.63624],[5.14571,50.6185],[5.14553,50.61446],[5.1412,50.60602],[5.14753,50.60302]]]},"properties":{"postcode":"4261","nl":"Braives","fr":"Braives"}},
{"type":"Feature","geometry":{"type":"Polygon","coordinates":[[[4.34914,50.31294],[4.35433,50.31664],[4.35551,50.32012],[4.36134,50.32188],[4.3656,50.33247],[4.37137,50.33248],[4.36923,50.33865],[4.37852,50.34962],[4.38234,50.34409],[4.39442,50.35539],[4.36951,50.35764],[4.34789,50.37521],[4.33631,50.3739],[4.3044,50.36932],[4.3173,50.35772],[4.32568,50.35363],[4.32431,50.33628],[4.33494,50.32373],[4.34779,50.31882],[4.34914,50.31294]]]},"properties":{"postcode":"6534","nl":"Thuin","fr":"Thuin"}},
{"type":"Feature","geometry":{"type":"Polygon","coordinates":[[[3.34618,50.58928],[3.35975,50.59519],[3.36214,50.61213],[3.35661,50.61384],[3.34175,50.61459],[3.3318,50.60124],[3.33484,50.59386],[3.34618,50.58928]]]},"properties":{"postcode":"7501","nl":"Doornik","fr":"Tournai"}},
{"type":"Feature","geometry":{"type":"Polygon","coordinates":[[[4.13069,50.54499],[4.14088,50.5468],[4.15512,50.54466],[4.17062,50.55093],[4.18124,50.56133],[4.17074,50.566],[4.1818,50.57301],[4.19758,50.57016],[4.20531,50.57338],[4.18941,50.58103],[4.19333,50.58705],[4.19851,50.5892],[4.20777,50.58583],[4.20249,50.59402],[4.19328,50.59665],[4.19081,50.59296],[4.17618,50.59044],[4.17129,50.59516],[4.15867,50.58314],[4.14471,50.57887],[4.13773,50.57579],[4.13635,50.57233],[4.12341,50.56475],[4.12782,50.55808],[4.13069,50.54499]]]},"properties":{"postcode":"7191","nl":"Écaussinnes","fr":"Écaussinnes"}},
{"type":"Feature","geometry":{"type":"Polygon","coordinates":[[[3.85139,50.7174],[3.87089,50.71402],[3.8784,50.71464],[3.88685,50.71283],[3.88965,50.71394],[3.89693,50.72921],[3.89568,50.73302],[3.89256,50.73507],[3.89194,50.74281],[3.8798,50.75145],[3.87053,50.74801],[3.86091,50.75075],[3.84269,50.74466],[3.83834,50.74143],[3.82375,50.73811],[3.82543,50.72757],[3.83741,50.72498],[3.85139,50.7174]]]},"properties":{"postcode":"7864","nl":"Lessen","fr":"Lessines"}},
{"type":"Feature","geometry":{"type":"Polygon","coordinates":[[[3.77819,50.60584],[3.78713,50.61324],[3.799,50.62298],[3.81324,50.63052],[3.81921,50.64185],[3.80615,50.64455],[3.78771,50.65542],[3.77833,50.65442],[3.77268,50.64734],[3.7618,50.64289],[3.75203,50.64714],[3.7442,50.64447],[3.7428,50.64391],[3.74701,50.63586],[3.76779,50.6266],[3.76966,50.61685],[3.75336,50.60653],[3.7574,50.60171],[3.77819,50.60584]]]},"properties":{"postcode":"7800","nl":"Aat","fr":"Ath"}},
{"type":"Feature","geometry":{"type":"Polygon","coordinates":[[[3.74361,50.51951],[3.75529,50.53117],[3.7606,50.54213],[3.75268,50.5504],[3.73307,50.55384],[3.72302,50.54746],[3.72336,50.5415],[3.70825,50.53932],[3.71454,50.52872],[3.70625,50.52522],[3.71295,50.51544],[3.74361,50.51951]]]},"properties":{"postcode":"7970","nl":"Beloeil","fr":"Beloeil"}},
{"type":"Feature","geometry":{"type":"Polygon","coordinates":[[[4.33631,50.3739],[4.34789,50.37521],[4.35685,50.37681],[4.35358,50.3851],[4.36465,50.39244],[4.37922,50.39021],[4.363,50.396],[4.36607,50.40413],[4.35633,50.40447],[4.35636,50.40285],[4.35267,50.39671],[4.34059,50.38891],[4.3353,50.38168],[4.33631,50.3739]]]},"properties":{"postcode":"6111","nl":"Montigny-le-Tilleul","fr":"Montigny-le-Tilleul"}},
{"type":"Feature","geometry":{"type":"Polygon","coordinates":[[[4.34997,50.42981],[4.34676,50.43972],[4.35873,50.44447],[4.35647,50.45433],[4.33594,50.4546],[4.32673,50.45414],[4.32273,50.44828],[4.32261,50.44493],[4.32747,50.44727],[4.33179,50.44092],[4.34225,50.43744],[4.34415,50.43184],[4.34809,50.42958],[4.34997,50.42981]]]},"properties":{"postcode":"6182","nl":"Courcelles","fr":"Courcelles"}},
{"type":"Feature","geometry":{"type":"Polygon","coordinates":[[[3.92801,50.46008],[3.94117,50.46956],[3.93501,50.48273],[3.93552,50.49271],[3.93089,50.50012],[3.90115,50.49907],[3.87933,50.50376],[3.86651,50.49693],[3.85482,50.47501],[3.87494,50.47717],[3.87525,50.46278],[3.90486,50.45819],[3.91992,50.46239],[3.92801,50.46008]]]},"properties":{"postcode":"7011","nl":"Bergen","fr":"Mons"}},
{"type":"Feature","geometry":{"type":"Polygon","coordinates":[[[3.40157,50.52483],[3.38839,50.52761],[3.37554,50.52301],[3.38052,50.5125],[3.39826,50.52182],[3.40157,50.52483]]]},"properties":{"postcode":"7621","nl":"Brunehaut","fr":"Brunehaut"}},
{"type":"Feature","geometry":{"type":"Polygon","coordinates":[[[4.50195,50.71],[4.50709,50.71613],[4.52603,50.72661],[4.52477,50.72773],[4.52332,50.72736],[4.50925,50.7313],[4.49987,50.73299],[4.47729,50.72415],[4.47887,50.72194],[4.49417,50.71074],[4.50195,50.71]]]},"properties":{"postcode":"1332","nl":"Rixensart","fr":"Rixensart"}},
{"type":"Feature","geometry":{"type":"Polygon","coordinates":[[[4.37842,51.18436],[4.38642,51.1795],[4.39473,51.18397],[4.4055,51.17691],[4.41839,51.17546],[4.42228,51.18037],[4.41037,51.19739],[4.42556,51.2013],[4.43665,51.20744],[4.44433,51.20548],[4.42714,51.21018],[4.42651,51.2157],[4.43826,51.22024],[4.44268,51.22735],[4.44273,51.23004],[4.42534,51.24075],[4.42861,51.26405],[4.41333,51.26565],[4.4012,51.27638],[4.38591,51.27654],[4.38748,51.28594],[4.40901,51.28794],[4.40583,51.29272],[4.39798,51.29723],[4.35992,51.31055],[4.35544,51.31367],[4.31529,51.30245],[4.30953,51.29212],[4.31735,51.28826],[4.31702,51.27756],[4.30079,51.26237],[4.30652,51.25492],[4.33087,51.25011],[4.35203,51.24012],[4.34033,51.23119],[4.34476,51.21583],[4.3573,51.20193],[4.33958,51.19626],[4.35257,51.1957],[4.35731,51.18879],[4.37013,51.18989],[4.37842,51.18436]]]},"properties":{"postcode":"2018","nl":"Antwerpen","fr":"Anvers"}},
{"type":"Feature","geometry":{"type":"Polygon","coordinates":[[[4.34934,51.15555],[4.35675,51.16345],[4.37406,51.17234],[4.37842,51.18436],[4.37013,51.18989],[4.35731,51.18879],[4.35257,51.1957],[4.33958,51.19626],[4.32848,51.18139],[4.32978,51.1617],[4.34141,51.15858],[4.34934,51.15555]]]},"properties":{"postcode":"2660","nl":"Antwerpen","fr":"Anvers"}},
{"type":"Feature","geometry":{"type":"Polygon","coordinates":[[[4.69536,50.99918],[4.70339,50.99993],[4.70968,51.01232],[4.73065,51.0199],[4.73798,51.02677],[4.73355,51.02882],[4.70827,51.03588],[4.70233,51.0414],[4.69305,51.04245],[4.68249,51.04463],[4.66431,51.04357],[4.66187,51.04214],[4.65902,51.0333],[4.68538,51.02411],[4.69168,51.01629],[4.70385,51.01533],[4.70949,51.01359],[4.69782,51.001],[4.69536,50.99918]]]},"properties":{"postcode":"2223","nl":"Heist-op-den-Berg","fr":"Heist-op-den-Berg"}},
{"type":"Feature","geometry":{"type":"Polygon","coordinates":[[[4.85319,50.20193],[4.84557,50.2125],[4.82611,50.21571],[4.8193,50.20104],[4.82476,50.1928],[4.82423,50.20049],[4.83737,50.21083],[4.85319,50.20193]]]},"properties":{"postcode":"5541","nl":"Hastière","fr":"Hastière"}},
{"type":"Feature","geometry":{"type":"Polygon","coordinates":[[[4.69813,50.53964],[4.68785,50.53516],[4.67303,50.53449],[4.66475,50.52653],[4.67849,50.52242],[4.68842,50.51343],[4.70316,50.5165],[4.71584,50.50801],[4.73912,50.51061],[4.73832,50.52682],[4.70769,50.52248],[4.69839,50.5402],[4.69813,50.53964]]]},"properties":{"postcode":"5032","nl":"Gembloux","fr":"Gembloux"}},
{"type":"Feature","geometry":{"type":"Polygon","coordinates":[[[5.69654,50.91334],[5.72455,50.91997],[5.73985,50.93468],[5.73063,50.94291],[5.71191,50.93578],[5.71156,50.92738],[5.69654,50.91334]]]},"properties":{"postcode":"3631","nl":"Maasmechelen","fr":"Maasmechelen"}},
{"type":"Feature","geometry":{"type":"Polygon","coordinates":[[[5.25709,51.09922],[5.30093,51.10579],[5.2802,51.131],[5.26797,51.14108],[5.26098,51.14697],[5.23622,51.13326],[5.24776,51.12752],[5.23925,51.12028],[5.24263,51.11327],[5.2562,51.10545],[5.25709,51.09922]]]},"properties":{"postcode":"3970","nl":"Leopoldsburg","fr":"Bourg-Léopold"}},
{"type":"Feature","geometry":{"type":"Polygon","coordinates":[[[2.80218,51.16903],[2.83015,51.17858],[2.83668,51.16657],[2.84394,51.16746],[2.85588,51.17305],[2.86317,51.18036],[2.85724,51.18648],[2.83877,51.18763],[2.81945,51.18395],[2.81088,51.17993],[2.80218,51.16903]]]},"properties":{"postcode":"8430","nl":"Middelkerke","fr":"Middelkerke"}},
{"type":"Feature","geometry":{"type":"Polygon","coordinates":[[[5.85886,50.13698],[5.84866,50.14373],[5.82863,50.14047],[5.82413,50.14132],[5.80473,50.13119],[5.7884,50.11633],[5.79599,50.10264],[5.80797,50.10028],[5.82439,50.08555],[5.81653,50.07897],[5.82448,50.07559],[5.82722,50.0641],[5.83977,50.06645],[5.85649,50.06213],[5.86773,50.07336],[5.88744,50.07964],[5.88646,50.09086],[5.89458,50.10105],[5.89497,50.11211],[5.87781,50.12068],[5.86579,50.13612],[5.85886,50.13698]]]},"properties":{"postcode":"6662","nl":"Houffalize","fr":"Houffalize"}},
{"type":"Feature","geometry":{"type":"Polygon","coordinates":[[[5.73019,50.08556],[5.74587,50.08706],[5.76124,50.09548],[5.77476,50.10893],[5.7753,50.11488],[5.77598,50.12477],[5.75883,50.13365],[5.75239,50.1346],[5.72432,50.13063],[5.722,50.13372],[5.70282,50.13476],[5.68471,50.12938],[5.67767,50.13329],[5.67148,50.12447],[5.67786,50.11474],[5.6947,50.11129],[5.70039,50.1016],[5.72553,50.08446],[5.73019,50.08556]]]},"properties":{"postcode":"6663","nl":"Houffalize","fr":"Houffalize"}},
{"type":"Feature","geometry":{"type":"Polygon","coordinates":[[[5.59864,49.71002],[5.60306,49.7172],[5.59437,49.72951],[5.59406,49.73803],[5.60557,49.74078],[5.6094,49.74719],[5.60257,49.74181],[5.56902,49.7343],[5.56936,49.72312],[5.57382,49.70957],[5.59864,49.71002]]]},"properties":{"postcode":"6724","nl":"Habay","fr":"Habay"}},
{"type":"Feature","geometry":{"type":"Polygon","coordinates":[[[4.92822,50.97408],[4.92435,50.98346],[4.9153,50.98158],[4.90238,50.99611],[4.8752,50.99363],[4.86159,50.98795],[4.87051,50.96858],[4.86582,50.95806],[4.8687,50.95621],[4.89812,50.95611],[4.90873,50.95978],[4.91783,50.95789],[4.93346,50.96031],[4.92822,50.97408]]]},"properties":{"postcode":"3202","nl":"Aarschot","fr":"Aarschot"}},
{"type":"Feature","geometry":{"type":"Polygon","coordinates":[[[4.71471,50.87366],[4.72873,50.87032],[4.73776,50.87266],[4.74659,50.87113],[4.75395,50.87174],[4.76004,50.87296],[4.77043,50.88511],[4.76963,50.88964],[4.75112,50.8879],[4.74929,50.89449],[4.76061,50.90781],[4.74797,50.90883],[4.72895,50.90631],[4.71591,50.90954],[4.7112,50.90268],[4.70997,50.88697],[4.71788,50.8798],[4.71471,50.87366]]]},"properties":{"postcode":"3010","nl":"Leuven","fr":"Louvain"}},
{"type":"Feature","geometry":{"type":"Polygon","coordinates":[[[4.70323,50.82031],[4.71336,50.81114],[4.72707,50.81333],[4.7261,50.82301],[4.71053,50.83112],[4.70747,50.83784],[4.71268,50.84407],[4.697,50.83337],[4.69411,50.82568],[4.70323,50.82031]]]},"properties":{"postcode":"3052","nl":"Oud-Heverlee","fr":"Oud-Heverlee"}},
{"type":"Feature","geometry":{"type":"Polygon","coordinates":[[[3.43102,51.05498],[3.43228,51.06061],[3.44733,51.06482],[3.47477,51.06484],[3.48135,51.07224],[3.47569,51.09074],[3.48089,51.10007],[3.4781,51.10929],[3.44603,51.11778],[3.42655,51.12208],[3.41759,51.11631],[3.40146,51.11261],[3.36784,51.11465],[3.35493,51.11221],[3.35346,51.10859],[3.34698,51.10608],[3.34134,51.10506],[3.33136,51.09888],[3.3595,51.08696],[3.37276,51.08451],[3.39078,51.07021],[3.41966,51.06252],[3.42001,51.05529],[3.43102,51.05498]]]},"properties":{"postcode":"9880","nl":"Aalter","fr":"Aalter"}},
{"type":"Feature","geometry":{"type":"Polygon","coordinates":[[[3.85825,50.80001],[3.84541,50.80743],[3.8118,50.80898],[3.80231,50.81642],[3.78885,50.80395],[3.78592,50.79811],[3.79997,50.79297],[3.81853,50.79571],[3.85825,50.80001]]]},"properties":{"postcode":"9572","nl":"Lierde","fr":"Lierde"}},
{"type":"Feature","geometry":{"type":"Polygon","coordinates":[[[6.00034,50.64985],[6.01061,50.65449],[6.00275,50.66093],[6.0029,50.66779],[6.02372,50.68042],[6.02031,50.69157],[5.9951,50.69426],[5.98171,50.70257],[5.96721,50.69505],[5.95506,50.68403],[5.96139,50.67984],[5.98091,50.66045],[6.00034,50.64985]]]},"properties":{"postcode":"4710","nl":"Lontzen","fr":"Lontzen"}},
{"type":"Feature","geometry":{"type":"Polygon","coordinates":[[[3.80118,50.48721],[3.81676,50.47672],[3.83154,50.46027],[3.83744,50.45629],[3.84388,50.45825],[3.85335,50.45571],[3.85915,50.45671],[3.86843,50.45534],[3.87056,50.45619],[3.87525,50.46278],[3.87494,50.47717],[3.85482,50.47501],[3.86651,50.49693],[3.87933,50.50376],[3.86891,50.50568],[3.86601,50.50214],[3.86279,50.50187],[3.85416,50.50455],[3.84539,50.5083],[3.83029,50.51],[3.82562,50.51175],[3.82345,50.51687],[3.81844,50.50936],[3.81703,50.50261],[3.80356,50.49201],[3.80118,50.48721]]]},"properties":{"postcode":"7331","nl":"Saint-Ghislain","fr":"Saint-Ghislain"}},
{"type":"Feature","geometry":{"type":"Polygon","coordinates":[[[3.38429,50.67563],[3.38407,50.67863],[3.38692,50.68214],[3.38668,50.69461],[3.39089,50.69833],[3.39419,50.69762],[3.39938,50.70079],[3.38808,50.70881],[3.37495,50.71518],[3.37799,50.71731],[3.36542,50.72143],[3.36603,50.71847],[3.36071,50.71325],[3.36058,50.70861],[3.35738,50.70484],[3.34229,50.69647],[3.34234,50.68811],[3.34829,50.6796],[3.3576,50.67163],[3.36279,50.66911],[3.38429,50.67563]]]},"properties":{"postcode":"7742","nl":"Pecq","fr":"Pecq"}},
{"type":"Feature","geometry":{"type":"Polygon","coordinates":[[[3.34749,50.64756],[3.36201,50.64775],[3.39352,50.65698],[3.39908,50.67773],[3.39426,50.67571],[3.38429,50.67563],[3.36279,50.66911],[3.3576,50.67163],[3.34557,50.66101],[3.34749,50.64756]]]},"properties":{"postcode":"7743","nl":"Pecq","fr":"Pecq"}},
{"type":"Feature","geometry":{"type":"Polygon","coordinates":[[[4.20083,50.00112],[4.2086,50.0073],[4.20933,50.01389],[4.19339,50.03256],[4.17325,50.04605],[4.16453,50.04798],[4.1522,50.03897],[4.14869,50.03229],[4.13613,50.0209],[4.13724,50.01428],[4.15003,50.01728],[4.1722,50.01879],[4.18178,49.99407],[4.19941,49.99572],[4.20083,50.00112]]]},"properties":{"postcode":"6590","nl":"Momignies","fr":"Momignies"}},
{"type":"Feature","geometry":{"type":"Polygon","coordinates":[[[4.23428,50.35652],[4.23217,50.36303],[4.22068,50.3675],[4.22388,50.38048],[4.23884,50.37776],[4.24275,50.3809],[4.23863,50.38231],[4.23784,50.38595],[4.23241,50.38869],[4.23357,50.39563],[4.22391,50.39348],[4.20121,50.39807],[4.19749,50.39529],[4.1711,50.4035],[4.17344,50.38199],[4.18569,50.37754],[4.1801,50.3625],[4.18193,50.3562],[4.18677,50.3534],[4.18579,50.35103],[4.19174,50.34957],[4.198,50.362],[4.21922,50.36148],[4.23428,50.35652]]]},"properties":{"postcode":"7133","nl":"Binche","fr":"Binche"}},
{"type":"Feature","geometry":{"type":"Polygon","coordinates":[[[4.33995,50.84023],[4.34286,50.83309],[4.35832,50.83063],[4.36722,50.82299],[4.36812,50.81487],[4.36975,50.80945],[4.37538,50.79973],[4.40081,50.79636],[4.3969,50.80175],[4.39046,50.80216],[4.38259,50.81585],[4.35609,50.83577],[4.36868,50.84002],[4.37961,50.83683],[4.38026,50.84001],[4.39333,50.83794],[4.39603,50.84341],[4.38405,50.85142],[4.37322,50.84729],[4.35719,50.86031],[4.36109,50.8688],[4.38839,50.88106],[4.402,50.88593],[4.41068,50.87697],[4.42572,50.87213],[4.43706,50.87878],[4.42704,50.89089],[4.43279,50.89473],[4.42433,50.90197],[4.41572,50.90612],[4.40347,50.9139],[4.38776,50.90994],[4.37822,50.89728],[4.36046,50.90118],[4.33092,50.90092],[4.3246,50.89859],[4.32354,50.89412],[4.32987,50.88535],[4.33704,50.88697],[4.33929,50.88175],[4.34052,50.87136],[4.34359,50.86905],[4.34174,50.86496],[4.34665,50.85903],[4.33564,50.84815],[4.33788,50.84645],[4.33995,50.84023]]]},"properties":{"postcode":"1000","nl":"Brussel","fr":"Bruxelles"}},
{"type":"Feature","geometry":{"type":"Polygon","coordinates":[[[4.61288,50.68865],[4.61773,50.68262],[4.62511,50.68419],[4.63352,50.68863],[4.64175,50.70542],[4.63879,50.72433],[4.64393,50.72737],[4.64537,50.73014],[4.64185,50.7334],[4.63555,50.73026],[4.62824,50.73004],[4.62546,50.73446],[4.62556,50.73899],[4.61943,50.74404],[4.60508,50.74103],[4.5983,50.74563],[4.60114,50.75183],[4.60112,50.75553],[4.59786,50.75898],[4.59721,50.76357],[4.59212,50.76121],[4.58544,50.76018],[4.57358,50.7483],[4.56389,50.74764],[4.56229,50.74475],[4.56315,50.74096],[4.56681,50.73823],[4.57792,50.7376],[4.59087,50.7235],[4.58722,50.71868],[4.60471,50.71382],[4.62022,50.70243],[4.61437,50.69772],[4.61288,50.68865]]]},"properties":{"postcode":"1300","nl":"Waver","fr":"Wavre"}},
{"type":"Feature","geometry":{"type":"Polygon","coordinates":[[[4.51475,50.67548],[4.4921,50.66258],[4.49423,50.65655],[4.50386,50.65286],[4.51558,50.65587],[4.52468,50.65162],[4.54432,50.65002],[4.55596,50.65313],[4.5659,50.65435],[4.5699,50.65797],[4.57956,50.65147],[4.58565,50.64927],[4.59119,50.65436],[4.59475,50.65575],[4.57353,50.65833],[4.51475,50.67548]]]},"properties":{"postcode":"1341","nl":"Ottignies-Louvain-la-Neuve","fr":"Ottignies-Louvain-la-Neuve"}},
{"type":"Feature","geometry":{"type":"Polygon","coordinates":[[[4.53762,51.16322],[4.56488,51.16574],[4.56488,51.16582],[4.56332,51.17255],[4.55903,51.17506],[4.55105,51.17797],[4.5505,51.18258],[4.53998,51.18486],[4.5335,51.18496],[4.53008,51.19004],[4.52276,51.18857],[4.51666,51.18872],[4.51257,51.18686],[4.51438,51.17041],[4.528,51.17302],[4.53762,51.16322]]]},"properties":{"postcode":"2531","nl":"Boechout","fr":"Boechout"}},
{"type":"Feature","geometry":{"type":"Polygon","coordinates":[[[4.9245,50.23944],[4.89985,50.24151],[4.88875,50.23906],[4.89243,50.22285],[4.88881,50.21922],[4.89858,50.2119],[4.91083,50.21434],[4.92885,50.23189],[4.9245,50.23944]]]},"properties":{"postcode":"5500","nl":"Dinant","fr":"Dinant"}},
{"type":"Feature","geometry":{"type":"Polygon","coordinates":[[[4.75936,50.26603],[4.76358,50.24418],[4.78805,50.24233],[4.80051,50.25156],[4.79209,50.25815],[4.78817,50.26853],[4.76557,50.27498],[4.75936,50.26603]]]},"properties":{"postcode":"5521","nl":"Onhaye","fr":"Onhaye"}},
{"type":"Feature","geometry":{"type":"Polygon","coordinates":[[[5.4576,50.84075],[5.46689,50.83482],[5.47765,50.83724],[5.4855,50.83004],[5.47965,50.82268],[5.48296,50.81471],[5.49854,50.81557],[5.51326,50.82152],[5.50376,50.85229],[5.49651,50.86326],[5.48311,50.8726],[5.48217,50.87775],[5.46747,50.88468],[5.45708,50.86616],[5.46356,50.85697],[5.45756,50.84856],[5.4576,50.84075]]]},"properties":{"postcode":"3730","nl":"Bilzen-Hoeselt","fr":"Bilzen-Hoeselt"}},
{"type":"Feature","geometry":{"type":"Polygon","coordinates":[[[5.9102,50.73614],[5.90677,50.7422],[5.89564,50.74545],[5.88207,50.74376],[5.87796,50.73944],[5.86071,50.7364],[5.86036,50.72086],[5.86636,50.7166],[5.88337,50.70986],[5.8866,50.71559],[5.9102,50.73614]]]},"properties":{"postcode":"3791","nl":"Voeren","fr":"Fourons"}},
{"type":"Feature","geometry":{"type":"Polygon","coordinates":[[[5.20562,50.78672],[5.23774,50.78337],[5.24216,50.79037],[5.25194,50.79183],[5.25038,50.80723],[5.24385,50.81063],[5.2303,50.80892],[5.22385,50.81548],[5.2075,50.81218],[5.20088,50.80379],[5.21255,50.79236],[5.20562,50.78672]]]},"properties":{"postcode":"3800","nl":"Sint-Truiden","fr":"Saint-Trond"}},
{"type":"Feature","geometry":{"type":"Polygon","coordinates":[[[5.32014,51.18123],[5.33231,51.176],[5.35883,51.18188],[5.38338,51.17678],[5.38634,51.16991],[5.39633,51.16485],[5.4099,51.16426],[5.42026,51.17299],[5.43621,51.17028],[5.4376,51.18204],[5.44289,51.20347],[5.42943,51.2284],[5.40862,51.2321],[5.39948,51.24688],[5.34729,51.20239],[5.32014,51.18123]]]},"properties":{"postcode":"3900","nl":"Pelt","fr":"Pelt"}},
{"type":"Feature","geometry":{"type":"Polygon","coordinates":[[[2.80218,51.16903],[2.83015,51.17858],[2.83668,51.16657],[2.84394,51.16746],[2.85588,51.17305],[2.86317,51.18036],[2.85724,51.18648],[2.83877,51.18763],[2.81945,51.18395],[2.81088,51.17993],[2.80218,51.16903]]]},"properties":{"postcode":"8431","nl":"Middelkerke","fr":"Middelkerke"}},
{"type":"Feature","geometry":{"type":"Polygon","coordinates":[[[2.87373,51.13815],[2.87865,51.14565],[2.88269,51.14646],[2.88592,51.14393],[2.89272,51.14546],[2.89968,51.15072],[2.90457,51.15288],[2.91603,51.15531],[2.92329,51.16461],[2.91239,51.17347],[2.9127,51.17509],[2.90178,51.18469],[2.89851,51.18623],[2.89381,51.18459],[2.87945,51.18915],[2.8712,51.19455],[2.86587,51.19556],[2.86048,51.19462],[2.83877,51.18763],[2.85724,51.18648],[2.86317,51.18036],[2.85588,51.17305],[2.84394,51.16746],[2.85063,51.16291],[2.86395,51.14391],[2.87373,51.13815]]]},"properties":{"postcode":"8432","nl":"Middelkerke","fr":"Middelkerke"}},
{"type":"Feature","geometry":{"type":"Polygon","coordinates":[[[2.7301,50.99539],[2.73175,51.00055],[2.73042,51.00603],[2.73385,51.00833],[2.75077,51.00987],[2.77056,51.01713],[2.76245,51.03356],[2.75846,51.03478],[2.74628,51.03561],[2.74736,51.0439],[2.74072,51.04423],[2.73387,51.04137],[2.73167,51.03731],[2.72294,51.03646],[2.72209,51.02982],[2.70274,51.01765],[2.68978,51.02262],[2.67695,51.01275],[2.67096,51.00418],[2.68178,50.99002],[2.6964,51.00905],[2.7082,51.00108],[2.70403,50.99989],[2.70463,50.99501],[2.70081,50.99255],[2.70652,50.98984],[2.72717,50.99348],[2.7301,50.99539]]]},"properties":{"postcode":"8690","nl":"Alveringem","fr":"Alveringem"}},
{"type":"Feature","geometry":{"type":"Polygon","coordinates":[[[3.34138,50.85677],[3.3462,50.85772],[3.35639,50.86261],[3.36903,50.86539],[3.36861,50.8667],[3.36427,50.87146],[3.36295,50.87694],[3.3584,50.88215],[3.34268,50.88752],[3.33912,50.88391],[3.33148,50.88039],[3.3248,50.88016],[3.32016,50.87142],[3.33897,50.86403],[3.3383,50.85999],[3.34138,50.85677]]]},"properties":{"postcode":"8791","nl":"Waregem","fr":"Waregem"}},
{"type":"Feature","geometry":{"type":"Polygon","coordinates":[[[2.78982,50.73186],[2.79221,50.74419],[2.80576,50.75131],[2.80591,50.75909],[2.81806,50.76214],[2.83055,50.76132],[2.82399,50.77096],[2.82829,50.77532],[2.8114,50.7781],[2.79478,50.77581],[2.79169,50.77223],[2.76788,50.76753],[2.76169,50.77026],[2.76158,50.75919],[2.77798,50.75056],[2.78982,50.73186]]]},"properties":{"postcode":"8951","nl":"Heuvelland","fr":"Heuvelland"}},
{"type":"Feature","geometry":{"type":"Polygon","coordinates":[[[5.722,50.13372],[5.72432,50.13063],[5.75239,50.1346],[5.75883,50.13365],[5.77212,50.13316],[5.78069,50.13909],[5.80189,50.13933],[5.80473,50.13119],[5.82413,50.14132],[5.82863,50.14047],[5.83895,50.15165],[5.83573,50.16221],[5.82199,50.17168],[5.81135,50.18696],[5.81002,50.18794],[5.7928,50.18335],[5.78311,50.18734],[5.74717,50.18691],[5.74258,50.19549],[5.74266,50.1931],[5.75387,50.17005],[5.74408,50.14411],[5.722,50.13372]]]},"properties":{"postcode":"6661","nl":"Houffalize","fr":"Houffalize"}},
{"type":"Feature","geometry":{"type":"Polygon","coordinates":[[[5.9638,50.17262],[5.97111,50.17497],[5.99979,50.17585],[6.02478,50.1828],[6.02611,50.18339],[6.02036,50.19173],[6.03309,50.20122],[6.02654,50.20913],[6.01507,50.21443],[6.00869,50.23814],[6.01239,50.24417],[5.99924,50.23624],[5.98317,50.23449],[5.98309,50.22474],[5.9686,50.22239],[5.96858,50.2086],[5.96537,50.19113],[5.96942,50.17887],[5.9638,50.17262]]]},"properties":{"postcode":"6672","nl":"Gouvy","fr":"Gouvy"}},
{"type":"Feature","geometry":{"type":"Polygon","coordinates":[[[5.69931,49.65686],[5.71087,49.65319],[5.73702,49.65874],[5.74576,49.66862],[5.755,49.67123],[5.79514,49.6638],[5.80591,49.67008],[5.79881,49.67652],[5.79872,49.68701],[5.77821,49.69424],[5.78663,49.70213],[5.78299,49.71343],[5.78717,49.7166],[5.78421,49.72216],[5.77828,49.72236],[5.76754,49.71813],[5.76315,49.71852],[5.7579,49.71023],[5.75554,49.71116],[5.74947,49.70909],[5.74091,49.70788],[5.73653,49.70339],[5.72529,49.69683],[5.71317,49.70017],[5.70928,49.70752],[5.69889,49.71034],[5.69243,49.70466],[5.69321,49.6954],[5.67846,49.68733],[5.68746,49.67798],[5.6896,49.66993],[5.69931,49.65686]]]},"properties":{"postcode":"6700","nl":"Aarlen","fr":"Arlon"}},
{"type":"Feature","geometry":{"type":"Polygon","coordinates":[[[5.11629,50.02777],[5.12583,50.0315],[5.12527,50.03893],[5.12751,50.04031],[5.13813,50.03879],[5.14081,50.04551],[5.13509,50.04762],[5.14289,50.05107],[5.14547,50.05464],[5.13971,50.06404],[5.14761,50.07305],[5.13644,50.08646],[5.12994,50.086],[5.12455,50.07696],[5.12154,50.05848],[5.11605,50.05217],[5.12042,50.03994],[5.11629,50.02777]]]},"properties":{"postcode":"6922","nl":"Wellin","fr":"Wellin"}},
{"type":"Feature","geometry":{"type":"Polygon","coordinates":[[[5.62648,50.16693],[5.65573,50.16644],[5.66327,50.1736],[5.68278,50.18072],[5.69749,50.19824],[5.71566,50.19909],[5.71654,50.18668],[5.74266,50.1931],[5.74258,50.19549],[5.72998,50.20418],[5.72838,50.21814],[5.71138,50.22407],[5.70966,50.23062],[5.69819,50.22747],[5.69374,50.22537],[5.67443,50.22612],[5.66345,50.22508],[5.65551,50.22208],[5.63142,50.22715],[5.61635,50.22474],[5.61051,50.21687],[5.61176,50.20837],[5.62376,50.20654],[5.6198,50.19642],[5.64185,50.19068],[5.63966,50.17887],[5.62648,50.16693]]]},"properties":{"postcode":"6982","nl":"La Roche-en-Ardenne","fr":"La Roche-en-Ardenne"}},
{"type":"Feature","geometry":{"type":"Polygon","coordinates":[[[5.12995,50.88836],[5.14241,50.87989],[5.14011,50.87032],[5.13494,50.86681],[5.13449,50.86261],[5.13786,50.86101],[5.14652,50.85989],[5.14845,50.85806],[5.15436,50.86418],[5.15527,50.87093],[5.15508,50.87951],[5.16205,50.8758],[5.17105,50.8726],[5.17681,50.87658],[5.17984,50.88154],[5.17922,50.88614],[5.18561,50.88896],[5.18668,50.89375],[5.188,50.90218],[5.18436,50.9077],[5.16954,50.91362],[5.15664,50.91176],[5.14082,50.91351],[5.13537,50.91404],[5.1386,50.90868],[5.12884,50.89664],[5.12995,50.88836]]]},"properties":{"postcode":"3454","nl":"Geetbets","fr":"Geetbets"}},
{"type":"Feature","geometry":{"type":"Polygon","coordinates":[[[4.29155,50.94529],[4.29587,50.94091],[4.28954,50.93784],[4.29106,50.93375],[4.29543,50.92999],[4.29971,50.9227],[4.3018,50.9223],[4.31357,50.92434],[4.31785,50.92408],[4.32735,50.92808],[4.33691,50.9209],[4.33896,50.92073],[4.34018,50.92118],[4.34712,50.93158],[4.34399,50.93711],[4.35325,50.94591],[4.34434,50.95679],[4.35319,50.96831],[4.35355,50.96864],[4.343,50.97486],[4.34179,50.97156],[4.32822,50.96059],[4.30926,50.96585],[4.32026,50.95346],[4.31556,50.94904],[4.29155,50.94529]]]},"properties":{"postcode":"1860","nl":"Meise","fr":"Meise"}},
{"type":"Feature","geometry":{"type":"Polygon","coordinates":[[[4.51723,50.88652],[4.53124,50.89127],[4.55604,50.89417],[4.56158,50.88624],[4.57723,50.88752],[4.59804,50.89228],[4.60128,50.89963],[4.61107,50.90622],[4.60841,50.91355],[4.60435,50.91554],[4.60222,50.91967],[4.60513,50.93037],[4.59394,50.9325],[4.58999,50.92963],[4.58922,50.92605],[4.59254,50.9209],[4.58626,50.92074],[4.57698,50.91707],[4.55646,50.91228],[4.55443,50.91368],[4.54112,50.91188],[4.53261,50.90976],[4.5298,50.90347],[4.53413,50.89636],[4.51506,50.89011],[4.51723,50.88652]]]},"properties":{"postcode":"3071","nl":"Kortenberg","fr":"Kortenberg"}},
{"type":"Feature","geometry":{"type":"Polygon","coordinates":[[[4.06246,50.87158],[4.06206,50.86865],[4.06637,50.8657],[4.0698,50.8703],[4.08007,50.87122],[4.08504,50.87658],[4.08227,50.87808],[4.08795,50.884],[4.08939,50.88891],[4.08233,50.89122],[4.07424,50.8994],[4.07124,50.90286],[4.04619,50.88519],[4.05197,50.88339],[4.06246,50.87158]]]},"properties":{"postcode":"9470","nl":"Denderleeuw","fr":"Denderleeuw"}},
{"type":"Feature","geometry":{"type":"Polygon","coordinates":[[[3.52768,50.8887],[3.51423,50.89137],[3.49637,50.88724],[3.48577,50.8881],[3.47644,50.89567],[3.47056,50.88938],[3.47091,50.87826],[3.48491,50.87741],[3.48854,50.88008],[3.50004,50.872],[3.5084,50.87368],[3.52216,50.87388],[3.52767,50.87639],[3.53239,50.87748],[3.52837,50.88146],[3.52979,50.88564],[3.52768,50.8887]]]},"properties":{"postcode":"9771","nl":"Kruisem","fr":"Kruisem"}},
{"type":"Feature","geometry":{"type":"Polygon","coordinates":[[[3.39927,51.23729],[3.41724,51.24142],[3.42809,51.23849],[3.44163,51.24322],[3.42748,51.24466],[3.4246,51.25421],[3.41591,51.25993],[3.4063,51.25778],[3.40158,51.26318],[3.39454,51.26542],[3.38718,51.27364],[3.38342,51.26688],[3.38764,51.26297],[3.39347,51.253],[3.3951,51.25201],[3.39841,51.24326],[3.39927,51.23729]]]},"properties":{"postcode":"9992","nl":"Maldegem","fr":"Maldegem"}},
{"type":"Feature","geometry":{"type":"Polygon","coordinates":[[[3.62932,50.99176],[3.60873,51.01818],[3.59144,51.00942],[3.6016,51.00516],[3.59768,50.99357],[3.60749,50.98307],[3.62363,50.98828],[3.62932,50.99176]]]},"properties":{"postcode":"9831","nl":"Sint-Martens-Latem","fr":"Sint-Martens-Latem"}},
{"type":"Feature","geometry":{"type":"Polygon","coordinates":[[[3.84269,50.74466],[3.86091,50.75075],[3.87053,50.74801],[3.8798,50.75145],[3.89194,50.74281],[3.89884,50.7479],[3.9008,50.75852],[3.87007,50.76431],[3.86926,50.77009],[3.83258,50.75636],[3.84269,50.74466]]]},"properties":{"postcode":"9500","nl":"Geraardsbergen","fr":"Grammont"}},
{"type":"Feature","geometry":{"type":"Polygon","coordinates":[[[5.54199,50.46137],[5.55321,50.45926],[5.603,50.465],[5.61132,50.46398],[5.61088,50.46004],[5.62396,50.46017],[5.62735,50.4632],[5.62592,50.46693],[5.6263,50.47198],[5.63571,50.48023],[5.63107,50.48703],[5.63104,50.48705],[5.62173,50.48666],[5.61803,50.47735],[5.60693,50.48177],[5.58356,50.48432],[5.5872,50.49262],[5.57545,50.49139],[5.57126,50.49903],[5.55147,50.49635],[5.54503,50.47307],[5.53567,50.46727],[5.54199,50.46137]]]},"properties":{"postcode":"4170","nl":"Comblain-au-Pont","fr":"Comblain-au-Pont"}},
{"type":"Feature","geometry":{"type":"Polygon","coordinates":[[[5.61676,50.63611],[5.63899,50.6276],[5.64417,50.63044],[5.64948,50.63176],[5.65466,50.62988],[5.66167,50.63631],[5.6579,50.63965],[5.65073,50.64391],[5.65387,50.64852],[5.64314,50.65232],[5.64156,50.65343],[5.61584,50.6445],[5.61676,50.63611]]]},"properties":{"postcode":"4020","nl":"Luik","fr":"Liège"}},
{"type":"Feature","geometry":{"type":"Polygon","coordinates":[[[5.91203,50.61419],[5.91533,50.61111],[5.93732,50.61312],[5.93821,50.62768],[5.93411,50.63666],[5.93417,50.64119],[5.93884,50.64757],[5.93714,50.64995],[5.92047,50.64911],[5.91717,50.64334],[5.9004,50.63747],[5.90579,50.63248],[5.90073,50.62645],[5.91203,50.61419]]]},"properties":{"postcode":"4831","nl":"Limburg","fr":"Limbourg"}},
{"type":"Feature","geometry":{"type":"Polygon","coordinates":[[[5.84658,50.59863],[5.85428,50.59754],[5.85813,50.60662],[5.87284,50.62122],[5.86762,50.62497],[5.86208,50.62684],[5.86055,50.62647],[5.84319,50.62236],[5.84268,50.61092],[5.83824,50.60535],[5.84658,50.59863]]]},"properties":{"postcode":"4820","nl":"Dison","fr":"Dison"}},
{"type":"Feature","geometry":{"type":"Polygon","coordinates":[[[6.1147,50.31275],[6.12736,50.31799],[6.14411,50.32858],[6.18233,50.33991],[6.18614,50.34949],[6.1734,50.35433],[6.18502,50.3654],[6.183,50.37281],[6.18729,50.38673],[6.19082,50.3928],[6.19721,50.39822],[6.19564,50.40097],[6.18851,50.39978],[6.18241,50.40398],[6.17047,50.40223],[6.16062,50.39892],[6.15289,50.39253],[6.14521,50.39228],[6.13822,50.38898],[6.13082,50.38742],[6.12309,50.38455],[6.12418,50.37868],[6.11774,50.3764],[6.11383,50.38001],[6.10842,50.37888],[6.09173,50.36803],[6.08864,50.36203],[6.0845,50.35791],[6.0793,50.35638],[6.07839,50.35382],[6.06972,50.35066],[6.08005,50.34115],[6.08068,50.33609],[6.0924,50.31636],[6.1147,50.31275]]]},"properties":{"postcode":"4770","nl":"Amel","fr":"Amblève"}},
{"type":"Feature","geometry":{"type":"Polygon","coordinates":[[[4.05857,50.43049],[4.05735,50.43268],[4.03706,50.43854],[4.0359,50.42907],[4.02858,50.42693],[4.04678,50.42339],[4.04849,50.41877],[4.05224,50.41778],[4.06104,50.42451],[4.05865,50.42666],[4.05857,50.43049]]]},"properties":{"postcode":"7031","nl":"Bergen","fr":"Mons"}},
{"type":"Feature","geometry":{"type":"Polygon","coordinates":[[[3.9797,50.4777],[3.98807,50.48584],[3.98634,50.49041],[3.99596,50.5033],[3.98671,50.50727],[3.97527,50.51382],[3.97442,50.51151],[3.96739,50.50831],[3.95725,50.50859],[3.95117,50.49038],[3.96549,50.47857],[3.97345,50.47801],[3.9797,50.4777]]]},"properties":{"postcode":"7010","nl":"Bergen","fr":"Mons"}},
{"type":"Feature","geometry":{"type":"Polygon","coordinates":[[[3.76742,50.69001],[3.75813,50.69575],[3.751,50.69627],[3.74967,50.68934],[3.75023,50.68409],[3.74313,50.68435],[3.73946,50.68605],[3.72889,50.6857],[3.73128,50.68277],[3.72801,50.67455],[3.7338,50.6676],[3.74815,50.66668],[3.75201,50.6625],[3.76525,50.66393],[3.78217,50.67495],[3.78009,50.68223],[3.76742,50.69001]]]},"properties":{"postcode":"7804","nl":"Aat","fr":"Ath"}},
{"type":"Feature","geometry":{"type":"Polygon","coordinates":[[[4.33631,50.3739],[4.3353,50.38168],[4.34059,50.38891],[4.35267,50.39671],[4.35636,50.40285],[4.32642,50.40039],[4.31444,50.40395],[4.29302,50.38998],[4.30413,50.36946],[4.3044,50.36932],[4.33631,50.3739]]]},"properties":{"postcode":"6142","nl":"Fontaine-l'Évêque","fr":"Fontaine-l'Évêque"}},
{"type":"Feature","geometry":{"type":"Polygon","coordinates":[[[4.50217,50.43823],[4.50837,50.43968],[4.51138,50.44183],[4.51752,50.44326],[4.52298,50.44557],[4.52788,50.45082],[4.53961,50.45066],[4.54852,50.45677],[4.55391,50.4622],[4.55696,50.46913],[4.56565,50.47206],[4.55631,50.48073],[4.5624,50.48955],[4.55962,50.49317],[4.56354,50.49766],[4.55907,50.50029],[4.55764,50.5053],[4.55359,50.50436],[4.54589,50.50048],[4.54747,50.49892],[4.53437,50.49576],[4.52768,50.4925],[4.53177,50.48281],[4.52253,50.47542],[4.52055,50.46428],[4.50094,50.45199],[4.49733,50.44299],[4.50217,50.43823]]]},"properties":{"postcode":"6075","nl":"Fleurus","fr":"Fleurus"}},
{"type":"Feature","geometry":{"type":"Polygon","coordinates":[[[3.58437,50.69237],[3.59516,50.68544],[3.59076,50.67261],[3.60301,50.66991],[3.60485,50.65982],[3.6125,50.65828],[3.62277,50.66404],[3.6336,50.6638],[3.6395,50.66909],[3.65347,50.67256],[3.65145,50.68227],[3.66421,50.6897],[3.67118,50.70115],[3.67048,50.70415],[3.65728,50.70519],[3.64768,50.7079],[3.64058,50.71221],[3.63221,50.70894],[3.62172,50.69911],[3.60966,50.69224],[3.60229,50.69659],[3.58437,50.69237]]]},"properties":{"postcode":"7911","nl":"Frasnes-lez-Anvaing","fr":"Frasnes-lez-Anvaing"}},
{"type":"Feature","geometry":{"type":"Polygon","coordinates":[[[4.39003,50.38868],[4.39045,50.37755],[4.39837,50.37008],[4.41731,50.3624],[4.41616,50.35908],[4.42844,50.36074],[4.43023,50.36736],[4.42299,50.37389],[4.41985,50.38863],[4.42334,50.40116],[4.4061,50.40577],[4.40056,50.40237],[4.39812,50.39051],[4.39003,50.38868]]]},"properties":{"postcode":"6032","nl":"Charleroi","fr":"Charleroi"}},
{"type":"Feature","geometry":{"type":"Polygon","coordinates":[[[4.33995,50.84023],[4.34286,50.83309],[4.35832,50.83063],[4.36722,50.82299],[4.36812,50.81487],[4.36975,50.80945],[4.37538,50.79973],[4.40081,50.79636],[4.3969,50.80175],[4.39046,50.80216],[4.38259,50.81585],[4.35609,50.83577],[4.36868,50.84002],[4.37961,50.83683],[4.38026,50.84001],[4.39333,50.83794],[4.39603,50.84341],[4.38405,50.85142],[4.37322,50.84729],[4.35719,50.86031],[4.36109,50.8688],[4.38839,50.88106],[4.402,50.88593],[4.41068,50.87697],[4.42572,50.87213],[4.43706,50.87878],[4.42704,50.89089],[4.43279,50.89473],[4.42433,50.90197],[4.41572,50.90612],[4.40347,50.9139],[4.38776,50.90994],[4.37822,50.89728],[4.36046,50.90118],[4.33092,50.90092],[4.3246,50.89859],[4.32354,50.89412],[4.32987,50.88535],[4.33704,50.88697],[4.33929,50.88175],[4.34052,50.87136],[4.34359,50.86905],[4.34174,50.86496],[4.34665,50.85903],[4.33564,50.84815],[4.33788,50.84645],[4.33995,50.84023]]]},"properties":{"postcode":"1120","nl":"Brussel","fr":"Bruxelles"}},
{"type":"Feature","geometry":{"type":"Polygon","coordinates":[[[4.28275,50.60831],[4.29866,50.59587],[4.29561,50.57892],[4.30234,50.56763],[4.32868,50.5697],[4.33072,50.55051],[4.33646,50.54357],[4.35653,50.56153],[4.37691,50.5593],[4.38229,50.56404],[4.37832,50.56846],[4.38482,50.58062],[4.37784,50.58014],[4.36746,50.57054],[4.35642,50.57157],[4.35341,50.57875],[4.36763,50.58606],[4.37146,50.59344],[4.35847,50.59897],[4.33717,50.61254],[4.32159,50.63123],[4.3186,50.63207],[4.30287,50.63066],[4.29429,50.6259],[4.27055,50.61794],[4.26926,50.61358],[4.28275,50.60831]]]},"properties":{"postcode":"1400","nl":"Nijvel","fr":"Nivelles"}},
{"type":"Feature","geometry":{"type":"Polygon","coordinates":[[[4.44058,50.57549],[4.45714,50.59451],[4.45639,50.60535],[4.45582,50.60942],[4.44211,50.60593],[4.42743,50.60179],[4.41904,50.60628],[4.4005,50.59919],[4.40527,50.59342],[4.41536,50.58897],[4.43356,50.59103],[4.43283,50.57785],[4.44058,50.57549]]]},"properties":{"postcode":"1471","nl":"Genepiën","fr":"Genappe"}},
{"type":"Feature","geometry":{"type":"Polygon","coordinates":[[[4.37842,51.18436],[4.38642,51.1795],[4.39473,51.18397],[4.4055,51.17691],[4.41839,51.17546],[4.42228,51.18037],[4.41037,51.19739],[4.42556,51.2013],[4.43665,51.20744],[4.44433,51.20548],[4.42714,51.21018],[4.42651,51.2157],[4.43826,51.22024],[4.44268,51.22735],[4.44273,51.23004],[4.42534,51.24075],[4.42861,51.26405],[4.41333,51.26565],[4.4012,51.27638],[4.38591,51.27654],[4.38748,51.28594],[4.40901,51.28794],[4.40583,51.29272],[4.39798,51.29723],[4.35992,51.31055],[4.35544,51.31367],[4.31529,51.30245],[4.30953,51.29212],[4.31735,51.28826],[4.31702,51.27756],[4.30079,51.26237],[4.30652,51.25492],[4.33087,51.25011],[4.35203,51.24012],[4.34033,51.23119],[4.34476,51.21583],[4.3573,51.20193],[4.33958,51.19626],[4.35257,51.1957],[4.35731,51.18879],[4.37013,51.18989],[4.37842,51.18436]]]},"properties":{"postcode":"2020","nl":"Antwerpen","fr":"Anvers"}},
{"type":"Feature","geometry":{"type":"Polygon","coordinates":[[[4.34934,51.15555],[4.35399,51.1478],[4.36242,51.14952],[4.36843,51.14339],[4.38602,51.14917],[4.39144,51.14839],[4.39972,51.15108],[4.3969,51.15377],[4.40143,51.15627],[4.41089,51.15953],[4.41631,51.16305],[4.41939,51.16785],[4.43402,51.17321],[4.43295,51.17699],[4.42228,51.18037],[4.41839,51.17546],[4.4055,51.17691],[4.39473,51.18397],[4.38642,51.1795],[4.37842,51.18436],[4.37406,51.17234],[4.35675,51.16345],[4.34934,51.15555]]]},"properties":{"postcode":"2610","nl":"Antwerpen","fr":"Anvers"}},
{"type":"Feature","geometry":{"type":"Polygon","coordinates":[[[4.86911,50.26754],[4.88396,50.27365],[4.89346,50.27158],[4.88575,50.28666],[4.87677,50.28362],[4.86619,50.28183],[4.86036,50.28527],[4.85888,50.29693],[4.85357,50.29785],[4.8326,50.29291],[4.83454,50.28931],[4.83943,50.28411],[4.83282,50.27212],[4.84386,50.2642],[4.86911,50.26754]]]},"properties":{"postcode":"5523","nl":"Onhaye","fr":"Onhaye"}},
{"type":"Feature","geometry":{"type":"Polygon","coordinates":[[[4.85503,50.50867],[4.86029,50.5152],[4.84927,50.52455],[4.83153,50.52151],[4.82442,50.53793],[4.81817,50.53549],[4.81324,50.5305],[4.80141,50.53157],[4.78931,50.52453],[4.79281,50.5117],[4.80805,50.51254],[4.823,50.50412],[4.83469,50.50359],[4.85503,50.50867]]]},"properties":{"postcode":"5080","nl":"La Bruyère","fr":"La Bruyère"}},
{"type":"Feature","geometry":{"type":"Polygon","coordinates":[[[4.97486,50.29792],[4.96851,50.29829],[4.95371,50.30452],[4.94242,50.30202],[4.93979,50.30368],[4.93485,50.30083],[4.92498,50.29768],[4.92371,50.29385],[4.91817,50.2912],[4.94054,50.28399],[4.94961,50.27499],[4.95968,50.27286],[4.97376,50.27241],[4.97486,50.29792]]]},"properties":{"postcode":"5501","nl":"Dinant","fr":"Dinant"}},
{"type":"Feature","geometry":{"type":"Polygon","coordinates":[[[5.79366,50.73888],[5.80045,50.74301],[5.80899,50.75591],[5.79322,50.7702],[5.7845,50.76717],[5.77664,50.78225],[5.76581,50.78254],[5.74709,50.77048],[5.73918,50.75707],[5.73053,50.75737],[5.7329,50.75525],[5.74366,50.75445],[5.7489,50.74524],[5.76908,50.75122],[5.78549,50.74575],[5.79366,50.73888]]]},"properties":{"postcode":"3798","nl":"Voeren","fr":"Fourons"}},
{"type":"Feature","geometry":{"type":"Polygon","coordinates":[[[5.6125,49.75724],[5.64066,49.76388],[5.64599,49.76256],[5.65021,49.7686],[5.64451,49.76882],[5.63835,49.77398],[5.63149,49.77287],[5.63071,49.77677],[5.62554,49.77676],[5.62238,49.77999],[5.61839,49.78045],[5.60887,49.77429],[5.59398,49.77124],[5.5986,49.76136],[5.6125,49.75724]]]},"properties":{"postcode":"6721","nl":"Habay","fr":"Habay"}},
{"type":"Feature","geometry":{"type":"Polygon","coordinates":[[[5.39623,50.16498],[5.37183,50.16558],[5.36108,50.15616],[5.36644,50.14548],[5.38035,50.13524],[5.39986,50.12752],[5.41707,50.11673],[5.41919,50.12759],[5.40913,50.13553],[5.40971,50.14241],[5.42472,50.15144],[5.41115,50.15786],[5.40159,50.15642],[5.39623,50.16498]]]},"properties":{"postcode":"6952","nl":"Nassogne","fr":"Nassogne"}},
{"type":"Feature","geometry":{"type":"Polygon","coordinates":[[[5.53365,50.10509],[5.55144,50.08798],[5.5657,50.08],[5.59303,50.08903],[5.59736,50.09617],[5.58694,50.10857],[5.59057,50.11231],[5.57972,50.12674],[5.57315,50.12529],[5.55864,50.14031],[5.5491,50.13648],[5.5465,50.12831],[5.53573,50.12377],[5.52571,50.13802],[5.51667,50.14028],[5.49657,50.13973],[5.49064,50.13445],[5.50627,50.12581],[5.51427,50.12507],[5.52894,50.1136],[5.53365,50.10509]]]},"properties":{"postcode":"6972","nl":"Tenneville","fr":"Tenneville"}},
{"type":"Feature","geometry":{"type":"Polygon","coordinates":[[[4.24447,50.81999],[4.24061,50.82442],[4.25505,50.84106],[4.23804,50.84255],[4.22845,50.84711],[4.22433,50.84735],[4.21478,50.83309],[4.21612,50.82221],[4.22467,50.82618],[4.23047,50.81847],[4.24493,50.81773],[4.24447,50.81999]]]},"properties":{"postcode":"1701","nl":"Dilbeek","fr":"Dilbeek"}},
{"type":"Feature","geometry":{"type":"Polygon","coordinates":[[[4.66995,50.98599],[4.67861,50.98605],[4.68269,50.98421],[4.69484,50.98285],[4.69804,50.97921],[4.70533,50.98132],[4.72772,50.98453],[4.74777,50.98055],[4.75691,50.98237],[4.75673,50.98867],[4.7448,50.9879],[4.73193,50.98807],[4.73065,51.0199],[4.70968,51.01232],[4.70339,50.99993],[4.69536,50.99918],[4.69218,50.99474],[4.68876,50.9943],[4.66989,50.99603],[4.6557,50.99385],[4.65349,50.98728],[4.66223,50.98971],[4.66995,50.98599]]]},"properties":{"postcode":"3120","nl":"Tremelo","fr":"Tremelo"}},
{"type":"Feature","geometry":{"type":"Polygon","coordinates":[[[4.45961,50.97196],[4.45019,50.97447],[4.43215,50.9671],[4.41759,50.96995],[4.4128,50.96212],[4.41586,50.95437],[4.42639,50.94653],[4.4444,50.95319],[4.45214,50.95201],[4.47582,50.95926],[4.4775,50.9613],[4.47089,50.96838],[4.45961,50.97196]]]},"properties":{"postcode":"1980","nl":"Zemst","fr":"Zemst"}},
{"type":"Feature","geometry":{"type":"Polygon","coordinates":[[[4.98653,50.87405],[4.99801,50.87753],[5.01926,50.88802],[5.03362,50.89575],[5.04855,50.90244],[5.04165,50.91019],[5.029,50.91282],[5.0183,50.9058],[5.005,50.90616],[4.99673,50.89879],[4.9773,50.90186],[4.97207,50.9],[4.97771,50.887],[4.97237,50.88194],[4.98653,50.87405]]]},"properties":{"postcode":"3472","nl":"Kortenaken","fr":"Kortenaken"}},
{"type":"Feature","geometry":{"type":"Polygon","coordinates":[[[3.61258,51.24902],[3.64568,51.25524],[3.6659,51.25513],[3.68187,51.25862],[3.68699,51.28083],[3.65823,51.29016],[3.6401,51.28832],[3.61857,51.29591],[3.6032,51.29372],[3.60615,51.28608],[3.60774,51.26511],[3.61418,51.25682],[3.61242,51.2494],[3.61258,51.24902]]]},"properties":{"postcode":"9988","nl":"Sint-Laureins","fr":"Sint-Laureins"}},
{"type":"Feature","geometry":{"type":"Polygon","coordinates":[[[3.54666,51.02257],[3.55938,51.03666],[3.56107,51.04395],[3.57057,51.05698],[3.54882,51.06153],[3.54176,51.05885],[3.52405,51.06248],[3.50632,51.05985],[3.50566,51.04485],[3.52256,51.03805],[3.52351,51.02977],[3.51191,51.02831],[3.51417,51.02133],[3.52381,51.02059],[3.53584,51.02498],[3.54666,51.02257]]]},"properties":{"postcode":"9850","nl":"Deinze","fr":"Deinze"}},
{"type":"Feature","geometry":{"type":"Polygon","coordinates":[[[3.56409,51.14868],[3.56353,51.16165],[3.57463,51.16679],[3.57035,51.16977],[3.54506,51.16228],[3.53343,51.16184],[3.51583,51.1469],[3.51234,51.13623],[3.53132,51.13755],[3.55881,51.14062],[3.56409,51.14868]]]},"properties":{"postcode":"9931","nl":"Lievegem","fr":"Lievegem"}},
{"type":"Feature","geometry":{"type":"Polygon","coordinates":[[[5.60718,50.66455],[5.61666,50.65485],[5.62832,50.65745],[5.64327,50.6676],[5.6526,50.68136],[5.65743,50.688],[5.62429,50.70125],[5.60925,50.69836],[5.60072,50.69278],[5.61113,50.68595],[5.60457,50.68153],[5.59054,50.68044],[5.59971,50.67685],[5.60718,50.66455]]]},"properties":{"postcode":"4040","nl":"Herstal","fr":"Herstal"}},
{"type":"Feature","geometry":{"type":"Polygon","coordinates":[[[6.08008,50.63831],[6.08543,50.6416],[6.12491,50.63808],[6.1277,50.63163],[6.1253,50.61594],[6.14522,50.60048],[6.14883,50.61145],[6.15915,50.62676],[6.17731,50.61958],[6.18777,50.62174],[6.20223,50.60979],[6.22646,50.60398],[6.22389,50.61648],[6.23497,50.62618],[6.2173,50.63218],[6.21083,50.63104],[6.18084,50.63309],[6.16669,50.64362],[6.1786,50.64439],[6.18336,50.64588],[6.18533,50.64107],[6.18925,50.63967],[6.20233,50.63939],[6.22178,50.64043],[6.22605,50.64334],[6.22623,50.64674],[6.23108,50.64898],[6.23648,50.64513],[6.24446,50.64072],[6.24951,50.64048],[6.26271,50.64304],[6.26667,50.64094],[6.27365,50.62993],[6.26928,50.62524],[6.26946,50.62518],[6.27411,50.62987],[6.26679,50.64159],[6.26523,50.6428],[6.26158,50.64334],[6.24728,50.64062],[6.24283,50.64179],[6.23375,50.64872],[6.23159,50.64927],[6.22815,50.64883],[6.22574,50.64684],[6.2257,50.64376],[6.22105,50.64062],[6.20254,50.6396],[6.1859,50.64115],[6.18363,50.64599],[6.18653,50.65128],[6.19509,50.65667],[6.19647,50.65946],[6.19504,50.66268],[6.19306,50.66408],[6.18802,50.66467],[6.18219,50.66338],[6.16583,50.66214],[6.15676,50.67479],[6.14886,50.67774],[6.13944,50.69356],[6.13138,50.70017],[6.0835,50.67571],[6.07263,50.67176],[6.06717,50.66688],[6.0776,50.65592],[6.07341,50.65257],[6.07505,50.6415],[6.08008,50.63831]],[[6.17764,50.65466],[6.16603,50.66186],[6.19119,50.66414],[6.19478,50.66224],[6.19616,50.65889],[6.19491,50.65673],[6.18625,50.6515],[6.17764,50.65466]]]},"properties":{"postcode":"4730","nl":"Raeren","fr":"Raeren"}},
{"type":"Feature","geometry":{"type":"Polygon","coordinates":[[[5.69638,50.6006],[5.69253,50.60585],[5.67453,50.6109],[5.67434,50.60342],[5.68508,50.59447],[5.70028,50.59546],[5.69638,50.6006]]]},"properties":{"postcode":"4623","nl":"Fléron","fr":"Fléron"}},
{"type":"Feature","geometry":{"type":"Polygon","coordinates":[[[5.80398,50.59722],[5.81909,50.59997],[5.82695,50.60562],[5.8136,50.61638],[5.79364,50.61288],[5.79011,50.60313],[5.80398,50.59722]]]},"properties":{"postcode":"4650","nl":"Herve","fr":"Herve"}},
{"type":"Feature","geometry":{"type":"Polygon","coordinates":[[[5.53654,50.67854],[5.54617,50.68639],[5.56479,50.68242],[5.55583,50.69361],[5.54596,50.69956],[5.53456,50.68928],[5.53347,50.68018],[5.53654,50.67854]]]},"properties":{"postcode":"4451","nl":"Juprelle","fr":"Juprelle"}},
{"type":"Feature","geometry":{"type":"Polygon","coordinates":[[[3.34618,50.58928],[3.35975,50.59519],[3.36214,50.61213],[3.35661,50.61384],[3.34175,50.61459],[3.3318,50.60124],[3.33484,50.59386],[3.34618,50.58928]]]},"properties":{"postcode":"7511","nl":"Doornik","fr":"Tournai"}},
{"type":"Feature","geometry":{"type":"Polygon","coordinates":[[[3.75336,50.60653],[3.76966,50.61685],[3.76779,50.6266],[3.74701,50.63586],[3.73825,50.63269],[3.75016,50.61979],[3.74246,50.61092],[3.75336,50.60653]]]},"properties":{"postcode":"7801","nl":"Aat","fr":"Ath"}},
{"type":"Feature","geometry":{"type":"Polygon","coordinates":[[[4.00664,50.46727],[4.0239,50.46749],[4.02454,50.47765],[4.02903,50.48541],[4.01321,50.48899],[3.99596,50.5033],[3.98634,50.49041],[3.98807,50.48584],[3.9797,50.4777],[3.99779,50.46792],[4.00664,50.46727]]]},"properties":{"postcode":"7034","nl":"Bergen","fr":"Mons"}},
{"type":"Feature","geometry":{"type":"Polygon","coordinates":[[[3.62439,50.49217],[3.61961,50.5046],[3.60215,50.50389],[3.60056,50.4941],[3.61522,50.49041],[3.62439,50.49217]]]},"properties":{"postcode":"7603","nl":"Péruwelz","fr":"Péruwelz"}},
{"type":"Feature","geometry":{"type":"Polygon","coordinates":[[[3.81296,50.43815],[3.8318,50.44344],[3.82986,50.4481],[3.82876,50.45375],[3.83521,50.4545],[3.83744,50.45629],[3.83154,50.46027],[3.80997,50.45858],[3.80343,50.45224],[3.81296,50.43815]]]},"properties":{"postcode":"7330","nl":"Saint-Ghislain","fr":"Saint-Ghislain"}},
{"type":"Feature","geometry":{"type":"Polygon","coordinates":[[[4.25517,50.29748],[4.25215,50.31161],[4.24043,50.31376],[4.24069,50.30584],[4.238,50.30123],[4.24903,50.29279],[4.25517,50.29748]]]},"properties":{"postcode":"6530","nl":"Thuin","fr":"Thuin"}},
{"type":"Feature","geometry":{"type":"Polygon","coordinates":[[[3.79888,50.40373],[3.80816,50.40153],[3.81289,50.39491],[3.81959,50.3986],[3.81919,50.39888],[3.81398,50.40044],[3.81536,50.4109],[3.8189,50.41464],[3.82421,50.41398],[3.83024,50.41692],[3.83121,50.42467],[3.83469,50.42981],[3.84275,50.43425],[3.83793,50.44411],[3.8318,50.44344],[3.81296,50.43815],[3.8075,50.41572],[3.80111,50.41047],[3.79888,50.40373]]]},"properties":{"postcode":"7301","nl":"Boussu","fr":"Boussu"}},
{"type":"Feature","geometry":{"type":"Polygon","coordinates":[[[3.65892,50.49146],[3.69191,50.48752],[3.68278,50.49997],[3.69159,50.50308],[3.67489,50.51179],[3.64598,50.51381],[3.62365,50.51173],[3.61961,50.5046],[3.62439,50.49217],[3.64472,50.49608],[3.65892,50.49146]]]},"properties":{"postcode":"7321","nl":"Bernissart","fr":"Bernissart"}},
{"type":"Feature","geometry":{"type":"Polygon","coordinates":[[[4.41909,50.42729],[4.45572,50.43996],[4.46969,50.43546],[4.48764,50.44307],[4.46211,50.44831],[4.46836,50.46148],[4.45811,50.45668],[4.43801,50.45494],[4.43103,50.45875],[4.41308,50.45836],[4.4053,50.45557],[4.40418,50.44295],[4.40807,50.43177],[4.40406,50.42717],[4.41909,50.42729]]]},"properties":{"postcode":"6040","nl":"Charleroi","fr":"Charleroi"}},
{"type":"Feature","geometry":{"type":"Polygon","coordinates":[[[4.33995,50.84023],[4.34286,50.83309],[4.35832,50.83063],[4.36722,50.82299],[4.36812,50.81487],[4.36975,50.80945],[4.37538,50.79973],[4.40081,50.79636],[4.3969,50.80175],[4.39046,50.80216],[4.38259,50.81585],[4.35609,50.83577],[4.36868,50.84002],[4.37961,50.83683],[4.38026,50.84001],[4.39333,50.83794],[4.39603,50.84341],[4.38405,50.85142],[4.37322,50.84729],[4.35719,50.86031],[4.36109,50.8688],[4.38839,50.88106],[4.402,50.88593],[4.41068,50.87697],[4.42572,50.87213],[4.43706,50.87878],[4.42704,50.89089],[4.43279,50.89473],[4.42433,50.90197],[4.41572,50.90612],[4.40347,50.9139],[4.38776,50.90994],[4.37822,50.89728],[4.36046,50.90118],[4.33092,50.90092],[4.3246,50.89859],[4.32354,50.89412],[4.32987,50.88535],[4.33704,50.88697],[4.33929,50.88175],[4.34052,50.87136],[4.34359,50.86905],[4.34174,50.86496],[4.34665,50.85903],[4.33564,50.84815],[4.33788,50.84645],[4.33995,50.84023]]]},"properties":{"postcode":"1012","nl":"Brussel","fr":"Bruxelles"}},
{"type":"Feature","geometry":{"type":"MultiPolygon","coordinates":[[[[4.3536,50.82058],[4.34792,50.81429],[4.35752,50.81469],[4.36651,50.8167],[4.36812,50.81487],[4.36722,50.82299],[4.35832,50.83063],[4.3536,50.82058]]],[[[4.37961,50.83683],[4.36868,50.84002],[4.35609,50.83577],[4.38259,50.81585],[4.39046,50.80216],[4.3969,50.80175],[4.39737,50.80823],[4.39227,50.81208],[4.39804,50.81329],[4.39856,50.81694],[4.40266,50.81801],[4.40244,50.82137],[4.39605,50.82574],[4.38956,50.82247],[4.37998,50.83008],[4.37961,50.83683]]]]},"properties":{"postcode":"1047","nl":"Elsene","fr":"Ixelles"}},
{"type":"Feature","geometry":{"type":"Polygon","coordinates":[[[4.33995,50.84023],[4.34286,50.83309],[4.35832,50.83063],[4.36722,50.82299],[4.36812,50.81487],[4.36975,50.80945],[4.37538,50.79973],[4.40081,50.79636],[4.3969,50.80175],[4.39046,50.80216],[4.38259,50.81585],[4.35609,50.83577],[4.36868,50.84002],[4.37961,50.83683],[4.38026,50.84001],[4.39333,50.83794],[4.39603,50.84341],[4.38405,50.85142],[4.37322,50.84729],[4.35719,50.86031],[4.36109,50.8688],[4.38839,50.88106],[4.402,50.88593],[4.41068,50.87697],[4.42572,50.87213],[4.43706,50.87878],[4.42704,50.89089],[4.43279,50.89473],[4.42433,50.90197],[4.41572,50.90612],[4.40347,50.9139],[4.38776,50.90994],[4.37822,50.89728],[4.36046,50.90118],[4.33092,50.90092],[4.3246,50.89859],[4.32354,50.89412],[4.32987,50.88535],[4.33704,50.88697],[4.33929,50.88175],[4.34052,50.87136],[4.34359,50.86905],[4.34174,50.86496],[4.34665,50.85903],[4.33564,50.84815],[4.33788,50.84645],[4.33995,50.84023]]]},"properties":{"postcode":"1040","nl":"Brussel","fr":"Bruxelles"}},
{"type":"Feature","geometry":{"type":"Polygon","coordinates":[[[4.38968,50.65158],[4.38572,50.64912],[4.36251,50.65423],[4.34833,50.65106],[4.33028,50.63528],[4.3362,50.63103],[4.36116,50.62624],[4.37565,50.62896],[4.38884,50.63889],[4.40079,50.64398],[4.40332,50.64838],[4.40178,50.6522],[4.40493,50.65465],[4.40055,50.65829],[4.39239,50.65432],[4.38968,50.65158]]]},"properties":{"postcode":"1428","nl":"Eigenbrakel","fr":"Braine-l'Alleud"}},
{"type":"Feature","geometry":{"type":"Polygon","coordinates":[[[4.44211,50.60593],[4.45582,50.60942],[4.44931,50.6157],[4.44211,50.60593]]]},"properties":{"postcode":"1470","nl":"Genepiën","fr":"Genappe"}},
{"type":"Feature","geometry":{"type":"Polygon","coordinates":[[[4.42358,51.0369],[4.43054,51.05651],[4.43016,51.06504],[4.42055,51.0604],[4.40585,51.06187],[4.39913,51.04961],[4.39187,51.044],[4.38654,51.04218],[4.38031,51.04665],[4.37603,51.0454],[4.37887,51.04057],[4.38299,51.03726],[4.4161,51.03985],[4.42358,51.0369]]]},"properties":{"postcode":"2801","nl":"Mechelen","fr":"Malines"}},
{"type":"Feature","geometry":{"type":"Polygon","coordinates":[[[5.27795,50.92225],[5.29274,50.92449],[5.29968,50.93161],[5.31196,50.93686],[5.31746,50.94534],[5.3372,50.94643],[5.34172,50.95084],[5.33965,50.96289],[5.33643,50.96382],[5.32461,50.97802],[5.32124,50.97904],[5.31228,50.97646],[5.29832,50.97089],[5.28243,50.96033],[5.2591,50.96187],[5.2703,50.94796],[5.27113,50.93731],[5.2707,50.92837],[5.27795,50.92225]]]},"properties":{"postcode":"3511","nl":"Hasselt","fr":"Hasselt"}},
{"type":"Feature","geometry":{"type":"Polygon","coordinates":[[[3.24143,50.82784],[3.24156,50.81321],[3.26701,50.80402],[3.25543,50.79491],[3.24531,50.79855],[3.23953,50.7938],[3.24512,50.78749],[3.25751,50.78769],[3.26296,50.79351],[3.28103,50.78738],[3.29995,50.79766],[3.30539,50.79599],[3.32096,50.80698],[3.3108,50.81299],[3.31366,50.81798],[3.30201,50.82997],[3.28529,50.83956],[3.27124,50.84405],[3.25699,50.85052],[3.25497,50.84531],[3.25867,50.83729],[3.24143,50.82784]]]},"properties":{"postcode":"8500","nl":"Kortrijk","fr":"Courtrai"}},
{"type":"Feature","geometry":{"type":"Polygon","coordinates":[[[5.16568,49.90371],[5.16862,49.90757],[5.17192,49.91572],[5.17527,49.91905],[5.18174,49.9207],[5.18165,49.92561],[5.18763,49.92826],[5.18911,49.93268],[5.17405,49.93553],[5.17399,49.94128],[5.16202,49.94796],[5.14229,49.9364],[5.13896,49.92573],[5.14661,49.91157],[5.15394,49.90686],[5.15936,49.90671],[5.16111,49.90362],[5.16568,49.90371]]]},"properties":{"postcode":"6853","nl":"Paliseul","fr":"Paliseul"}},
{"type":"Feature","geometry":{"type":"Polygon","coordinates":[[[4.71268,50.84407],[4.73025,50.84407],[4.742,50.84267],[4.73929,50.84611],[4.73444,50.85702],[4.74615,50.86468],[4.75395,50.87174],[4.74659,50.87113],[4.73776,50.87266],[4.72873,50.87032],[4.71471,50.87366],[4.70177,50.86807],[4.67918,50.87941],[4.67064,50.88137],[4.6681,50.87988],[4.64939,50.87847],[4.64469,50.87688],[4.64637,50.8611],[4.64102,50.85291],[4.64597,50.84922],[4.65997,50.84736],[4.66802,50.85225],[4.67663,50.84717],[4.67032,50.83317],[4.68554,50.82624],[4.697,50.83337],[4.71268,50.84407]]]},"properties":{"postcode":"3001","nl":"Leuven","fr":"Louvain"}},
{"type":"Feature","geometry":{"type":"Polygon","coordinates":[[[4.9773,50.90186],[4.97769,50.91589],[4.98838,50.9246],[5.00012,50.92777],[5.0166,50.92533],[5.01965,50.93826],[5.00007,50.93665],[4.98723,50.953],[4.97604,50.96238],[4.96426,50.96421],[4.93346,50.96031],[4.94609,50.946],[4.95169,50.92977],[4.95498,50.92178],[4.97072,50.92583],[4.97464,50.92018],[4.95673,50.91496],[4.95191,50.90967],[4.95757,50.90123],[4.97207,50.9],[4.9773,50.90186]]]},"properties":{"postcode":"3460","nl":"Bekkevoort","fr":"Bekkevoort"}},
{"type":"Feature","geometry":{"type":"Polygon","coordinates":[[[3.97593,50.72668],[3.98918,50.73305],[4.00543,50.72857],[4.03654,50.74479],[3.99937,50.7593],[3.98612,50.76186],[3.97761,50.75312],[3.97548,50.74373],[3.96399,50.73516],[3.95449,50.73752],[3.94375,50.72906],[3.94563,50.71995],[3.94728,50.71904],[3.95828,50.72273],[3.96109,50.72238],[3.97593,50.72668]]]},"properties":{"postcode":"1570","nl":"Pajottegem","fr":"Pajottegem"}},
{"type":"Feature","geometry":{"type":"Polygon","coordinates":[[[5.03258,50.99052],[5.04584,50.99576],[5.05793,50.99265],[5.0599,51.00056],[5.05257,51.00603],[5.05839,51.01562],[5.05581,51.02186],[5.04037,51.02241],[5.02223,51.01991],[5.0067,51.014],[4.99475,51.00295],[5.00252,50.99305],[5.01882,50.99015],[5.03258,50.99052]]]},"properties":{"postcode":"3294","nl":"Diest","fr":"Diest"}},
{"type":"Feature","geometry":{"type":"Polygon","coordinates":[[[3.65295,51.00659],[3.66289,51.01431],[3.67445,51.00664],[3.68354,51.01373],[3.70374,51.0239],[3.70109,51.02977],[3.68496,51.03499],[3.67078,51.03034],[3.65503,51.0186],[3.65295,51.00659]]]},"properties":{"postcode":"9051","nl":"Gent","fr":"Gand"}},
{"type":"Feature","geometry":{"type":"Polygon","coordinates":[[[3.60225,51.20935],[3.61265,51.21003],[3.61788,51.21178],[3.62317,51.21123],[3.65795,51.22065],[3.64437,51.23036],[3.63408,51.2319],[3.62849,51.24813],[3.61258,51.24902],[3.61242,51.2494],[3.59501,51.2393],[3.57544,51.21827],[3.58919,51.21806],[3.59453,51.21394],[3.59965,51.21349],[3.60225,51.20935]]]},"properties":{"postcode":"9970","nl":"Kaprijke","fr":"Kaprijke"}},
{"type":"Feature","geometry":{"type":"Polygon","coordinates":[[[3.71452,51.22119],[3.73359,51.2368],[3.73216,51.25432],[3.75371,51.26991],[3.72309,51.27335],[3.71892,51.27153],[3.69372,51.27608],[3.68699,51.28083],[3.68187,51.25862],[3.6659,51.25513],[3.64568,51.25524],[3.66467,51.2515],[3.68108,51.25289],[3.69283,51.25078],[3.70693,51.23741],[3.71286,51.23572],[3.71452,51.22119]]]},"properties":{"postcode":"9961","nl":"Assenede","fr":"Assenede"}},
{"type":"Feature","geometry":{"type":"Polygon","coordinates":[[[3.71105,50.97951],[3.71924,50.97392],[3.73543,50.96933],[3.75985,50.97352],[3.76193,50.98174],[3.75708,50.98635],[3.77177,50.99706],[3.77851,51.0063],[3.76289,51.01852],[3.74531,51.02685],[3.73797,51.01162],[3.74303,51.00157],[3.73041,51.00299],[3.7111,50.97954],[3.71105,50.97951]]]},"properties":{"postcode":"9820","nl":"Merelbeke-Melle","fr":"Merelbeke-Melle"}},
{"type":"Feature","geometry":{"type":"Polygon","coordinates":[[[6.13138,50.70017],[6.12362,50.7068],[6.12141,50.71753],[6.11469,50.72228],[6.09151,50.72281],[6.09704,50.71492],[6.09016,50.70928],[6.06906,50.70055],[6.06985,50.69268],[6.05344,50.69175],[6.06379,50.68757],[6.07279,50.67715],[6.06995,50.6725],[6.07263,50.67176],[6.0835,50.67571],[6.13138,50.70017]]]},"properties":{"postcode":"4731","nl":"Raeren","fr":"Raeren"}},
{"type":"Feature","geometry":{"type":"Polygon","coordinates":[[[5.44761,50.6736],[5.4445,50.671],[5.45949,50.65872],[5.48769,50.66041],[5.48599,50.66676],[5.49123,50.67718],[5.47661,50.68232],[5.48181,50.69081],[5.46066,50.70137],[5.45495,50.69362],[5.47206,50.6843],[5.46375,50.67822],[5.44761,50.6736]]]},"properties":{"postcode":"4099","nl":"Awans","fr":"Awans"}},
{"type":"Feature","geometry":{"type":"Polygon","coordinates":[[[5.53407,50.60941],[5.55892,50.60711],[5.57132,50.60962],[5.585,50.62062],[5.59986,50.61613],[5.58807,50.62733],[5.59961,50.63486],[5.59145,50.64258],[5.59965,50.64722],[5.61584,50.6445],[5.64156,50.65343],[5.64627,50.65858],[5.64327,50.6676],[5.62832,50.65745],[5.61666,50.65485],[5.60718,50.66455],[5.58278,50.66753],[5.55888,50.66291],[5.54071,50.66933],[5.54787,50.65003],[5.53742,50.64276],[5.53935,50.63428],[5.54513,50.63144],[5.54508,50.62629],[5.54934,50.62116],[5.54444,50.61961],[5.53524,50.61833],[5.53019,50.61247],[5.53407,50.60941]]]},"properties":{"postcode":"4000","nl":"Luik","fr":"Liège"}},
{"type":"Feature","geometry":{"type":"Polygon","coordinates":[[[6.1736,50.23178],[6.17675,50.23584],[6.19535,50.23695],[6.20904,50.25344],[6.20535,50.26804],[6.215,50.27833],[6.23538,50.2814],[6.25196,50.2923],[6.23809,50.31073],[6.22723,50.31425],[6.2237,50.30427],[6.21322,50.3016],[6.20457,50.29478],[6.20596,50.28502],[6.19126,50.28664],[6.19576,50.27879],[6.17747,50.27452],[6.14904,50.27897],[6.137,50.26262],[6.11278,50.26087],[6.11944,50.24248],[6.13076,50.24045],[6.13386,50.23181],[6.1463,50.23184],[6.14974,50.23642],[6.1672,50.23032],[6.1736,50.23178]]]},"properties":{"postcode":"4783","nl":"Sankt Vith","fr":"Saint-Vith"}},
{"type":"Feature","geometry":{"type":"Polygon","coordinates":[[[5.69618,50.68897],[5.71,50.68553],[5.71949,50.68786],[5.71713,50.69808],[5.7007,50.70429],[5.6963,50.69063],[5.69618,50.68897]]]},"properties":{"postcode":"4672","nl":"Blegny","fr":"Blegny"}},
{"type":"Feature","geometry":{"type":"Polygon","coordinates":[[[5.48872,50.60422],[5.48038,50.59813],[5.47923,50.58933],[5.47329,50.58598],[5.46992,50.58212],[5.47186,50.57865],[5.48125,50.57821],[5.48358,50.57168],[5.49248,50.56849],[5.49781,50.56437],[5.4964,50.54724],[5.54324,50.56029],[5.53326,50.56366],[5.5253,50.56003],[5.52296,50.57771],[5.52535,50.58289],[5.53859,50.58244],[5.53076,50.59284],[5.53407,50.60941],[5.53019,50.61247],[5.52444,50.6165],[5.51982,50.61802],[5.51184,50.61735],[5.50673,50.61523],[5.50125,50.61034],[5.48872,50.60422]]]},"properties":{"postcode":"4100","nl":"Seraing","fr":"Seraing"}},
{"type":"Feature","geometry":{"type":"Polygon","coordinates":[[[5.50659,50.65556],[5.51165,50.64922],[5.52681,50.6531],[5.54787,50.65003],[5.54071,50.66933],[5.53512,50.67124],[5.52496,50.66456],[5.50645,50.66558],[5.50659,50.65556]]]},"properties":{"postcode":"4430","nl":"Ans","fr":"Ans"}},
{"type":"Feature","geometry":{"type":"Polygon","coordinates":[[[2.88645,50.7549],[2.88022,50.74974],[2.88781,50.74701],[2.89216,50.73274],[2.9114,50.72131],[2.90879,50.71165],[2.91167,50.704],[2.92367,50.70349],[2.9299,50.7108],[2.93191,50.72852],[2.94421,50.73126],[2.93799,50.74458],[2.95662,50.75355],[2.93522,50.76854],[2.9188,50.76396],[2.91844,50.76086],[2.922,50.75703],[2.90409,50.75468],[2.89663,50.75276],[2.88854,50.75333],[2.88645,50.7549]]]},"properties":{"postcode":"7784","nl":"Komen-Waasten","fr":"Comines-Warneton"}},
{"type":"Feature","geometry":{"type":"Polygon","coordinates":[[[3.41992,50.63333],[3.42193,50.6296],[3.45685,50.64253],[3.46346,50.64994],[3.47509,50.65632],[3.46223,50.66155],[3.46241,50.66627],[3.45667,50.66746],[3.45361,50.6699],[3.44705,50.67131],[3.44474,50.67375],[3.43434,50.6762],[3.43374,50.67779],[3.42397,50.67069],[3.42027,50.66454],[3.41762,50.64721],[3.41312,50.63778],[3.41992,50.63333]]]},"properties":{"postcode":"7543","nl":"Doornik","fr":"Tournai"}},
{"type":"Feature","geometry":{"type":"Polygon","coordinates":[[[3.81019,50.69842],[3.79919,50.70651],[3.78939,50.70854],[3.78122,50.70344],[3.77486,50.70423],[3.76936,50.70668],[3.76646,50.70551],[3.76282,50.7027],[3.76314,50.70057],[3.75813,50.69575],[3.76742,50.69001],[3.77121,50.69469],[3.80381,50.68176],[3.81019,50.69842]]]},"properties":{"postcode":"7861","nl":"Lessen","fr":"Lessines"}},
{"type":"Feature","geometry":{"type":"Polygon","coordinates":[[[4.22668,49.95859],[4.26807,49.96529],[4.29716,49.96466],[4.30423,49.97279],[4.31444,49.99562],[4.30039,49.9931],[4.28972,49.99441],[4.26476,49.99207],[4.23681,49.99243],[4.21798,49.98576],[4.23347,49.98204],[4.24042,49.97509],[4.23564,49.96285],[4.22668,49.95859]]]},"properties":{"postcode":"6596","nl":"Momignies","fr":"Momignies"}},
{"type":"Feature","geometry":{"type":"Polygon","coordinates":[[[3.87056,50.45619],[3.87654,50.44363],[3.90335,50.44061],[3.91016,50.44945],[3.92783,50.45177],[3.92801,50.46008],[3.91992,50.46239],[3.90486,50.45819],[3.87525,50.46278],[3.87056,50.45619]]]},"properties":{"postcode":"7012","nl":"Bergen","fr":"Mons"}},
{"type":"Feature","geometry":{"type":"Polygon","coordinates":[[[3.81136,50.60722],[3.80379,50.61348],[3.8166,50.62328],[3.82085,50.63081],[3.81324,50.63052],[3.799,50.62298],[3.78713,50.61324],[3.80135,50.60717],[3.81136,50.60722]]]},"properties":{"postcode":"7810","nl":"Aat","fr":"Ath"}},
{"type":"Feature","geometry":{"type":"MultiPolygon","coordinates":[[[[4.3536,50.82058],[4.34792,50.81429],[4.35752,50.81469],[4.36651,50.8167],[4.36812,50.81487],[4.36722,50.82299],[4.35832,50.83063],[4.3536,50.82058]]],[[[4.37961,50.83683],[4.36868,50.84002],[4.35609,50.83577],[4.38259,50.81585],[4.39046,50.80216],[4.3969,50.80175],[4.39737,50.80823],[4.39227,50.81208],[4.39804,50.81329],[4.39856,50.81694],[4.40266,50.81801],[4.40244,50.82137],[4.39605,50.82574],[4.38956,50.82247],[4.37998,50.83008],[4.37961,50.83683]]]]},"properties":{"postcode":"1050","nl":"Elsene","fr":"Ixelles"}},
{"type":"Feature","geometry":{"type":"Polygon","coordinates":[[[4.39798,51.29723],[4.40583,51.29272],[4.40901,51.28794],[4.38748,51.28594],[4.38591,51.27654],[4.4012,51.27638],[4.41333,51.26565],[4.42861,51.26405],[4.46098,51.26824],[4.44022,51.29759],[4.43261,51.29406],[4.4245,51.29586],[4.41691,51.30677],[4.41048,51.30214],[4.39798,51.29723]]]},"properties":{"postcode":"2180","nl":"Antwerpen","fr":"Anvers"}},
{"type":"Feature","geometry":{"type":"Polygon","coordinates":[[[4.83214,50.44961],[4.8313,50.44007],[4.85187,50.43543],[4.86339,50.43638],[4.86154,50.45183],[4.87599,50.46354],[4.902,50.46973],[4.88484,50.46909],[4.87472,50.47244],[4.87061,50.47856],[4.86208,50.47581],[4.85261,50.47061],[4.83124,50.47139],[4.83273,50.45991],[4.83214,50.44961]]]},"properties":{"postcode":"5010","nl":"Namen","fr":"Namur"}},
{"type":"Feature","geometry":{"type":"Polygon","coordinates":[[[5.16652,50.44326],[5.16065,50.45595],[5.15078,50.463],[5.14447,50.4608],[5.13442,50.46074],[5.12182,50.45628],[5.11846,50.4536],[5.12078,50.44988],[5.13,50.4422],[5.1398,50.42571],[5.15458,50.41919],[5.16952,50.42519],[5.16652,50.44326]]]},"properties":{"postcode":"5351","nl":"Ohey","fr":"Ohey"}},
{"type":"Feature","geometry":{"type":"Polygon","coordinates":[[[4.75936,50.26603],[4.73649,50.24959],[4.74958,50.23924],[4.74809,50.22315],[4.76454,50.22358],[4.77201,50.21831],[4.7854,50.22277],[4.79413,50.23342],[4.79392,50.23966],[4.78805,50.24233],[4.76358,50.24418],[4.75936,50.26603]]]},"properties":{"postcode":"5520","nl":"Onhaye","fr":"Onhaye"}},
{"type":"Feature","geometry":{"type":"Polygon","coordinates":[[[5.23278,50.29458],[5.23845,50.30319],[5.23199,50.31028],[5.22752,50.3222],[5.21394,50.3318],[5.19599,50.32528],[5.19216,50.3126],[5.19667,50.30504],[5.18869,50.29996],[5.19653,50.29558],[5.20415,50.29269],[5.21393,50.29055],[5.22264,50.29392],[5.23278,50.29458]]]},"properties":{"postcode":"5361","nl":"Hamois","fr":"Hamois"}},
{"type":"Feature","geometry":{"type":"Polygon","coordinates":[[[5.32974,51.09391],[5.33261,51.09313],[5.33859,51.09555],[5.34184,51.09516],[5.35157,51.09583],[5.36131,51.09375],[5.36239,51.09016],[5.37591,51.09267],[5.3771,51.08775],[5.39037,51.08879],[5.39385,51.0955],[5.39623,51.10402],[5.39284,51.10636],[5.39277,51.11011],[5.38921,51.11189],[5.39152,51.11541],[5.39307,51.12251],[5.39822,51.12916],[5.39602,51.13275],[5.37847,51.13331],[5.35919,51.13956],[5.34433,51.13905],[5.26797,51.14108],[5.2802,51.131],[5.30093,51.10579],[5.31393,51.0983],[5.32974,51.09391]]]},"properties":{"postcode":"3940","nl":"Hechtel-Eksel","fr":"Hechtel-Eksel"}},
{"type":"Feature","geometry":{"type":"Polygon","coordinates":[[[3.31366,50.81798],[3.3244,50.82323],[3.33454,50.82213],[3.34805,50.82693],[3.34926,50.83207],[3.34766,50.83642],[3.32486,50.84711],[3.33088,50.85293],[3.34138,50.85677],[3.3383,50.85999],[3.33897,50.86403],[3.32016,50.87142],[3.30861,50.86781],[3.29842,50.85976],[3.30151,50.85593],[3.2974,50.848],[3.29043,50.84726],[3.28688,50.84435],[3.28529,50.83956],[3.30201,50.82997],[3.31366,50.81798]]]},"properties":{"postcode":"8530","nl":"Harelbeke","fr":"Harelbeke"}},
{"type":"Feature","geometry":{"type":"Polygon","coordinates":[[[3.44848,50.80506],[3.43336,50.81241],[3.42168,50.81238],[3.41194,50.81749],[3.40817,50.82713],[3.39608,50.82408],[3.3873,50.81662],[3.39863,50.80975],[3.40657,50.8105],[3.42058,50.79719],[3.43213,50.79099],[3.43985,50.79388],[3.45395,50.7921],[3.4578,50.79485],[3.44848,50.80506]]]},"properties":{"postcode":"8553","nl":"Zwevegem","fr":"Zwevegem"}},
{"type":"Feature","geometry":{"type":"Polygon","coordinates":[[[5.81135,50.18696],[5.83035,50.17398],[5.8501,50.17957],[5.87661,50.18986],[5.87274,50.21388],[5.88025,50.21704],[5.86875,50.23651],[5.8631,50.23997],[5.83445,50.23604],[5.8124,50.2225],[5.79554,50.21967],[5.78807,50.20624],[5.80596,50.19483],[5.81002,50.18794],[5.81135,50.18696]]]},"properties":{"postcode":"6674","nl":"Gouvy","fr":"Gouvy"}},
{"type":"Feature","geometry":{"type":"Polygon","coordinates":[[[5.98317,50.23449],[5.99924,50.23624],[6.01239,50.24417],[6.01651,50.25269],[6.01245,50.2646],[6.01206,50.27674],[6.01549,50.29543],[6.01355,50.30995],[6.00621,50.31514],[5.98337,50.32038],[5.98044,50.32442],[5.97113,50.31871],[5.9551,50.31872],[5.94895,50.31497],[5.95427,50.3143],[5.95343,50.30164],[5.95777,50.29556],[5.96989,50.29359],[5.97164,50.28612],[5.95009,50.26276],[5.97869,50.27034],[5.96911,50.26107],[5.97997,50.24784],[5.96688,50.24154],[5.98317,50.23449]]]},"properties":{"postcode":"6692","nl":"Vielsalm","fr":"Vielsalm"}},
{"type":"Feature","geometry":{"type":"Polygon","coordinates":[[[5.61569,49.74912],[5.62772,49.73147],[5.63916,49.72608],[5.63263,49.71462],[5.6364,49.71026],[5.62799,49.69715],[5.63027,49.69206],[5.63895,49.69008],[5.63993,49.69048],[5.64047,49.69696],[5.65207,49.70482],[5.6584,49.71382],[5.66694,49.71394],[5.67203,49.72362],[5.67919,49.72727],[5.67408,49.73368],[5.67644,49.74142],[5.68517,49.74411],[5.69335,49.75411],[5.70412,49.7561],[5.70894,49.76223],[5.7071,49.76442],[5.71311,49.76995],[5.71196,49.77535],[5.69776,49.77596],[5.68476,49.78245],[5.68039,49.784],[5.67735,49.7826],[5.66692,49.78212],[5.65445,49.7778],[5.65021,49.7686],[5.64599,49.76256],[5.64066,49.76388],[5.6125,49.75724],[5.61569,49.74912]]]},"properties":{"postcode":"6720","nl":"Habay","fr":"Habay"}},
{"type":"Feature","geometry":{"type":"Polygon","coordinates":[[[5.65039,49.64505],[5.65822,49.64152],[5.66358,49.63664],[5.66683,49.63743],[5.67306,49.63927],[5.67388,49.64265],[5.66717,49.65981],[5.64893,49.6562],[5.64546,49.65099],[5.65039,49.64505]]]},"properties":{"postcode":"6742","nl":"Étalle","fr":"Étalle"}},
{"type":"Feature","geometry":{"type":"Polygon","coordinates":[[[5.03709,49.77189],[5.06161,49.76736],[5.06308,49.76235],[5.08554,49.76336],[5.09569,49.76095],[5.11877,49.73869],[5.12515,49.72677],[5.12305,49.71723],[5.1405,49.71346],[5.15343,49.71885],[5.14702,49.7273],[5.15824,49.73573],[5.15253,49.74417],[5.15473,49.75841],[5.16702,49.76065],[5.18631,49.76956],[5.18545,49.77544],[5.18381,49.77943],[5.18058,49.78185],[5.1815,49.78494],[5.1896,49.79209],[5.18866,49.79538],[5.17983,49.78964],[5.17413,49.78955],[5.16908,49.79553],[5.17033,49.79834],[5.1677,49.80499],[5.16493,49.80841],[5.15596,49.8073],[5.15741,49.80088],[5.13988,49.79119],[5.13878,49.78318],[5.13186,49.77938],[5.1174,49.78025],[5.11539,49.78465],[5.12566,49.79545],[5.12428,49.80145],[5.10966,49.79929],[5.11144,49.78717],[5.10057,49.78765],[5.09556,49.80379],[5.08588,49.80129],[5.05729,49.80089],[5.04851,49.80294],[5.04768,49.77992],[5.03709,49.77189]]]},"properties":{"postcode":"6830","nl":"Bouillon","fr":"Bouillon"}},
{"type":"Feature","geometry":{"type":"Polygon","coordinates":[[[5.48538,50.16755],[5.50269,50.15678],[5.50847,50.16954],[5.52026,50.16833],[5.53289,50.17181],[5.53578,50.17861],[5.52968,50.18237],[5.53368,50.18768],[5.52483,50.18571],[5.51988,50.18613],[5.50405,50.18349],[5.49112,50.17897],[5.48667,50.17381],[5.48538,50.16755]]]},"properties":{"postcode":"6986","nl":"La Roche-en-Ardenne","fr":"La Roche-en-Ardenne"}},
{"type":"Feature","geometry":{"type":"Polygon","coordinates":[[[4.24447,50.81999],[4.25316,50.82515],[4.25552,50.82845],[4.25469,50.83356],[4.25877,50.83598],[4.2719,50.83621],[4.27323,50.83868],[4.28294,50.83785],[4.28462,50.8453],[4.28825,50.84827],[4.28338,50.85391],[4.28984,50.85587],[4.28838,50.85757],[4.28034,50.85991],[4.27926,50.86559],[4.26857,50.86076],[4.24101,50.86845],[4.22845,50.84711],[4.23804,50.84255],[4.25505,50.84106],[4.24061,50.82442],[4.24447,50.81999]]]},"properties":{"postcode":"1701","nl":"Dilbeek","fr":"Dilbeek"}},
{"type":"Feature","geometry":{"type":"Polygon","coordinates":[[[4.81017,50.90348],[4.81332,50.91193],[4.81184,50.9369],[4.79976,50.94009],[4.78493,50.93664],[4.77488,50.93601],[4.7764,50.92761],[4.79746,50.89731],[4.81017,50.90348]]]},"properties":{"postcode":"3220","nl":"Holsbeek","fr":"Holsbeek"}},
{"type":"Feature","geometry":{"type":"Polygon","coordinates":[[[4.16604,50.84184],[4.1693,50.83823],[4.17665,50.83357],[4.1938,50.83006],[4.2011,50.82662],[4.2056,50.82609],[4.21131,50.81788],[4.21163,50.81469],[4.2119,50.81754],[4.21612,50.82221],[4.21478,50.83309],[4.22433,50.84735],[4.21049,50.84951],[4.19866,50.8584],[4.19544,50.85543],[4.18817,50.84752],[4.17998,50.8445],[4.16604,50.84184]]]},"properties":{"postcode":"1703","nl":"Dilbeek","fr":"Dilbeek"}},
{"type":"Feature","geometry":{"type":"Polygon","coordinates":[[[3.62932,50.99176],[3.63611,50.99885],[3.65295,51.00659],[3.65503,51.0186],[3.64497,51.0253],[3.61995,51.03521],[3.60621,51.02843],[3.60873,51.01818],[3.62932,50.99176]]]},"properties":{"postcode":"9830","nl":"Sint-Martens-Latem","fr":"Sint-Martens-Latem"}},
{"type":"Feature","geometry":{"type":"Polygon","coordinates":[[[4.02769,50.92104],[4.03235,50.92003],[4.05184,50.92849],[4.06535,50.92415],[4.09582,50.93251],[4.08208,50.94231],[4.07669,50.95687],[4.06284,50.95892],[4.04861,50.96669],[4.04048,50.962],[4.03728,50.95425],[4.02813,50.95106],[4.01259,50.9562],[4.00848,50.95529],[4.01049,50.94878],[4.00591,50.94791],[3.99547,50.94124],[4.00057,50.93935],[4.00069,50.93539],[4.02506,50.93343],[4.02769,50.92104]]]},"properties":{"postcode":"9300","nl":"Aalst","fr":"Alost"}},
{"type":"Feature","geometry":{"type":"Polygon","coordinates":[[[4.01218,51.13415],[4.02282,51.1386],[4.03857,51.13871],[4.04868,51.13589],[4.06233,51.14314],[4.06749,51.14316],[4.06215,51.14736],[4.05962,51.16757],[4.05897,51.18402],[4.05295,51.18642],[4.04261,51.18772],[4.03676,51.19117],[4.03038,51.18656],[3.99909,51.17264],[3.99198,51.16888],[3.99868,51.16077],[3.99858,51.15453],[3.98763,51.15139],[3.98533,51.14773],[4.01218,51.13415]]]},"properties":{"postcode":"9112","nl":"Sint-Niklaas","fr":"Saint-Nicolas"}},
{"type":"Feature","geometry":{"type":"Polygon","coordinates":[[[3.52559,51.09005],[3.5542,51.09401],[3.57759,51.0999],[3.5863,51.09916],[3.60106,51.10735],[3.61059,51.11875],[3.61213,51.12718],[3.59921,51.13427],[3.58876,51.14463],[3.57575,51.14456],[3.56409,51.14868],[3.55881,51.14062],[3.56108,51.12905],[3.55381,51.12635],[3.53366,51.12909],[3.53132,51.13755],[3.51234,51.13623],[3.52519,51.12625],[3.51071,51.11389],[3.51326,51.10411],[3.52227,51.10163],[3.52559,51.09005]]]},"properties":{"postcode":"9930","nl":"Lievegem","fr":"Lievegem"}},
{"type":"Feature","geometry":{"type":"Polygon","coordinates":[[[3.74601,51.07569],[3.75382,51.07749],[3.77304,51.07148],[3.78488,51.07954],[3.79956,51.08548],[3.78744,51.10394],[3.80197,51.11156],[3.79253,51.11951],[3.77551,51.12096],[3.79196,51.13644],[3.77653,51.14037],[3.76446,51.12614],[3.74295,51.1102],[3.75591,51.09287],[3.75581,51.08598],[3.74601,51.07569]]]},"properties":{"postcode":"9041","nl":"Gent","fr":"Gand"}},
{"type":"Feature","geometry":{"type":"Polygon","coordinates":[[[5.5872,50.49262],[5.58356,50.48432],[5.60693,50.48177],[5.61803,50.47735],[5.62173,50.48666],[5.63104,50.48705],[5.63926,50.49926],[5.65169,50.50188],[5.65627,50.49657],[5.66961,50.49585],[5.70383,50.50038],[5.69049,50.51216],[5.67302,50.5136],[5.67133,50.5223],[5.68067,50.53586],[5.66062,50.53634],[5.64894,50.52603],[5.62275,50.52706],[5.61591,50.52389],[5.6119,50.52343],[5.60979,50.52142],[5.60116,50.51907],[5.5927,50.51405],[5.59129,50.51094],[5.59546,50.50008],[5.5872,50.49262]]]},"properties":{"postcode":"4140","nl":"Sprimont","fr":"Sprimont"}},
{"type":"Feature","geometry":{"type":"Polygon","coordinates":[[[5.48671,50.54188],[5.50264,50.54333],[5.52944,50.52766],[5.55472,50.53393],[5.54262,50.55369],[5.54324,50.56029],[5.4964,50.54724],[5.48671,50.54188]]]},"properties":{"postcode":"4122","nl":"Neupré","fr":"Neupré"}},
{"type":"Feature","geometry":{"type":"Polygon","coordinates":[[[5.62448,50.58839],[5.61492,50.59979],[5.6065,50.6035],[5.59108,50.59596],[5.58967,50.588],[5.60014,50.58105],[5.60539,50.57808],[5.61979,50.58185],[5.62448,50.58839]]]},"properties":{"postcode":"4053","nl":"Chaudfontaine","fr":"Chaudfontaine"}},
{"type":"Feature","geometry":{"type":"Polygon","coordinates":[[[4.2599,50.33247],[4.24467,50.33169],[4.24128,50.32352],[4.25298,50.32381],[4.2643,50.31331],[4.27331,50.3123],[4.27748,50.3219],[4.2599,50.33247]]]},"properties":{"postcode":"6533","nl":"Thuin","fr":"Thuin"}},
{"type":"Feature","geometry":{"type":"Polygon","coordinates":[[[4.34789,50.37521],[4.36951,50.35764],[4.39442,50.35539],[4.39998,50.35687],[4.40375,50.35982],[4.40966,50.35738],[4.41616,50.35908],[4.41731,50.3624],[4.39837,50.37008],[4.39045,50.37755],[4.39003,50.38868],[4.38051,50.39396],[4.37922,50.39021],[4.36465,50.39244],[4.35358,50.3851],[4.35685,50.37681],[4.34789,50.37521]]]},"properties":{"postcode":"6110","nl":"Montigny-le-Tilleul","fr":"Montigny-le-Tilleul"}},
{"type":"Feature","geometry":{"type":"Polygon","coordinates":[[[3.4384,50.51069],[3.44693,50.50599],[3.4538,50.51921],[3.47061,50.53091],[3.44815,50.53434],[3.4373,50.53294],[3.42583,50.52565],[3.42381,50.51532],[3.4384,50.51069]]]},"properties":{"postcode":"7622","nl":"Brunehaut","fr":"Brunehaut"}},
{"type":"Feature","geometry":{"type":"Polygon","coordinates":[[[4.34382,50.04448],[4.33565,50.03461],[4.33147,50.01872],[4.33831,50.01047],[4.34111,50.00061],[4.33668,49.99732],[4.34377,49.98771],[4.35157,49.96951],[4.35167,49.96318],[4.36867,49.96607],[4.38391,49.98006],[4.38594,49.99083],[4.38359,50.00131],[4.37622,50.00957],[4.3619,50.00752],[4.35812,50.02034],[4.35753,50.04052],[4.35385,50.04245],[4.35011,50.04414],[4.34382,50.04448]]]},"properties":{"postcode":"6464","nl":"Chimay","fr":"Chimay"}},
{"type":"Feature","geometry":{"type":"Polygon","coordinates":[[[3.40157,50.52483],[3.41382,50.53777],[3.4045,50.56744],[3.38352,50.55626],[3.39629,50.55027],[3.39883,50.53897],[3.37804,50.53142],[3.38839,50.52761],[3.40157,50.52483]]]},"properties":{"postcode":"7620","nl":"Brunehaut","fr":"Brunehaut"}},
{"type":"Feature","geometry":{"type":"Polygon","coordinates":[[[3.53175,50.56846],[3.53656,50.57615],[3.52848,50.58208],[3.51553,50.57865],[3.51135,50.58916],[3.49752,50.588],[3.49164,50.57555],[3.48442,50.57497],[3.48352,50.5663],[3.49095,50.55901],[3.52017,50.56029],[3.53175,50.56846]]]},"properties":{"postcode":"7538","nl":"Doornik","fr":"Tournai"}},
{"type":"Feature","geometry":{"type":"Polygon","coordinates":[[[2.8631,50.70828],[2.86972,50.70326],[2.88534,50.70648],[2.90116,50.69285],[2.9099,50.69366],[2.91167,50.704],[2.90879,50.71165],[2.9114,50.72131],[2.89216,50.73274],[2.88781,50.74701],[2.88022,50.74974],[2.88645,50.7549],[2.87822,50.76154],[2.87582,50.76117],[2.86963,50.76003],[2.85958,50.75762],[2.85587,50.75765],[2.84212,50.75144],[2.85268,50.74042],[2.84221,50.7357],[2.85285,50.72439],[2.86961,50.71295],[2.8631,50.70828]]]},"properties":{"postcode":"7783","nl":"Komen-Waasten","fr":"Comines-Warneton"}},
{"type":"Feature","geometry":{"type":"Polygon","coordinates":[[[4.9976,50.15719],[4.99207,50.16984],[4.97726,50.17084],[4.97303,50.17571],[4.98673,50.18173],[4.97685,50.19563],[4.96634,50.19724],[4.96853,50.1942],[4.94736,50.18165],[4.94284,50.17624],[4.95899,50.16655],[4.9502,50.16081],[4.95479,50.15106],[4.96363,50.1542],[4.9976,50.15719]]]},"properties":{"postcode":"5560","nl":"Houyet","fr":"Houyet"}},
{"type":"Feature","geometry":{"type":"Polygon","coordinates":[[[4.98786,50.13467],[4.98804,50.14028],[5.00738,50.14521],[5.00063,50.15745],[4.9976,50.15719],[4.96363,50.1542],[4.95479,50.15106],[4.95486,50.14345],[4.9614,50.13253],[4.98786,50.13467]]]},"properties":{"postcode":"5571","nl":"Beauraing","fr":"Beauraing"}},
{"type":"Feature","geometry":{"type":"Polygon","coordinates":[[[4.83273,50.45991],[4.83124,50.47139],[4.8176,50.48213],[4.80888,50.47258],[4.81853,50.46876],[4.81999,50.46117],[4.83273,50.45991]]]},"properties":{"postcode":"5001","nl":"Namen","fr":"Namur"}},
{"type":"Feature","geometry":{"type":"Polygon","coordinates":[[[4.43539,50.30806],[4.441,50.29619],[4.43822,50.29312],[4.45468,50.28253],[4.46813,50.28046],[4.47111,50.28512],[4.46748,50.30786],[4.45696,50.30482],[4.43539,50.30806]]]},"properties":{"postcode":"5651","nl":"Walcourt","fr":"Walcourt"}},
{"type":"Feature","geometry":{"type":"Polygon","coordinates":[[[5.0501,50.3636],[5.06972,50.35133],[5.08659,50.35831],[5.10069,50.36492],[5.09722,50.3733],[5.09286,50.37688],[5.09673,50.38142],[5.0971,50.38577],[5.09079,50.39226],[5.07704,50.38572],[5.06901,50.39337],[5.05412,50.38825],[5.04901,50.38754],[5.05319,50.38442],[5.04666,50.38237],[5.05266,50.37597],[5.04647,50.37081],[5.0501,50.3636]]]},"properties":{"postcode":"5334","nl":"Assesse","fr":"Assesse"}},
{"type":"Feature","geometry":{"type":"Polygon","coordinates":[[[5.23381,50.9366],[5.23303,50.93059],[5.22752,50.92466],[5.22571,50.91884],[5.22936,50.91621],[5.22907,50.90475],[5.22514,50.89979],[5.23232,50.89382],[5.2492,50.89425],[5.24918,50.89968],[5.2547,50.9031],[5.26241,50.90465],[5.27473,50.91035],[5.26267,50.91436],[5.26239,50.91946],[5.28002,50.92156],[5.27795,50.92225],[5.2707,50.92837],[5.27113,50.93731],[5.25875,50.93311],[5.24929,50.93962],[5.23381,50.9366]]]},"properties":{"postcode":"3512","nl":"Hasselt","fr":"Hasselt"}},
{"type":"Feature","geometry":{"type":"Polygon","coordinates":[[[5.12487,51.04507],[5.14672,51.03037],[5.15972,51.02418],[5.1669,51.02152],[5.17624,51.01673],[5.18274,51.02009],[5.18484,51.02406],[5.19688,51.0276],[5.20189,51.03029],[5.20336,51.0358],[5.19955,51.04634],[5.213,51.05547],[5.20436,51.06517],[5.20903,51.06922],[5.20295,51.07487],[5.19359,51.07888],[5.18391,51.07705],[5.17368,51.07168],[5.16675,51.06202],[5.13476,51.05595],[5.12162,51.04764],[5.12487,51.04507]]]},"properties":{"postcode":"3583","nl":"Beringen","fr":"Beringen"}},
{"type":"Feature","geometry":{"type":"Polygon","coordinates":[[[5.40592,50.83054],[5.40024,50.82088],[5.40221,50.81118],[5.4169,50.80857],[5.43335,50.81937],[5.44471,50.83224],[5.43565,50.84387],[5.4501,50.85078],[5.44606,50.85505],[5.43073,50.85255],[5.41571,50.84358],[5.40592,50.83054]]]},"properties":{"postcode":"3724","nl":"Hasselt","fr":"Hasselt"}},
{"type":"Feature","geometry":{"type":"Polygon","coordinates":[[[5.89564,50.74545],[5.8899,50.75354],[5.88935,50.7655],[5.86345,50.76351],[5.8488,50.75369],[5.85507,50.74907],[5.86071,50.7364],[5.87796,50.73944],[5.88207,50.74376],[5.89564,50.74545]]]},"properties":{"postcode":"3793","nl":"Voeren","fr":"Fourons"}},
{"type":"Feature","geometry":{"type":"Polygon","coordinates":[[[3.23591,51.31974],[3.23016,51.33029],[3.22458,51.35736],[3.21911,51.36094],[3.18641,51.3627],[3.17097,51.35349],[3.17208,51.34455],[3.16685,51.33546],[3.15381,51.32795],[3.15598,51.31911],[3.17209,51.32297],[3.17708,51.31882],[3.17356,51.31586],[3.17166,51.31061],[3.17356,51.30664],[3.174,51.30027],[3.1657,51.29604],[3.16926,51.29061],[3.17337,51.28957],[3.17777,51.2846],[3.1825,51.27097],[3.19191,51.27421],[3.1963,51.26825],[3.21404,51.27068],[3.21112,51.28235],[3.21752,51.2841],[3.2148,51.30065],[3.23591,51.31974]]]},"properties":{"postcode":"8380","nl":"Brugge","fr":"Bruges"}},
{"type":"Feature","geometry":{"type":"Polygon","coordinates":[[[2.66925,50.82266],[2.67893,50.81343],[2.71076,50.81356],[2.71302,50.81535],[2.73597,50.82728],[2.74528,50.834],[2.7417,50.83952],[2.75739,50.84732],[2.76395,50.85478],[2.77274,50.85371],[2.77734,50.86212],[2.78263,50.86909],[2.78185,50.88617],[2.76906,50.88948],[2.76536,50.89177],[2.75976,50.89085],[2.75228,50.88677],[2.73797,50.88335],[2.72868,50.88601],[2.7,50.88179],[2.69514,50.87566],[2.68446,50.8757],[2.67175,50.86686],[2.65802,50.85353],[2.67659,50.84906],[2.66565,50.83715],[2.66925,50.82266]]]},"properties":{"postcode":"8970","nl":"Poperinge","fr":"Poperinge"}},
{"type":"Feature","geometry":{"type":"Polygon","coordinates":[[[5.5838,50.03761],[5.57229,50.02918],[5.57041,50.01985],[5.55039,50.01517],[5.53948,50.02308],[5.53189,50.02358],[5.51684,50.01822],[5.49963,50.02215],[5.4871,50.01309],[5.48913,50.00921],[5.49058,50.00207],[5.52026,49.98795],[5.52624,49.98322],[5.53051,49.9771],[5.52985,49.96871],[5.54456,49.9677],[5.55429,49.96507],[5.56008,49.96066],[5.56205,49.95539],[5.5686,49.96023],[5.57606,49.95918],[5.58122,49.96943],[5.58659,49.97625],[5.58542,49.98109],[5.58653,49.98658],[5.59418,49.98901],[5.5976,49.99235],[5.60254,49.99445],[5.60447,49.99773],[5.6123,50.00266],[5.60946,50.00696],[5.62252,50.01177],[5.62966,50.01697],[5.61488,50.02299],[5.60364,50.02542],[5.5838,50.03761]]]},"properties":{"postcode":"6680","nl":"Sainte-Ode","fr":"Sainte-Ode"}},
{"type":"Feature","geometry":{"type":"Polygon","coordinates":[[[5.04273,49.81675],[5.05321,49.8169],[5.07063,49.83177],[5.07194,49.84388],[5.06219,49.84418],[5.04554,49.85491],[5.02713,49.84415],[5.02526,49.83463],[5.02325,49.8181],[5.02526,49.81032],[5.03803,49.80563],[5.04273,49.81675]]]},"properties":{"postcode":"6833","nl":"Bouillon","fr":"Bouillon"}},
{"type":"Feature","geometry":{"type":"Polygon","coordinates":[[[5.11629,50.02777],[5.12042,50.03994],[5.11605,50.05217],[5.12154,50.05848],[5.12455,50.07696],[5.12994,50.086],[5.13644,50.08646],[5.1365,50.09439],[5.13236,50.09883],[5.11652,50.09902],[5.09484,50.09493],[5.1024,50.08147],[5.09689,50.05646],[5.10338,50.04297],[5.08775,50.04081],[5.09071,50.03259],[5.0969,50.03065],[5.10059,50.0236],[5.11629,50.02777]]]},"properties":{"postcode":"6920","nl":"Wellin","fr":"Wellin"}},
{"type":"Feature","geometry":{"type":"Polygon","coordinates":[[[5.02362,50.92499],[5.0166,50.92533],[5.00012,50.92777],[4.98838,50.9246],[4.97769,50.91589],[4.9773,50.90186],[4.99673,50.89879],[5.005,50.90616],[5.0183,50.9058],[5.029,50.91282],[5.02362,50.92499]]]},"properties":{"postcode":"3473","nl":"Kortenaken","fr":"Kortenaken"}},
{"type":"Feature","geometry":{"type":"Polygon","coordinates":[[[4.35319,50.96831],[4.36278,50.96011],[4.37883,50.96002],[4.38247,50.95537],[4.40223,50.96305],[4.3963,50.97086],[4.3997,50.9787],[4.39217,50.98218],[4.38018,50.9904],[4.37649,50.98778],[4.36531,50.98315],[4.36075,50.97766],[4.35894,50.97247],[4.35355,50.96864],[4.35319,50.96831]]]},"properties":{"postcode":"1851","nl":"Grimbergen","fr":"Grimbergen"}},
{"type":"Feature","geometry":{"type":"Polygon","coordinates":[[[5.10659,50.77905],[5.10308,50.78207],[5.09713,50.78133],[5.09347,50.77662],[5.08891,50.77307],[5.0809,50.76837],[5.08326,50.75942],[5.10333,50.74933],[5.11693,50.76421],[5.10659,50.77905]]]},"properties":{"postcode":"3404","nl":"Landen","fr":"Landen"}},
{"type":"Feature","geometry":{"type":"Polygon","coordinates":[[[4.93346,50.96031],[4.96426,50.96421],[4.97604,50.96238],[4.98723,50.953],[5.00787,50.96307],[5.02183,50.96423],[5.01191,50.98395],[4.99671,50.98032],[4.97382,50.98465],[4.95398,50.97868],[4.93615,50.97915],[4.92822,50.97408],[4.93346,50.96031]]]},"properties":{"postcode":"3270","nl":"Scherpenheuvel-Zichem","fr":"Montaigu-Zichem"}},
{"type":"Feature","geometry":{"type":"Polygon","coordinates":[[[4.87926,50.88524],[4.87693,50.89071],[4.85446,50.89958],[4.84866,50.91111],[4.81557,50.90668],[4.81017,50.90348],[4.79746,50.89731],[4.79244,50.88975],[4.80502,50.88615],[4.80487,50.87332],[4.81068,50.86979],[4.81147,50.85991],[4.81363,50.85785],[4.81408,50.85269],[4.82114,50.85242],[4.82477,50.85525],[4.83572,50.8567],[4.83955,50.86005],[4.85059,50.86168],[4.85286,50.86785],[4.8743,50.87229],[4.87272,50.87798],[4.87926,50.88524]]]},"properties":{"postcode":"3210","nl":"Lubbeek","fr":"Lubbeek"}},
{"type":"Feature","geometry":{"type":"Polygon","coordinates":[[[3.70173,51.07461],[3.70903,51.06563],[3.7278,51.0683],[3.72626,51.08671],[3.7347,51.10168],[3.74295,51.1102],[3.76446,51.12614],[3.77653,51.14037],[3.79645,51.17277],[3.80276,51.18616],[3.79871,51.18889],[3.79144,51.18065],[3.7927,51.17674],[3.79052,51.17194],[3.77888,51.16813],[3.77299,51.16826],[3.76362,51.16487],[3.76045,51.15193],[3.76238,51.14606],[3.77701,51.14748],[3.7677,51.13318],[3.75375,51.12162],[3.72033,51.10488],[3.71385,51.10489],[3.70669,51.10248],[3.6927,51.09564],[3.68493,51.09309],[3.68739,51.089],[3.70173,51.07461]]]},"properties":{"postcode":"9075","nl":"Gent","fr":"Gand"}},
{"type":"Feature","geometry":{"type":"Polygon","coordinates":[[[4.05476,50.80508],[4.07024,50.80617],[4.07466,50.81351],[4.06876,50.82588],[4.06951,50.83345],[4.04074,50.83766],[4.03222,50.82896],[4.01532,50.82416],[4.02201,50.81212],[4.03182,50.81192],[4.04541,50.80275],[4.05476,50.80508]]]},"properties":{"postcode":"9402","nl":"Ninove","fr":"Ninove"}},
{"type":"Feature","geometry":{"type":"Polygon","coordinates":[[[4.11907,51.14652],[4.12893,51.13609],[4.13163,51.12968],[4.14837,51.13301],[4.16597,51.13935],[4.17183,51.13849],[4.17698,51.14149],[4.19021,51.14528],[4.18963,51.15102],[4.1912,51.15329],[4.19084,51.15994],[4.19958,51.1613],[4.21134,51.17014],[4.20515,51.17477],[4.20572,51.19056],[4.20558,51.19118],[4.19306,51.17832],[4.17071,51.18007],[4.16212,51.18702],[4.15299,51.18782],[4.13825,51.19126],[4.12841,51.19006],[4.11552,51.19107],[4.11221,51.1852],[4.11298,51.18176],[4.11059,51.17966],[4.12389,51.16416],[4.11907,51.14652]]]},"properties":{"postcode":"9100","nl":"Sint-Niklaas","fr":"Saint-Nicolas"}},
{"type":"Feature","geometry":{"type":"Polygon","coordinates":[[[3.5084,51.21545],[3.51627,51.21878],[3.57544,51.21827],[3.59501,51.2393],[3.57463,51.24813],[3.56318,51.24792],[3.53255,51.24518],[3.52797,51.24659],[3.47578,51.24274],[3.48179,51.22835],[3.49348,51.22333],[3.5084,51.21545]]]},"properties":{"postcode":"9980","nl":"Sint-Laureins","fr":"Sint-Laureins"}},
{"type":"Feature","geometry":{"type":"Polygon","coordinates":[[[3.52559,51.09005],[3.52227,51.10163],[3.51326,51.10411],[3.51071,51.11389],[3.48748,51.11229],[3.4781,51.10929],[3.48089,51.10007],[3.47569,51.09074],[3.48135,51.07224],[3.4874,51.06604],[3.50534,51.06879],[3.50258,51.07595],[3.52085,51.08997],[3.52559,51.09005]]]},"properties":{"postcode":"9881","nl":"Aalter","fr":"Aalter"}},
{"type":"Feature","geometry":{"type":"Polygon","coordinates":[[[3.58814,50.93177],[3.59776,50.9401],[3.61369,50.93417],[3.62654,50.92851],[3.63321,50.94037],[3.62506,50.94096],[3.62477,50.95688],[3.64536,50.97132],[3.63392,50.98355],[3.62363,50.98828],[3.60749,50.98307],[3.59394,50.979],[3.59066,50.96928],[3.56315,50.96483],[3.54181,50.95293],[3.53855,50.94583],[3.54692,50.94053],[3.57348,50.93364],[3.58814,50.93177]]]},"properties":{"postcode":"9810","nl":"Nazareth-De Pinte","fr":"Nazareth-De Pinte"}},
{"type":"Feature","geometry":{"type":"Polygon","coordinates":[[[3.47644,50.89567],[3.48577,50.8881],[3.49637,50.88724],[3.51423,50.89137],[3.52768,50.8887],[3.53915,50.89543],[3.5661,50.90166],[3.58812,50.91382],[3.58814,50.93177],[3.57348,50.93364],[3.54692,50.94053],[3.53855,50.94583],[3.54181,50.95293],[3.53648,50.94844],[3.51956,50.94629],[3.50919,50.9357],[3.50458,50.93383],[3.49456,50.92527],[3.48598,50.91494],[3.47324,50.90531],[3.46884,50.90507],[3.46673,50.90207],[3.47124,50.89794],[3.47644,50.89567]]]},"properties":{"postcode":"9770","nl":"Kruisem","fr":"Kruisem"}},
{"type":"Feature","geometry":{"type":"Polygon","coordinates":[[[5.94729,50.57945],[5.95517,50.58112],[5.95959,50.5837],[5.95987,50.58712],[5.97088,50.5932],[5.97444,50.59387],[5.97368,50.60164],[5.98159,50.60117],[5.98202,50.60536],[5.97181,50.61324],[5.95888,50.61772],[5.95437,50.61655],[5.9453,50.61166],[5.95367,50.61128],[5.95009,50.60407],[5.93178,50.59212],[5.94729,50.57945]]]},"properties":{"postcode":"4834","nl":"Limburg","fr":"Limbourg"}},
{"type":"Feature","geometry":{"type":"Polygon","coordinates":[[[5.5872,50.49262],[5.59546,50.50008],[5.59129,50.51094],[5.57554,50.51067],[5.56588,50.50725],[5.55943,50.51043],[5.55308,50.50735],[5.54564,50.50562],[5.54675,50.50283],[5.55146,50.49949],[5.55147,50.49635],[5.57126,50.49903],[5.57545,50.49139],[5.5872,50.49262]]]},"properties":{"postcode":"4171","nl":"Comblain-au-Pont","fr":"Comblain-au-Pont"}},
{"type":"Feature","geometry":{"type":"Polygon","coordinates":[[[3.9797,50.4777],[3.98807,50.48584],[3.98634,50.49041],[3.99596,50.5033],[3.98671,50.50727],[3.97527,50.51382],[3.97442,50.51151],[3.96739,50.50831],[3.95725,50.50859],[3.95117,50.49038],[3.96549,50.47857],[3.97345,50.47801],[3.9797,50.4777]]]},"properties":{"postcode":"7020","nl":"Bergen","fr":"Mons"}},
{"type":"Feature","geometry":{"type":"Polygon","coordinates":[[[3.90335,50.44061],[3.90765,50.43411],[3.89908,50.42434],[3.91717,50.41709],[3.92838,50.4136],[3.93695,50.42149],[3.94627,50.43826],[3.93589,50.45017],[3.92783,50.45177],[3.91016,50.44945],[3.90335,50.44061]]]},"properties":{"postcode":"7033","nl":"Bergen","fr":"Mons"}},
{"type":"Feature","geometry":{"type":"Polygon","coordinates":[[[3.41312,50.63778],[3.41762,50.64721],[3.42027,50.66454],[3.42397,50.67069],[3.43374,50.67779],[3.43559,50.68208],[3.42465,50.68568],[3.41766,50.6868],[3.39908,50.67773],[3.39352,50.65698],[3.39759,50.64496],[3.41312,50.63778]]]},"properties":{"postcode":"7542","nl":"Doornik","fr":"Tournai"}},
{"type":"Feature","geometry":{"type":"Polygon","coordinates":[[[3.66069,50.5521],[3.65241,50.54776],[3.63807,50.53451],[3.64231,50.53054],[3.67158,50.53806],[3.67292,50.54469],[3.66069,50.5521]]]},"properties":{"postcode":"7971","nl":"Beloeil","fr":"Beloeil"}},
{"type":"Feature","geometry":{"type":"Polygon","coordinates":[[[4.13069,50.54499],[4.14088,50.5468],[4.15512,50.54466],[4.17062,50.55093],[4.18124,50.56133],[4.17074,50.566],[4.1818,50.57301],[4.19758,50.57016],[4.20531,50.57338],[4.18941,50.58103],[4.19333,50.58705],[4.19851,50.5892],[4.20777,50.58583],[4.20249,50.59402],[4.19328,50.59665],[4.19081,50.59296],[4.17618,50.59044],[4.17129,50.59516],[4.15867,50.58314],[4.14471,50.57887],[4.13773,50.57579],[4.13635,50.57233],[4.12341,50.56475],[4.12782,50.55808],[4.13069,50.54499]]]},"properties":{"postcode":"7190","nl":"Écaussinnes","fr":"Écaussinnes"}},
{"type":"Feature","geometry":{"type":"Polygon","coordinates":[[[3.46936,50.55621],[3.46502,50.54354],[3.47886,50.53166],[3.49349,50.52893],[3.50594,50.53191],[3.5241,50.54309],[3.51658,50.55146],[3.52017,50.56029],[3.49095,50.55901],[3.46936,50.55621]]]},"properties":{"postcode":"7640","nl":"Antoing","fr":"Antoing"}},
{"type":"Feature","geometry":{"type":"Polygon","coordinates":[[[4.22308,50.01425],[4.21725,50.01466],[4.21625,50.03459],[4.20633,50.03832],[4.2066,50.04399],[4.22934,50.0466],[4.22203,50.06273],[4.19877,50.05657],[4.19428,50.04942],[4.17325,50.04605],[4.19339,50.03256],[4.20933,50.01389],[4.2086,50.0073],[4.21085,50.00026],[4.22393,50.00165],[4.22308,50.01425]]]},"properties":{"postcode":"6591","nl":"Momignies","fr":"Momignies"}},
{"type":"Feature","geometry":{"type":"Polygon","coordinates":[[[3.58437,50.69237],[3.60229,50.69659],[3.60966,50.69224],[3.62172,50.69911],[3.63221,50.70894],[3.64058,50.71221],[3.63913,50.71686],[3.64038,50.7223],[3.63103,50.7211],[3.62361,50.72252],[3.61027,50.73227],[3.59858,50.73244],[3.59126,50.7295],[3.58339,50.72294],[3.59394,50.71872],[3.57695,50.7013],[3.58437,50.69237]]]},"properties":{"postcode":"7912","nl":"Frasnes-lez-Anvaing","fr":"Frasnes-lez-Anvaing"}},
{"type":"Feature","geometry":{"type":"Polygon","coordinates":[[[4.4852,50.47629],[4.4782,50.4831],[4.48481,50.49313],[4.47753,50.49937],[4.45825,50.4927],[4.45749,50.48185],[4.4852,50.47629]]]},"properties":{"postcode":"6210","nl":"Les Bons Villers","fr":"Les Bons Villers"}},
{"type":"Feature","geometry":{"type":"Polygon","coordinates":[[[4.38405,50.85142],[4.35719,50.86031],[4.37322,50.84729],[4.38405,50.85142]]]},"properties":{"postcode":"1000","nl":"Sint-Joost-ten-Node","fr":"Saint-Josse-ten-Noode"}},
{"type":"Feature","geometry":{"type":"Polygon","coordinates":[[[4.25587,51.05974],[4.27919,51.06889],[4.28756,51.0615],[4.314,51.0547],[4.32271,51.06127],[4.31409,51.06591],[4.32167,51.08418],[4.31211,51.09169],[4.30721,51.08802],[4.30043,51.08662],[4.29521,51.08281],[4.28247,51.08549],[4.27753,51.08249],[4.26737,51.08051],[4.26339,51.08053],[4.25917,51.07743],[4.25489,51.07664],[4.25897,51.06885],[4.25587,51.05974]]]},"properties":{"postcode":"2870","nl":"Puurs-Sint-Amands","fr":"Puurs-Sint-Amands"}},
{"type":"Feature","geometry":{"type":"Polygon","coordinates":[[[5.25838,50.35837],[5.26773,50.36281],[5.26675,50.37468],[5.25676,50.3833],[5.23132,50.37025],[5.21011,50.36451],[5.20649,50.35495],[5.22781,50.36236],[5.25838,50.35837]]]},"properties":{"postcode":"5376","nl":"Havelange","fr":"Havelange"}},
{"type":"Feature","geometry":{"type":"Polygon","coordinates":[[[5.03398,50.34038],[5.0247,50.35306],[5.0501,50.3636],[5.04647,50.37081],[5.05266,50.37597],[5.04666,50.38237],[5.05319,50.38442],[5.04901,50.38754],[5.04601,50.38975],[5.03614,50.38187],[5.01239,50.37857],[5.00364,50.39173],[4.99383,50.38549],[5.00202,50.37201],[4.98585,50.36914],[4.99098,50.36493],[4.99912,50.3495],[5.01332,50.35079],[5.0176,50.34163],[5.02186,50.33761],[5.02455,50.33725],[5.03398,50.34038]]]},"properties":{"postcode":"5330","nl":"Assesse","fr":"Assesse"}},
{"type":"Feature","geometry":{"type":"Polygon","coordinates":[[[4.87061,50.47856],[4.87472,50.47244],[4.88484,50.46909],[4.902,50.46973],[4.91382,50.47742],[4.91224,50.49015],[4.89705,50.4854],[4.89266,50.48854],[4.87061,50.47856]]]},"properties":{"postcode":"5004","nl":"Namen","fr":"Namur"}},
{"type":"Feature","geometry":{"type":"Polygon","coordinates":[[[5.14424,50.14674],[5.15297,50.14401],[5.15698,50.13583],[5.16775,50.13097],[5.18151,50.1418],[5.19265,50.13997],[5.20033,50.14341],[5.19399,50.15357],[5.1808,50.16308],[5.17442,50.1759],[5.14618,50.16367],[5.15106,50.15094],[5.14424,50.14674]]]},"properties":{"postcode":"5580","nl":"Rochefort","fr":"Rochefort"}},
{"type":"Feature","geometry":{"type":"Polygon","coordinates":[[[5.59533,50.97744],[5.59728,51.00167],[5.60346,51.00569],[5.59032,51.01265],[5.58964,51.0189],[5.57154,51.02359],[5.5289,51.01888],[5.54243,51.00482],[5.56028,50.99097],[5.57658,50.98212],[5.59533,50.97744]]]},"properties":{"postcode":"3665","nl":"As","fr":"As"}},
{"type":"Feature","geometry":{"type":"Polygon","coordinates":[[[5.39948,51.24688],[5.40862,51.2321],[5.42943,51.2284],[5.44289,51.20347],[5.4376,51.18204],[5.46166,51.1895],[5.47744,51.18822],[5.48339,51.19124],[5.48917,51.20077],[5.48722,51.2061],[5.46644,51.20861],[5.46267,51.2244],[5.46799,51.23887],[5.46639,51.24085],[5.46827,51.24918],[5.46776,51.25487],[5.45507,51.26157],[5.44083,51.27452],[5.4333,51.27633],[5.41741,51.26228],[5.39948,51.24688]]]},"properties":{"postcode":"3910","nl":"Pelt","fr":"Pelt"}},
{"type":"Feature","geometry":{"type":"Polygon","coordinates":[[[3.32204,50.76206],[3.32768,50.75332],[3.33923,50.74476],[3.35645,50.74213],[3.36018,50.7376],[3.38395,50.74813],[3.39124,50.74814],[3.39178,50.75284],[3.3834,50.75725],[3.36577,50.77406],[3.36293,50.78083],[3.35171,50.79139],[3.33012,50.77956],[3.3163,50.77085],[3.32204,50.76206]]]},"properties":{"postcode":"8554","nl":"Zwevegem","fr":"Zwevegem"}},
{"type":"Feature","geometry":{"type":"Polygon","coordinates":[[[3.42633,50.74669],[3.42078,50.75125],[3.41404,50.75017],[3.41028,50.75579],[3.39178,50.75284],[3.39124,50.74814],[3.40554,50.74635],[3.411,50.747],[3.41778,50.746],[3.42633,50.74669]]]},"properties":{"postcode":"8583","nl":"Avelgem","fr":"Avelgem"}},
{"type":"Feature","geometry":{"type":"Polygon","coordinates":[[[5.5584,49.53837],[5.57278,49.5428],[5.58643,49.56238],[5.58838,49.57507],[5.55924,49.57269],[5.55539,49.5766],[5.53934,49.56486],[5.55534,49.54799],[5.5584,49.53837]]]},"properties":{"postcode":"6761","nl":"Virton","fr":"Virton"}},
{"type":"Feature","geometry":{"type":"Polygon","coordinates":[[[5.15343,49.71885],[5.16595,49.7118],[5.16373,49.70028],[5.16648,49.69299],[5.19358,49.69483],[5.20922,49.69757],[5.21298,49.7115],[5.22092,49.72272],[5.20158,49.74873],[5.19871,49.75753],[5.20041,49.76358],[5.20004,49.77263],[5.19795,49.77556],[5.18545,49.77544],[5.18631,49.76956],[5.16702,49.76065],[5.15473,49.75841],[5.15253,49.74417],[5.15824,49.73573],[5.14702,49.7273],[5.15343,49.71885]]]},"properties":{"postcode":"6820","nl":"Florenville","fr":"Florenville"}},
{"type":"Feature","geometry":{"type":"Polygon","coordinates":[[[5.10736,50.7228],[5.09747,50.733],[5.08,50.73099],[5.0664,50.71996],[5.06307,50.71352],[5.09586,50.70335],[5.10571,50.7118],[5.10736,50.7228]]]},"properties":{"postcode":"3401","nl":"Landen","fr":"Landen"}},
{"type":"Feature","geometry":{"type":"Polygon","coordinates":[[[4.36834,50.91557],[4.39484,50.91969],[4.40498,50.92658],[4.41315,50.92701],[4.41679,50.9374],[4.42639,50.94653],[4.41586,50.95437],[4.4128,50.96212],[4.41759,50.96995],[4.40757,50.97027],[4.40536,50.98794],[4.39217,50.98218],[4.3997,50.9787],[4.3963,50.97086],[4.40223,50.96305],[4.38247,50.95537],[4.38521,50.94949],[4.35325,50.94591],[4.34399,50.93711],[4.34712,50.93158],[4.34018,50.92118],[4.34606,50.91572],[4.36061,50.91215],[4.36834,50.91557]]]},"properties":{"postcode":"1850","nl":"Grimbergen","fr":"Grimbergen"}},
{"type":"Feature","geometry":{"type":"Polygon","coordinates":[[[4.66323,50.79316],[4.67356,50.79209],[4.67443,50.79401],[4.68772,50.79277],[4.69123,50.7918],[4.69141,50.79716],[4.70874,50.80103],[4.70671,50.80813],[4.73808,50.81067],[4.73086,50.82328],[4.73909,50.82285],[4.74387,50.83724],[4.742,50.84267],[4.73025,50.84407],[4.71268,50.84407],[4.70747,50.83784],[4.71053,50.83112],[4.7261,50.82301],[4.72707,50.81333],[4.71336,50.81114],[4.70323,50.82031],[4.70224,50.81655],[4.68073,50.81444],[4.66549,50.8121],[4.65801,50.80692],[4.66929,50.79746],[4.66323,50.79316]]]},"properties":{"postcode":"3053","nl":"Oud-Heverlee","fr":"Oud-Heverlee"}},
{"type":"Feature","geometry":{"type":"Polygon","coordinates":[[[4.55329,50.96762],[4.5516,50.97388],[4.55884,50.97557],[4.55935,50.98439],[4.56517,50.99081],[4.56398,50.99626],[4.56044,51.00074],[4.55157,51.00344],[4.54812,51.00275],[4.53757,50.99956],[4.5287,50.99229],[4.51341,50.97971],[4.52514,50.97058],[4.53132,50.97023],[4.54009,50.96674],[4.54456,50.96807],[4.55329,50.96762]]]},"properties":{"postcode":"3191","nl":"Boortmeerbeek","fr":"Boortmeerbeek"}},
{"type":"Feature","geometry":{"type":"Polygon","coordinates":[[[4.5252,50.87288],[4.54211,50.87578],[4.54484,50.88211],[4.56158,50.88624],[4.55604,50.89417],[4.53124,50.89127],[4.51723,50.88652],[4.5252,50.87288]]]},"properties":{"postcode":"3070","nl":"Kortenberg","fr":"Kortenberg"}},
{"type":"Feature","geometry":{"type":"Polygon","coordinates":[[[4.75324,50.93613],[4.77488,50.93601],[4.78493,50.93664],[4.78324,50.94452],[4.79752,50.94688],[4.79846,50.95418],[4.78386,50.95341],[4.77753,50.96179],[4.75365,50.95474],[4.74842,50.95799],[4.73271,50.95255],[4.73869,50.94407],[4.75143,50.9415],[4.75324,50.93613]]]},"properties":{"postcode":"3111","nl":"Rotselaar","fr":"Rotselaar"}},
{"type":"Feature","geometry":{"type":"Polygon","coordinates":[[[4.09585,50.9324],[4.11098,50.94689],[4.1246,50.95294],[4.12156,50.96701],[4.10501,50.97404],[4.09335,50.9708],[4.08844,50.97054],[4.08464,50.96792],[4.08868,50.96075],[4.07669,50.95687],[4.08208,50.94231],[4.09582,50.93251],[4.09585,50.9324]]]},"properties":{"postcode":"9310","nl":"Aalst","fr":"Alost"}},
{"type":"Feature","geometry":{"type":"Polygon","coordinates":[[[6.26085,50.45604],[6.2554,50.45057],[6.2522,50.44534],[6.24106,50.43484],[6.24255,50.43155],[6.23817,50.427],[6.24447,50.42645],[6.25943,50.41699],[6.26898,50.41856],[6.28017,50.41422],[6.29621,50.42134],[6.31462,50.42338],[6.32087,50.42897],[6.33896,50.43061],[6.35267,50.44013],[6.37637,50.44567],[6.37182,50.45551],[6.36295,50.45379],[6.34041,50.46226],[6.34382,50.46868],[6.33751,50.47459],[6.34163,50.48348],[6.33287,50.492],[6.31671,50.49629],[6.30897,50.50148],[6.29043,50.49498],[6.30102,50.48425],[6.29991,50.46825],[6.28287,50.45855],[6.26883,50.46228],[6.26085,50.45604]]]},"properties":{"postcode":"4761","nl":"Büllingen","fr":"Bullange"}},
{"type":"Feature","geometry":{"type":"Polygon","coordinates":[[[5.54505,50.57697],[5.55162,50.57165],[5.55109,50.56641],[5.55269,50.56102],[5.56185,50.56184],[5.5677,50.56395],[5.56944,50.56653],[5.57742,50.57063],[5.57422,50.57302],[5.57775,50.57625],[5.59845,50.57602],[5.60014,50.58105],[5.58967,50.588],[5.59108,50.59596],[5.6065,50.6035],[5.60938,50.61422],[5.59986,50.61613],[5.585,50.62062],[5.57132,50.60962],[5.55892,50.60711],[5.56555,50.59054],[5.55573,50.58875],[5.54505,50.57697]]]},"properties":{"postcode":"4031","nl":"Luik","fr":"Liège"}},
{"type":"Feature","geometry":{"type":"Polygon","coordinates":[[[5.44699,50.54463],[5.44239,50.54236],[5.44203,50.53799],[5.43905,50.53651],[5.44599,50.5293],[5.44567,50.52572],[5.44848,50.52188],[5.45835,50.52738],[5.47175,50.52406],[5.47694,50.52147],[5.48123,50.52025],[5.4874,50.52247],[5.50148,50.52252],[5.51026,50.5245],[5.51286,50.52364],[5.51977,50.5268],[5.52944,50.52766],[5.50264,50.54333],[5.48671,50.54188],[5.46573,50.53641],[5.46181,50.54086],[5.44699,50.54463]]]},"properties":{"postcode":"4120","nl":"Neupré","fr":"Neupré"}},
{"type":"Feature","geometry":{"type":"Polygon","coordinates":[[[6.06995,50.6725],[6.07279,50.67715],[6.06379,50.68757],[6.05344,50.69175],[6.0418,50.69597],[6.0375,50.70357],[6.03056,50.70219],[6.02031,50.69157],[6.02372,50.68042],[6.0029,50.66779],[6.00275,50.66093],[6.01061,50.65449],[6.01491,50.65125],[6.03302,50.66132],[6.04437,50.66089],[6.05933,50.67172],[6.06995,50.6725]]]},"properties":{"postcode":"4711","nl":"Lontzen","fr":"Lontzen"}},
{"type":"Feature","geometry":{"type":"Polygon","coordinates":[[[5.17454,50.6668],[5.18246,50.66841],[5.18778,50.67079],[5.17949,50.68097],[5.16234,50.67765],[5.16215,50.66723],[5.17454,50.6668]]]},"properties":{"postcode":"4250","nl":"Geer","fr":"Geer"}},
{"type":"Feature","geometry":{"type":"Polygon","coordinates":[[[5.59054,50.68044],[5.60457,50.68153],[5.61113,50.68595],[5.60072,50.69278],[5.60925,50.69836],[5.59339,50.70141],[5.58236,50.69839],[5.57994,50.68706],[5.59054,50.68044]]]},"properties":{"postcode":"4041","nl":"Herstal","fr":"Herstal"}},
{"type":"Feature","geometry":{"type":"Polygon","coordinates":[[[5.78223,50.67914],[5.78974,50.65779],[5.81144,50.65138],[5.82015,50.65775],[5.82289,50.66518],[5.82849,50.67116],[5.83325,50.6697],[5.83997,50.6734],[5.84693,50.67513],[5.84614,50.67803],[5.83934,50.68105],[5.83624,50.68474],[5.83081,50.68397],[5.82243,50.68972],[5.81176,50.69082],[5.81064,50.69325],[5.80462,50.69689],[5.79846,50.70246],[5.79574,50.70271],[5.78281,50.69537],[5.78223,50.67914]]]},"properties":{"postcode":"4654","nl":"Herve","fr":"Herve"}},
{"type":"Feature","geometry":{"type":"Polygon","coordinates":[[[3.41992,50.63333],[3.42193,50.6296],[3.45685,50.64253],[3.46346,50.64994],[3.47509,50.65632],[3.46223,50.66155],[3.46241,50.66627],[3.45667,50.66746],[3.45361,50.6699],[3.44705,50.67131],[3.44474,50.67375],[3.43434,50.6762],[3.43374,50.67779],[3.42397,50.67069],[3.42027,50.66454],[3.41762,50.64721],[3.41312,50.63778],[3.41992,50.63333]]]},"properties":{"postcode":"7540","nl":"Doornik","fr":"Tournai"}},
{"type":"Feature","geometry":{"type":"Polygon","coordinates":[[[4.29099,50.06847],[4.28569,50.07904],[4.2809,50.10093],[4.26951,50.0999],[4.27208,50.07916],[4.25897,50.07907],[4.26109,50.06457],[4.28055,50.06317],[4.29099,50.06847]]]},"properties":{"postcode":"6460","nl":"Chimay","fr":"Chimay"}},
{"type":"Feature","geometry":{"type":"Polygon","coordinates":[[[3.36439,50.56345],[3.36202,50.58086],[3.3547,50.58869],[3.35053,50.58655],[3.34341,50.58067],[3.33716,50.56418],[3.36439,50.56345]]]},"properties":{"postcode":"7506","nl":"Doornik","fr":"Tournai"}},
{"type":"Feature","geometry":{"type":"Polygon","coordinates":[[[3.61615,50.61266],[3.62072,50.62365],[3.61768,50.63127],[3.59192,50.63608],[3.58927,50.62796],[3.57394,50.62935],[3.56008,50.62738],[3.5732,50.62036],[3.57567,50.61155],[3.5895,50.60554],[3.59029,50.60458],[3.59594,50.60987],[3.61615,50.61266]]]},"properties":{"postcode":"7901","nl":"Leuze-en-Hainaut","fr":"Leuze-en-Hainaut"}},
{"type":"Feature","geometry":{"type":"Polygon","coordinates":[[[3.2809,50.55597],[3.28884,50.55481],[3.29723,50.56148],[3.30751,50.56376],[3.32013,50.57229],[3.31452,50.59136],[3.29606,50.59195],[3.27655,50.58897],[3.2817,50.57768],[3.27778,50.56429],[3.2809,50.55597]]]},"properties":{"postcode":"7502","nl":"Doornik","fr":"Tournai"}},
{"type":"Feature","geometry":{"type":"Polygon","coordinates":[[[4.56565,50.47206],[4.56194,50.46647],[4.57275,50.4534],[4.58587,50.45514],[4.58887,50.45759],[4.59006,50.46411],[4.59481,50.4675],[4.60071,50.47667],[4.59213,50.48422],[4.58971,50.48829],[4.59052,50.49086],[4.58632,50.49373],[4.59488,50.49798],[4.59138,50.49899],[4.58544,50.49573],[4.57893,50.49955],[4.5624,50.48955],[4.55631,50.48073],[4.56565,50.47206]]]},"properties":{"postcode":"6224","nl":"Fleurus","fr":"Fleurus"}},
{"type":"Feature","geometry":{"type":"Polygon","coordinates":[[[3.74497,50.58127],[3.76019,50.57733],[3.77603,50.57907],[3.78579,50.59302],[3.78726,50.60121],[3.77819,50.60584],[3.7574,50.60171],[3.76098,50.59519],[3.74497,50.58127]]]},"properties":{"postcode":"7951","nl":"Chièvres","fr":"Chièvres"}},
{"type":"Feature","geometry":{"type":"Polygon","coordinates":[[[4.35719,50.86031],[4.38405,50.85142],[4.39603,50.84341],[4.40005,50.84365],[4.41084,50.84914],[4.41178,50.85204],[4.40004,50.86389],[4.38839,50.88106],[4.36109,50.8688],[4.35719,50.86031]]]},"properties":{"postcode":"1033","nl":"Schaarbeek","fr":"Schaerbeek"}},
{"type":"Feature","geometry":{"type":"Polygon","coordinates":[[[4.33995,50.84023],[4.34286,50.83309],[4.35832,50.83063],[4.36722,50.82299],[4.36812,50.81487],[4.36975,50.80945],[4.37538,50.79973],[4.40081,50.79636],[4.3969,50.80175],[4.39046,50.80216],[4.38259,50.81585],[4.35609,50.83577],[4.36868,50.84002],[4.37961,50.83683],[4.38026,50.84001],[4.39333,50.83794],[4.39603,50.84341],[4.38405,50.85142],[4.37322,50.84729],[4.35719,50.86031],[4.36109,50.8688],[4.38839,50.88106],[4.402,50.88593],[4.41068,50.87697],[4.42572,50.87213],[4.43706,50.87878],[4.42704,50.89089],[4.43279,50.89473],[4.42433,50.90197],[4.41572,50.90612],[4.40347,50.9139],[4.38776,50.90994],[4.37822,50.89728],[4.36046,50.90118],[4.33092,50.90092],[4.3246,50.89859],[4.32354,50.89412],[4.32987,50.88535],[4.33704,50.88697],[4.33929,50.88175],[4.34052,50.87136],[4.34359,50.86905],[4.34174,50.86496],[4.34665,50.85903],[4.33564,50.84815],[4.33788,50.84645],[4.33995,50.84023]]]},"properties":{"postcode":"1006","nl":"Brussel","fr":"Bruxelles"}},
{"type":"Feature","geometry":{"type":"Polygon","coordinates":[[[4.33995,50.84023],[4.34286,50.83309],[4.35832,50.83063],[4.36722,50.82299],[4.36812,50.81487],[4.36975,50.80945],[4.37538,50.79973],[4.40081,50.79636],[4.3969,50.80175],[4.39046,50.80216],[4.38259,50.81585],[4.35609,50.83577],[4.36868,50.84002],[4.37961,50.83683],[4.38026,50.84001],[4.39333,50.83794],[4.39603,50.84341],[4.38405,50.85142],[4.37322,50.84729],[4.35719,50.86031],[4.36109,50.8688],[4.38839,50.88106],[4.402,50.88593],[4.41068,50.87697],[4.42572,50.87213],[4.43706,50.87878],[4.42704,50.89089],[4.43279,50.89473],[4.42433,50.90197],[4.41572,50.90612],[4.40347,50.9139],[4.38776,50.90994],[4.37822,50.89728],[4.36046,50.90118],[4.33092,50.90092],[4.3246,50.89859],[4.32354,50.89412],[4.32987,50.88535],[4.33704,50.88697],[4.33929,50.88175],[4.34052,50.87136],[4.34359,50.86905],[4.34174,50.86496],[4.34665,50.85903],[4.33564,50.84815],[4.33788,50.84645],[4.33995,50.84023]]]},"properties":{"postcode":"1110","nl":"Brussel","fr":"Bruxelles"}},
{"type":"Feature","geometry":{"type":"Polygon","coordinates":[[[4.38839,50.88106],[4.40004,50.86389],[4.41178,50.85204],[4.42663,50.86287],[4.42572,50.87213],[4.41068,50.87697],[4.402,50.88593],[4.38839,50.88106]]]},"properties":{"postcode":"1046","nl":"Evere","fr":"Evere"}}
]}